candidate,strategy,seed,calls,mean_response_min,mean_ideal_chain_min,p95_ideal_chain_min,strict_4min_rate,median_response_min,p90_response_min,p95_response_min,mean_wait_min,mean_delay_penalty_yuan_per_call,mean_daily_delay_penalty_yuan,wait_probability,max_wait_min,max_queue,mean_queue,terminal_queue,mean_end_backlog,max_end_backlog,regional_mean_gap_min,worst_region_mean_min,max_daily_dispatches_per_ambulance,daily_cap_hit_rate,mean_c_loss_min,max_c_loss_min,reserve_dispatches
A,A,200000,980,5.795234045245624,12.778499351368074,21.27406836728532,0.423469387755102,4.885618083164127,8.497474167490214,12.005628347533571,0.5951617371381723,443.7406866001452,62123.69612402032,0.0397959183673469,43.15393281340221,6,0.0578629466662111,3,0.4285714285714285,3,3.676399028837309,7.893045451445687,12,0.8095238095238095,,,
A,A,200001,980,5.636799384934689,12.625098704662582,20.683036880224503,0.4153061224489796,4.885618083164127,8.497474167490214,9.817769037693145,0.4941387432897407,410.4211014767337,57458.95420674272,0.0336734693877551,38.73729768130579,5,0.0480412667087247,1,1.7142857142857142,3,3.927949674137313,8.362067723985723,12,0.7857142857142857,,,
A,A,200002,980,5.482146874299621,12.495072044367648,20.683036880224503,0.4244897959183673,4.885618083164127,8.497474167490214,10.774602526460402,0.2102037654295878,381.3004302498821,53382.0602349835,0.0336734693877551,23.16299571768468,5,0.0204364771945432,0,0.5714285714285714,2,4.773669962104803,8.939544517710258,12,0.7738095238095238,,,
B_beta0.5_delta0.5,B,200000,980,5.898460385523843,12.881725691646292,21.27406836728532,0.4275510204081633,4.885618083164127,8.497474167490214,12.005823944996177,0.7435188474679976,465.2022811864013,65128.31936609618,0.0387755102040816,69.84282734728913,6,0.0722865546149442,3,0.7142857142857143,3,3.528402784395292,8.030781417955337,12,0.7857142857142857,1.286496476371623,61.500419553854485,
B_beta0.5_delta0.5,B,200001,980,5.742776494077181,12.731075813805074,20.683036880224503,0.4193877551020408,4.885618083164127,8.497474167490214,11.43274042711568,0.5949008679909992,432.4328498358444,60540.59897701821,0.0357142857142857,40.64261579179583,5,0.0578375843880138,0,1.4285714285714286,3,4.684886130011639,8.75428941555111,12,0.8095238095238095,1.1733113014466785,37.61117199990033,
B_beta0.5_delta0.5,B,200002,980,5.612195122356655,12.62512029242468,20.683036880224503,0.4214285714285714,4.885618083164127,8.497474167490214,11.110350040397623,0.3471902322968793,406.69783496332985,56937.69689486618,0.0438775510204081,24.338950853089045,4,0.0337546059177521,0,1.1428571428571428,4,4.608042284596683,9.024557377299905,12,0.7976190476190477,1.0576170484352043,24.41543751760558,
B_beta0.5_delta1,B,200000,980,5.7083467298077455,12.691612035930197,20.683036880224503,0.4295918367346938,4.885618083164127,8.497474167490214,11.5374989832438,0.5663274183668531,427.5877133084878,59862.27986318829,0.036734693877551,62.65079134692496,5,0.0550596101189996,3,0.4285714285714285,3,3.7929411882180712,7.929117637586694,12,0.7857142857142857,1.2606568306431016,61.50041955386312,
B_beta0.5_delta1,B,200001,980,5.5467764274967015,12.535075747224592,20.005904885351853,0.423469387755102,4.885618083164127,8.497474167490214,9.79869268479038,0.4228642783330338,394.0491630503606,55166.88282705048,0.0316326530612244,40.64261579179583,4,0.0411118048379338,0,1.2857142857142858,3,4.540854945079331,8.75428941555111,12,0.8095238095238095,1.1644717913320528,35.28054993358733,
B_beta0.5_delta1,B,200002,980,5.635465777291123,12.64839094735915,20.683036880224503,0.4193877551020408,4.885618083164127,8.497474167490214,11.110350040397623,0.343813363798613,410.9438026849175,57532.13237588845,0.0408163265306122,35.187194264093705,4,0.0334262992581984,0,1.1428571428571428,4,4.430815860243347,8.99862456812455,12,0.8214285714285714,1.0330192214039071,30.11088187604029,
B_beta0.5_delta1.5,B,200000,980,5.8410671779884105,12.824332484110858,21.134597874359724,0.4336734693877551,4.885618083164127,8.96284793999944,12.428090415820634,0.685721278200272,454.948129475233,63692.73812653263,0.0387755102040816,62.65079134692496,5,0.0666673464916931,3,0.5714285714285714,3,3.3887481996320377,7.960327434783363,12,0.8095238095238095,1.2690536000365846,50.71670204836904,
B_beta0.5_delta1.5,B,200001,980,5.375325934196359,12.363625253924251,19.79869268479038,0.4326530612244898,4.885618083164127,8.497474167490214,9.79869268479038,0.2845008351435298,361.5957990841696,50623.41187178375,0.0244897959183673,36.62467851156544,3,0.027659803416732,1,0.5714285714285714,2,4.4338054738226,8.598120951033124,12,0.7976190476190477,1.0442959824818914,34.517938583779184,
B_beta0.5_delta1.5,B,200002,980,5.547357567374666,12.560282737442693,20.683036880224503,0.4275510204081633,4.885618083164127,8.497474167490214,10.785872400137372,0.2800729866981523,394.95481376285056,55293.67392679908,0.0346938775510204,35.187194264093705,4,0.0272293181512092,0,0.8571428571428571,3,4.430548681016368,8.851741332250032,12,0.8095238095238095,0.9735173936623136,30.11088187604029,
B_beta0.5_delta2,B,200000,980,5.835057432774259,12.818322738896708,21.134597874359724,0.4346938775510204,4.885618083164127,8.96284793999944,12.428090415820634,0.685721278200272,453.95026206505577,63553.03668910781,0.0387755102040816,62.65079134692496,5,0.0666673464916931,3,0.5714285714285714,3,3.3887481996320377,7.960327434783363,12,0.8095238095238095,1.2627205510575694,50.71670204836904,
B_beta0.5_delta2,B,200001,980,5.4231842398729935,12.411483559600883,19.808325959418703,0.4377551020408163,4.885618083164127,8.497474167490214,9.79869268479038,0.3233255822342397,372.1878683827619,52106.301573586665,0.0244897959183673,36.62467851156544,4,0.0314344316061066,1,0.7142857142857143,2,4.602741323671134,8.667475707634333,12,0.8214285714285714,1.0302088051445029,34.517938583779184,
B_beta0.5_delta2,B,200002,980,5.567891562456246,12.580816732524276,20.683036880224503,0.4336734693877551,4.885618083164127,8.659381033314585,11.110350040397623,0.3230963070967771,400.28610257508495,56040.054360511895,0.0408163265306122,35.187194264093705,5,0.0314121409677422,1,1.2857142857142858,3,4.289102530350325,8.872121728355577,12,0.8214285714285714,0.9745150118920544,30.11088187604029,
B_beta0_delta0.5,B,200000,980,5.905525596300814,12.888790902423263,21.27406836728532,0.4275510204081633,4.885618083164127,8.497474167490214,12.005823944996177,0.7435188474679976,466.6153233417955,65326.14526785137,0.0387755102040816,69.84282734728913,6,0.0722865546149442,3,0.7142857142857143,3,3.528402784395292,8.030781417955337,12,0.7857142857142857,1.2791281304584077,61.500419553854485,
B_beta0_delta0.5,B,200001,980,5.749083142484346,12.737382462212237,20.683036880224503,0.4193877551020408,4.885618083164127,8.497474167490214,11.43274042711568,0.5949008679909992,433.6941795172773,60717.18513241882,0.0357142857142857,40.64261579179583,5,0.0578375843880138,0,1.4285714285714286,3,4.684886130011639,8.75428941555111,12,0.8095238095238095,1.1811638072108976,37.61117199990033,
B_beta0_delta0.5,B,200002,980,5.612084111778662,12.625009281846689,20.683036880224503,0.4204081632653061,4.885618083164127,8.497474167490214,11.110350040397623,0.3471902322968793,406.4715512150782,56906.01717011095,0.0438775510204081,24.338950853089045,4,0.0337546059177521,0,1.1428571428571428,4,4.651936856623934,9.024557377299905,12,0.8095238095238095,1.056965188036532,24.41543751760558,
B_beta0_delta1,B,200000,980,5.743907268141683,12.727172574264133,21.134597874359724,0.4295918367346938,4.885618083164127,8.497474167490214,11.559804003776597,0.5978031056258817,434.6998209752755,60857.974936538565,0.0387755102040816,62.65079134692496,5,0.058119746380294,3,0.4285714285714285,3,3.943660087980782,8.030781417955337,12,0.7857142857142857,1.2561241064982656,61.50041955386312,
B_beta0_delta1,B,200001,980,5.754012623562137,12.742311943290028,20.683036880224503,0.4214285714285714,4.885618083164127,8.497474167490214,11.005517502019876,0.6000409457938596,435.0882389981417,60912.35345973984,0.0346938775510204,42.75523496153619,4,0.058337314174403,0,1.7142857142857142,4,4.486376082350919,8.75428941555111,12,0.8214285714285714,1.2223233851293631,51.048518485681136,
B_beta0_delta1,B,200002,980,5.63535476671313,12.648279936781158,20.683036880224503,0.4183673469387755,4.885618083164127,8.497474167490214,11.110350040397623,0.343813363798613,410.7175189366658,57500.452651133215,0.0408163265306122,35.187194264093705,4,0.0334262992581984,0,1.1428571428571428,4,4.474710432270597,8.99862456812455,12,0.8333333333333334,1.0326736973221804,30.11088187604029,
B_beta0_delta1.5,B,200000,980,5.919882401161681,12.903147707284132,21.27406836728532,0.4326530612244898,4.885618083164127,8.96284793999944,12.442026554314957,0.7351608592097568,470.5070924772343,65870.9929468128,0.0428571428571428,62.95786216259148,5,0.0714739724231708,3,0.5714285714285714,3,3.5341819468606186,8.061991215152007,12,0.8095238095238095,1.2563556204728827,50.71670204836904,
B_beta0_delta1.5,B,200001,980,5.273409704153014,12.261709023880906,19.565288248904995,0.4336734693877551,4.885618083164127,8.497474167490214,9.79869268479038,0.1925627433866106,341.41663470815377,47798.328859141526,0.023469387755102,23.51062355828617,3,0.0187213778292538,1,0.5714285714285714,2,4.6549447789677165,8.598120951033124,12,0.7976190476190477,1.004997241228366,38.15738386833462,
B_beta0_delta1.5,B,200002,980,5.55979588971261,12.572721059780635,20.683036880224503,0.4265306122448979,4.885618083164127,8.497474167490214,11.0,0.2894482509710672,397.23839659778616,55613.37552369006,0.036734693877551,35.187194264093705,4,0.0281408021777426,0,1.0,3,4.47963327179753,8.851741332250032,12,0.8095238095238095,0.984177316731901,30.11088187604029,
B_beta0_delta2,B,200000,980,5.91387265594753,12.897137962069982,21.27406836728532,0.4336734693877551,4.885618083164127,8.96284793999944,12.706813185707356,0.7351608592097568,469.5092250670569,65731.29150938797,0.0428571428571428,62.95786216259148,5,0.0714739724231708,3,0.5714285714285714,3,3.49354335534691,8.061991215152007,12,0.8095238095238095,1.2500225714938673,50.71670204836904,
B_beta0_delta2,B,200001,980,5.313633169666965,12.301932489394858,19.79869268479038,0.4377551020408163,4.885618083164127,8.497474167490214,9.79869268479038,0.2313874904773205,350.27765434155623,49038.87160781788,0.023469387755102,23.51062355828617,4,0.0224960060186283,1,0.7142857142857143,2,4.683198630779355,8.667475707634333,12,0.8095238095238095,0.9992411266750324,38.15738386833462,
B_beta0_delta2,B,200002,980,5.566456105074016,12.579381275142044,20.683036880224503,0.4295918367346938,4.885618083164127,8.548327696973855,11.074479746559192,0.3009669879639158,399.1826845680265,55885.575839523706,0.0387755102040816,35.187194264093705,4,0.0292606793853807,1,1.2857142857142858,3,4.262361133562005,8.872121728355577,12,0.8214285714285714,0.9852403117531856,30.11088187604029,
B_beta1_delta0.5,B,200000,980,5.921155041486029,12.90442034760848,21.27406836728532,0.4275510204081633,4.885618083164127,8.497474167490214,12.428090415820634,0.7624133359699045,469.74121237883867,65763.76973303742,0.0397959183673469,69.84282734728913,6,0.0741235187748518,3,0.7142857142857143,3,3.528402784395292,8.030781417955337,12,0.7857142857142857,1.2902397971562638,61.500419553854485,
B_beta1_delta0.5,B,200001,980,5.740539009971345,12.728838329699236,20.683036880224503,0.4193877551020408,4.885618083164127,8.497474167490214,11.43274042711568,0.5949008679909992,431.9853530146768,60477.94942205476,0.0357142857142857,40.64261579179583,5,0.0578375843880138,0,1.4285714285714286,3,4.684886130011639,8.75428941555111,12,0.8095238095238095,1.1693167533108892,37.61117199990033,
B_beta1_delta0.5,B,200002,980,5.591675587066583,12.604600757134609,20.683036880224503,0.4214285714285714,4.885618083164127,8.497474167490214,11.110350040397623,0.3254506283133586,402.59392790531547,56363.14990674417,0.0428571428571428,24.338950853089045,4,0.0316410333082431,0,1.0,3,4.608042284596683,9.024557377299905,12,0.7738095238095238,1.039093066614171,19.49777167207647,
B_beta1_delta1,B,200000,980,5.6456981738583965,12.628963479980849,20.683036880224503,0.4316326530612245,4.885618083164127,8.497474167490214,11.5374989832438,0.4787640478923484,415.4661653839242,58165.26315374939,0.0326530612244898,45.13166115414788,5,0.0465465046562005,3,0.4285714285714285,3,3.8717111450622905,7.929117637586694,12,0.7857142857142857,1.1506504980188323,31.13871507841304,
B_beta1_delta1,B,200001,980,5.517074234236137,12.505373553964027,19.992362546665547,0.4244897959183673,4.885618083164127,8.497474167490214,9.79869268479038,0.420168188210085,388.3128060309008,54363.79284432612,0.0295918367346938,40.64261579179583,4,0.0408496849648693,0,1.2857142857142858,3,4.540854945079331,8.75428941555111,12,0.8095238095238095,1.1314524811160949,35.28054993358733,
B_beta1_delta1,B,200002,980,5.6250772267391325,12.638002396807158,20.683036880224503,0.4163265306122449,4.885618083164127,8.497474167490214,11.110350040397623,0.3195055716945531,408.25384767656,57155.53867471841,0.0397959183673469,35.187194264093705,4,0.0310630416925259,0,1.0,3,4.367512234667991,8.978244172019004,12,0.8095238095238095,1.0153767641156195,30.11088187604029,
B_beta1_delta1.5,B,200000,980,5.858935981084099,12.842201287206548,21.134597874359724,0.4326530612244898,4.885618083164127,8.497474167490214,12.428090415820634,0.6797951006043372,458.3178084617177,64164.49318464047,0.036734693877551,62.65079134692496,5,0.0660911903365327,3,0.7142857142857143,3,3.6394749188229785,8.181339316524152,12,0.8095238095238095,1.2041392769913988,50.71670204836904,
B_beta1_delta1.5,B,200001,980,5.215698753766421,12.203998073494311,19.483036880224507,0.436734693877551,4.885618083164127,8.497474167490214,9.79869268479038,0.1649118247499784,330.4866895287944,46268.1365340312,0.0193877551020408,23.51062355828617,3,0.0160330940729145,0,0.4285714285714285,2,4.723111357903253,8.598120951033124,12,0.8095238095238095,0.9527368064042012,31.257850276884778,
B_beta1_delta1.5,B,200002,980,5.5223497616676855,12.535274931735712,20.683036880224503,0.4285714285714285,4.885618083164127,8.497474167490214,10.774602526460402,0.2610107586416846,390.1573342541075,54622.02679557505,0.0326530612244898,35.187194264093705,4,0.0253760459790526,0,0.5714285714285714,3,4.387625451546558,8.851741332250032,12,0.8095238095238095,0.9428631990457882,30.11088187604029,
B_beta1_delta2,B,200000,980,5.796362396020746,12.779627702143197,20.683036880224503,0.4326530612244898,4.885618083164127,8.497474167490214,12.428090415820634,0.6323790774283466,445.803091449047,62412.43280286658,0.0346938775510204,62.65079134692496,5,0.0614812991944225,3,0.7142857142857143,3,3.618182742209907,8.16004713991108,12,0.8214285714285714,1.1473431561284624,35.408095185156604,
B_beta1_delta2,B,200001,980,5.2797172509090045,12.268016570636895,19.56428664728244,0.4397959183673469,4.885618083164127,8.497474167490214,9.79869268479038,0.2299784521627826,343.9026338552702,48146.36873973783,0.0204081632653061,23.51062355828617,4,0.0223590161824927,1,0.7142857142857143,2,4.751365209714892,8.667475707634333,12,0.8095238095238095,0.9630927962110696,33.60526170282515,
B_beta1_delta2,B,200002,980,5.504103521940344,12.517028692008369,20.683036880224503,0.4357142857142857,4.885618083164127,8.497474167490214,11.0,0.2687165113077326,387.93665773721057,54311.13208320948,0.0326530612244898,35.187194264093705,4,0.0261252163771406,0,0.7142857142857143,3,4.117674013240913,8.729043666287875,12,0.8214285714285714,0.9566033953991864,30.11088187604029,
B_beta2_delta0.5,B,200000,980,5.864314638460742,12.847579944583194,21.134597874359724,0.4244897959183673,4.885618083164127,8.497474167490214,12.424374064031165,0.6809549204890536,457.76088687582205,64086.52416261508,0.0397959183673469,62.65079134692496,6,0.0662039506031024,3,0.4285714285714285,3,3.884759910455097,8.013894804039316,12,0.7857142857142857,1.303228744991763,61.50041955386312,
B_beta2_delta0.5,B,200001,980,5.7335348316991785,12.72183415142707,20.683036880224503,0.4204081632653061,4.885618083164127,8.497474167490214,11.43274042711568,0.5949008679909992,430.788598992897,60310.40385900558,0.0357142857142857,40.64261579179583,5,0.0578375843880138,0,1.4285714285714286,3,4.497610745122032,8.567014030661502,12,0.8095238095238095,1.170433602908444,37.61117199990033,
B_beta2_delta0.5,B,200002,980,5.536602347034152,12.54952751710218,20.683036880224503,0.4255102040816326,4.885618083164127,8.497474167490214,10.774602526460402,0.3029215636700113,392.3956064294416,54935.38490012183,0.0387755102040816,24.338950853089045,4,0.0294507075790288,0,1.0,3,4.571085231579239,9.024557377299905,12,0.7857142857142857,1.0184571679520713,19.49777167207647,
B_beta2_delta1,B,200000,980,5.5961579295728665,12.579423235695316,20.683036880224503,0.4316326530612245,4.885618083164127,8.497474167490214,11.5374989832438,0.4239320929326581,405.5581165268181,56778.13631375453,0.0316326530612244,38.79364624742448,5,0.0412156201462306,3,0.4285714285714285,3,3.979290014045597,8.013894804039316,12,0.7857142857142857,1.1393610402617294,31.126719736379396,
B_beta2_delta1,B,200001,980,5.389968977386274,12.378268297114165,19.79869268479038,0.4255102040816326,4.885618083164127,8.497474167490214,9.79869268479038,0.32398797138185,363.0958362935812,50833.417081101376,0.0285714285714285,36.62467851156544,4,0.0314988305510132,0,1.1428571428571428,3,4.532128809861986,8.567014030661502,12,0.7976190476190477,1.122053185414451,37.150124157743775,
B_beta2_delta1,B,200002,980,5.5962562786446135,12.609181448712642,20.683036880224503,0.4193877551020408,4.885618083164127,8.497474167490214,11.110350040397623,0.2975717540276139,403.10190295561546,56434.266413786165,0.0357142857142857,35.187194264093705,4,0.0289305871971291,0,1.0,3,4.334360355457361,8.982049345825818,12,0.8095238095238095,0.9986160181966136,30.11088187604029,
B_beta2_delta1.5,B,200000,980,5.730104748892787,12.713370055015236,20.683036880224503,0.4346938775510204,4.885618083164127,8.497474167490214,11.559804003776597,0.5398511905214594,432.9597252887615,60614.36154042661,0.0336734693877551,45.81118352905469,5,0.0524855324118085,3,0.5714285714285714,3,3.5366288265086387,8.051544529051402,12,0.7976190476190477,1.1430461056620589,41.507297684364175,
B_beta2_delta1.5,B,200001,980,5.209247614990735,12.197546934718629,19.483036880224507,0.436734693877551,4.885618083164127,8.497474167490214,9.79869268479038,0.158813111109428,329.19646177365723,46087.50464831201,0.0193877551020408,23.51062355828617,3,0.0154401635800832,0,0.4285714285714285,2,4.879279822421239,8.75428941555111,12,0.8095238095238095,0.9384367235649376,31.257850276884778,
B_beta2_delta1.5,B,200002,980,5.459987186640791,12.47291235670882,20.683036880224503,0.4357142857142857,4.885618083164127,8.497474167490214,9.817769037693145,0.2511615089525418,379.1133906773,53075.87469482199,0.0285714285714285,35.187194264093705,4,0.0244184800370526,0,0.4285714285714285,3,4.453938970531161,8.855546506056847,12,0.7976190476190477,0.91865257623258,30.11088187604029,
B_beta2_delta2,B,200000,980,5.698931886775837,12.682197192898288,20.683036880224503,0.4357142857142857,4.885618083164127,8.96284793999944,11.557837629581549,0.5181942651136431,426.9292344980245,59770.09282972344,0.0326530612244898,45.81118352905469,5,0.0503799979971597,3,0.5714285714285714,3,3.5265207504468528,8.051544529051402,12,0.8095238095238095,1.1140755853879027,23.01912507032779,
B_beta2_delta2,B,200001,980,5.2305090286746765,12.218808348402568,19.487092077921123,0.4387755102040816,4.885618083164127,8.497474167490214,9.79869268479038,0.1714759444279702,333.8569077757515,46739.96708860521,0.0183673469387755,22.975025131599978,4,0.0166712723749415,1,0.5714285714285714,2,4.751365209714892,8.667475707634333,12,0.7976190476190477,0.9256490804060408,31.257850276884778,
B_beta2_delta2,B,200002,980,5.385402979990869,12.398328150058898,20.683036880224503,0.4459183673469388,4.885618083164127,8.497474167490214,9.79869268479038,0.2324607332354148,366.2077378650942,51269.08330111318,0.0285714285714285,35.187194264093705,4,0.0226003490645542,0,0.5714285714285714,3,4.326139914129281,8.729043666287875,12,0.8214285714285714,0.8966932464353702,30.11088187604029,
B_beta4_delta0.5,B,200000,980,5.8050295154863925,12.788294821608842,20.705247902318284,0.4265306122448979,4.885618083164127,8.497474167490214,11.559804003776597,0.6217259980340509,446.31202554625816,62483.68357647614,0.036734693877551,62.65079134692496,6,0.0604455831421994,3,0.4285714285714285,3,3.615576117573205,7.91223102367067,12,0.7976190476190477,1.28186680959538,61.50041955386312,
B_beta4_delta0.5,B,200001,980,5.640082375991409,12.6283816957193,20.284200698383536,0.4214285714285714,4.885618083164127,8.497474167490214,10.753887126932918,0.5197182682528958,412.3021894839961,57722.30652775945,0.0326530612244898,40.64261579179583,5,0.0505281649690315,0,1.2857142857142858,3,4.371250481975891,8.58468495244767,12,0.7976190476190477,1.1337061547755125,35.28054993358733,
B_beta4_delta0.5,B,200002,980,5.509254742160002,12.522179912228028,20.683036880224503,0.4275510204081633,4.885618083164127,8.497474167490214,10.058056066275304,0.2857019317320492,387.3342487199177,54226.79482078848,0.0346938775510204,24.338950853089045,4,0.0277765766961714,0,0.8571428571428571,3,4.616276020239398,9.024557377299905,12,0.7857142857142857,0.9931504327091508,19.49777167207647,
B_beta4_delta1,B,200000,980,5.577017373149923,12.56028267927237,20.683036880224503,0.436734693877551,4.885618083164127,8.497474167490214,11.43797835492208,0.4276135468057891,402.7504134054946,56385.05787676926,0.0306122448979591,38.79364624742448,5,0.041573539272785,3,0.4285714285714285,3,3.8874236726265377,7.936411465390226,12,0.7857142857142857,1.153508790486388,61.50597343581012,
B_beta4_delta1,B,200001,980,5.257387277553479,12.245686597281372,19.575868426688544,0.4265306122448979,4.885618083164127,8.497474167490214,9.79869268479038,0.1819500793605194,336.7835779596753,47149.700914354544,0.0193877551020408,29.210532028839225,3,0.0176895910489393,0,0.7142857142857143,2,4.496051278313557,8.567014030661502,12,0.7857142857142857,0.9999275204772186,31.49389895653287,
B_beta4_delta1,B,200002,980,5.454825817154111,12.46775098722214,20.683036880224503,0.4285714285714285,4.885618083164127,8.497474167490214,10.774602526460402,0.1974265165338117,376.6525453513928,52731.35634919499,0.0326530612244898,23.16299571768468,4,0.0191942446630094,0,0.7142857142857143,2,4.805785863756548,9.002429741931364,12,0.7976190476190477,0.9614006213759646,21.232255822500925,
B_beta4_delta1.5,B,200000,980,5.544080122494739,12.527345428617188,20.683036880224503,0.4438775510204081,4.885618083164127,8.497474167490214,11.43274042711568,0.4495754438726088,397.59153470302937,55662.81485842411,0.0326530612244898,38.79364624742448,5,0.0437087237098369,3,0.4285714285714285,3,3.549712467064104,7.83474768502158,12,0.7619047619047619,1.1166798982074104,46.05224486475175,
B_beta4_delta1.5,B,200001,980,5.150324996261048,12.13862431598894,19.483036880224507,0.4397959183673469,4.885618083164127,8.497474167490214,9.79869268479038,0.1252783757644706,318.0241829256791,44523.38560959507,0.0153061224489795,22.18434089110815,3,0.0121798420882124,0,0.2857142857142857,1,5.01017206450434,8.75428941555111,12,0.7738095238095238,0.9052499383531426,31.257850276884778,
B_beta4_delta1.5,B,200002,980,5.344087165855053,12.357012335923082,20.683036880224503,0.4408163265306122,4.885618083164127,8.497474167490214,9.79869268479038,0.1701989707508411,356.9537946834179,49973.53125567851,0.0265306122448979,23.16299571768468,4,0.0165471221563317,0,0.2857142857142857,2,4.8549281493862,8.855546506056847,12,0.7857142857142857,0.900030531141826,21.232255822500925,
B_beta4_delta2,B,200000,980,5.708159812562381,12.691425118684831,20.683036880224503,0.4387755102040816,4.885618083164127,8.497474167490214,11.5374989832438,0.5896491674712354,429.3870645532926,60114.18903746096,0.0336734693877551,55.76582616222731,5,0.0573270023930367,3,0.5714285714285714,3,3.229767219900345,7.872397410033666,12,0.7738095238095238,1.1096915979244724,46.05224486475175,
B_beta4_delta2,B,200001,980,5.214635043102489,12.202934362830382,19.56414083415688,0.4397959183673469,4.885618083164127,8.497474167490214,9.79869268479038,0.1482776300499497,330.8861922939672,46324.06692115541,0.0163265306122449,22.975025131599978,4,0.0144158806993006,0,0.4285714285714285,2,4.552226799902147,8.468337297821588,12,0.7738095238095238,0.8929361378382632,31.257850276884778,
B_beta4_delta2,B,200002,980,5.261454220123684,12.274379390191712,19.992362546665547,0.4510204081632653,4.885618083164127,8.497474167490214,9.79869268479038,0.149503141212506,342.4680218636746,47945.52306091444,0.0244897959183673,23.16299571768468,3,0.0145350276178825,0,0.2857142857142857,2,4.679340718836067,8.729043666287875,12,0.7619047619047619,0.8585162715776412,21.232255822500925,
C_r000001_tau4,C,200000,980,7.447863909330456,14.431129215452906,32.31015087780462,0.4,4.885618083164127,11.142589079069438,26.418074018358087,2.141086514917719,769.5727818660911,107740.18946125275,0.086734693877551,69.70870868344355,10,0.2081611889503338,7,2.2857142857142856,7,3.426977870630684,9.441854323609892,12,0.8333333333333334,,,61.0
C_r000001_tau4,C,200001,980,7.3467317159191134,14.335031035647006,31.845463335581933,0.396938775510204,4.885618083164127,10.774602526460402,25.689596412324757,2.058438865500054,748.6886004960195,104816.40406944274,0.0908163265306122,75.55533671195735,7,0.2001260008125052,4,3.7142857142857135,6,4.548313313364175,9.83301450642361,12,0.8690476190476191,,,61.0
C_r000001_tau4,C,200002,980,5.999320783260009,13.012245953328035,23.416098184131343,0.4,4.885618083164127,9.666666666666668,13.13911158826974,0.6236696563015766,479.8372528582866,67177.21540016013,0.0642857142857142,35.187194264093705,6,0.0606345499182088,2,2.0,4,4.392813895612536,9.267178104368575,12,0.8690476190476191,,,61.0
C_r000001_tau5,C,200000,980,7.447863909330456,14.431129215452906,32.31015087780462,0.4,4.885618083164127,11.142589079069438,26.418074018358087,2.141086514917719,769.5727818660911,107740.18946125275,0.086734693877551,69.70870868344355,10,0.2081611889503338,7,2.2857142857142856,7,3.426977870630684,9.441854323609892,12,0.8333333333333334,,,61.0
C_r000001_tau5,C,200001,980,7.3467317159191134,14.335031035647006,31.845463335581933,0.396938775510204,4.885618083164127,10.774602526460402,25.689596412324757,2.058438865500054,748.6886004960195,104816.40406944274,0.0908163265306122,75.55533671195735,7,0.2001260008125052,4,3.7142857142857135,6,4.548313313364175,9.83301450642361,12,0.8690476190476191,,,61.0
C_r000001_tau5,C,200002,980,5.999320783260009,13.012245953328035,23.416098184131343,0.4,4.885618083164127,9.666666666666668,13.13911158826974,0.6236696563015766,479.8372528582866,67177.21540016013,0.0642857142857142,35.187194264093705,6,0.0606345499182088,2,2.0,4,4.392813895612536,9.267178104368575,12,0.8690476190476191,,,61.0
C_r000001_tau6,C,200000,980,7.450845321185001,14.43411062730745,32.31015087780462,0.4,4.885618083164127,11.142589079069438,26.418074018358087,2.141086514917719,770.1690642370002,107823.66899318002,0.086734693877551,69.70870868344355,10,0.2081611889503338,7,2.2857142857142856,7,3.426977870630684,9.441854323609892,12,0.8452380952380952,,,60.0
C_r000001_tau6,C,200001,980,7.3467317159191134,14.335031035647006,31.845463335581933,0.396938775510204,4.885618083164127,10.774602526460402,25.689596412324757,2.058438865500054,748.6886004960195,104816.40406944274,0.0908163265306122,75.55533671195735,7,0.2001260008125052,4,3.7142857142857135,6,4.548313313364175,9.83301450642361,12,0.8690476190476191,,,61.0
C_r000001_tau6,C,200002,980,5.999320783260009,13.012245953328035,23.416098184131343,0.4,4.885618083164127,9.666666666666668,13.13911158826974,0.6236696563015766,479.8372528582866,67177.21540016013,0.0642857142857142,35.187194264093705,6,0.0606345499182088,2,2.0,4,4.392813895612536,9.267178104368575,12,0.8690476190476191,,,61.0
C_r000001_tau7,C,200000,980,9.78621597848868,16.76948128461113,51.44496428214246,0.3877551020408163,4.885618083164127,20.708904959540764,45.56964448386691,4.376347038567095,1234.794216105899,172871.19025482587,0.1214285714285714,92.44844924856444,11,0.4254781843051342,8,5.0,8,6.210606633484436,13.589569381466534,12,0.8690476190476191,,,60.0
C_r000001_tau7,C,200001,980,7.722444800161556,14.710744119889446,32.34053750890954,0.3826530612244898,4.885618083164127,11.57770102567372,26.51509995690174,2.391676238300515,820.9971624559539,114939.60274383354,0.0979591836734693,98.89965316851158,8,0.2325240787236611,3,4.285714285714286,6,3.474652423636547,9.864121426795233,12,0.9047619047619048,,,59.0
C_r000001_tau7,C,200002,980,6.596063795562684,13.60898896563071,24.584832538377736,0.3918367346938775,4.885618083164127,10.774602526460402,17.481623291957774,1.1868475537660057,597.5801060513122,83661.2148471837,0.0826530612244898,88.7449020570566,6,0.1153879566161394,3,3.0,4,6.207552640645286,11.38457872534767,12,0.8809523809523809,,,57.0
C_r000001_tau8,C,200000,980,13.667889635485627,20.65115494160808,79.87068059420862,0.3683673469387755,4.885618083164127,45.343198851214254,72.25629108439024,8.163001202897304,2007.2513964848808,281015.1955078833,0.1561224489795918,154.54055795942986,13,0.7919814742650227,11,8.428571428571429,11,7.091184885174172,17.725492065300543,12,0.9166666666666666,,,57.0
C_r000001_tau8,C,200001,980,14.799746055097163,21.788045374825057,88.0215436536955,0.3551020408163265,4.885618083164127,40.131742119043935,79.95050829404883,9.30003731213426,2230.822208670809,312315.10921391327,0.1775510204081632,157.8392127000261,13,0.9041702942352754,9,11.428571428571429,13,6.652457208901268,17.79767746004322,12,0.9166666666666666,,,57.0
C_r000001_tau8,C,200002,980,11.10331936736972,18.116244537437748,50.83725389072326,0.3704081632653061,4.885618083164127,20.790967099816804,44.252687235289095,5.6247221384071855,1494.6851759471322,209255.9246325985,0.1377551020408163,161.34835557689075,9,0.5468479856784764,8,8.142857142857142,9,10.882472627338837,18.519062910884877,12,0.9166666666666666,,,54.0
C_r000100_tau4,C,200000,980,6.262792314792346,13.246057620914796,24.241269193127067,0.4204081632653061,4.885618083164127,8.978412549380847,13.708206447104816,0.9985053011649364,536.6400956115305,75129.61338561426,0.0520408163265306,39.90328189026332,8,0.0970769042799243,4,0.5714285714285714,4,3.4904217096646537,8.058356560089774,12,0.7619047619047619,,,74.0
C_r000100_tau4,C,200001,980,5.54586892912653,12.53416824885442,20.683036880224503,0.4224489795918367,4.885618083164127,8.497474167490214,10.791389902157247,0.4134892123803981,393.6635817436733,55112.90144411426,0.0377551020408163,29.54747977288207,5,0.0402003400925387,0,1.0,3,4.457205181202953,8.728916822238633,12,0.8095238095238095,,,74.0
C_r000100_tau4,C,200002,980,5.58535967934354,12.598284849411568,20.683036880224503,0.4224489795918367,4.885618083164127,8.497474167490214,10.774602526460402,0.3667255875470021,401.5321039783233,56214.494556965255,0.0387755102040816,24.338950853089045,6,0.0356538765670696,0,1.0,3,4.7036471447197945,8.982052549184342,12,0.7976190476190477,,,74.0
C_r000100_tau5,C,200000,980,6.262792314792346,13.246057620914796,24.241269193127067,0.4204081632653061,4.885618083164127,8.978412549380847,13.708206447104816,0.9985053011649364,536.6400956115305,75129.61338561426,0.0520408163265306,39.90328189026332,8,0.0970769042799243,4,0.5714285714285714,4,3.4904217096646537,8.058356560089774,12,0.7619047619047619,,,74.0
C_r000100_tau5,C,200001,980,5.54586892912653,12.53416824885442,20.683036880224503,0.4224489795918367,4.885618083164127,8.497474167490214,10.791389902157247,0.4134892123803981,393.6635817436733,55112.90144411426,0.0377551020408163,29.54747977288207,5,0.0402003400925387,0,1.0,3,4.457205181202953,8.728916822238633,12,0.8095238095238095,,,74.0
C_r000100_tau5,C,200002,980,5.58535967934354,12.598284849411568,20.683036880224503,0.4224489795918367,4.885618083164127,8.497474167490214,10.774602526460402,0.3667255875470021,401.5321039783233,56214.494556965255,0.0387755102040816,24.338950853089045,6,0.0356538765670696,0,1.0,3,4.7036471447197945,8.982052549184342,12,0.7976190476190477,,,74.0
C_r000100_tau6,C,200000,980,6.263741797071205,13.247007103193654,24.241269193127067,0.4204081632653061,4.885618083164127,8.544011544741148,13.708206447104816,0.9985053011649364,536.8299920673023,75156.19888942233,0.0520408163265306,39.90328189026332,8,0.0970769042799243,4,0.5714285714285714,4,3.477574671057095,8.045509521482215,12,0.7619047619047619,,,74.0
C_r000100_tau6,C,200001,980,5.54586892912653,12.53416824885442,20.683036880224503,0.4224489795918367,4.885618083164127,8.497474167490214,10.791389902157247,0.4134892123803981,393.6635817436733,55112.90144411426,0.0377551020408163,29.54747977288207,5,0.0402003400925387,0,1.0,3,4.457205181202953,8.728916822238633,12,0.8095238095238095,,,74.0
C_r000100_tau6,C,200002,980,5.58535967934354,12.598284849411568,20.683036880224503,0.4224489795918367,4.885618083164127,8.497474167490214,10.774602526460402,0.3667255875470021,401.5321039783233,56214.494556965255,0.0387755102040816,24.338950853089045,6,0.0356538765670696,0,1.0,3,4.7036471447197945,8.982052549184342,12,0.7976190476190477,,,74.0
C_r000100_tau7,C,200000,980,6.5235733820479975,13.506838688170449,24.73333333333333,0.4051020408163265,4.885618083164127,9.666666666666668,15.253682137514929,1.2001495326168694,585.7350845728648,82002.91184020108,0.0561224489795918,53.92618454217882,9,0.1166812045599734,5,0.8571428571428571,5,3.3295180632764945,8.112405726110884,12,0.7738095238095238,,,70.0
C_r000100_tau7,C,200001,980,5.761917694347213,12.750217014075105,20.70265452701544,0.410204081632653,4.885618083164127,8.497474167490214,11.949236125822328,0.576843517586449,434.4019453747177,60816.27235246047,0.0489795918367346,33.97557637590944,6,0.0560820086542381,0,1.4285714285714286,4,4.0907209793059,8.385472972831037,12,0.8452380952380952,,,71.0
C_r000100_tau7,C,200002,980,5.898929204575487,12.911854374643514,20.683036880224503,0.3938775510204081,4.885618083164127,8.497474167490214,12.428090415820634,0.5476323210197733,458.5317233104267,64194.44126345974,0.0489795918367346,37.070442794480186,6,0.0532420312102557,1,1.5714285714285714,4,3.5599772262141487,8.376336546047336,12,0.7976190476190477,,,67.0
C_r000100_tau8,C,200000,980,6.690230976597154,13.673496282719604,24.73333333333333,0.3989795918367347,4.885618083164127,9.666666666666668,14.53436491669578,1.3318480668856234,617.8421136867777,86497.89591614887,0.0571428571428571,57.11075273194729,10,0.1294852287249911,6,1.0,6,3.4418178342336,8.372678722424855,12,0.8214285714285714,,,65.0
C_r000100_tau8,C,200001,980,6.247432541992503,13.235731861720394,21.872559755640864,0.3948979591836735,4.885618083164127,9.666666666666668,13.413666234542204,0.9507333846642056,528.4661002352353,73985.25403293295,0.0591836734693877,53.52692999865394,7,0.0924324123979088,0,2.7142857142857144,6,3.7516973066960064,8.304954347641745,12,0.9047619047619048,,,61.0
C_r000100_tau8,C,200002,980,6.419099083160856,13.432024253228883,23.58476084642321,0.376530612244898,4.885618083164127,9.035657809166558,14.592922801054137,0.9638961331786012,559.0963112723988,78273.48357813583,0.0693877551020408,51.64137854422006,6,0.0937121240590306,1,2.7142857142857144,5,4.01979975203129,9.15484151390021,12,0.8928571428571429,,,58.0
C_r000101_tau4,C,200000,980,6.518557892535929,13.50182319865838,24.975464272917023,0.4091836734693878,4.885618083164127,9.679869268479042,17.01376840221799,1.2285670475341806,585.5483132010633,81976.76384814885,0.0673469387755102,88.7833064696606,6,0.1194440185102675,1,1.0,4,4.096893157433525,8.852507041386422,12,0.8333333333333334,,,153.0
C_r000101_tau4,C,200001,980,6.647104140131722,13.635403459859614,26.78084018798262,0.4010204081632653,4.885618083164127,9.82695960570384,19.32442504196617,1.3589147806847013,609.6018216904088,85344.25503665722,0.0908163265306122,43.913436318180175,6,0.1321167147887904,2,2.7142857142857144,5,4.786398506855724,9.789836703772403,12,0.8214285714285714,,,147.0
C_r000101_tau4,C,200002,980,6.059914970204238,13.072840140272264,23.56578562634207,0.4040816326530612,4.885618083164127,9.79869268479038,13.246907520201423,0.7264697425981151,492.79932057145976,68991.90488000437,0.0693877551020408,35.187194264093705,6,0.0706290027525945,1,1.8571428571428568,4,4.238833663215428,9.203252669073146,12,0.8690476190476191,,,146.0
C_r000101_tau5,C,200000,980,6.518557892535929,13.50182319865838,24.975464272917023,0.4091836734693878,4.885618083164127,9.679869268479042,17.01376840221799,1.2285670475341806,585.5483132010633,81976.76384814885,0.0673469387755102,88.7833064696606,6,0.1194440185102675,1,1.0,4,4.096893157433525,8.852507041386422,12,0.8333333333333334,,,153.0
C_r000101_tau5,C,200001,980,6.647104140131722,13.635403459859614,26.78084018798262,0.4010204081632653,4.885618083164127,9.82695960570384,19.32442504196617,1.3589147806847013,609.6018216904088,85344.25503665722,0.0908163265306122,43.913436318180175,6,0.1321167147887904,2,2.7142857142857144,5,4.786398506855724,9.789836703772403,12,0.8214285714285714,,,147.0
C_r000101_tau5,C,200002,980,6.059914970204238,13.072840140272264,23.56578562634207,0.4040816326530612,4.885618083164127,9.79869268479038,13.246907520201423,0.7264697425981151,492.79932057145976,68991.90488000437,0.0693877551020408,35.187194264093705,6,0.0706290027525945,1,1.8571428571428568,4,4.238833663215428,9.203252669073146,12,0.8690476190476191,,,146.0
C_r000101_tau6,C,200000,980,6.465603686176218,13.448868992298667,24.57711437353961,0.410204081632653,4.885618083164127,9.666666666666668,16.699503575293374,1.1850186099232591,575.1615535617742,80522.61749864838,0.0663265306122449,88.7833064696606,6,0.1152101426314279,1,1.0,4,4.167147904216153,8.852507041386422,12,0.8333333333333334,,,152.0
C_r000101_tau6,C,200001,980,6.647104140131722,13.635403459859614,26.78084018798262,0.4010204081632653,4.885618083164127,9.82695960570384,19.32442504196617,1.3589147806847013,609.6018216904088,85344.25503665722,0.0908163265306122,43.913436318180175,6,0.1321167147887904,2,2.7142857142857144,5,4.786398506855724,9.789836703772403,12,0.8214285714285714,,,147.0
C_r000101_tau6,C,200002,980,6.059914970204238,13.072840140272264,23.56578562634207,0.4040816326530612,4.885618083164127,9.79869268479038,13.246907520201423,0.7264697425981151,492.79932057145976,68991.90488000437,0.0693877551020408,35.187194264093705,6,0.0706290027525945,1,1.8571428571428568,4,4.238833663215428,9.203252669073146,12,0.8690476190476191,,,146.0
C_r000101_tau7,C,200000,980,6.692854952654947,13.676120258777395,24.99861776399328,0.3948979591836735,4.885618083164127,9.79869268479038,18.377718598688386,1.386115275525054,617.5505823677239,86457.08153148135,0.0795918367346938,91.2749618086309,6,0.1347612073427135,1,1.2857142857142858,5,3.968866224506307,8.763723116648611,12,0.8333333333333334,,,153.0
C_r000101_tau7,C,200001,980,6.722618230855828,13.71091755058372,27.908494442123413,0.3887755102040816,4.885618083164127,9.79869268479038,19.93119759182028,1.420635471263724,622.2556602433932,87115.79243407505,0.0836734693877551,55.04486519089551,6,0.1381173374839731,2,2.7142857142857144,5,4.159481643464676,9.160207921007672,12,0.8214285714285714,,,147.0
C_r000101_tau7,C,200002,980,6.259671586716631,13.27259675678466,23.444910308395308,0.3806122448979592,4.885618083164127,9.79869268479038,13.413666234542204,0.759176930545919,528.0567663229181,73927.94728520853,0.073469387755102,39.825649184465874,5,0.0738088682475199,1,2.0,5,4.102868039670399,9.278242113320202,12,0.8452380952380952,,,144.0
C_r000101_tau8,C,200000,980,11.245779321182315,18.229044627304766,62.679399944058936,0.3612244897959183,4.885618083164127,28.035832749452556,56.7556830959933,5.658692805383143,1521.4007621956473,212996.10670739063,0.1428571428571428,119.37769156324066,11,0.55015068941225,10,6.0,10,5.452837254013225,13.793353472909343,12,0.8809523809523809,,,139.0
C_r000101_tau8,C,200001,980,11.894219922381009,18.8825192421089,60.92987168224131,0.3479591836734694,4.885618083164127,25.80397128899267,54.20777581813236,6.313047084596697,1648.4358212108957,230781.0149695254,0.1551020408163265,137.4648572380611,11,0.6137684665580122,5,8.142857142857142,10,4.42278382414524,15.459886438664892,12,0.8690476190476191,,,142.0
C_r000101_tau8,C,200002,980,10.191194242486496,17.204119412554522,48.3477458644642,0.3520408163265306,4.885618083164127,22.55919460872825,41.64187864251865,4.513021498335499,1308.572706153019,183200.17886142267,0.1540816326530612,119.63325209298635,8,0.4387659790048401,6,5.428571428571429,7,8.544258899877203,16.439620377368776,12,0.8571428571428571,,,137.0
C_r001000_tau4,C,200000,980,5.627383750804686,12.610649056927134,20.683036880224503,0.4285714285714285,4.885618083164127,8.497474167490214,11.43274042711568,0.4754149618454495,411.1910358752229,57566.7450225312,0.0377551020408163,38.79364624742448,5,0.0462208990683075,3,0.4285714285714285,3,3.5476258023491534,7.797821598892459,12,0.7976190476190477,,,84.0
C_r001000_tau4,C,200001,980,5.487339340963684,12.475638660691576,19.79869268479038,0.4214285714285714,4.885618083164127,8.497474167490214,9.79869268479038,0.3566856620406965,381.7105456572982,53439.47639202175,0.0275510204081632,29.366640824264323,5,0.034677772698401,0,1.1428571428571428,2,4.492875216730458,8.653629306371933,12,0.7857142857142857,,,84.0
C_r001000_tau4,C,200002,980,5.473968916451266,12.48689408651929,20.683036880224503,0.4255102040816326,4.885618083164127,8.497474167490214,9.79869268479038,0.2403377819706775,379.86892031286425,53181.648843801,0.0306122448979591,24.338950853089045,5,0.0233661732471492,0,0.7142857142857143,2,5.0013423387713045,9.084369819040957,12,0.7619047619047619,,,84.0
C_r001000_tau5,C,200000,980,5.62334476706644,12.606610073188888,20.683036880224503,0.4265306122448979,4.885618083164127,8.497474167490214,11.126469559733511,0.4754149618454495,409.9750758622676,57396.51062071747,0.0377551020408163,38.79364624742448,5,0.0462208990683075,3,0.4285714285714285,3,3.5476258023491534,7.797821598892459,12,0.7976190476190477,,,84.0
C_r001000_tau5,C,200001,980,5.487339340963684,12.475638660691576,19.79869268479038,0.4214285714285714,4.885618083164127,8.497474167490214,9.79869268479038,0.3566856620406965,381.7105456572982,53439.47639202175,0.0275510204081632,29.366640824264323,5,0.034677772698401,0,1.1428571428571428,2,4.492875216730458,8.653629306371933,12,0.7857142857142857,,,84.0
C_r001000_tau5,C,200002,980,5.473968916451266,12.48689408651929,20.683036880224503,0.4255102040816326,4.885618083164127,8.497474167490214,9.79869268479038,0.2403377819706775,379.86892031286425,53181.648843801,0.0306122448979591,24.338950853089045,5,0.0233661732471492,0,0.7142857142857143,2,5.0013423387713045,9.084369819040957,12,0.7619047619047619,,,84.0
C_r001000_tau6,C,200000,980,5.61304285389819,12.59630816002064,20.683036880224503,0.4255102040816326,4.885618083164127,8.497474167490214,11.004367685171363,0.4754149618454495,407.7106115959645,57079.48562343502,0.0377551020408163,38.79364624742448,5,0.0462208990683075,3,0.4285714285714285,3,3.5476258023491534,7.797821598892459,12,0.7976190476190477,,,84.0
C_r001000_tau6,C,200001,980,5.487339340963684,12.475638660691576,19.79869268479038,0.4214285714285714,4.885618083164127,8.497474167490214,9.79869268479038,0.3566856620406965,381.7105456572982,53439.47639202175,0.0275510204081632,29.366640824264323,5,0.034677772698401,0,1.1428571428571428,2,4.492875216730458,8.653629306371933,12,0.7857142857142857,,,84.0
C_r001000_tau6,C,200002,980,5.473968916451266,12.48689408651929,20.683036880224503,0.4255102040816326,4.885618083164127,8.497474167490214,9.79869268479038,0.2403377819706775,379.86892031286425,53181.648843801,0.0306122448979591,24.338950853089045,5,0.0233661732471492,0,0.7142857142857143,2,5.0013423387713045,9.084369819040957,12,0.7619047619047619,,,84.0
C_r001000_tau7,C,200000,980,5.586347504485644,12.569612810608094,20.683036880224503,0.4265306122448979,4.885618083164127,8.497474167490214,11.004367685171363,0.454920833447153,402.5756233461085,56360.58726845519,0.036734693877551,38.79364624742448,5,0.0442284143629176,3,0.4285714285714285,3,3.599833780040296,7.800974457189534,12,0.7976190476190477,,,84.0
C_r001000_tau7,C,200001,980,5.487339340963684,12.475638660691576,19.79869268479038,0.4214285714285714,4.885618083164127,8.497474167490214,9.79869268479038,0.3566856620406965,381.7105456572982,53439.47639202175,0.0275510204081632,29.366640824264323,5,0.034677772698401,0,1.1428571428571428,2,4.492875216730458,8.653629306371933,12,0.7857142857142857,,,84.0
C_r001000_tau7,C,200002,980,5.472748971944845,12.48567414201287,20.683036880224503,0.4265306122448979,4.885618083164127,8.497474167490214,9.79869268479038,0.2403377819706775,379.82901304423314,53176.06182619264,0.0306122448979591,24.338950853089045,5,0.0233661732471492,0,0.7142857142857143,2,5.0013423387713045,9.084369819040957,12,0.7619047619047619,,,84.0
C_r001000_tau8,C,200000,980,6.374019977338663,13.357285283461112,23.018109854890124,0.3785714285714285,4.885618083164127,8.497474167490214,13.107718084572062,0.993619424518314,550.5182811820181,77072.55936548254,0.0489795918367346,63.516598731868726,6,0.096601888494836,3,0.5714285714285714,3,3.663886482140767,8.22255893278162,12,0.7857142857142857,,,68.0
C_r001000_tau8,C,200001,980,6.59868088076052,13.586980200488414,23.018109854890124,0.3785714285714285,4.885618083164127,8.497474167490214,13.345636970301776,1.2511136127471385,595.4504618663898,83363.06466129457,0.0571428571428571,75.55533671195735,6,0.1216360456837495,2,2.857142857142857,6,3.566118772070185,8.403432648275313,12,0.8452380952380952,,,67.0
C_r001000_tau8,C,200002,980,5.837232494395907,12.850157664463936,20.683036880224503,0.3775510204081632,4.885618083164127,8.497474167490214,10.180219742846006,0.3734463892149877,442.9297991670986,62010.17188339381,0.0428571428571428,38.82979050360882,5,0.036307287840346,0,1.0,3,4.4352451334789365,8.577781191576031,12,0.7857142857142857,,,71.0
C_r001001_tau4,C,200000,980,6.933366926255609,13.916632232378058,28.747879103260452,0.4071428571428571,4.885618083164127,10.774602526460402,21.091224230434616,1.6178403896718343,668.1019566796931,93534.27393515703,0.0836734693877551,59.96802809609653,8,0.1572900378847616,5,2.0,5,3.5600499188945296,8.963784050462856,12,0.8333333333333334,,,148.0
C_r001001_tau4,C,200001,980,7.329699311453113,14.317998631181004,29.31326540332985,0.3979591836734694,4.885618083164127,9.82695960570384,22.472135189366664,2.096462158974323,745.4655742355752,104365.18039298052,0.086734693877551,80.0860407863147,8,0.2038227099002813,4,4.142857142857143,7,4.3149527043682205,9.591164634667098,12,0.8571428571428571,,,148.0
C_r001001_tau4,C,200002,980,5.916447970759074,12.9293731408271,22.078006037171885,0.4020408163265306,4.885618083164127,9.666666666666668,12.428090415820634,0.579057224997918,463.6708536234056,64913.919507276776,0.0581632653061224,26.90076432112255,6,0.0562972302081309,2,2.0,3,4.40464290642717,9.15328333403137,12,0.8809523809523809,,,144.0
C_r001001_tau5,C,200000,980,7.0408163258403205,14.02408163196277,29.433447904901072,0.4051020408163265,4.885618083164127,11.008735370342736,22.184947515088457,1.7199193833776565,689.1836733313293,96485.7142663861,0.086734693877551,59.96802809609653,8,0.1672143844950499,5,2.142857142857143,5,3.570080022105925,9.14586822204592,12,0.8452380952380952,,,147.0
C_r001001_tau5,C,200001,980,7.329699311453113,14.317998631181004,29.31326540332985,0.3979591836734694,4.885618083164127,9.82695960570384,22.472135189366664,2.096462158974323,745.4655742355752,104365.18039298052,0.086734693877551,80.0860407863147,8,0.2038227099002813,4,4.142857142857143,7,4.3149527043682205,9.591164634667098,12,0.8571428571428571,,,148.0
C_r001001_tau5,C,200002,980,5.916447970759074,12.9293731408271,22.078006037171885,0.4020408163265306,4.885618083164127,9.666666666666668,12.428090415820634,0.579057224997918,463.6708536234056,64913.919507276776,0.0581632653061224,26.90076432112255,6,0.0562972302081309,2,2.0,3,4.40464290642717,9.15328333403137,12,0.8809523809523809,,,144.0
C_r001001_tau6,C,200000,980,7.041217514741007,14.024482820863456,29.433447904901072,0.4061224489795918,4.885618083164127,11.008735370342736,22.184947515088457,1.7199193833776565,689.4679927441197,96525.51898417676,0.086734693877551,59.96802809609653,8,0.1672143844950499,5,2.142857142857143,5,3.570080022105925,9.14586822204592,12,0.8571428571428571,,,146.0
C_r001001_tau6,C,200001,980,7.329699311453113,14.317998631181004,29.31326540332985,0.3979591836734694,4.885618083164127,9.82695960570384,22.472135189366664,2.096462158974323,745.4655742355752,104365.18039298052,0.086734693877551,80.0860407863147,8,0.2038227099002813,4,4.142857142857143,7,4.3149527043682205,9.591164634667098,12,0.8571428571428571,,,148.0
C_r001001_tau6,C,200002,980,5.916447970759074,12.9293731408271,22.078006037171885,0.4020408163265306,4.885618083164127,9.666666666666668,12.428090415820634,0.579057224997918,463.6708536234056,64913.919507276776,0.0581632653061224,26.90076432112255,6,0.0562972302081309,2,2.0,3,4.40464290642717,9.15328333403137,12,0.8809523809523809,,,144.0
C_r001001_tau7,C,200000,980,8.190845764308307,15.174111070430756,40.0920471189872,0.3918367346938775,4.885618083164127,13.67859786958255,32.8501676956718,2.766763082895712,916.5364998004368,128315.10997206115,0.1112244897959183,72.21680540888337,9,0.2689908552815275,6,3.4285714285714284,6,4.974878571980424,11.237475101778251,12,0.8690476190476191,,,146.0
C_r001001_tau7,C,200001,980,7.90818719980773,14.896486519535625,35.28498391571526,0.3826530612244898,4.885618083164127,11.008659371459332,27.36060674453405,2.589540906336556,858.125015385291,120137.50215394076,0.0979591836734693,98.89965316851158,8,0.2517609214493874,4,4.428571428571429,7,3.4638049066903798,9.80954693992833,12,0.8809523809523809,,,145.0
C_r001001_tau7,C,200002,980,6.47011397384534,13.483039143913366,24.241269193127067,0.386734693877551,4.885618083164127,9.79869268479038,14.804117890370586,1.0370921799398831,571.3697335445779,79991.76269624091,0.0755102040816326,88.7449020570566,6,0.1008284063830441,2,2.7142857142857144,4,5.747262099204225,10.78377846639176,12,0.8690476190476191,,,142.0
C_r001001_tau8,C,200000,980,11.523658376188566,18.50692368231101,58.46711222017836,0.3418367346938775,4.885618083164127,28.827944206674072,49.390708609521845,5.787278144932891,1573.0990221764885,220233.8631047084,0.1530612244897959,133.51029554996057,8,0.5626520418684755,7,6.142857142857143,8,6.118610042485351,14.566885176138944,12,0.8928571428571429,,,139.0
C_r001001_tau8,C,200001,980,11.227433878564833,18.215733198292725,55.05522860226261,0.336734693877551,4.885618083164127,25.807823005823323,47.34883290771548,5.5994177131286085,1512.833714488477,211796.7200283868,0.1510204081632653,127.00999687504373,9,0.544387833220837,6,7.571428571428571,9,4.142929258153222,13.99943959398957,12,0.9047619047619048,,,141.0
C_r001001_tau8,C,200002,980,11.095283968521416,18.10820913858944,48.60897168238116,0.3295918367346939,5.98142396999972,22.08891681657201,42.84833692443422,5.442134411487578,1484.900855441636,207886.11976182903,0.1489795918367347,155.74641751252057,9,0.5290964011168477,7,7.571428571428571,9,10.266852590332192,17.968434206482062,12,0.8928571428571429,,,138.0
C_r001100_tau4,C,200000,980,6.036782081548484,13.020047387670935,23.826020827071275,0.4295918367346938,4.885618083164127,8.497474167490214,13.666666666666666,0.8268361422904973,493.2747836566357,69058.46971192899,0.0479591836734693,39.90328189026332,7,0.0803868471671316,4,0.5714285714285714,4,3.419198543889139,7.923184149207003,12,0.7738095238095238,,,163.0
C_r001100_tau4,C,200001,980,5.422709368710213,12.411008688438102,19.79869268479038,0.4214285714285714,4.885618083164127,8.497474167490214,9.79869268479038,0.2969789327337134,368.7762334192333,51628.67267869267,0.0285714285714285,29.210532028839225,4,0.0288729517935554,0,0.8571428571428571,2,4.421163017844586,8.808224797227604,12,0.8214285714285714,,,160.0
C_r001100_tau4,C,200002,980,5.51061889600301,12.523544066071038,20.683036880224503,0.4153061224489796,4.885618083164127,8.497474167490214,9.79869268479038,0.2413555510373526,385.1850036903977,53925.90051665568,0.0346938775510204,24.338950853089045,5,0.0234651230175203,0,0.7142857142857143,2,4.597520499896706,8.87973527932773,12,0.7857142857142857,,,158.0
C_r001100_tau5,C,200000,980,6.044315849151193,13.027581155273642,23.826020827071275,0.4275510204081633,4.885618083164127,8.497474167490214,13.666666666666666,0.8268361422904973,494.3733739118712,69212.27234766197,0.0479591836734693,39.90328189026332,7,0.0803868471671316,4,0.5714285714285714,4,3.4003483270023347,7.904333932320199,12,0.7738095238095238,,,162.0
C_r001100_tau5,C,200001,980,5.422709368710213,12.411008688438102,19.79869268479038,0.4214285714285714,4.885618083164127,8.497474167490214,9.79869268479038,0.2969789327337134,368.7762334192333,51628.67267869267,0.0285714285714285,29.210532028839225,4,0.0288729517935554,0,0.8571428571428571,2,4.421163017844586,8.808224797227604,12,0.8214285714285714,,,160.0
C_r001100_tau5,C,200002,980,5.51061889600301,12.523544066071038,20.683036880224503,0.4153061224489796,4.885618083164127,8.497474167490214,9.79869268479038,0.2413555510373526,385.1850036903977,53925.90051665568,0.0346938775510204,24.338950853089045,5,0.0234651230175203,0,0.7142857142857143,2,4.597520499896706,8.87973527932773,12,0.7857142857142857,,,158.0
C_r001100_tau6,C,200000,980,6.036982342416025,13.020247648538476,23.516099050563632,0.4285714285714285,4.885618083164127,8.497474167490214,13.426316256148416,0.8268361422904973,493.11075419749073,69035.5055876487,0.0479591836734693,39.90328189026332,7,0.0803868471671316,4,0.5714285714285714,4,3.399496546240246,7.90348215155811,12,0.7738095238095238,,,162.0
C_r001100_tau6,C,200001,980,5.422709368710213,12.411008688438102,19.79869268479038,0.4214285714285714,4.885618083164127,8.497474167490214,9.79869268479038,0.2969789327337134,368.7762334192333,51628.67267869267,0.0285714285714285,29.210532028839225,4,0.0288729517935554,0,0.8571428571428571,2,4.421163017844586,8.808224797227604,12,0.8214285714285714,,,160.0
C_r001100_tau6,C,200002,980,5.51061889600301,12.523544066071038,20.683036880224503,0.4153061224489796,4.885618083164127,8.497474167490214,9.79869268479038,0.2413555510373526,385.1850036903977,53925.90051665568,0.0346938775510204,24.338950853089045,5,0.0234651230175203,0,0.7142857142857143,2,4.597520499896706,8.87973527932773,12,0.7857142857142857,,,158.0
C_r001100_tau7,C,200000,980,6.220135187136217,13.203400493258666,24.241269193127067,0.4091836734693878,4.885618083164127,8.96284793999944,13.666666666666666,0.9327774761391584,525.863772121121,73620.92809695694,0.05,48.64693472174986,8,0.0906866990690848,5,0.7142857142857143,5,3.425416047151156,8.109252867813808,12,0.7738095238095238,,,155.0
C_r001100_tau7,C,200001,980,5.915422591512699,12.903721911240591,21.085323743605592,0.4091836734693878,4.885618083164127,8.497474167490214,11.126469559733511,0.7642914447227593,464.8782161752645,65082.95026453703,0.0459183673469387,42.75523496153619,4,0.0743061126813793,1,2.4285714285714284,4,4.323100955013094,8.808224797227604,12,0.8452380952380952,,,157.0
C_r001100_tau7,C,200002,980,5.891876473616255,12.90480164368428,20.683036880224503,0.3877551020408163,4.885618083164127,8.497474167490214,12.428090415820634,0.5216591429288961,455.9263151314142,63829.68411839799,0.05,38.82979050360882,6,0.0507168611180871,1,1.5714285714285714,3,4.085192948775791,8.649884600750974,12,0.8095238095238095,,,151.0
C_r001100_tau8,C,200000,980,6.804316916103501,13.78758222222595,24.74534065928536,0.3581632653061224,4.885618083164127,8.675621590315721,16.727506854649334,1.2702276648354554,632.4960362819245,88549.44507946943,0.0642857142857142,56.45049571927666,7,0.123494356303447,4,0.8571428571428571,4,3.5889530805116694,8.756781145709455,12,0.8452380952380952,,,144.0
C_r001100_tau8,C,200001,980,6.902543749703609,13.8908430694315,24.243303859616525,0.360204081632653,4.885618083164127,9.666666666666668,16.203832995263358,1.509527503276071,652.526478298664,91353.70696181296,0.0765306122448979,72.23458084703452,7,0.1467596183740624,2,3.4285714285714284,6,3.80928257310682,8.874074088449483,12,0.8928571428571429,,,141.0
C_r001100_tau8,C,200002,980,6.647271829270957,13.660196999338984,22.954557444127403,0.3336734693877551,4.885618083164127,9.666666666666668,13.73245794791206,1.0284205295744664,596.1890597317424,83466.46836244393,0.0775510204081632,53.79904383894609,6,0.0999853292641842,2,3.142857142857143,6,3.797747447767658,8.895062530029827,12,0.8809523809523809,,,138.0
C_r001101_tau4,C,200000,980,6.416478612749538,13.39974391887199,24.666891802542303,0.4122448979591837,4.885618083164127,9.666666666666668,16.699503575293374,1.1421466767390949,565.7447021417443,79204.2582998442,0.0653061224489796,88.7833064696606,5,0.1110420380163008,1,1.1428571428571428,4,3.874794012924191,8.656473308452663,12,0.8333333333333334,,,236.0
C_r001101_tau4,C,200001,980,6.926521069911048,13.91482038963894,26.998547905745816,0.4,4.885618083164127,9.79869268479038,20.64321472681309,1.6678381927615895,665.3042139822093,93142.58995750928,0.0816326530612244,60.12981964628125,6,0.1621509354073767,2,3.142857142857143,6,3.3250296303254627,8.715769577311288,12,0.8095238095238095,,,233.0
C_r001101_tau4,C,200002,980,5.98016957172268,12.993094741790706,21.27406836728532,0.4,4.885618083164127,9.666666666666668,12.428090415820634,0.6308163033923291,476.0339143445358,66644.74800823501,0.0622448979591836,38.82979050360882,5,0.0613293628298097,2,2.4285714285714284,4,3.898354528054786,8.796767836625492,12,0.8690476190476191,,,227.0
C_r001101_tau5,C,200000,980,6.419352195113259,13.402617501235708,24.666891802542303,0.4112244897959183,4.885618083164127,9.666666666666668,16.699503575293374,1.1421466767390949,566.1153369818354,79256.14717745697,0.0653061224489796,88.7833064696606,5,0.1110420380163008,1,1.1428571428571428,4,3.874794012924191,8.656473308452663,12,0.8333333333333334,,,236.0
C_r001101_tau5,C,200001,980,6.926521069911048,13.91482038963894,26.998547905745816,0.4,4.885618083164127,9.79869268479038,20.64321472681309,1.6678381927615895,665.3042139822093,93142.58995750928,0.0816326530612244,60.12981964628125,6,0.1621509354073767,2,3.142857142857143,6,3.3250296303254627,8.715769577311288,12,0.8095238095238095,,,233.0
C_r001101_tau5,C,200002,980,5.98016957172268,12.993094741790706,21.27406836728532,0.4,4.885618083164127,9.666666666666668,12.428090415820634,0.6308163033923291,476.0339143445358,66644.74800823501,0.0622448979591836,38.82979050360882,5,0.0613293628298097,2,2.4285714285714284,4,3.898354528054786,8.796767836625492,12,0.8690476190476191,,,227.0
C_r001101_tau6,C,200000,980,6.362101258187027,13.345366564309478,24.545428052202592,0.413265306122449,4.885618083164127,9.666666666666668,15.64140887473404,1.0985982391281734,555.0733128618953,77710.26380066534,0.0642857142857142,88.7833064696606,5,0.1068081621374613,1,1.1428571428571428,4,3.94504875970682,8.656473308452663,12,0.8452380952380952,,,235.0
C_r001101_tau6,C,200001,980,6.926521069911048,13.91482038963894,26.998547905745816,0.4,4.885618083164127,9.79869268479038,20.64321472681309,1.6678381927615895,665.3042139822093,93142.58995750928,0.0816326530612244,60.12981964628125,6,0.1621509354073767,2,3.142857142857143,6,3.3250296303254627,8.715769577311288,12,0.8095238095238095,,,233.0
C_r001101_tau6,C,200002,980,5.98016957172268,12.993094741790706,21.27406836728532,0.4,4.885618083164127,9.666666666666668,12.428090415820634,0.6308163033923291,476.0339143445358,66644.74800823501,0.0622448979591836,38.82979050360882,5,0.0613293628298097,2,2.4285714285714284,4,3.898354528054786,8.796767836625492,12,0.8690476190476191,,,227.0
C_r001101_tau7,C,200000,980,6.402733373621095,13.385998679743546,24.25253906680404,0.3897959183673469,4.885618083164127,9.666666666666668,14.378403870108247,1.031135213264467,558.5058583976885,78190.82017567639,0.0704081632653061,88.7833064696606,5,0.1002492568451565,1,1.0,4,3.919720232595092,8.741250474905286,12,0.8095238095238095,,,237.0
C_r001101_tau7,C,200001,980,6.679440325434839,13.66773964516273,25.436728927366797,0.3897959183673469,4.885618083164127,9.668614962037829,17.523899189598982,1.3759556639815336,613.8472487604367,85938.61482646115,0.0755102040816326,60.12981964628125,5,0.133773467331538,2,2.7142857142857144,4,3.868765909065698,9.117814979430054,12,0.8095238095238095,,,232.0
C_r001101_tau7,C,200002,980,6.0614132797253335,13.07433844979336,20.898119281583643,0.386734693877551,4.885618083164127,9.700426804252638,12.428090415820634,0.5826610489429018,489.62959472057696,68548.14326088077,0.0612244897959183,39.825649184465874,5,0.0566476019805599,2,1.8571428571428568,5,4.01563000514802,8.918127113888913,12,0.8452380952380952,,,226.0
C_r001101_tau8,C,200000,980,8.870301142961226,15.853566449083674,41.53334416776256,0.3255102040816326,5.98142396999972,16.74982037855876,32.39842461351991,3.0681438956314517,1039.1622694085718,145482.71771720005,0.1387755102040816,88.7833064696606,7,0.2982917676308355,6,3.142857142857143,6,4.627219866704252,11.17563727311644,12,0.8571428571428571,,,223.0
C_r001101_tau8,C,200001,980,10.729146102326066,17.717445422053956,51.2157116489199,0.3193877551020408,5.17966873901953,20.00492154355099,44.49354627352996,5.080757183518564,1409.7067714856214,197358.94800798697,0.1377551020408163,123.15520136298436,10,0.4939625039531938,5,7.428571428571429,10,4.378161383823411,13.807658116029687,12,0.8809523809523809,,,225.0
C_r001101_tau8,C,200002,980,9.49238377701118,16.50530894707921,40.97159300945178,0.3142857142857143,5.98142396999972,17.519296369581298,35.501146421723725,3.656236066234442,1161.333898259379,162586.74575631306,0.1336734693877551,98.34469439840176,7,0.3554673953283486,6,5.142857142857143,6,6.509141897108507,13.828398122473777,12,0.8452380952380952,,,221.0
C_r010000_tau4,C,200000,980,6.329719448193141,13.312984754315591,23.804165649910463,0.4224489795918367,4.885618083164127,9.009783528813324,13.423657727890806,1.118702449163739,550.4336855569956,77060.71597797937,0.0448979591836734,62.65079134692496,8,0.1087627381131412,8,1.8571428571428568,8,4.0339783800509625,8.624760608132348,12,0.8809523809523809,,,58.0
C_r010000_tau4,C,200001,980,7.095279164175361,14.083578483903253,26.786696570847987,0.4091836734693878,4.885618083164127,9.666666666666668,18.836895009574544,2.0040073810132197,700.8925675289496,98124.95945405297,0.0632653061224489,104.8788500907176,8,0.1948340509318407,4,4.857142857142857,8,3.364896371148183,8.96903244109102,12,0.8928571428571429,,,59.0
C_r010000_tau4,C,200002,980,6.26275490275429,13.275680072822317,22.37124460258118,0.4112244897959183,4.885618083164127,9.666666666666668,13.426316256148416,0.953042259146798,534.7689747163264,74867.6564602857,0.0612244897959183,55.36576440609497,6,0.0926568863059386,1,2.2857142857142856,5,4.978508336519966,9.645729621543325,12,0.8690476190476191,,,62.0
C_r010000_tau5,C,200000,980,6.346556068956503,13.329821375078952,23.804165649910463,0.4204081632653061,4.885618083164127,9.455650111991028,13.61615462977201,1.118702449163739,553.3928464443617,77474.99850221063,0.0448979591836734,62.65079134692496,8,0.1087627381131412,8,1.8571428571428568,8,3.977881704872491,8.624760608132348,12,0.8809523809523809,,,58.0
C_r010000_tau5,C,200001,980,7.095279164175361,14.083578483903253,26.786696570847987,0.4091836734693878,4.885618083164127,9.666666666666668,18.836895009574544,2.0040073810132197,700.8925675289496,98124.95945405297,0.0632653061224489,104.8788500907176,8,0.1948340509318407,4,4.857142857142857,8,3.364896371148183,8.96903244109102,12,0.8928571428571429,,,59.0
C_r010000_tau5,C,200002,980,6.26275490275429,13.275680072822317,22.37124460258118,0.4112244897959183,4.885618083164127,9.666666666666668,13.426316256148416,0.953042259146798,534.7689747163264,74867.6564602857,0.0612244897959183,55.36576440609497,6,0.0926568863059386,1,2.2857142857142856,5,4.978508336519966,9.645729621543325,12,0.8690476190476191,,,62.0
C_r010000_tau6,C,200000,980,6.346556068956503,13.329821375078952,23.804165649910463,0.4204081632653061,4.885618083164127,9.455650111991028,13.61615462977201,1.118702449163739,553.3928464443617,77474.99850221063,0.0448979591836734,62.65079134692496,8,0.1087627381131412,8,1.8571428571428568,8,3.977881704872491,8.624760608132348,12,0.8809523809523809,,,58.0
C_r010000_tau6,C,200001,980,7.095279164175361,14.083578483903253,26.786696570847987,0.4091836734693878,4.885618083164127,9.666666666666668,18.836895009574544,2.0040073810132197,700.8925675289496,98124.95945405297,0.0632653061224489,104.8788500907176,8,0.1948340509318407,4,4.857142857142857,8,3.364896371148183,8.96903244109102,12,0.8928571428571429,,,59.0
C_r010000_tau6,C,200002,980,6.26275490275429,13.275680072822317,22.37124460258118,0.4112244897959183,4.885618083164127,9.666666666666668,13.426316256148416,0.953042259146798,534.7689747163264,74867.6564602857,0.0612244897959183,55.36576440609497,6,0.0926568863059386,1,2.2857142857142856,5,4.978508336519966,9.645729621543325,12,0.8690476190476191,,,62.0
C_r010000_tau7,C,200000,980,6.346556068956503,13.329821375078952,23.804165649910463,0.4204081632653061,4.885618083164127,9.455650111991028,13.61615462977201,1.118702449163739,553.3928464443617,77474.99850221063,0.0448979591836734,62.65079134692496,8,0.1087627381131412,8,1.8571428571428568,8,3.977881704872491,8.624760608132348,12,0.8809523809523809,,,58.0
C_r010000_tau7,C,200001,980,7.095279164175361,14.083578483903253,26.786696570847987,0.4091836734693878,4.885618083164127,9.666666666666668,18.836895009574544,2.0040073810132197,700.8925675289496,98124.95945405297,0.0632653061224489,104.8788500907176,8,0.1948340509318407,4,4.857142857142857,8,3.364896371148183,8.96903244109102,12,0.8928571428571429,,,59.0
C_r010000_tau7,C,200002,980,6.354930814106381,13.367855984174406,23.4331912053106,0.4061224489795918,4.885618083164127,9.79869268479038,13.87664654641712,1.0365753312463033,552.1837488234792,77305.72483528708,0.0673469387755102,55.36576440609497,6,0.1007781572045017,2,2.7142857142857144,5,4.9072769517047,9.76842728750548,12,0.8690476190476191,,,61.0
C_r010000_tau8,C,200000,980,10.543026801804046,17.526292107926498,56.52897008505235,0.3704081632653061,4.885618083164127,18.553497185176305,49.53424873289504,5.083815979902513,1382.6869930138712,193576.179021942,0.1204081632653061,126.78821808945212,13,0.4926162442516403,12,7.0,12,7.276450566886559,14.744597037945663,12,0.8928571428571429,,,58.0
C_r010000_tau8,C,200001,980,11.52200580842895,18.510305128156844,59.58202196566796,0.3714285714285714,4.885618083164127,20.02988295592196,52.58538903831679,6.2476073652984825,1578.6868759715044,221016.16263601065,0.1214285714285714,191.26105171607924,12,0.6074062716262414,7,9.142857142857142,12,6.9705920998052,15.979528280507866,12,0.9166666666666666,,,56.0
C_r010000_tau8,C,200002,980,7.930265400355778,14.943190570423804,30.71730536259861,0.3724489795918367,4.885618083164127,11.5374989832438,22.65052579777037,2.4637618700320782,860.5159721958078,120472.23610741307,0.0979591836734693,141.54132258726167,7,0.2395324040308965,4,4.714285714285714,6,6.233046893055591,12.432506523002418,12,0.9047619047619048,,,57.0
C_r010001_tau4,C,200000,980,9.034377459190846,16.017642765313298,45.84297164199369,0.3938775510204081,4.885618083164127,16.973230824888578,39.40521485786652,3.7107328678253646,1085.651002042251,151991.14028591517,0.1163265306122448,114.70870868344356,13,0.3597346208715515,10,4.142857142857143,10,5.222697211142602,11.93167275137721,12,0.8452380952380952,,,138.0
C_r010001_tau4,C,200001,980,11.225638141808938,18.21393746153683,57.21733521639633,0.376530612244898,4.885618083164127,24.628028711106783,50.27916672240055,5.888353308455304,1520.411340989512,212857.58773853167,0.1306122448979592,142.9362690528069,12,0.5724787938775989,4,7.142857142857143,11,4.712051394580781,14.81171100496866,12,0.8690476190476191,,,142.0
C_r010001_tau4,C,200002,980,7.489720346931214,14.50264551699924,32.12651280129959,0.3938775510204081,4.885618083164127,11.973345867734633,23.581420778838947,2.1005771726766693,776.692675796609,108736.97461152526,0.1010204081632653,88.7449020570566,7,0.2042227806768984,5,3.857142857142857,5,7.456548532994107,13.176663105626409,12,0.8452380952380952,,,136.0
C_r010001_tau5,C,200000,980,9.412512995296789,16.395778301419238,48.10892443319654,0.3918367346938775,4.885618083164127,18.680180832128737,41.81203752526388,4.075249692778728,1160.869945998133,162521.7924397386,0.1193877551020408,119.37769156324066,13,0.3951737566309063,10,4.285714285714286,10,4.632868128197592,12.052242192564025,12,0.8333333333333334,,,138.0
C_r010001_tau5,C,200001,980,11.225638141808938,18.21393746153683,57.21733521639633,0.376530612244898,4.885618083164127,24.628028711106783,50.27916672240055,5.888353308455304,1520.411340989512,212857.58773853167,0.1306122448979592,142.9362690528069,12,0.5724787938775989,4,7.142857142857143,11,4.712051394580781,14.81171100496866,12,0.8690476190476191,,,142.0
C_r010001_tau5,C,200002,980,7.489720346931214,14.50264551699924,32.12651280129959,0.3938775510204081,4.885618083164127,11.973345867734633,23.581420778838947,2.1005771726766693,776.692675796609,108736.97461152526,0.1010204081632653,88.7449020570566,7,0.2042227806768984,5,3.857142857142857,5,7.456548532994107,13.176663105626409,12,0.8452380952380952,,,136.0
C_r010001_tau6,C,200000,980,9.464002252277169,16.447267558399616,49.52775692464402,0.3908163265306122,4.885618083164127,18.680180832128737,41.81203752526388,4.101312042929886,1170.9637157615562,163934.92020661786,0.1214285714285714,119.37769156324066,13,0.3977075962289356,10,4.285714285714286,10,4.61791358818907,12.063527208388884,12,0.8333333333333334,,,138.0
C_r010001_tau6,C,200001,980,11.225638141808938,18.21393746153683,57.21733521639633,0.376530612244898,4.885618083164127,24.628028711106783,50.27916672240055,5.888353308455304,1520.411340989512,212857.58773853167,0.1306122448979592,142.9362690528069,12,0.5724787938775989,4,7.142857142857143,11,4.712051394580781,14.81171100496866,12,0.8690476190476191,,,142.0
C_r010001_tau6,C,200002,980,7.489720346931214,14.50264551699924,32.12651280129959,0.3938775510204081,4.885618083164127,11.973345867734633,23.581420778838947,2.1005771726766693,776.692675796609,108736.97461152526,0.1010204081632653,88.7449020570566,7,0.2042227806768984,5,3.857142857142857,5,7.456548532994107,13.176663105626409,12,0.8452380952380952,,,136.0
C_r010001_tau7,C,200000,980,13.101333591661264,20.08459889778371,77.89170775271357,0.3744897959183673,4.885618083164127,41.27039929415854,72.57186683255686,7.650802132035905,1895.1646775159263,265323.05485222966,0.1489795918367347,127.79085482494702,14,0.7411532677642501,11,7.285714285714286,11,7.64668322862984,17.586348173455658,12,0.8690476190476191,,,139.0
C_r010001_tau7,C,200001,980,12.309164532030964,19.29746385175885,68.14345923383799,0.3704081632653061,4.885618083164127,30.117468150413288,63.75012590050477,6.915441972730147,1735.8921292379987,243024.89809331985,0.1438775510204081,142.9362690528069,13,0.6723346362376531,5,8.285714285714286,12,5.68950392595454,15.934231250589091,12,0.8928571428571429,,,143.0
C_r010001_tau7,C,200002,980,9.18930255367092,16.202227723738947,43.64862412554477,0.3714285714285714,4.885618083164127,15.350892122847688,36.852643220624,3.7084459395042506,1112.0589910463102,155688.25874648342,0.1255102040816326,108.15705916188745,8,0.3605433552295799,6,5.0,6,8.507535898322782,15.338608587990844,12,0.8452380952380952,,,136.0
C_r010001_tau8,C,200000,980,16.560054839965474,23.54332014608792,103.81608537748887,0.3408163265306122,4.885618083164127,56.761132854439225,96.1745305883256,10.829547357668886,2580.174233299217,361224.3926618904,0.1765306122448979,170.22643021991098,14,1.050795277899173,12,9.714285714285714,12,8.498573005285156,21.25101880006549,12,0.8571428571428571,,,141.0
C_r010001_tau8,C,200001,980,17.632243275540997,24.620542595268887,101.7003242565762,0.3336734693877551,4.885618083164127,50.69756085963223,94.37917686783234,12.072542721998044,2793.1833489857504,391045.6688580051,0.2142857142857142,192.91400025496117,14,1.174025156505986,8,11.285714285714286,14,9.283411772160532,23.04975608128084,12,0.8571428571428571,,,142.0
C_r010001_tau8,C,200002,980,12.850629362335404,19.863554532403437,67.81224870237236,0.3428571428571428,4.885618083164127,31.287315246424477,62.24032672859467,7.226283752008548,1838.6833256087964,257415.6655852315,0.1724489795918367,161.34835557689075,11,0.7025553647786088,7,7.714285714285714,10,12.838979169235282,22.291614844283927,12,0.8690476190476191,,,137.0
C_r010100_tau4,C,200000,980,6.677402924127346,13.660668230249794,24.99861776399328,0.4163265306122449,4.885618083164127,9.79869268479038,16.994465941229706,1.381909813409116,618.7458909479183,86624.42473270856,0.0653061224489796,57.11075273194729,9,0.1343523429703307,7,1.2857142857142858,7,3.66628911496588,8.545772233268352,12,0.8452380952380952,,,141.0
C_r010100_tau4,C,200001,980,7.078337210405581,14.066636530133472,30.1760540728198,0.4020408163265306,4.885618083164127,9.82695960570384,22.38798185436145,1.8682478785992,696.0531955251668,97447.44737352336,0.0826530612244898,60.502542816138885,7,0.1816352104193666,4,4.285714285714286,6,3.3174201444960776,8.798271578839843,12,0.8928571428571429,,,139.0
C_r010100_tau4,C,200002,980,6.305707905782553,13.318633075850578,22.319172765202357,0.4122448979591837,4.885618083164127,9.666666666666668,12.821594332487155,1.0100156555786477,543.5609329395949,76098.53061154329,0.0612244897959183,54.23563148301764,7,0.0981959665145907,2,2.4285714285714284,4,4.946704719297669,9.781187359337292,12,0.8452380952380952,,,143.0
C_r010100_tau5,C,200000,980,6.690062635242324,13.673327941364771,24.99861776399328,0.4142857142857143,4.885618083164127,9.79869268479038,16.994465941229706,1.381909813409116,620.8696699056077,86921.75378678508,0.0653061224489796,57.11075273194729,9,0.1343523429703307,7,1.2857142857142858,7,3.610192439787407,8.545772233268352,12,0.8452380952380952,,,141.0
C_r010100_tau5,C,200001,980,7.28190433837561,14.270203658103505,30.816388411464818,0.4,4.885618083164127,10.180219742846006,23.38272711475405,2.081223268032156,736.3584578538668,103090.18409954137,0.0846938775510204,81.07120906846103,7,0.2023411510586818,4,4.571428571428571,7,2.972610781797404,8.798271578839843,12,0.8928571428571429,,,139.0
C_r010100_tau5,C,200002,980,6.305707905782553,13.318633075850578,22.319172765202357,0.4122448979591837,4.885618083164127,9.666666666666668,12.821594332487155,1.0100156555786477,543.5609329395949,76098.53061154329,0.0612244897959183,54.23563148301764,7,0.0981959665145907,2,2.4285714285714284,4,4.946704719297669,9.781187359337292,12,0.8452380952380952,,,143.0
C_r010100_tau6,C,200000,980,6.818047247421173,13.80131255354362,26.46268025952209,0.413265306122449,4.885618083164127,9.79869268479038,18.44471212225412,1.5150036806663798,646.2625107087244,90476.75149922144,0.0693877551020408,57.11075273194729,9,0.1472920245092313,7,1.4285714285714286,7,3.8211704725829545,8.833978930517617,12,0.8452380952380952,,,142.0
C_r010100_tau6,C,200001,980,7.28190433837561,14.270203658103505,30.816388411464818,0.4,4.885618083164127,10.180219742846006,23.38272711475405,2.081223268032156,736.3584578538668,103090.18409954137,0.0846938775510204,81.07120906846103,7,0.2023411510586818,4,4.571428571428571,7,2.972610781797404,8.798271578839843,12,0.8928571428571429,,,139.0
C_r010100_tau6,C,200002,980,6.305707905782553,13.318633075850578,22.319172765202357,0.4122448979591837,4.885618083164127,9.666666666666668,12.821594332487155,1.0100156555786477,543.5609329395949,76098.53061154329,0.0612244897959183,54.23563148301764,7,0.0981959665145907,2,2.4285714285714284,4,4.946704719297669,9.781187359337292,12,0.8452380952380952,,,143.0
C_r010100_tau7,C,200000,980,7.526599858102768,14.509865164225218,29.41706421650915,0.3897959183673469,4.885618083164127,11.5374989832438,22.500534556547112,2.0839053583129017,783.2791552940229,109659.0817411632,0.0816326530612244,88.01100416474219,11,0.2026019098359765,9,2.2857142857142856,9,4.082772829030445,9.604698756966158,12,0.8214285714285714,,,139.0
C_r010100_tau7,C,200001,980,7.994595504324861,14.982894824052757,37.79493815776729,0.386734693877551,4.885618083164127,12.428090415820634,31.886440357601867,2.749858993636535,876.2660396404827,122677.24554966758,0.1020408163265306,81.07120906846103,8,0.2673474021591075,4,5.0,7,2.413775073423148,9.08104953303549,12,0.8809523809523809,,,140.0
C_r010100_tau7,C,200002,980,7.135112381545915,14.148037551613942,29.368741163244696,0.373469387755102,4.885618083164127,10.19949186590507,22.113042372562543,1.7000217622032343,701.456275547351,98203.87857662913,0.0948979591836734,55.36576440609497,7,0.1652798935475366,4,3.4285714285714284,5,4.559912524883232,10.144016936396923,12,0.8571428571428571,,,139.0
C_r010100_tau8,C,200000,980,9.793275470134304,16.776540776256756,49.78989863761969,0.3520408163265306,4.885618083164127,16.95838254065007,41.88633705446394,4.1799384110006566,1228.9023689748124,172046.33165647372,0.1244897959183673,119.37769156324066,13,0.404739258386182,11,4.714285714285714,11,5.416019834376127,12.97912009674944,12,0.8333333333333334,,,140.0
C_r010100_tau8,C,200001,980,9.689471156389205,16.677770476117093,48.99828412486689,0.360204081632653,4.885618083164127,13.961046587448992,41.86259335240878,4.2862706884183535,1209.9350476043712,169390.90666461198,0.1193877551020408,123.15520136298436,9,0.4167207613740066,5,6.428571428571429,9,4.912116134018554,13.36751701997779,12,0.8809523809523809,,,139.0
C_r010100_tau8,C,200002,980,9.258153691407111,16.27107886147514,39.80198688507905,0.3448979591836735,4.885618083164127,15.099100527740337,31.966477645316424,3.663246973483406,1120.5499999382846,156876.99999135986,0.1285714285714285,119.72668123086623,8,0.3561490113108866,4,5.428571428571429,8,8.908441829456143,16.383022471420354,12,0.8452380952380952,,,138.0
C_r010101_tau4,C,200000,980,6.999021081484223,13.982286387606674,27.5022668340007,0.4051020408163265,4.885618083164127,10.797142273814368,21.218275512565565,1.673169022892606,680.8246244601099,95315.44742441538,0.0846938775510204,75.87456004033447,8,0.1626692105590033,5,2.0,5,3.604346337646344,8.852507041386422,12,0.8452380952380952,,,225.0
C_r010101_tau4,C,200001,980,8.486073737908047,15.474373057635937,42.305093585592665,0.3877551020408163,4.885618083164127,13.157703964707766,36.70284504568063,3.214434830986937,974.765767989772,136467.2075185681,0.1163265306122448,104.8788500907176,9,0.3125144974570633,3,5.0,9,4.240062945872832,10.868740893291529,12,0.8452380952380952,,,225.0
C_r010101_tau4,C,200002,980,6.892582080213845,13.905507250281874,28.04738760983956,0.3908163265306122,4.885618083164127,11.328640576355834,20.159483177398723,1.4102685771290138,656.6193511690186,91926.7091636626,0.1010204081632653,67.02761823211767,7,0.1371094449986541,3,2.857142857142857,5,5.15705525196123,10.283828704505105,12,0.8333333333333334,,,223.0
C_r010101_tau5,C,200000,980,7.01077393275204,13.994039238874487,27.5022668340007,0.4040816326530612,4.885618083164127,10.797142273814368,21.218275512565565,1.6779038954856944,682.9711130810201,95615.9558313428,0.0857142857142857,75.87456004033447,8,0.1631295453944425,5,2.0,5,3.5412081066834693,8.852507041386422,12,0.8452380952380952,,,225.0
C_r010101_tau5,C,200001,980,8.486073737908047,15.474373057635937,42.305093585592665,0.3877551020408163,4.885618083164127,13.157703964707766,36.70284504568063,3.214434830986937,974.765767989772,136467.2075185681,0.1163265306122448,104.8788500907176,9,0.3125144974570633,3,5.0,9,4.240062945872832,10.868740893291529,12,0.8452380952380952,,,225.0
C_r010101_tau5,C,200002,980,6.892582080213845,13.905507250281874,28.04738760983956,0.3908163265306122,4.885618083164127,11.328640576355834,20.159483177398723,1.4102685771290138,656.6193511690186,91926.7091636626,0.1010204081632653,67.02761823211767,7,0.1371094449986541,3,2.857142857142857,5,5.15705525196123,10.283828704505105,12,0.8333333333333334,,,223.0
C_r010101_tau6,C,200000,980,7.007172837530601,13.990438143653051,26.916632901314397,0.4040816326530612,4.885618083164127,11.011035004039766,20.67873035048333,1.6507868695676362,682.2508940367322,95515.12516514253,0.0857142857142857,75.87456004033447,8,0.1604931678746313,5,2.0,5,3.611462853466098,8.852507041386422,12,0.8452380952380952,,,224.0
C_r010101_tau6,C,200001,980,8.486073737908047,15.474373057635937,42.305093585592665,0.3877551020408163,4.885618083164127,13.157703964707766,36.70284504568063,3.214434830986937,974.765767989772,136467.2075185681,0.1163265306122448,104.8788500907176,9,0.3125144974570633,3,5.0,9,4.240062945872832,10.868740893291529,12,0.8452380952380952,,,225.0
C_r010101_tau6,C,200002,980,6.892582080213845,13.905507250281874,28.04738760983956,0.3908163265306122,4.885618083164127,11.328640576355834,20.159483177398723,1.4102685771290138,656.6193511690186,91926.7091636626,0.1010204081632653,67.02761823211767,7,0.1371094449986541,3,2.857142857142857,5,5.15705525196123,10.283828704505105,12,0.8333333333333334,,,223.0
C_r010101_tau7,C,200000,980,7.013378743237434,13.996644049359883,26.85329199635481,0.386734693877551,4.885618083164127,11.544406127212737,19.89808190342659,1.6625763136097462,680.0226874229969,95203.17623921957,0.0959183673469387,88.7833064696606,7,0.1616393638231697,3,1.8571428571428568,4,3.620544034854394,8.86308861764425,12,0.8571428571428571,,,226.0
C_r010101_tau7,C,200001,980,8.907174578710881,15.895473898438771,42.04675999267462,0.3724489795918367,4.885618083164127,13.34921745789338,35.97293916678205,3.56182792434502,1055.9247116605438,147829.45963247612,0.1193877551020408,104.8788500907176,9,0.346288825977988,3,5.142857142857143,9,3.611905574845935,11.379997261853443,12,0.8452380952380952,,,224.0
C_r010101_tau7,C,200002,980,6.851699336030685,13.864624506098714,27.14515309714936,0.376530612244898,4.885618083164127,11.289622771008087,20.29930122021888,1.3268579373845049,645.5856594752437,90381.99232653412,0.0989795918367346,51.54132258726168,6,0.1290000772457157,2,2.4285714285714284,4,4.108775567984666,9.763968987644295,12,0.8333333333333334,,,223.0
C_r010101_tau8,C,200000,980,9.522690513172504,16.505955819294954,51.19467360558256,0.360204081632653,4.885618083164127,20.075804304046496,43.00687314736838,3.8776561851934033,1176.418030643677,164698.5242901148,0.1346938775510204,92.44844924856444,9,0.3769943513382475,7,3.0,7,4.809577411039945,12.040521554405162,12,0.8214285714285714,,,224.0
C_r010101_tau8,C,200001,980,10.427008347320315,17.415307667048207,53.39950706506318,0.3530612244897959,4.885618083164127,24.83307385260341,46.75751991175346,4.865741906374046,1356.013914362023,189841.9480106832,0.1479591836734693,103.38739437818732,9,0.4730582408974766,3,5.857142857142857,8,3.5502552976878228,12.998072440515635,12,0.8333333333333334,,,225.0
C_r010101_tau8,C,200002,980,9.685331347734127,16.69825651780215,41.71575890542024,0.3326530612244898,4.885618083164127,18.49721680446481,34.36670607570455,3.952305692396439,1203.58290636201,168501.6068906814,0.160204081632653,118.9705743701852,8,0.3842519423163204,3,3.857142857142857,5,8.914103611563744,16.672625704760634,12,0.8095238095238095,,,221.0
C_r011000_tau4,C,200000,980,6.038644205425913,13.021909511548364,23.778605145566765,0.4255102040816326,4.885618083164127,8.497474167490214,13.413666234542204,0.8276884833038283,492.83088190150943,68996.32346621131,0.0448979591836734,53.09700989453995,7,0.0804697136545388,7,1.1428571428571428,7,3.404148634064251,7.899485379261104,12,0.8809523809523809,,,145.0
C_r011000_tau4,C,200001,980,7.068959758359575,14.057259078087466,24.46666666666667,0.4112244897959183,4.885618083164127,9.666666666666668,14.744192297901176,1.9365184294846416,695.9938128099456,97439.13379339238,0.060204081632653,104.8788500907176,9,0.1882726250887846,3,4.571428571428571,9,3.708074521934956,8.808224797227604,12,0.9047619047619048,,,143.0
C_r011000_tau4,C,200002,980,6.046843408291643,13.059768578359671,20.894864197065697,0.4163265306122449,4.885618083164127,9.666666666666668,12.428090415820634,0.7748215675833474,492.6070839870624,68964.99175818873,0.0540816326530612,55.36576440609497,6,0.0753298746261587,2,2.0,4,5.364130073529631,9.748046891399936,12,0.8452380952380952,,,145.0
C_r011000_tau5,C,200000,980,6.138487758748832,13.12175306487128,24.241269193127067,0.423469387755102,4.885618083164127,8.96284793999944,13.666666666666666,0.9057501117895372,512.391429300787,71734.80010211017,0.0489795918367346,53.09700989453995,7,0.088059038646205,7,1.4285714285714286,7,3.847326355801197,8.41293259206791,12,0.8809523809523809,,,144.0
C_r011000_tau5,C,200001,980,7.068959758359575,14.057259078087466,24.46666666666667,0.4112244897959183,4.885618083164127,9.666666666666668,14.744192297901176,1.9365184294846416,695.9938128099456,97439.13379339238,0.060204081632653,104.8788500907176,9,0.1882726250887846,3,4.571428571428571,9,3.708074521934956,8.808224797227604,12,0.9047619047619048,,,143.0
C_r011000_tau5,C,200002,980,6.040868270578623,13.05379344064665,20.894864197065697,0.4163265306122449,4.885618083164127,9.666666666666668,12.244665433777138,0.7748215675833474,491.4120564444583,68797.68790222416,0.0540816326530612,55.36576440609497,6,0.0753298746261587,2,2.0,4,5.364130073529631,9.748046891399936,12,0.8452380952380952,,,145.0
C_r011000_tau6,C,200000,980,6.109187086369205,13.092452392491651,23.778605145566765,0.4224489795918367,4.885618083164127,8.96284793999944,13.426316256148416,0.88663569182965,506.3272131922083,70885.80984690916,0.0479591836734693,53.09700989453995,7,0.0862006922612159,7,1.4285714285714286,7,3.847326355801197,8.41293259206791,12,0.8809523809523809,,,144.0
C_r011000_tau6,C,200001,980,7.068959758359575,14.057259078087466,24.46666666666667,0.4112244897959183,4.885618083164127,9.666666666666668,14.744192297901176,1.9365184294846416,695.9938128099456,97439.13379339238,0.060204081632653,104.8788500907176,9,0.1882726250887846,3,4.571428571428571,9,3.708074521934956,8.808224797227604,12,0.9047619047619048,,,143.0
C_r011000_tau6,C,200002,980,6.040868270578623,13.05379344064665,20.894864197065697,0.4163265306122449,4.885618083164127,9.666666666666668,12.244665433777138,0.7748215675833474,491.4120564444583,68797.68790222416,0.0540816326530612,55.36576440609497,6,0.0753298746261587,2,2.0,4,5.364130073529631,9.748046891399936,12,0.8452380952380952,,,145.0
C_r011000_tau7,C,200000,980,6.3178776200981295,13.301142926220578,24.25253906680404,0.4224489795918367,4.885618083164127,8.986196911796988,13.666666666666666,1.119065568411583,548.0653199379931,76729.14479131903,0.0540816326530612,62.65079134692496,7,0.1087980413733483,7,2.0,7,4.152907782172463,8.692260601575795,12,0.8809523809523809,,,145.0
C_r011000_tau7,C,200001,980,7.068959758359575,14.057259078087466,24.46666666666667,0.4112244897959183,4.885618083164127,9.666666666666668,14.744192297901176,1.9365184294846416,695.9938128099456,97439.13379339238,0.060204081632653,104.8788500907176,9,0.1882726250887846,3,4.571428571428571,9,3.708074521934956,8.808224797227604,12,0.9047619047619048,,,143.0
C_r011000_tau7,C,200002,980,6.051251769167494,13.064176939235525,20.87877155058644,0.4142857142857143,4.885618083164127,9.666666666666668,12.24983795877307,0.7862906995182278,493.0805928969263,69031.28300556968,0.0571428571428571,55.36576440609497,6,0.0764449291198277,2,2.142857142857143,4,5.321206844059822,9.748046891399936,12,0.8571428571428571,,,144.0
C_r011000_tau8,C,200000,980,10.13667244442897,17.11993775055142,53.86949731581309,0.3387755102040816,4.885618083164127,18.970291138400977,45.93060060631751,4.4408990955402405,1294.928702609256,181290.01836529584,0.1326530612244898,103.14966002912844,11,0.4317540787330789,10,5.142857142857143,10,5.964273127778169,13.471050257205512,12,0.8690476190476191,,,137.0
C_r011000_tau8,C,200001,980,12.240469149771222,19.228768469499112,62.77287577919973,0.3336734693877551,4.885618083164127,29.10422267110117,55.91687933181528,6.672674849194545,1714.8285238317958,240075.9933364514,0.1459183673469387,154.5652616568259,11,0.6487322770050252,6,8.714285714285714,11,5.47746743276489,15.391777894863852,12,0.8809523809523809,,,141.0
C_r011000_tau8,C,200002,980,10.439484316103949,17.452409486171973,44.92502410530447,0.3306122448979592,4.885618083164127,17.8559421350708,36.58320908596546,4.780923435629636,1354.0193122003811,189562.70370805336,0.1316326530612244,161.11905642021884,10,0.4648120006862146,5,7.0,9,11.801398035874175,18.61043932087908,12,0.8809523809523809,,,139.0
C_r011001_tau4,C,200000,980,8.326774120777568,15.310039426900016,39.55618308139738,0.396938775510204,4.885618083164127,13.666666666666666,32.816851037372025,2.966569700445912,944.742579257554,132263.96109605758,0.1122448979591836,121.88992032365786,10,0.2884164986544636,9,3.2857142857142856,9,4.297930162672293,10.719267148006338,12,0.8452380952380952,,,223.0
C_r011001_tau4,C,200001,980,10.656489615202412,17.6447889349303,55.59650780652652,0.3836734693877551,4.885618083164127,22.757604052464437,48.42509638429737,5.403821605107486,1407.989580096881,197118.5412135633,0.1265306122448979,123.15520136298436,12,0.5253715449410056,5,7.142857142857143,11,4.998142171555482,14.181777927417906,12,0.8690476190476191,,,225.0
C_r011001_tau4,C,200002,980,7.699560974648346,14.712486144716374,33.99207601095402,0.3897959183673469,4.885618083164127,11.443216282728493,25.25825759427489,2.2907834464679304,817.7841446295505,114489.78024813707,0.1020408163265306,97.80685598201671,7,0.2227150572954932,5,4.0,5,7.471482934000284,13.37248465537164,12,0.8690476190476191,,,219.0
C_r011001_tau5,C,200000,980,8.314151542532912,15.29741684865536,39.65588956302504,0.3979591836734694,4.885618083164127,13.173059954812995,32.818192654044005,2.9444074014959054,942.422145241276,131939.10033377862,0.110204081632653,121.88992032365786,10,0.2862618307009908,9,3.2857142857142856,9,4.328527222668162,10.719267148006338,12,0.8452380952380952,,,223.0
C_r011001_tau5,C,200001,980,10.656489615202412,17.6447889349303,55.59650780652652,0.3836734693877551,4.885618083164127,22.757604052464437,48.42509638429737,5.403821605107486,1407.989580096881,197118.5412135633,0.1265306122448979,123.15520136298436,12,0.5253715449410056,5,7.142857142857143,11,4.998142171555482,14.181777927417906,12,0.8690476190476191,,,225.0
C_r011001_tau5,C,200002,980,7.699560974648346,14.712486144716374,33.99207601095402,0.3897959183673469,4.885618083164127,11.443216282728493,25.25825759427489,2.2907834464679304,817.7841446295505,114489.78024813707,0.1020408163265306,97.80685598201671,7,0.2227150572954932,5,4.0,5,7.471482934000284,13.37248465537164,12,0.8690476190476191,,,219.0
C_r011001_tau6,C,200000,980,8.378787470897842,15.362052777020294,39.574227033196536,0.3989795918367347,4.885618083164127,13.666666666666666,32.85377297090952,3.0157296989874323,955.5534125469154,133777.47775656817,0.1153061224489795,121.88992032365786,10,0.2931959429571114,9,3.2857142857142856,9,4.430850378876976,10.756751752999625,12,0.8452380952380952,,,223.0
C_r011001_tau6,C,200001,980,11.023560436142931,18.01185975587082,56.7173412204173,0.3816326530612245,4.885618083164127,24.628028711106783,49.9333023995174,5.740080221622702,1480.9955810196784,207339.38134275496,0.1285714285714285,123.15520136298436,12,0.5580633548799849,5,7.428571428571429,11,5.094339861047148,14.919212889200368,12,0.8690476190476191,,,226.0
C_r011001_tau6,C,200002,980,7.699560974648346,14.712486144716374,33.99207601095402,0.3897959183673469,4.885618083164127,11.443216282728493,25.25825759427489,2.2907834464679304,817.7841446295505,114489.78024813707,0.1020408163265306,97.80685598201671,7,0.2227150572954932,5,4.0,5,7.471482934000284,13.37248465537164,12,0.8690476190476191,,,219.0
C_r011001_tau7,C,200000,980,11.189577006079842,18.17284231220229,63.61691115729125,0.3795918367346939,4.885618083164127,26.31892234930144,57.69942436333405,5.728878148455075,1513.8337685629074,211936.72759880705,0.1448979591836734,121.88992032365786,11,0.5569742644331322,10,5.714285714285714,10,6.466798249403267,14.9768413357764,12,0.8571428571428571,,,223.0
C_r011001_tau7,C,200001,980,12.751258292657818,19.73955761238571,68.16848476856804,0.3663265306122449,4.885618083164127,34.452388465334664,63.59275062991318,7.375725394170899,1823.47392783286,255286.3498966004,0.15,151.77394178341638,13,0.7170844133221708,7,8.714285714285714,13,5.738858586270469,16.256334845676705,12,0.8928571428571429,,,226.0
C_r011001_tau7,C,200002,980,9.360486497601029,16.373411667669053,45.27849887430766,0.3704081632653061,4.885618083164127,14.961781186965894,38.22015096011864,3.908991047932484,1146.118601993394,160456.60427907514,0.1255102040816326,111.02151390416113,8,0.3800407963267692,6,5.142857142857143,6,8.988260953742255,15.99061740899992,12,0.8571428571428571,,,219.0
C_r011001_tau8,C,200000,980,13.09057883135996,20.073844137482407,74.33897242995317,0.3183673469387755,5.98142396999972,41.79370487945601,67.7352534761073,7.203337890523732,1881.5622383699936,263418.71337179915,0.1724489795918367,121.88992032365786,10,0.7003245171342516,9,6.0,9,5.897688584067925,16.030885965044074,12,0.8333333333333334,,,222.0
C_r011001_tau8,C,200001,980,16.501215620695707,23.4895149404236,99.64982432246522,0.3040816326530612,5.98142396999972,48.32968550409129,91.292678492313,10.695538748383076,2560.8717042591225,358522.0385962771,0.2030612244897959,157.8392127000261,13,1.039844044981688,5,9.428571428571429,13,9.229636551023589,22.205246835031783,12,0.8690476190476191,,,229.0
C_r011001_tau8,C,200002,980,12.225845356192147,19.238770526260176,62.9160528644808,0.2959183673469387,5.98142396999972,28.40290486038201,57.49513267842301,6.309269544338902,1704.338769278104,238607.4276989346,0.1663265306122449,153.07804768292408,9,0.6134012056996155,7,6.571428571428571,8,9.9227199289437,19.377252785829462,12,0.8095238095238095,,,219.0
C_r011100_tau4,C,200000,980,6.494323137454435,13.477588443576884,24.73333333333333,0.4214285714285714,4.885618083164127,9.79869268479038,14.959353877812402,1.2019207262926752,583.1503417766013,81641.04784872418,0.0591836734693877,53.09700989453995,8,0.1168534039451212,7,1.2857142857142858,7,3.801097074298558,8.37867199460874,12,0.8333333333333334,,,228.0
C_r011100_tau4,C,200001,980,7.351796121332299,14.34009544106019,28.20224992100413,0.4020408163265306,4.885618083164127,9.83684539059595,22.38798185436145,2.1149561559858423,750.7243507106133,105101.40909948586,0.0714285714285714,104.8788500907176,9,0.2056207373875124,3,5.0,9,2.9984652739644213,8.982064183531762,12,0.8928571428571429,,,224.0
C_r011100_tau4,C,200002,980,6.35776304863932,13.370688218707349,21.27406836728532,0.4030612244897959,4.885618083164127,9.679869268479042,12.710328368482717,1.0222056863219502,552.1648546258231,77303.07964761523,0.0612244897959183,59.342963090246485,6,0.0993811083924118,3,2.857142857142857,4,4.4073303004341975,9.420714685724551,12,0.8452380952380952,,,225.0
C_r011100_tau5,C,200000,980,6.548193514683101,13.53145882080555,24.74534065928536,0.4204081632653061,4.885618083164127,9.79869268479038,16.158612335547794,1.2525012469490917,593.7203355896814,83120.84698255539,0.0632653061224489,53.09700989453995,8,0.121770954564495,7,1.4285714285714286,7,3.779260996579258,8.41293259206791,12,0.8333333333333334,,,228.0
C_r011100_tau5,C,200001,980,7.351796121332299,14.34009544106019,28.20224992100413,0.4020408163265306,4.885618083164127,9.83684539059595,22.38798185436145,2.1149561559858423,750.7243507106133,105101.40909948586,0.0714285714285714,104.8788500907176,9,0.2056207373875124,3,5.0,9,2.9984652739644213,8.982064183531762,12,0.8928571428571429,,,224.0
C_r011100_tau5,C,200002,980,6.36373818635234,13.376663356420368,21.27406836728532,0.4030612244897959,4.885618083164127,9.79869268479038,12.710328368482717,1.0222056863219502,553.3598821684272,77470.38350357981,0.0612244897959183,59.342963090246485,6,0.0993811083924118,3,2.857142857142857,4,4.4073303004341975,9.420714685724551,12,0.8452380952380952,,,225.0
C_r011100_tau6,C,200000,980,6.546380792058758,13.529646098181203,24.73333333333333,0.4214285714285714,4.885618083164127,9.79869268479038,16.158612335547794,1.240219120207517,593.5618726974657,83098.66217764521,0.0622448979591836,53.09700989453995,8,0.1205768589090641,7,1.4285714285714286,7,3.779260996579258,8.41293259206791,12,0.8333333333333334,,,228.0
C_r011100_tau6,C,200001,980,7.351796121332299,14.34009544106019,28.20224992100413,0.4020408163265306,4.885618083164127,9.83684539059595,22.38798185436145,2.1149561559858423,750.7243507106133,105101.40909948586,0.0714285714285714,104.8788500907176,9,0.2056207373875124,3,5.0,9,2.9984652739644213,8.982064183531762,12,0.8928571428571429,,,224.0
C_r011100_tau6,C,200002,980,6.36373818635234,13.376663356420368,21.27406836728532,0.4030612244897959,4.885618083164127,9.79869268479038,12.710328368482717,1.0222056863219502,553.3598821684272,77470.38350357981,0.0612244897959183,59.342963090246485,6,0.0993811083924118,3,2.857142857142857,4,4.4073303004341975,9.420714685724551,12,0.8452380952380952,,,225.0
C_r011100_tau7,C,200000,980,6.846992762581217,13.830258068703667,25.23842176045896,0.3979591836734694,4.885618083164127,9.79869268479038,17.888412710147676,1.437216969671113,648.990389250937,90858.6544951312,0.0683673469387755,53.92618454217882,8,0.1397294276069137,7,1.5714285714285714,7,3.430097629837337,8.625852938917692,12,0.8214285714285714,,,224.0
C_r011100_tau7,C,200001,980,7.578681868856334,14.566981188584224,32.48768934326578,0.3928571428571428,4.885618083164127,11.443216282728493,27.35011359131201,2.359469286518399,794.2647655215426,111197.06717301597,0.0908163265306122,77.66795588169771,7,0.2293928473003999,2,4.571428571428571,7,2.7295620107297207,8.825895719013776,12,0.8809523809523809,,,226.0
C_r011100_tau7,C,200002,980,6.803459437856481,13.816384607924508,24.74534065928536,0.3785714285714285,4.885618083164127,9.79869268479038,15.733607974007615,1.394311647204427,636.406173285582,89096.86425998148,0.0836734693877551,51.64137854422006,7,0.1355580768115415,3,3.142857142857143,5,4.492016104244741,9.835440359786055,12,0.8571428571428571,,,223.0
C_r011100_tau8,C,200000,980,9.05531870740234,16.038584013524787,43.54792988878091,0.3326530612244898,4.885618083164127,17.112137419887695,37.0344649508386,3.446040787016236,1077.4352624873295,150840.93674822614,0.1316326530612244,92.44844924856444,9,0.3350317431821341,8,3.571428571428572,8,5.703599027546097,12.1433238917378,12,0.8333333333333334,,,222.0
C_r011100_tau8,C,200001,980,10.041861297551767,17.03016061727966,48.864218711719495,0.3377551020408163,4.885618083164127,16.908766654359944,42.12668675348798,4.628742528840816,1275.9232799185168,178629.25918859235,0.1244897959183673,148.03452309146087,11,0.4500166347484126,6,6.714285714285714,11,4.555526949935134,13.26352288581752,12,0.8452380952380952,,,224.0
C_r011100_tau8,C,200002,980,8.857767937756858,15.870693107824886,38.38247102321203,0.3153061224489796,4.885618083164127,16.19082623661862,31.442747259580013,3.20375260430534,1034.6148120411676,144846.07368576346,0.1285714285714285,98.34469439840176,7,0.3114759476407969,4,4.428571428571429,6,6.966268484310022,13.799987390192015,12,0.8214285714285714,,,220.0
C_r011101_tau4,C,200000,980,6.813088050163139,13.79635335628559,27.804199737460056,0.4122448979591837,4.885618083164127,10.774602526460402,19.968328345641027,1.571699478980788,644.9630780647307,90294.8309290623,0.086734693877551,88.7833064696606,6,0.152804116012021,4,2.0,4,3.9177976393284775,8.849354183089348,12,0.8571428571428571,,,311.0
C_r011101_tau4,C,200001,980,9.346503114723063,16.334802434450953,44.72196035999973,0.3846938775510204,4.885618083164127,13.157703964707766,38.20170285801802,4.069678899773951,1146.2393984548169,160473.51578367435,0.1265306122448979,123.15520136298436,11,0.3956632263669119,4,6.0,11,5.495319398294162,12.821574238408282,12,0.8452380952380952,,,309.0
C_r011101_tau4,C,200002,980,6.556359141278098,13.569284311346122,24.268617349152365,0.3928571428571428,4.885618083164127,9.83684539059595,14.93097531074809,1.1033234872882272,589.8432568270479,82578.05595578671,0.0836734693877551,51.54132258726168,6,0.1072675612641331,3,2.7142857142857144,5,4.645555553060355,9.53835257192812,12,0.8452380952380952,,,305.0
C_r011101_tau5,C,200000,980,6.83786389421509,13.82112920033754,27.806763382831537,0.4081632653061224,4.885618083164127,10.774602526460402,19.968328345641027,1.5808678350046148,649.1019203445088,90874.26884823122,0.0857142857142857,88.7833064696606,6,0.153695483958782,4,2.142857142857143,4,3.724088229193496,8.916398528421116,12,0.8571428571428571,,,311.0
C_r011101_tau5,C,200001,980,9.346503114723063,16.334802434450953,44.72196035999973,0.3846938775510204,4.885618083164127,13.157703964707766,38.20170285801802,4.069678899773951,1146.2393984548169,160473.51578367435,0.1265306122448979,123.15520136298436,11,0.3956632263669119,4,6.0,11,5.495319398294162,12.821574238408282,12,0.8452380952380952,,,309.0
C_r011101_tau5,C,200002,980,6.556359141278098,13.569284311346122,24.268617349152365,0.3928571428571428,4.885618083164127,9.83684539059595,14.93097531074809,1.1033234872882272,589.8432568270479,82578.05595578671,0.0836734693877551,51.54132258726168,6,0.1072675612641331,3,2.7142857142857144,5,4.645555553060355,9.53835257192812,12,0.8452380952380952,,,305.0
C_r011101_tau6,C,200000,980,6.795987511367615,13.779252817490065,27.05113730728569,0.410204081632653,4.885618083164127,10.774602526460402,19.412699946098414,1.5314440867056038,641.1348070403199,89758.87298564478,0.0846938775510204,88.7833064696606,6,0.1488903973186003,4,2.142857142857143,4,3.831586422858991,8.953641975303983,12,0.8571428571428571,,,310.0
C_r011101_tau6,C,200001,980,9.346503114723063,16.334802434450953,44.72196035999973,0.3846938775510204,4.885618083164127,13.157703964707766,38.20170285801802,4.069678899773951,1146.2393984548169,160473.51578367435,0.1265306122448979,123.15520136298436,11,0.3956632263669119,4,6.0,11,5.495319398294162,12.821574238408282,12,0.8452380952380952,,,309.0
C_r011101_tau6,C,200002,980,6.556359141278098,13.569284311346122,24.268617349152365,0.3928571428571428,4.885618083164127,9.83684539059595,14.93097531074809,1.1033234872882272,589.8432568270479,82578.05595578671,0.0836734693877551,51.54132258726168,6,0.1072675612641331,3,2.7142857142857144,5,4.645555553060355,9.53835257192812,12,0.8452380952380952,,,305.0
C_r011101_tau7,C,200000,980,6.806335705608511,13.78960101173096,26.73623980046173,0.3836734693877551,4.885618083164127,10.774602526460402,18.495564110424613,1.3953518114109065,638.0018349992532,89320.25689989545,0.0846938775510204,88.7833064696606,6,0.1356592038871714,4,1.7142857142857142,4,3.686496160258926,8.741250474905286,12,0.8333333333333334,,,309.0
C_r011101_tau7,C,200001,980,8.82013536201148,15.80843468173937,42.04076955553538,0.376530612244898,4.885618083164127,12.440223300987835,35.58191208561353,3.53204018117473,1039.3331948512755,145506.64727917858,0.1142857142857142,104.8788500907176,9,0.3433927953919876,3,5.285714285714286,9,4.381949785467182,11.465423198133012,12,0.8452380952380952,,,308.0
C_r011101_tau7,C,200002,980,6.72638347560209,13.739308645670118,24.584832538377736,0.3693877551020408,4.885618083164127,10.774602526460402,17.244060905685032,1.1449587340896628,619.0799405312404,86671.19167437365,0.0897959183673469,54.23563148301764,7,0.1113154324809394,2,2.4285714285714284,4,4.686617063832182,10.189645004426795,12,0.8571428571428571,,,306.0
C_r011101_tau8,C,200000,980,7.616998894392465,14.600264200514914,32.01779433386535,0.3357142857142857,4.885618083164127,12.706813185707356,24.286290239734264,1.896878850546696,790.5426360213502,110675.96904298905,0.1112244897959183,48.48098705846496,6,0.1844187771364843,5,1.7142857142857142,5,3.070068175617595,9.179739815688231,12,0.8214285714285714,,,307.0
C_r011101_tau8,C,200001,980,9.998197158774902,16.986496478502794,47.06374040592109,0.323469387755102,4.885618083164127,22.509547346721945,40.47088578459079,4.350138654650852,1264.333309306001,177006.66330284014,0.1479591836734693,104.8788500907176,9,0.4229301469799439,4,5.714285714285714,9,3.1152443105841883,11.438667485898163,12,0.8333333333333334,,,308.0
C_r011101_tau8,C,200002,980,9.006672392057348,16.019597562125377,35.910252024410106,0.3071428571428571,5.98142396999972,16.533700323839412,28.70376587057505,3.084955928498698,1062.749074410328,148784.87041744593,0.15,88.7449020570566,8,0.2999262708262623,2,3.0,4,7.33036585918087,14.18265266061136,12,0.7857142857142857,,,306.0
C_r100000_tau4,C,200000,980,6.481024270402887,13.464289576525337,24.241269193127067,0.4112244897959183,4.885618083164127,9.48021466546624,15.262051788716535,1.2412789080176612,578.2888637224067,80960.44092113695,0.0642857142857142,72.53855623385607,7,0.1206798938350503,3,1.0,3,3.4830565236876545,8.41293259206791,12,0.7857142857142857,,,73.0
C_r100000_tau4,C,200001,980,5.978163050944541,12.966462370672431,22.07227274146465,0.4091836734693878,4.885618083164127,9.666666666666668,11.94427190999916,0.7129492727408767,477.42630806163294,66839.68312862862,0.0459183673469387,40.64261579179583,4,0.0693145126275852,0,1.2857142857142858,3,4.839825826599977,9.115440578231668,12,0.7976190476190477,,,72.0
C_r100000_tau4,C,200002,980,6.6339464934292645,13.646871663497292,23.4331912053106,0.396938775510204,4.885618083164127,9.79869268479038,14.92569587999888,1.2482108816064357,606.1501499941783,84861.02099918496,0.0714285714285714,74.900019213841,6,0.1213538357117368,0,2.0,5,6.130921921237428,10.660222003153324,12,0.8333333333333334,,,70.0
C_r100000_tau5,C,200000,980,6.481024270402887,13.464289576525337,24.241269193127067,0.4112244897959183,4.885618083164127,9.48021466546624,15.262051788716535,1.2412789080176612,578.2888637224067,80960.44092113695,0.0642857142857142,72.53855623385607,7,0.1206798938350503,3,1.0,3,3.4830565236876545,8.41293259206791,12,0.7857142857142857,,,73.0
C_r100000_tau5,C,200001,980,6.004041449251855,12.992340768979746,22.609147068285477,0.4091836734693878,4.885618083164127,9.666666666666668,11.94427190999916,0.7518031484396339,482.6019877230958,67564.27828123342,0.0479591836734693,40.64261579179583,4,0.0730919727649644,0,1.4285714285714286,3,4.885192546807834,9.115440578231668,12,0.8095238095238095,,,70.0
C_r100000_tau5,C,200002,980,6.673717199615448,13.686642369683474,23.80529102902969,0.3928571428571428,4.885618083164127,9.79869268479038,14.92569587999888,1.2799462273263664,613.2879647008027,85860.31505811238,0.073469387755102,74.900019213841,6,0.1244392165456189,0,2.2857142857142856,5,6.208148709259912,10.660222003153324,12,0.8452380952380952,,,70.0
C_r100000_tau6,C,200000,980,6.481024270402887,13.464289576525337,24.241269193127067,0.4112244897959183,4.885618083164127,9.48021466546624,15.262051788716535,1.2412789080176612,578.2888637224067,80960.44092113695,0.0642857142857142,72.53855623385607,7,0.1206798938350503,3,1.0,3,3.4830565236876545,8.41293259206791,12,0.7857142857142857,,,73.0
C_r100000_tau6,C,200001,980,6.008242805612823,12.996542125340714,22.609147068285477,0.4081632653061224,4.885618083164127,9.666666666666668,11.94427190999916,0.7518031484396339,483.23817736263607,67653.34483076904,0.0479591836734693,40.64261579179583,4,0.0730919727649644,0,1.4285714285714286,3,4.885192546807834,9.115440578231668,12,0.8095238095238095,,,70.0
C_r100000_tau6,C,200002,980,6.709080930926967,13.722006100994996,24.106017195225405,0.3918367346938775,4.885618083164127,9.79869268479038,14.941832293357418,1.3205846448615357,620.1566293304537,86821.92810626351,0.0744897959183673,74.900019213841,6,0.1283901738059826,0,2.4285714285714284,5,5.976730929807252,10.660222003153324,12,0.8452380952380952,,,71.0
C_r100000_tau7,C,200000,980,6.481024270402887,13.464289576525337,24.241269193127067,0.4112244897959183,4.885618083164127,9.48021466546624,15.262051788716535,1.2412789080176612,578.2888637224067,80960.44092113695,0.0642857142857142,72.53855623385607,7,0.1206798938350503,3,1.0,3,3.4830565236876545,8.41293259206791,12,0.7857142857142857,,,73.0
C_r100000_tau7,C,200001,980,6.093274556580638,13.081573876308529,23.15436414115188,0.4040816326530612,4.885618083164127,9.697403926819486,13.15436414115188,0.7747007581858752,499.4282010255869,69919.94814358217,0.05,40.64261579179583,4,0.0753181292680712,0,1.5714285714285714,4,4.888476040471572,9.115440578231668,12,0.8095238095238095,,,70.0
C_r100000_tau7,C,200002,980,6.745019483743536,13.757944653811563,24.207346652514147,0.3918367346938775,4.885618083164127,9.79869268479038,15.249698383706534,1.3505320176591489,627.3443398937674,87828.20758512743,0.0755102040816326,74.900019213841,6,0.1313017239390839,0,2.571428571428572,5,5.8478719025337424,10.537524337191169,12,0.8452380952380952,,,71.0
C_r100000_tau8,C,200000,980,7.0706819568605015,14.05394726298295,26.299406920099944,0.3846938775510204,4.885618083164127,9.79869268479038,18.089173979279032,1.6687283622079343,690.9142785649498,96727.99899909296,0.0785714285714285,72.53855623385607,8,0.1622374796591047,6,1.8571428571428568,6,3.833922953453162,9.047506664125931,12,0.8571428571428571,,,58.0
C_r100000_tau8,C,200001,980,6.935880470780776,13.924179790508669,26.688259356073047,0.373469387755102,4.885618083164127,9.79869268479038,19.284550662098795,1.463536227743316,661.8269348860227,92655.7708840432,0.0775510204081632,66.87214557504194,6,0.1422882443639335,4,3.142857142857143,5,5.007104809753317,10.041982062701214,12,0.8928571428571429,,,55.0
C_r100000_tau8,C,200002,980,7.81318461415346,14.826109784221488,30.997075268725467,0.373469387755102,4.885618083164127,13.15436414115188,23.453833805175325,2.2720946752354823,837.3038965879971,117222.5455223196,0.1061224489795918,100.36576440609495,7,0.2208980934256718,2,4.714285714285714,7,7.522527618191797,13.1745552909423,12,0.9285714285714286,,,59.0
C_r100001_tau4,C,200000,980,8.055596467529853,15.0388617736523,39.30787650236718,0.3846938775510204,4.885618083164127,16.124227981044495,32.74906502248248,2.6406970419709905,888.0580690161743,124328.1296622644,0.1214285714285714,66.00825407083903,8,0.2567344346360685,4,1.8571428571428568,4,3.7949208850092537,10.249428230315209,12,0.7976190476190477,,,144.0
C_r100001_tau4,C,200001,980,7.892666774555876,14.880966094283767,39.20701011516676,0.386734693877551,4.885618083164127,13.438966277754655,32.42240321129322,2.4755031122746893,855.8372568655326,119817.21596117456,0.1112244897959183,54.9766018003138,6,0.2406739136933726,3,3.2857142857142856,5,4.5710213678297285,10.66580281477151,12,0.8333333333333334,,,143.0
C_r100001_tau4,C,200002,980,7.868656304673413,14.88158147474144,32.41719865851085,0.3836734693877551,4.885618083164127,13.666666666666666,26.00924967435513,2.38193517586603,850.4390510185184,119061.46714259258,0.1224489795918367,105.3320334523014,7,0.2315770309869751,1,3.7142857142857135,6,9.271729713367217,15.12269906908793,12,0.8690476190476191,,,142.0
C_r100001_tau5,C,200000,980,8.072182755163352,15.0554480612858,39.50637858889073,0.3846938775510204,4.885618083164127,16.124227981044495,33.61448045842474,2.644823614870464,891.3753265428744,124792.54571600242,0.1214285714285714,66.00825407083903,8,0.2571356292235173,4,1.8571428571428568,4,3.682547135027157,10.249428230315209,12,0.7976190476190477,,,144.0
C_r100001_tau5,C,200001,980,8.03710339438811,15.025402714115998,39.20701011516676,0.3836734693877551,4.885618083164127,14.349263442676016,32.42240321129322,2.622939927765698,884.0892479654314,123772.49471516038,0.1173469387755102,60.12981964628125,6,0.2550080485327762,3,3.2857142857142856,5,4.606602491171979,10.66580281477151,12,0.8333333333333334,,,143.0
C_r100001_tau5,C,200002,980,7.979373053293233,14.99229822336126,33.68416123312377,0.3795918367346939,4.885618083164127,13.744748869058776,26.53182861739833,2.4700304506785367,871.7660742118701,122047.2503896618,0.1275510204081632,105.3320334523014,7,0.2401418493715244,2,4.285714285714286,6,9.17139799256548,15.12269906908793,12,0.8809523809523809,,,142.0
C_r100001_tau6,C,200000,980,8.075164167017897,15.058429473140349,39.50637858889073,0.3846938775510204,4.885618083164127,16.124227981044495,33.61448045842474,2.644823614870464,891.9716089137835,124876.02524792968,0.1214285714285714,66.00825407083903,8,0.2571356292235173,4,1.8571428571428568,4,3.682547135027157,10.249428230315209,12,0.8095238095238095,,,143.0
C_r100001_tau6,C,200001,980,8.06665266654245,15.05495198627034,38.97164022064515,0.3826530612244898,4.885618083164127,14.92569587999888,32.21051078057399,2.6454363128165173,889.7950207636464,124571.30290691053,0.1204081632653061,60.12981964628125,6,0.2571951970793836,3,3.2857142857142856,5,4.589843045700689,10.66580281477151,12,0.8333333333333334,,,143.0
C_r100001_tau6,C,200002,980,8.0139130634159,15.026838233483929,33.68416123312377,0.3785714285714285,4.885618083164127,13.671479737450063,26.53182861739833,2.493414029637345,878.4699946037505,122985.79924452506,0.1285714285714285,105.3320334523014,7,0.2424152528814086,2,4.285714285714286,6,9.177559353876834,15.12269906908793,12,0.8928571428571429,,,143.0
C_r100001_tau7,C,200000,980,9.267733283958686,16.250998590081135,46.27630068456184,0.3683673469387755,4.885618083164127,23.524073572225607,40.30766295700297,3.775307715084696,1127.2201261794924,157810.81766512894,0.1438775510204081,88.7833064696606,8,0.3670438056332343,4,3.0,5,4.351802490048774,11.732249615309636,12,0.8571428571428571,,,143.0
C_r100001_tau7,C,200001,980,8.675907432274542,15.664206752002434,43.04215381281849,0.3642857142857142,4.885618083164127,17.547197268404204,36.98699387384203,3.1353559855192263,1007.9955924908984,141119.38294872578,0.1306122448979592,75.3262894212603,7,0.3048262763699248,4,4.285714285714286,6,4.275111424908414,11.291690044021806,12,0.8452380952380952,,,142.0
C_r100001_tau7,C,200002,980,9.157340087571196,16.170265257639223,35.550639937836124,0.3693877551020408,4.885618083164127,15.42593993134554,28.49280811613722,3.635100162388402,1105.318664740932,154744.6130637305,0.1377551020408163,155.74641751252057,9,0.3534125157877613,2,5.428571428571429,9,11.850136141545075,18.40118895841572,12,0.9047619047619048,,,144.0
C_r100001_tau8,C,200000,980,13.421731124824076,20.40499643094652,74.70817670427766,0.3459183673469387,4.885618083164127,41.79370487945601,68.3438246210076,7.703132406704895,1953.3690101168488,273471.66141635884,0.1775510204081632,154.54055795942986,10,0.7489156506518647,8,7.142857142857143,9,5.841132786580442,16.697223767566836,12,0.8690476190476191,,,139.0
C_r100001_tau8,C,200001,980,16.18381184053429,23.17211116026218,92.66343275743765,0.3183673469387755,5.98142396999972,45.87245461777842,83.74954964915071,10.408082259759428,2500.4358374946128,350061.0172492458,0.2153061224489796,157.8392127000261,13,1.0118968863654998,8,10.142857142857142,13,5.307816021555,19.837582464628422,12,0.8809523809523809,,,140.0
C_r100001_tau8,C,200002,980,15.075497034420202,22.08842220448823,84.45288120005867,0.3357142857142857,4.885618083164127,36.93412695603732,77.02455995087284,9.354915009852036,2282.2422640268983,319513.91696376575,0.2,184.06168249065377,14,0.9095056259578368,8,9.714285714285714,13,12.56891761780067,23.199928090646733,12,0.8690476190476191,,,139.0
C_r100100_tau4,C,200000,980,7.307751244635887,14.291016550758336,29.45797356423214,0.3908163265306122,4.885618083164127,11.5374989832438,23.38910936673739,1.9451514421117448,739.7135142332997,103559.89199266196,0.0918367346938775,66.25275983055326,8,0.189111945760864,4,1.7142857142857142,4,3.884929946437542,9.202456440604353,12,0.7976190476190477,,,150.0
C_r100100_tau4,C,200001,980,6.192215469102378,13.18051478883027,24.241269193127067,0.413265306122449,4.885618083164127,9.679869268479042,13.669601779869067,0.9001759540856349,521.0531182238125,72947.43655133375,0.0622448979591836,42.75523496153619,4,0.0875171066472145,1,1.5714285714285714,4,4.555549722669647,9.225871505464362,12,0.7857142857142857,,,149.0
C_r100100_tau4,C,200002,980,6.516689899162497,13.529615069230523,24.241269193127067,0.3948979591836735,4.885618083164127,9.79869268479038,15.484904549764916,1.1191780758012957,582.317571669234,81524.46003369275,0.0826530612244898,55.53910238906974,6,0.1088089795917926,0,2.0,3,4.58454732912573,9.605726592033532,12,0.8452380952380952,,,150.0
C_r100100_tau5,C,200000,980,7.307751244635887,14.291016550758336,29.45797356423214,0.3908163265306122,4.885618083164127,11.5374989832438,23.38910936673739,1.9451514421117448,739.7135142332997,103559.89199266196,0.0918367346938775,66.25275983055326,8,0.189111945760864,4,1.7142857142857142,4,3.884929946437542,9.202456440604353,12,0.7976190476190477,,,150.0
C_r100100_tau5,C,200001,980,6.227983877327852,13.216283197055745,24.25689696444509,0.4122448979591837,4.885618083164127,9.679869268479042,13.669601779869067,0.9370681926554704,528.0027182362543,73920.38055307559,0.0642857142857142,42.75523496153619,4,0.0911038520637262,1,1.5714285714285714,4,4.555549722669647,9.225871505464362,12,0.7857142857142857,,,148.0
C_r100100_tau5,C,200002,980,6.587170778388948,13.600095948456977,24.27193929834442,0.3938775510204081,4.885618083164127,10.06048367749639,17.387396234000075,1.167758626710892,596.2096658818712,83469.35322346196,0.0836734693877551,55.53910238906974,6,0.1135320887080033,0,2.2857142857142856,4,4.58454732912573,9.605726592033532,12,0.8571428571428571,,,149.0
C_r100100_tau6,C,200000,980,7.310028500911992,14.29329380703444,29.45797356423214,0.3908163265306122,4.885618083164127,11.5374989832438,23.38910936673739,1.9451514421117448,740.1689654885207,103623.6551683929,0.0918367346938775,66.25275983055326,8,0.189111945760864,4,1.7142857142857142,4,3.8804778660061143,9.198004360172924,12,0.8095238095238095,,,150.0
C_r100100_tau6,C,200001,980,6.236079560853801,13.224378880581694,24.25689696444509,0.4112244897959183,4.885618083164127,9.679869268479042,13.669601779869067,0.9353528523026065,529.4177733087911,74118.48826323076,0.0632653061224489,42.75523496153619,4,0.0909370828627534,1,1.4285714285714286,4,4.555549722669647,9.225871505464362,12,0.7857142857142857,,,149.0
C_r100100_tau6,C,200002,980,6.659002417198529,13.671927587266556,24.75177512305984,0.3918367346938775,4.885618083164127,10.774602526460402,17.74278964412121,1.2358805210451278,610.1678303784812,85423.49625298737,0.086734693877551,55.53910238906974,6,0.1201550506571652,0,2.4285714285714284,4,4.392407851579883,9.605726592033532,12,0.8809523809523809,,,148.0
C_r100100_tau7,C,200000,980,7.763545010192399,14.746810316314848,34.85866863316988,0.3693877551020408,4.885618083164127,13.666666666666666,28.727691853643485,2.3320876698397224,826.586553058888,115722.11742824432,0.1122448979591836,66.25275983055326,8,0.2267307456788619,5,2.2857142857142856,5,3.847200950717152,9.77588370882142,12,0.7857142857142857,,,146.0
C_r100100_tau7,C,200001,980,6.528541748569357,13.516841068297248,25.972669199049207,0.3979591836734694,4.885618083164127,9.79869268479038,16.740312537135928,1.183583033966114,585.2340616588239,81932.76863223534,0.0785714285714285,38.73729768130579,5,0.1150705727467055,1,1.8571428571428568,4,4.131422153040584,9.165992084423795,12,0.8214285714285714,,,147.0
C_r100100_tau7,C,200002,980,8.020994700167787,15.033919870235811,31.736848741681552,0.3612244897959183,4.885618083164127,13.413666234542204,24.923282312075557,2.4838272677319986,876.4438379927412,122702.13731898378,0.1163265306122448,105.01348225719994,7,0.2414832065850554,1,4.0,6,8.942139861720474,15.260939993110222,12,0.8809523809523809,,,145.0
C_r100100_tau8,C,200000,980,8.433072884513054,15.416338190635503,40.097662065843465,0.3479591836734694,4.885618083164127,15.38176656251308,32.31027505796123,2.780240282387381,956.2064136373048,133868.89790922267,0.1265306122448979,74.37769156324066,8,0.2703011385654398,6,2.2857142857142856,6,3.5316145266225067,10.186211067322526,12,0.8214285714285714,,,137.0
C_r100100_tau8,C,200001,980,8.2259091305178,15.214208450245692,38.16731798763893,0.3459183673469387,4.885618083164127,14.142334831684462,31.625745357157697,2.61090364505631,914.2993747832068,128001.91246964896,0.1183673469387755,88.95347780125303,8,0.2538378543804745,3,4.285714285714286,7,3.333617279994562,10.165542015166146,12,0.8690476190476191,,,140.0
C_r100100_tau8,C,200002,980,11.136500658221072,18.149425828289097,47.65983409366292,0.3183673469387755,5.98142396999972,21.36638685118376,42.56955228000569,5.386268484943814,1490.9157426389952,208728.2039694593,0.1673469387755102,155.74641751252057,11,0.5236649915917597,4,7.142857142857143,11,9.71523446710152,18.25867300571771,12,0.8928571428571429,,,139.0
C_r100101_tau4,C,200000,980,7.480435809944068,14.46370111606652,32.03520788006674,0.3857142857142857,4.885618083164127,13.413666234542204,24.5641730358609,2.060105116396294,773.2300191316708,108252.20267843393,0.1142857142857142,75.87456004033447,6,0.2002879974274174,0,1.2857142857142858,4,3.824145041946755,9.663498992632618,12,0.8214285714285714,,,234.0
C_r100101_tau4,C,200001,980,6.94691039349024,13.93520971321813,30.190968435607704,0.3908163265306122,4.885618083164127,11.43274042711568,22.47701115261009,1.5427050216893377,667.3979334922806,93435.71068891928,0.0979591836734693,54.931734144811344,5,0.1499852104420189,2,2.4285714285714284,4,5.443264966772895,10.92902194981367,12,0.7857142857142857,,,229.0
C_r100101_tau4,C,200002,980,6.94143386490163,13.954359034969658,26.45479037006445,0.3846938775510204,4.885618083164127,11.5374989832438,19.310892734814693,1.4396666940029923,665.2255484905303,93131.57678867424,0.1081632653061224,52.25670677576272,7,0.1399675952502909,1,2.142857142857143,4,6.614133585349422,12.077635670326888,12,0.8452380952380952,,,228.0
C_r100101_tau5,C,200000,980,7.496392003417917,14.479657309540364,32.288705998818074,0.3857142857142857,4.885618083164127,13.413666234542204,24.64933779905922,2.071630669127173,776.4212578264404,108698.97609570166,0.1142857142857142,75.87456004033447,6,0.2014085372762529,0,1.2857142857142858,4,3.708889514637964,9.663498992632618,12,0.8214285714285714,,,234.0
C_r100101_tau5,C,200001,980,6.67798861731128,13.66628793703917,27.799119010244965,0.3928571428571428,4.885618083164127,10.782207702516729,20.033726982761294,1.3121933537759514,613.9986535532059,85959.81149744883,0.0928571428571428,38.73729768130579,5,0.1275743538393286,2,2.0,4,5.342377406613408,10.3899546730337,12,0.7976190476190477,,,229.0
C_r100101_tau5,C,200002,980,6.993777060555316,14.006702230623343,26.603270336002225,0.3836734693877551,4.885618083164127,11.606049194890415,19.799313722071386,1.4963090995737285,675.4901059886143,94568.614838406,0.110204081632653,52.25670677576272,7,0.1454744957918902,1,2.142857142857143,4,6.602650898487009,12.077635670326888,12,0.8452380952380952,,,228.0
C_r100101_tau6,C,200000,980,7.312425225272091,14.29569053139454,31.02066484035125,0.3908163265306122,4.885618083164127,13.036335907704446,24.042466865985045,1.907430983621816,740.6483103605406,103690.76345047569,0.110204081632653,65.3465202334919,5,0.1854446789632321,0,1.1428571428571428,4,3.880058982569736,9.499971207711583,12,0.8095238095238095,,,232.0
C_r100101_tau6,C,200001,980,6.683801006051371,13.672100325779262,27.799119010244965,0.3908163265306122,4.885618083164127,10.774602526460402,20.033726982761294,1.30808582842519,614.7529680359182,86065.41552502855,0.0908163265306122,38.73729768130579,5,0.1271750110968934,2,2.0,4,5.303873093189472,10.3899546730337,12,0.7976190476190477,,,229.0
C_r100101_tau6,C,200002,980,7.034030147065827,14.046955317133854,26.854353014885703,0.3836734693877551,4.885618083164127,12.356187334439724,20.685907524068924,1.5329173341621771,683.5407232907163,95695.70126070028,0.1112244897959183,52.25670677576272,7,0.1490336297102116,1,2.142857142857143,4,6.602650898487009,12.077635670326888,12,0.8452380952380952,,,229.0
C_r100101_tau7,C,200000,980,7.52190996449163,14.505175270614076,31.23653258981336,0.373469387755102,4.885618083164127,13.413666234542204,24.5641730358609,2.0000400608423807,779.0758704493461,109070.62186290846,0.1153061224489795,75.87456004033447,5,0.1944483392485648,0,1.1428571428571428,4,3.8003196314983994,9.719431362709638,12,0.8095238095238095,,,232.0
C_r100101_tau7,C,200001,980,6.650798924722056,13.639098244449947,26.8867126799022,0.376530612244898,4.885618083164127,10.774602526460402,19.530802768026938,1.2023526045702928,605.2550730141708,84735.71022198391,0.0928571428571428,39.08027978779137,5,0.1168953921110007,3,1.8571428571428568,4,5.29012626719442,10.302466584235647,12,0.8214285714285714,,,225.0
C_r100101_tau7,C,200002,980,7.52099757122885,14.533922741296877,29.396188025971583,0.3581632653061224,4.885618083164127,13.15436414115188,22.97404231495577,1.86903988191461,775.8321673069945,108616.50342297924,0.1224489795918367,61.56885125606641,7,0.1817122107416982,3,2.857142857142857,4,6.376311465788354,12.643540220416632,12,0.8690476190476191,,,224.0
C_r100101_tau8,C,200000,980,10.7702946650376,17.753559971160048,52.269227160544624,0.3275510204081632,5.98142396999972,27.735271265266924,44.64130348843936,4.862247530047378,1419.5691370891525,198739.67919248133,0.1765306122448979,95.21635667118244,10,0.4727185098657173,8,3.571428571428572,8,4.01934214319969,12.78078267052832,12,0.8214285714285714,,,218.0
C_r100101_tau8,C,200001,980,13.0515565958179,20.039855915545797,58.56004472341783,0.2979591836734694,5.98142396999972,33.732696901976745,50.782137994339365,7.048650702080941,1869.9031558982745,261786.44182575843,0.210204081632653,127.00999687504373,11,0.685285484924536,6,7.142857142857143,11,3.858744100669165,15.944803933538308,12,0.8690476190476191,,,224.0
C_r100101_tau8,C,200002,980,13.081439275725147,20.09436444579318,63.25027871117102,0.3081632653061224,6.352944954458861,31.481768405693565,55.62433476123632,7.12414634929008,1877.8975300690304,262905.6542096642,0.2071428571428571,142.86319906794233,11,0.6926253395143134,4,6.571428571428571,9,10.135576214227926,19.9383441447588,12,0.8690476190476191,,,225.0
C_r101000_tau4,C,200000,980,6.315232889987262,13.29849819610971,23.41788440873935,0.4142857142857143,4.885618083164127,9.666666666666668,13.666666666666666,1.0624677231978554,545.9037208545951,76426.52091964331,0.0632653061224489,72.53855623385607,7,0.1032954730886804,2,0.7142857142857143,2,3.59125108297084,8.586373278647347,12,0.7857142857142857,,,156.0
C_r101000_tau4,C,200001,980,5.9797655247306425,12.968064844458532,21.809867531671948,0.4091836734693878,4.885618083164127,8.96284793999944,13.01125907321748,0.7084592668758201,477.6020932293746,66864.29305211244,0.0489795918367346,43.913436318180175,5,0.0688779842795936,1,1.4285714285714286,5,4.435452709423801,9.11937142435964,12,0.7976190476190477,,,157.0
C_r101000_tau4,C,200002,980,5.985665176104278,12.998590346172303,20.683036880224503,0.4091836734693878,4.885618083164127,8.497474167490214,11.43797835492208,0.684393469804045,478.94286612101786,67052.0012569425,0.0510204081632653,56.439738026565465,5,0.0665382540087266,0,1.0,3,5.181900331118144,9.351932626378296,12,0.8214285714285714,,,152.0
C_r101000_tau5,C,200000,980,6.313848248025815,13.297113554148265,23.41788440873935,0.4112244897959183,4.885618083164127,9.666666666666668,13.666666666666666,1.0458403572394117,545.0145475643467,76302.03665900855,0.0632653061224489,72.53855623385607,7,0.1016789236204983,2,0.7142857142857143,2,3.35806289928238,8.353185094958887,12,0.7738095238095238,,,157.0
C_r101000_tau5,C,200001,980,6.0163288072580325,13.004628126985924,22.78041018187632,0.4071428571428571,4.885618083164127,9.666666666666668,13.01125907321748,0.6891221267034,484.50658646954656,67830.92210573652,0.0510204081632653,43.913436318180175,5,0.0669979845406083,0,1.2857142857142858,5,4.736652835523252,9.306646809249248,12,0.8214285714285714,,,155.0
C_r101000_tau5,C,200002,980,6.022409563456739,13.035334733524763,20.683036880224503,0.4081632653061224,4.885618083164127,8.549002017382584,11.538150683890157,0.7059305597650842,486.0876619588568,68052.27267423995,0.0530612244897959,56.439738026565465,5,0.0686321377549387,0,1.1428571428571428,3,5.181900331118144,9.351932626378296,12,0.8333333333333334,,,151.0
C_r101000_tau6,C,200000,980,6.432669637118715,13.415934943241162,23.804165649910463,0.410204081632653,4.885618083164127,9.666666666666668,13.666666666666666,1.1721523356887886,568.5747437502733,79600.46412503827,0.0663265306122449,72.53855623385607,7,0.1139592548586322,2,1.0,2,3.4668655157854715,8.41293259206791,12,0.7738095238095238,,,156.0
C_r101000_tau6,C,200001,980,6.014404707173171,13.002704026901064,22.78041018187632,0.4071428571428571,4.885618083164127,9.666666666666668,13.01125907321748,0.6891221267034,484.1217664525743,67777.04730336039,0.0510204081632653,43.913436318180175,5,0.0669979845406083,0,1.2857142857142858,5,4.736652835523252,9.306646809249248,12,0.8214285714285714,,,155.0
C_r101000_tau6,C,200002,980,6.375310150256948,13.388235320324974,21.581053168151826,0.4051020408163265,4.885618083164127,9.666666666666668,13.13911158826974,1.0649771276821411,556.0555344209396,77847.77481893155,0.0612244897959183,73.88956342099118,6,0.103539442969097,0,1.5714285714285714,4,6.483613148586096,10.70273003462741,12,0.8452380952380952,,,152.0
C_r101000_tau7,C,200000,980,6.522748276276633,13.50601358239908,23.826020827071275,0.410204081632653,4.885618083164127,9.666666666666668,14.329661700039102,1.2895929728540885,586.5904715818572,82122.66602146,0.0673469387755102,72.53855623385607,7,0.1253770945830364,2,1.2857142857142858,3,3.428410195289519,8.374477271571958,12,0.7857142857142857,,,156.0
C_r101000_tau7,C,200001,980,6.081297063235135,13.069596382963026,23.15436414115188,0.4061224489795918,4.885618083164127,9.666666666666668,13.163748758229785,0.7525356744688684,497.2961560323136,69621.4618445239,0.0551020408163265,43.913436318180175,5,0.0731631905733622,0,1.5714285714285714,5,4.706389452939076,9.306646809249248,12,0.8214285714285714,,,154.0
C_r101000_tau7,C,200002,980,6.427235037863619,13.440160207931646,22.30007449658162,0.4010204081632653,4.885618083164127,9.666666666666668,13.413666234542204,1.1211624043763346,565.6241854116618,79187.38595763265,0.0632653061224489,73.88956342099118,6,0.1090019004254769,0,1.8571428571428568,4,6.385443967023771,10.70273003462741,12,0.8452380952380952,,,152.0
C_r101000_tau8,C,200000,980,6.923197888807683,13.906463194930131,25.336490893604907,0.3591836734693877,4.885618083164127,9.79869268479038,17.60826366169212,1.378265910254168,656.4763124554139,91906.68374375794,0.0785714285714285,72.53855623385607,7,0.1339980746080441,3,1.1428571428571428,3,3.7363009179190927,9.096793024959736,12,0.8214285714285714,,,141.0
C_r101000_tau8,C,200001,980,6.793790061323753,13.782089381051644,24.97923293169872,0.3693877551020408,4.885618083164127,9.79869268479038,15.399716047487845,1.2850670035681624,632.4478168745272,88542.69436243382,0.0785714285714285,43.940986991307,6,0.1249370697913491,4,3.142857142857143,5,4.955997621386243,10.038596730571488,12,0.8333333333333334,,,140.0
C_r101000_tau8,C,200002,980,8.34784907011989,15.360774240187917,33.077183475227265,0.3428571428571428,4.885618083164127,11.97689347866096,24.55988429831981,2.691487244489445,938.1143388016912,131336.00743223677,0.110204081632653,119.72668123086623,8,0.2616723709920294,2,4.428571428571429,8,9.628302336768533,15.729392285970585,12,0.8809523809523809,,,142.0
C_r101001_tau4,C,200000,980,8.046807177536532,15.030072483658982,39.56055284355912,0.3877551020408163,4.885618083164127,16.8704812417382,32.63464602812745,2.661268406987185,886.9124559154699,124167.74382816578,0.1285714285714285,63.516598731868726,7,0.2587344284570874,3,1.8571428571428568,4,4.181819523447784,10.682694310601198,12,0.8095238095238095,,,228.0
C_r101001_tau4,C,200001,980,7.100849889351556,14.089149209079446,30.575077485653186,0.3989795918367347,4.885618083164127,11.93999465778854,22.446650870395565,1.692537787757346,699.7781498270266,97968.94097578371,0.096938775510204,51.75523326751136,6,0.164552284920853,3,2.4285714285714284,4,5.476603432593105,10.900037741934526,12,0.8095238095238095,,,228.0
C_r101001_tau4,C,200002,980,7.516312496708652,14.52923766677668,29.962505438629943,0.3816326530612245,4.885618083164127,12.254319380200492,22.97404231495577,1.995944119966745,779.56212616026,109138.6976624364,0.0989795918367346,98.34469439840176,7,0.1940501227745446,3,3.4285714285714284,5,7.947861675977724,13.728170480920854,12,0.8809523809523809,,,223.0
C_r101001_tau5,C,200000,980,8.185192519138534,15.168457825260983,40.36797936146078,0.386734693877551,4.885618083164127,17.23193380721396,33.60992548822694,2.796410991941222,914.385442603217,128013.96196445038,0.1295918367346938,63.516598731868726,7,0.2718732908831743,3,1.8571428571428568,4,4.213889286082152,10.714764073235566,12,0.8095238095238095,,,228.0
C_r101001_tau5,C,200001,980,7.308472271478242,14.296771591206133,31.94351377625205,0.3918367346938775,4.885618083164127,12.507346117129352,24.896752072955955,1.9012035067132849,739.8509668552039,103579.13535972856,0.1020408163265306,55.04486519089551,7,0.1848392298193471,3,2.7142857142857144,5,5.325621589473167,10.900037741934526,12,0.8095238095238095,,,228.0
C_r101001_tau5,C,200002,980,7.650291838933428,14.663217009001452,30.83849528406496,0.3775510204081632,4.885618083164127,12.428090415820634,24.62840143737464,2.1270479012046386,805.5416680746029,112775.8335304444,0.1030612244897959,98.34469439840176,7,0.2067963237282287,4,4.0,6,7.854882513169311,13.728170480920854,12,0.8928571428571429,,,222.0
C_r101001_tau6,C,200000,980,8.658108774839025,15.641374080961477,44.57390366746789,0.3857142857142857,4.885618083164127,18.979227481200432,37.3127585437835,3.267949289603838,1008.7646121106626,141227.04569549276,0.1336734693877551,75.87456004033447,8,0.3177172920448176,4,2.4285714285714284,5,4.728455330002301,11.348840425144632,12,0.8095238095238095,,,227.0
C_r101001_tau6,C,200001,980,7.306548171393381,14.294847491121272,31.94351377625205,0.3918367346938775,4.885618083164127,12.507346117129352,24.896752072955955,1.9012035067132849,739.4661468382317,103525.26055735243,0.1020408163265306,55.04486519089551,7,0.1848392298193471,3,2.7142857142857144,5,5.325621589473167,10.900037741934526,12,0.8095238095238095,,,228.0
C_r101001_tau6,C,200002,980,7.908944663550799,14.921869833618825,33.511173947238255,0.376530612244898,4.885618083164127,13.413666234542204,26.666209364824244,2.407719271010902,857.0681513654241,119989.54119115938,0.1081632653061224,105.3320334523014,7,0.2340838180149488,4,4.571428571428571,6,9.115555452900272,15.119287782557953,12,0.8928571428571429,,,223.0
C_r101001_tau7,C,200000,980,9.383916414413378,16.367181720535825,46.32397158105286,0.3785714285714285,4.885618083164127,21.979647507092785,40.39344263955223,3.917584660490468,1152.4975685969612,161349.65960357458,0.1418367346938775,91.2749618086309,8,0.3808762864365733,4,3.7142857142857135,6,5.893912344380135,13.12617091579204,12,0.8452380952380952,,,227.0
C_r101001_tau7,C,200001,980,7.924151132502499,14.91245045223039,35.770040481501056,0.3673469387755102,4.885618083164127,13.15436414115188,29.983116293260544,2.4571829179979043,858.0887798763816,120132.42918269343,0.1173469387755102,72.23458084703452,7,0.2388927836942407,3,3.571428571428572,5,5.126418631424933,11.28013969085965,12,0.8452380952380952,,,227.0
C_r101001_tau7,C,200002,980,9.708605746703023,16.721530916771048,39.58011962665477,0.360204081632653,4.885618083164127,16.235931046734176,33.71032686303566,4.170393908592295,1213.7619656671352,169926.67519339893,0.1326530612244898,161.0298043817893,10,0.4054549633353619,4,6.285714285714286,10,10.687122276982697,17.991502691638715,12,0.9047619047619048,,,226.0
C_r101001_tau8,C,200000,980,10.264531385550455,17.247796691672907,49.67831280601329,0.3316326530612244,5.115828465320942,24.259629698926503,40.429563809519706,4.4334422208048565,1319.2328077223362,184692.5930811271,0.1622448979591836,91.2749618086309,8,0.4310291048004721,6,4.0,6,5.564702932689791,13.484437384846364,12,0.8571428571428571,,,222.0
C_r101001_tau8,C,200001,980,12.348144655839656,19.336443975567548,59.61289668983206,0.3193877551020408,5.98142396999972,30.54374094191133,51.779691086458655,6.5112902274701865,1733.1453633410847,242640.35086775184,0.1785714285714285,145.94242204604234,9,0.6330421054484904,7,7.285714285714286,9,3.835769352006416,14.84749015669166,12,0.8690476190476191,,,222.0
C_r101001_tau8,C,200002,980,12.991021364274568,20.0039465343426,65.95020933453527,0.3142857142857143,5.98142396999972,31.36630176580141,60.37020933453537,7.1881477550445085,1861.0614157120565,260548.5981996879,0.1897959183673469,155.74641751252057,11,0.698847698407105,7,7.428571428571429,10,11.429617974589858,20.991001805412317,12,0.8571428571428571,,,223.0
C_r101100_tau4,C,200000,980,6.676033377760052,13.659298683882502,24.973479852374027,0.4051020408163265,4.885618083164127,9.896283668957404,18.376123701736883,1.3718224542537614,616.2270837152756,86271.79172013859,0.0816326530612244,66.25275983055326,8,0.1333716274968934,3,0.8571428571428571,3,3.399698908578026,8.666326356740084,12,0.7738095238095238,,,237.0
C_r101100_tau4,C,200001,980,5.783401116958309,12.7717004366862,22.49879725755189,0.4153061224489796,4.885618083164127,8.497474167490214,12.706813185707356,0.5744896580795972,439.74144788145776,61563.802703404086,0.0520408163265306,36.62467851156544,4,0.055853161202183,1,1.0,2,5.176665945319086,9.649010885375631,12,0.8095238095238095,,,231.0
C_r101100_tau4,C,200002,980,6.620870919937011,13.633796090005038,24.241269193127067,0.4030612244897959,4.885618083164127,9.79869268479038,15.484904549764916,1.2549945146606345,604.7864288853614,84670.10004395059,0.0755102040816326,71.61762360053399,7,0.1220133555920061,0,1.7142857142857142,4,7.025444817417868,11.99925710191078,12,0.8333333333333334,,,232.0
C_r101100_tau5,C,200000,980,6.729776051793699,13.713041357916149,25.07128927344515,0.4030612244897959,4.885618083164127,10.774602526460402,18.612790708308182,1.4080258757798627,626.567455256699,87719.44373593785,0.0826530612244898,66.25275983055326,8,0.1368914045897089,3,0.8571428571428571,3,3.748291998418896,9.014919446580954,12,0.7738095238095238,,,236.0
C_r101100_tau5,C,200001,980,5.814584781937303,12.802884101665196,23.018109854890124,0.4142857142857143,4.885618083164127,8.497474167490214,12.706813185707356,0.6061460816795874,445.7740992446035,62408.37389424449,0.0540816326530612,36.62467851156544,4,0.0589308690521821,1,1.1428571428571428,2,5.108869831771612,9.617903965004013,12,0.8333333333333334,,,230.0
C_r101100_tau5,C,200002,980,6.691648199242809,13.704573369310836,24.47999999999999,0.4,4.885618083164127,9.79869268479038,15.587445684894558,1.2936510053704426,618.3296398485617,86566.14957879864,0.0765306122448979,71.61762360053399,7,0.1257716255221263,0,1.8571428571428568,4,6.984132553310485,12.00702942858456,12,0.8452380952380952,,,231.0
C_r101100_tau6,C,200000,980,6.954137999695688,13.937403305818137,27.523702946294787,0.3959183673469387,4.885618083164127,10.782889637629212,19.57145126291713,1.610578362211319,670.0112734085252,93801.57827719352,0.0857142857142857,66.25275983055326,8,0.1565840074372115,3,1.4285714285714286,3,3.4941589127578085,8.919125049800883,12,0.7857142857142857,,,234.0
C_r101100_tau6,C,200001,980,5.812660681852442,12.800960001580334,23.018109854890124,0.4142857142857143,4.885618083164127,8.497474167490214,12.706813185707356,0.6061460816795874,445.3892792276312,62354.49909186837,0.0540816326530612,36.62467851156544,4,0.0589308690521821,1,1.1428571428571428,2,5.108869831771612,9.617903965004013,12,0.8333333333333334,,,230.0
C_r101100_tau6,C,200002,980,6.716732843616732,13.72965801368476,24.47999999999999,0.3989795918367347,4.885618083164127,9.79869268479038,17.27534067545679,1.3127605120313464,623.1424870906933,87239.94819269706,0.0765306122448979,71.61762360053399,7,0.1276294942252697,0,2.0,4,6.984132553310485,12.00702942858456,12,0.8571428571428571,,,231.0
C_r101100_tau7,C,200000,980,7.084294958404383,14.067560264526833,28.62019901467008,0.3816326530612245,4.885618083164127,11.43274042711568,21.494190853829416,1.6740173623307857,693.1855222931213,97045.97312103698,0.0959183673469387,66.25275983055326,8,0.1627516880043819,3,1.2857142857142858,3,3.434534253048805,8.964894464939716,12,0.7738095238095238,,,232.0
C_r101100_tau7,C,200001,980,6.478171030003514,13.466470349731404,24.973479852374027,0.4,4.885618083164127,9.79869268479038,16.322323841144943,1.1908228790423223,575.6342060007025,80588.78884009835,0.0724489795918367,40.64261579179583,5,0.1157744465735591,1,1.8571428571428568,4,4.780581040040801,9.66818121102023,12,0.8333333333333334,,,230.0
C_r101100_tau7,C,200002,980,7.5406893443347425,14.553614514402769,31.607019043752857,0.3673469387755102,4.885618083164127,12.428090415820634,23.78092037570352,1.996027623238939,781.6072566220504,109425.01592708704,0.1010204081632653,74.900019213841,7,0.1940582411482301,1,3.142857142857143,6,6.178754500549505,12.129670442657495,12,0.9047619047619048,,,227.0
C_r101100_tau8,C,200000,980,7.11862033690221,14.10188564302466,27.794173521316004,0.3387755102040816,4.885618083164127,11.112942298630454,21.09419126791153,1.478359581599617,691.1591898658677,96762.28658122147,0.0989795918367346,56.45049571927666,6,0.1437294037666294,3,1.0,3,4.111253402612838,9.479158999981465,12,0.8214285714285714,,,224.0
C_r101100_tau8,C,200001,980,7.438235423265829,14.426534742993722,30.56684822769139,0.336734693877551,4.885618083164127,12.455962692809312,23.79972205183414,1.8118128276445515,754.9940234286761,105699.16328001465,0.1,60.502542816138885,7,0.1761484693543313,2,3.4285714285714284,6,4.2323645067168805,10.37563543754484,12,0.8571428571428571,,,225.0
C_r101100_tau8,C,200002,980,9.355019220223337,16.367944390291363,36.77282503398825,0.3061224489795918,5.98142396999972,16.739652278839817,29.78345435767611,3.5191022910060177,1132.2283338405855,158511.96673768197,0.1408163265306122,119.72668123086623,9,0.3421349449589184,3,5.142857142857143,8,9.645177446566665,16.76489685074025,12,0.8571428571428571,,,225.0
C_r101101_tau4,C,200000,980,7.081997368890522,14.06526267501297,28.00214961650022,0.3979591836734694,4.885618083164127,11.43274042711568,20.64950116309268,1.6961928562130049,695.9913105127981,97438.78347179174,0.0989795918367346,72.53855623385607,6,0.1649076387984865,1,1.1428571428571428,2,3.7978282472880656,9.296338820020132,12,0.7857142857142857,,,317.0
C_r101101_tau4,C,200001,980,6.477515845530011,13.4658151652579,25.4470508435184,0.4081632653061224,4.885618083164127,9.79869268479038,17.510425709678874,1.169464257730237,577.112734198638,80795.78278780931,0.0816326530612244,40.64261579179583,5,0.1136979139459952,2,1.5714285714285714,3,4.58881800915282,9.320502438411916,12,0.8095238095238095,,,310.0
C_r101101_tau4,C,200002,980,6.985109294270242,13.99803446433827,25.918713222948785,0.3887755102040816,4.885618083164127,11.43274042711568,17.93390726603901,1.492147896548793,674.7769608948648,94468.77452528109,0.1010204081632653,71.61762360053399,7,0.1450699343866882,2,2.2857142857142856,4,7.267154151942566,12.367052390986087,12,0.8452380952380952,,,310.0
C_r101101_tau5,C,200000,980,7.108166075275788,14.091431381398236,28.125322009177022,0.3948979591836735,4.885618083164127,11.43274042711568,20.70911127643976,1.7087912228301598,700.6128068918921,98085.79296486489,0.1,72.53855623385607,6,0.1661324799973766,1,1.1428571428571428,2,3.871196605661468,9.411498876954012,12,0.7857142857142857,,,317.0
C_r101101_tau5,C,200001,980,6.58537649624827,13.57367581597616,26.07936603169676,0.4040816326530612,4.885618083164127,10.546364026391151,18.95209003537983,1.219068009439033,597.891625780266,83704.82760923725,0.0846938775510204,40.64261579179583,5,0.1185205009176837,2,1.5714285714285714,3,4.546274631271239,9.320502438411916,12,0.8095238095238095,,,310.0
C_r101101_tau5,C,200002,980,7.011800134771674,14.0247253048397,25.918713222948785,0.3857142857142857,4.885618083164127,11.443216282728493,17.93390726603901,1.502794427234759,679.5028840971918,95130.40377360686,0.1020408163265306,71.61762360053399,7,0.1461050137589349,2,2.2857142857142856,4,7.2242309224727554,12.367052390986087,12,0.8452380952380952,,,310.0
C_r101101_tau6,C,200000,980,7.170141537312523,14.153406843434972,29.444572249795154,0.3887755102040816,4.885618083164127,11.43274042711568,22.914717514141017,1.736733221107619,711.7834095033206,99649.6773304649,0.0979591836734693,65.3465202334919,5,0.1688490631632407,1,1.2857142857142858,3,3.490474467876644,9.334786712318616,12,0.7976190476190477,,,314.0
C_r101101_tau6,C,200001,980,6.583452396163408,13.5717517158913,26.07936603169676,0.4040816326530612,4.885618083164127,10.546364026391151,18.95209003537983,1.219068009439033,597.5068057632939,83650.95280686114,0.0846938775510204,40.64261579179583,5,0.1185205009176837,2,1.5714285714285714,3,4.546274631271239,9.320502438411916,12,0.8095238095238095,,,310.0
C_r101101_tau6,C,200002,980,7.048739227075724,14.061664397143751,26.59918801870631,0.3846938775510204,4.885618083164127,11.5374989832438,18.08553718622568,1.5434328447699286,686.6866209253488,96136.12692954885,0.1030612244897959,71.61762360053399,7,0.1500559710192986,2,2.4285714285714284,4,6.998974504331449,12.367052390986087,12,0.8452380952380952,,,311.0
C_r101101_tau7,C,200000,980,6.922248429205018,13.905513735327466,25.76530101443948,0.3704081632653061,4.885618083164127,11.43274042711568,18.08118303738539,1.3675080975556684,658.5313184940649,92194.38458916909,0.0948979591836734,65.3465202334919,5,0.1329521761512455,1,0.7142857142857143,2,3.474943938066115,8.747308478878297,12,0.7738095238095238,,,315.0
C_r101101_tau7,C,200001,980,6.851121650063909,13.8394209697918,27.909438218670093,0.3785714285714285,4.885618083164127,11.43274042711568,20.238318456600847,1.4177338902814474,645.5544089112241,90377.61724757135,0.1020408163265306,55.04486519089551,5,0.1378352393329185,3,2.2857142857142856,4,5.813299240829339,10.877332210235398,12,0.8214285714285714,,,310.0
C_r101101_tau7,C,200002,980,7.055824878549898,14.068750048617924,25.929640948151004,0.3683673469387755,4.885618083164127,11.44146853168877,18.36467293526453,1.4623382189799468,684.8384450977345,95877.38231368284,0.1030612244897959,55.36576440609497,7,0.142171771289717,2,2.4285714285714284,4,6.439585475780085,12.164679702980722,12,0.8690476190476191,,,310.0
C_r101101_tau8,C,200000,980,9.211431857589186,16.194697163711634,39.5797791205411,0.310204081632653,5.98142396999972,21.493404538016563,31.13478751706896,3.2349852625722075,1104.3271878443677,154605.80629821148,0.1642857142857142,81.79999545411556,6,0.314512456083409,4,2.2857142857142856,4,4.373216902980403,11.649545922467532,12,0.8333333333333334,,,307.0
C_r101101_tau8,C,200001,980,11.16803195062396,18.15633127035185,51.301620605206665,0.3020408163265306,5.98142396999972,25.181297887469967,45.04684004195339,5.289850856843281,1493.8609060770464,209140.5268507865,0.1785714285714285,123.15520136298436,10,0.5142910555264302,5,6.428571428571429,10,3.2646746007897,13.20410272058412,12,0.8452380952380952,,,308.0
C_r101101_tau8,C,200002,980,11.402855217543117,18.415780387611143,52.90540774981977,0.2969387755102041,6.771236166328253,24.6404066581286,47.11431374219258,5.455100413542377,1539.9587986106635,215594.2318054929,0.1857142857142857,119.72668123086623,10,0.5303569846499534,3,5.142857142857143,8,10.17199699664989,18.57397659332361,12,0.8571428571428571,,,309.0
C_r110000_tau4,C,200000,980,7.005243523577117,13.988508829699564,26.77520479976733,0.4051020408163265,4.885618083164127,10.774602526460402,19.226985203807654,1.7389687009225316,681.9082245613341,95467.15143858678,0.0826530612244898,72.53855623385607,8,0.1690664014785795,6,2.0,6,3.7535951153571063,9.23787736699252,12,0.8452380952380952,,,141.0
C_r110000_tau4,C,200001,980,7.4309471060187535,14.419246425746644,29.14578372303439,0.3908163265306122,4.885618083164127,10.775591547362538,20.65435461096881,2.0792108807964853,764.3096496887204,107003.35095642084,0.0816326530612244,88.10490830730123,8,0.2021455022996583,4,4.285714285714286,8,4.144400942344454,9.67951092454548,12,0.8571428571428571,,,140.0
C_r110000_tau4,C,200002,980,8.095072342287729,15.107997512355755,29.962505438629943,0.3897959183673469,4.885618083164127,12.428368980827925,22.25509168170734,2.6594206972354093,896.9467483372998,125572.54476722196,0.1071428571428571,119.72668123086623,9,0.2585547900089981,1,4.142857142857143,8,11.271449385403296,16.60217300832239,12,0.8809523809523809,,,144.0
C_r110000_tau5,C,200000,980,7.114427930764346,14.097693236886792,28.243003138694725,0.4020408163265306,4.885618083164127,11.011035004039766,19.86635918066718,1.8426283529237597,703.1328611008207,98438.6005541149,0.0877551020408163,72.53855623385607,8,0.179144423200921,6,2.142857142857143,6,4.269790092061885,9.7540723436973,12,0.8452380952380952,,,141.0
C_r110000_tau5,C,200001,980,7.401386501513068,14.389685821240958,28.98286902173503,0.3908163265306122,4.885618083164127,11.43274042711568,20.85799529911484,2.0094847821029758,758.3975287875833,106175.65403026166,0.0836734693877551,82.19865995605505,8,0.1953665760377892,2,4.0,8,4.130324652070948,9.7106178449171,12,0.8571428571428571,,,142.0
C_r110000_tau5,C,200002,980,8.100682009805576,15.113607179873602,29.962505438629943,0.3887755102040816,4.885618083164127,12.428368980827925,22.25509168170734,2.6594206972354093,897.8646002082161,125701.04402915026,0.1071428571428571,119.72668123086623,9,0.2585547900089981,1,4.142857142857143,8,11.271449385403296,16.60217300832239,12,0.8809523809523809,,,143.0
C_r110000_tau6,C,200000,980,7.114427930764346,14.097693236886792,28.243003138694725,0.4020408163265306,4.885618083164127,11.011035004039766,19.86635918066718,1.8426283529237597,703.1328611008207,98438.6005541149,0.0877551020408163,72.53855623385607,8,0.179144423200921,6,2.142857142857143,6,4.269790092061885,9.7540723436973,12,0.8452380952380952,,,141.0
C_r110000_tau6,C,200001,980,7.392612545997401,14.380911865725292,28.98286902173503,0.3908163265306122,4.885618083164127,11.43274042711568,20.57412269135063,1.987552920658776,756.64273768445,105929.983275823,0.0826530612244898,82.19865995605505,8,0.1932343117307143,2,4.0,8,4.130324652070948,9.7106178449171,12,0.8571428571428571,,,142.0
C_r110000_tau6,C,200002,980,8.119151737825906,15.132076907893934,29.962505438629943,0.3857142857142857,4.885618083164127,12.428368980827925,22.25509168170734,2.6594206972354093,900.9463009143232,126132.48212800524,0.1071428571428571,119.72668123086623,9,0.2585547900089981,1,4.142857142857143,8,11.271449385403296,16.60217300832239,12,0.8809523809523809,,,144.0
C_r110000_tau7,C,200000,980,7.266439430219761,14.24970473634221,28.243003138694725,0.4,4.885618083164127,11.011035004039766,19.86635918066718,1.9724775663942529,733.1269977265978,102637.77968172368,0.0877551020408163,72.53855623385607,9,0.1917686522883301,7,2.2857142857142856,7,4.018232414395531,9.7540723436973,12,0.8333333333333334,,,140.0
C_r110000_tau7,C,200001,980,7.407356153399621,14.395655473127512,28.98286902173503,0.3897959183673469,4.885618083164127,11.43274042711568,20.57412269135063,1.987552920658776,759.3873775322411,106314.23285451376,0.0826530612244898,82.19865995605505,8,0.1932343117307143,2,4.0,8,4.124217816080934,9.7106178449171,12,0.8690476190476191,,,141.0
C_r110000_tau7,C,200002,980,8.50026858520262,15.513193755270647,33.26033149819438,0.3806122448979592,4.885618083164127,13.93873106055947,24.7179146189499,3.005744991781073,976.149262226401,136660.89671169614,0.1193877551020408,119.72668123086623,9,0.292225207534271,3,5.142857142857143,8,10.954340227822982,16.96688739300163,12,0.8809523809523809,,,143.0
C_r110000_tau8,C,200000,980,13.027607531761236,20.01087283788368,71.30768748578399,0.3295918367346939,4.885618083164127,34.91766999135669,64.3993190542598,7.283747708422855,1871.2789853818315,261979.0579534564,0.1653061224489796,123.19105642758224,13,0.7061951873639222,12,7.0,12,7.219013608615738,17.134923185120837,12,0.8452380952380952,,,137.0
C_r110000_tau8,C,200001,980,13.5054433234322,20.49374264316009,71.77416848382632,0.3204081632653061,4.885618083164127,34.532744302245824,63.98449044038234,7.80437091135615,1965.1272605183483,275117.8164725687,0.1775510204081632,148.03452309146087,12,0.7587582830485146,6,8.857142857142858,12,4.820337802782019,16.92424069508137,12,0.8809523809523809,,,141.0
C_r110000_tau8,C,200002,980,14.52501597445095,21.537941144518975,83.60463613715329,0.323469387755102,4.885618083164127,32.675889543320345,76.3484429019657,8.80972056927186,2169.697072441211,303757.5901417695,0.1897959183673469,173.40246603562264,14,0.8565006109014308,5,9.285714285714286,13,14.78883062839581,24.04639156192999,12,0.8928571428571429,,,141.0
C_r110001_tau4,C,200000,980,9.991924983983958,16.975190290106408,53.67656699295469,0.3806122448979592,4.885618083164127,24.62061154212222,46.387501791660895,4.530161643351134,1274.5074457763833,178431.04240869364,0.1428571428571428,104.78081046173612,9,0.4404323819924713,7,3.142857142857143,7,4.157523515297255,12.429403702267198,12,0.8214285714285714,,,221.0
C_r110001_tau4,C,200001,980,10.61636372478088,17.60466304450877,53.71290297839462,0.3704081632653061,4.885618083164127,28.42464178474245,47.54214586773859,5.215541078978759,1397.2882528194957,195620.35539472935,0.1530612244897959,121.06859304398677,10,0.5070664937896016,3,6.0,10,4.284376534123144,12.984448648764896,12,0.8571428571428571,,,225.0
C_r110001_tau4,C,200002,980,10.734504150817251,17.747429320885278,51.63189608635467,0.3714285714285714,4.885618083164127,25.98071436213752,45.55524286371177,5.246356622491094,1421.1596406554493,198962.34969176288,0.1612244897959183,125.73675016369816,10,0.5100624494088563,4,5.571428571428571,9,11.544341018036096,19.06816739804697,12,0.8333333333333334,,,224.0
C_r110001_tau5,C,200000,980,10.35726671394008,17.340532020062525,55.18512531969404,0.3775510204081632,4.885618083164127,27.826509626529063,47.68919672037309,4.848224076323095,1346.963546869648,188574.89656175076,0.1448979591836734,108.2919584476258,10,0.471355118531412,7,3.571428571428572,7,3.7068069159437,12.523429569492734,12,0.8095238095238095,,,222.0
C_r110001_tau5,C,200001,980,10.90715248976913,17.89545180949702,54.44180465657323,0.3642857142857142,4.885618083164127,29.73400345969362,47.54214586773859,5.425061262944016,1454.244603989816,203594.24455857425,0.1571428571428571,123.15520136298436,11,0.5274365116751127,3,6.285714285714286,11,4.216272047443514,13.30769874937295,12,0.8571428571428571,,,225.0
C_r110001_tau5,C,200002,980,10.734504150817251,17.747429320885278,51.63189608635467,0.3714285714285714,4.885618083164127,25.98071436213752,45.55524286371177,5.246356622491094,1421.1596406554493,198962.34969176288,0.1612244897959183,125.73675016369816,10,0.5100624494088563,4,5.571428571428571,9,11.544341018036096,19.06816739804697,12,0.8333333333333334,,,224.0
C_r110001_tau6,C,200000,980,10.431684604196288,17.414949910318736,55.18512531969404,0.3755102040816326,4.885618083164127,28.10264207314784,47.68919672037309,4.879015564004071,1361.438961655584,190601.45463178173,0.1469387755102041,108.2919584476258,10,0.4743487353892847,7,3.571428571428572,7,3.6881476946408505,12.53267630843095,12,0.8095238095238095,,,222.0
C_r110001_tau6,C,200001,980,10.88955002644188,17.877849346169768,54.50369053635559,0.3642857142857142,4.885618083164127,28.568895519153685,47.64498891797031,5.420784807245114,1450.724111324366,203101.37558541124,0.1561224489795918,123.15520136298436,11,0.5270207451488306,3,6.285714285714286,11,4.216272047443514,13.30769874937295,12,0.8571428571428571,,,225.0
C_r110001_tau6,C,200002,980,10.855847203970749,17.868772374038773,53.55030959888028,0.3714285714285714,4.885618083164127,26.003308119425547,45.55524286371177,5.383370181245177,1445.4282512861485,202359.9551800608,0.1622448979591836,125.73675016369816,10,0.5233832120655034,4,6.0,9,11.515248964584051,19.06816739804697,12,0.8333333333333334,,,225.0
C_r110001_tau7,C,200000,980,11.15945485049096,18.14272015661341,59.4609911447874,0.3622448979591837,4.885618083164127,31.85113985142681,52.73381260137533,5.61225447190051,1504.3399496900288,210607.59295660403,0.1612244897959183,108.2919584476258,9,0.5456358514347718,6,3.857142857142857,6,4.620472401283639,13.94839199290013,12,0.8214285714285714,,,223.0
C_r110001_tau7,C,200001,980,11.523512593288322,18.511811913016214,58.00942986546019,0.3520408163265306,4.885618083164127,31.568244165068773,49.43983931646726,5.938284794902686,1575.0676451018178,220509.4703142545,0.1744897959183673,123.15520136298436,11,0.5773332439488722,3,6.428571428571429,11,3.556879724788102,13.359342838548008,12,0.8809523809523809,,,228.0
C_r110001_tau7,C,200002,980,11.808879722314131,18.82180489238216,60.43294423807597,0.3510204081632653,4.885618083164127,29.919671537594624,52.20587474728363,6.209420645890209,1631.9800260954798,228477.2036533672,0.1755102040816326,155.74641751252057,10,0.6036936739059925,4,6.428571428571429,9,11.197498030753827,19.85561918248879,12,0.8571428571428571,,,225.0
C_r110001_tau8,C,200000,980,15.919947495192329,22.903212801314776,91.6569100539301,0.3153061224489796,4.885618083164127,56.71974493294588,83.6255356438512,10.009692365210874,2446.908427480668,342567.1798472934,0.2030612244897959,134.96880401777162,11,0.9731645355066127,7,6.714285714285714,8,6.29448986499713,19.590570649333472,12,0.8571428571428571,,,223.0
C_r110001_tau8,C,200001,980,20.12254224358948,27.110841563317376,103.70610076296592,0.2857142857142857,5.98142396999972,64.22872860219574,96.18063053088136,14.09514390731983,3281.6513058607543,459431.1828205056,0.2530612244897959,191.6756877447624,14,1.3703612132116505,6,9.857142857142858,14,7.712791348174303,24.75702076125567,12,0.8809523809523809,,,226.0
C_r110001_tau8,C,200002,980,16.093572935540944,23.10649810560897,85.47085820804138,0.310204081632653,5.98142396999972,44.43826894345069,80.31118206430493,10.20957122731713,2480.7414280050075,347303.799920701,0.2265306122448979,173.40246603562264,15,0.9925972026558324,6,8.142857142857142,13,13.764962416368247,24.8557475545292,12,0.8452380952380952,,,222.0
C_r110100_tau4,C,200000,980,7.803267358229567,14.786532664352016,36.86932881235664,0.3918367346938775,4.885618083164127,14.540285635887273,28.99271733196311,2.387219635541832,839.020818584689,117462.91460185646,0.1122448979591836,66.25275983055326,8,0.2320907978999002,6,2.0,6,3.540053703257046,9.721317050276204,12,0.8333333333333334,,,224.0
C_r110100_tau4,C,200001,980,7.309925289170163,14.298224608898057,30.459290769895997,0.396938775510204,4.885618083164127,11.5374989832438,25.09547340513468,1.9974628719339345,741.3297761149208,103786.1686560889,0.0928571428571428,66.87214557504194,7,0.1941977792157991,3,3.571428571428572,6,3.85940609418248,9.79472627849331,12,0.8452380952380952,,,223.0
C_r110100_tau4,C,200002,980,8.097179827512058,15.110104997580084,31.26305818417354,0.3887755102040816,4.885618083164127,13.666666666666666,23.988227890158665,2.658603832236956,897.1910675432276,125606.74945605188,0.1122448979591836,105.01348225719994,8,0.258475372578593,1,3.571428571428572,6,10.924566002229882,16.75530691626152,12,0.8571428571428571,,,228.0
C_r110100_tau5,C,200000,980,7.858450183295167,14.841715489417616,37.693290381386696,0.3908163265306122,4.885618083164127,15.144603160086916,29.38994177542856,2.4348718740918915,849.8533019651559,118979.46227512184,0.1132653061224489,66.25275983055326,8,0.2367236544256006,6,2.0,6,3.3632851357183897,9.721317050276204,12,0.8214285714285714,,,224.0
C_r110100_tau5,C,200001,980,7.461879957261462,14.450179276989353,32.29562151007602,0.3918367346938775,4.885618083164127,11.94427190999916,25.201140276938983,2.151365449853805,770.700301569915,107898.0422197881,0.0959183673469387,80.0860407863147,7,0.2091605298468977,2,3.857142857142857,7,3.611982732942496,9.58977997181753,12,0.8333333333333334,,,224.0
C_r110100_tau5,C,200002,980,8.103238433221623,15.11616360328965,31.26305818417354,0.3877551020408163,4.885618083164127,13.666666666666666,23.988227890158665,2.6542970664328505,898.1987070524877,125747.81898734828,0.110204081632653,105.01348225719994,8,0.2580566592365271,1,3.571428571428572,6,10.924566002229882,16.75530691626152,12,0.8571428571428571,,,227.0
C_r110100_tau6,C,200000,980,7.729747867353284,14.713013173475732,36.009293245324656,0.3897959183673469,4.885618083164127,14.15001170227649,28.971378842407336,2.3233321773887483,823.9087571441263,115347.22600017767,0.1091836734693877,66.25275983055326,8,0.2258795172461283,6,2.0,6,3.230669356170844,9.323734929710133,12,0.8095238095238095,,,223.0
C_r110100_tau6,C,200001,980,7.428131746385935,14.416431066113825,32.29562151007602,0.3918367346938775,4.885618083164127,11.94427190999916,25.201140276938983,2.116430735456238,763.9506593948096,106953.09231527334,0.0938775510204081,80.0860407863147,7,0.2057640992804675,2,3.7142857142857135,7,3.611982732942496,9.58977997181753,12,0.8214285714285714,,,224.0
C_r110100_tau6,C,200002,980,8.738376624209925,15.751301794277952,35.05177401073668,0.3785714285714285,4.885618083164127,14.92569587999888,27.69666113461644,3.250588472779768,1023.3896105562708,143274.5454778779,0.1204081632653061,106.3758333389269,9,0.3160294348535885,1,4.142857142857143,7,10.831773821305257,17.112860698803164,12,0.8571428571428571,,,228.0
C_r110100_tau7,C,200000,980,8.340597998631367,15.323863304753814,40.5099783993929,0.3653061224489796,4.885618083164127,16.74982037855876,35.03621061215695,2.786486027706246,941.1808242160693,131765.31539024969,0.123469387755102,66.25275983055326,9,0.2709083638047739,7,2.2857142857142856,7,2.936642438489125,9.938447858470584,12,0.7976190476190477,,,223.0
C_r110100_tau7,C,200001,980,7.970075096340412,14.958374416068304,37.58463598964333,0.3755102040816326,4.885618083164127,13.413666234542204,31.23711782702213,2.5127838863818286,869.074023263256,121670.36325685584,0.1153061224489795,77.66795588169771,7,0.2442984333982333,2,3.7142857142857135,7,3.0561068000227083,9.561007471148589,12,0.8214285714285714,,,224.0
C_r110100_tau7,C,200002,980,9.884810905414966,16.897736075482992,46.42266478289008,0.3479591836734694,4.885618083164127,21.056072308598967,40.48679315644561,4.283027824872439,1246.5540178176866,174517.56249447612,0.15,110.70296270905963,9,0.4164054829737093,2,4.714285714285714,7,11.562726654315922,18.61942671822882,12,0.8571428571428571,,,227.0
C_r110100_tau8,C,200000,980,10.059856506223229,17.043121812345674,49.6844180594844,0.3244897959183673,4.885618083164127,25.09490622834992,41.54761936209044,4.241631513009685,1276.8692604283187,178761.69645996462,0.1551020408163265,92.44844924856444,9,0.4123808415426083,6,2.571428571428572,6,3.23706256360105,11.713482007099664,12,0.8095238095238095,,,221.0
C_r110100_tau8,C,200001,980,11.46770592794959,18.45600524767748,54.05507590859119,0.3122448979591837,5.494229093612375,28.033222503243696,47.2550759085912,5.5966365010422665,1555.990165181755,217838.6231254457,0.1683673469387755,121.06859304398677,9,0.5441174376013315,5,6.285714285714286,9,4.601440664237604,14.61290157630875,12,0.8214285714285714,,,222.0
C_r110100_tau8,C,200002,980,14.494579130121885,21.507504300189908,81.68127700771603,0.3071428571428571,5.98142396999972,36.71607460684709,73.78511049651998,8.685229096336027,2160.330422023235,302446.25908325287,0.196938775510204,173.40246603562264,14,0.8443972732548914,4,7.714285714285714,13,13.346061508263352,22.95961067384348,12,0.8571428571428571,,,223.0
C_r110101_tau4,C,200000,980,7.6655043847135875,14.648769690836035,32.28904710212837,0.386734693877551,4.885618083164127,15.000706059218803,26.21804412628309,2.2498153600506843,810.4478157182276,113462.69420055186,0.1204081632653061,72.53855623385607,7,0.2187320488938165,3,1.4285714285714286,3,3.428668594035827,9.61472589232569,12,0.8214285714285714,,,310.0
C_r110101_tau4,C,200001,980,8.452942584685989,15.44124190441388,40.76620413072209,0.3795918367346939,4.885618083164127,15.46958976944933,34.478654881039915,3.043714799358706,966.506884284136,135310.96379977904,0.1346938775510204,77.66795588169771,7,0.2959167166043186,2,3.857142857142857,7,4.680860149448343,11.278273696084298,12,0.8214285714285714,,,309.0
C_r110101_tau4,C,200002,980,8.846103375858748,15.859028545926773,38.81420300099323,0.376530612244898,4.885618083164127,17.571551728715097,31.713682256387838,3.360477039670328,1044.512822191016,146231.79510674224,0.1469387755102041,93.07760767623404,9,0.3267130455235041,2,3.4285714285714284,7,9.203194012756978,15.381609666736557,12,0.8690476190476191,,,309.0
C_r110101_tau5,C,200000,980,7.716240585743537,14.699505891865986,32.313830779613845,0.3857142857142857,4.885618083164127,15.154555477822546,26.21804412628309,2.291416650489681,820.3909742915644,114854.73640081902,0.1224489795918367,72.53855623385607,7,0.2227766187976078,3,1.4285714285714286,3,3.348509755591324,9.61472589232569,12,0.8214285714285714,,,310.0
C_r110101_tau5,C,200001,980,8.381353474336535,15.369652794064423,40.76620413072209,0.3806122448979592,4.885618083164127,15.46958976944933,34.478654881039915,2.945486508011029,952.3931438468984,133335.04013856576,0.1316326530612244,77.66795588169771,7,0.2863667438344056,2,3.7142857142857135,7,4.7929077776564935,11.278273696084298,12,0.8214285714285714,,,309.0
C_r110101_tau5,C,200002,980,8.851713043376595,15.86463821344462,38.81420300099323,0.3755102040816326,4.885618083164127,17.571551728715097,31.713682256387838,3.360477039670328,1045.4306740619322,146360.29436867053,0.1469387755102041,93.07760767623404,9,0.3267130455235041,2,3.4285714285714284,7,9.203194012756978,15.381609666736557,12,0.8809523809523809,,,309.0
C_r110101_tau6,C,200000,980,7.492559358805982,14.47582466492843,31.22252641364604,0.3887755102040816,4.885618083164127,14.056738479103627,24.65209019892272,2.076569995145644,776.2669738020128,108677.37633228178,0.1173469387755102,65.3465202334919,7,0.2018887495280487,3,1.2857142857142858,3,3.3501424544658978,9.41049751201355,12,0.8333333333333334,,,308.0
C_r110101_tau6,C,200001,980,8.429907893775496,15.418207213503386,40.95426955314235,0.3744897959183673,4.885618083164127,18.057974112242725,35.26498871751544,2.947203695317638,960.8795379387724,134523.13531142814,0.1326530612244898,77.66795588169771,7,0.2865336926003259,2,3.7142857142857135,7,4.5859726905138105,11.278273696084298,12,0.8214285714285714,,,309.0
C_r110101_tau6,C,200002,980,9.005565530135534,16.01849070020356,39.67337857802041,0.3744897959183673,4.885618083164127,18.301198555058683,32.9046524674286,3.505555969485067,1075.997089781067,150639.59256934936,0.1520408163265306,93.07760767623404,9,0.3408179414777149,2,3.571428571428572,7,9.262496694679417,15.653523557364212,12,0.8690476190476191,,,310.0
C_r110101_tau7,C,200000,980,7.874989143466608,14.85825444958906,33.5377333575161,0.363265306122449,4.885618083164127,15.322903102775465,25.507055623853493,2.287181379978604,847.6508899178114,118671.1245884936,0.1295918367346938,65.3465202334919,6,0.2223648563868087,3,1.0,3,3.691942910424912,9.659275863770953,12,0.8095238095238095,,,307.0
C_r110101_tau7,C,200001,980,8.078902130872049,15.06720145059994,37.92483763379543,0.363265306122449,4.885618083164127,15.0142137377146,31.640523259296398,2.5409271282288,888.2457409882679,124354.4037383575,0.1326530612244898,55.51846172567457,6,0.2470345819111333,3,3.0,5,4.690193446010655,11.512957252532082,12,0.8214285714285714,,,307.0
C_r110101_tau7,C,200002,980,8.349163172826211,15.36208834289424,34.08667826134487,0.3540816326530612,4.885618083164127,16.521839101648265,26.78336880730981,2.6840052910852936,940.6489610958544,131690.85455341963,0.1479591836734693,77.80419701810752,8,0.2609449588555146,2,2.857142857142857,5,7.923491877441419,13.952547088366217,12,0.8333333333333334,,,309.0
C_r110101_tau8,C,200000,980,9.48882455445904,16.472089860581487,44.30943389036751,0.3244897959183673,4.885618083164127,23.52347321198668,38.01781976746838,3.610908120949074,1162.6628700754818,162772.80181056747,0.1612244897959183,77.04515715067828,7,0.3510605117589377,4,1.4285714285714286,4,4.212268242060227,11.48898581913168,12,0.8095238095238095,,,305.0
C_r110101_tau8,C,200001,980,11.276053649779495,18.264352969507385,51.29280303558998,0.2989795918367346,5.98142396999972,31.383280484304827,44.43727370845404,5.27040507865823,1515.006648323246,212100.93076525445,0.2030612244897959,98.30440788250417,9,0.5124004937584391,3,4.285714285714286,7,6.5575999859476415,16.11427147393043,12,0.8333333333333334,,,307.0
C_r110101_tau8,C,200002,980,12.330525917843635,19.343451087911664,52.74507393870004,0.2979591836734694,6.771236166328253,31.01122762404193,45.385355191708136,6.281940174692069,1725.6830448737078,241595.6262823191,0.2163265306122449,124.02422613251838,12,0.6107441836506178,2,4.571428571428571,8,13.694801989616018,22.87215950729341,12,0.8571428571428571,,,309.0
C_r111000_tau4,C,200000,980,6.720011361404741,13.70327666752719,24.97606605612092,0.410204081632653,4.885618083164127,9.79869268479038,18.07830902275903,1.4384575476301822,626.0430886074789,87646.03240504705,0.0775510204081632,72.53855623385607,7,0.1398500393529343,5,1.4285714285714286,5,4.1641215058000425,9.22447355470681,12,0.8214285714285714,,,226.0
C_r111000_tau4,C,200001,980,6.662995412066387,13.651294731794277,24.58864415410083,0.4,4.885618083164127,9.79869268479038,15.01119594710414,1.3474579095383703,612.411336002646,85737.58704037043,0.0693877551020408,77.66795588169771,7,0.1310028523162304,1,3.0,7,4.387379242631111,9.368787080188602,12,0.8928571428571429,,,226.0
C_r111000_tau4,C,200002,980,7.9704327341797265,14.983357904247754,30.027527641225788,0.3908163265306122,4.885618083164127,11.43274042711568,22.97404231495577,2.5492689452470176,872.2229083483525,122111.20716876934,0.096938775510204,119.72668123086623,9,0.2478455918990156,0,3.857142857142857,8,11.374919447750573,16.60217300832239,12,0.8690476190476191,,,229.0
C_r111000_tau5,C,200000,980,6.953953828188019,13.937219134310467,27.52752257340457,0.4040816326530612,4.885618083164127,10.87172627433364,19.7967214750668,1.6449569433743707,671.6070921682159,94024.99290355024,0.0877551020408163,72.53855623385607,7,0.1599263694947305,5,1.8571428571428568,5,3.819572810515077,9.379839345348834,12,0.8214285714285714,,,225.0
C_r111000_tau5,C,200001,980,6.956740357703457,13.945039677431348,26.118310537660584,0.3938775510204081,4.885618083164127,11.005221170926305,17.788217774560316,1.5831379732183355,669.9358353341416,93791.01694677984,0.0755102040816326,77.66795588169771,7,0.1539161918406715,1,3.142857142857143,7,3.863885186511486,9.368787080188602,12,0.8809523809523809,,,226.0
C_r111000_tau5,C,200002,980,7.976042401697573,14.9889675717656,30.027527641225788,0.3897959183673469,4.885618083164127,11.43274042711568,22.97404231495577,2.5492689452470176,873.1407602192688,122239.70643069762,0.096938775510204,119.72668123086623,9,0.2478455918990156,0,3.857142857142857,8,11.374919447750573,16.60217300832239,12,0.8690476190476191,,,229.0
C_r111000_tau6,C,200000,980,7.070979138357094,14.054244444479544,29.53258590214453,0.4010204081632653,4.885618083164127,11.142589079069438,20.611594465109462,1.7469534928377433,694.3999093040719,97215.98730257008,0.0938775510204081,72.53855623385607,7,0.1698427006925583,5,2.0,5,3.5524159021354462,9.263884358871117,12,0.8333333333333334,,,224.0
C_r111000_tau6,C,200001,980,6.895409578053316,13.883708897781208,25.880130668961577,0.3948979591836735,4.885618083164127,10.774602526460402,17.788217774560316,1.5519890330640695,657.8737610367664,92102.3265451473,0.0765306122448979,77.66795588169771,7,0.1508878226590067,1,3.0,7,3.878692771711449,9.368787080188602,12,0.8809523809523809,,,226.0
C_r111000_tau6,C,200002,980,7.991585435997464,15.004510606065493,30.027527641225788,0.386734693877551,4.885618083164127,11.43274042711568,22.97404231495577,2.5492689452470176,875.6371221812877,122589.19710538028,0.096938775510204,119.72668123086623,9,0.2478455918990156,0,3.857142857142857,8,11.252221781788416,16.47947534236023,12,0.8809523809523809,,,229.0
C_r111000_tau7,C,200000,980,7.061367646321768,14.044632952444218,29.53258590214453,0.4020408163265306,4.885618083164127,11.43274042711568,20.611594465109462,1.7469534928377433,692.5208042123053,96952.91258972276,0.0938775510204081,72.53855623385607,7,0.1698427006925583,5,2.0,5,3.5524159021354462,9.263884358871117,12,0.8333333333333334,,,224.0
C_r111000_tau7,C,200001,980,6.961888267446365,13.950187587174256,25.880130668961577,0.3928571428571428,4.885618083164127,10.774602526460402,17.788217774560316,1.609512782466281,670.76133565007,93906.5869910098,0.0765306122448979,77.66795588169771,7,0.1564804094064439,1,3.2857142857142856,7,3.8549149266411975,9.368787080188602,12,0.8690476190476191,,,226.0
C_r111000_tau7,C,200002,980,8.012136581914083,15.02506175198211,30.027527641225788,0.3846938775510204,4.885618083164127,11.443216282728493,23.17565238833771,2.5658906359733566,879.3391880993053,123107.48633390274,0.0989795918367346,119.72668123086623,9,0.2494615896085207,0,3.857142857142857,8,11.17313796809556,16.47947534236023,12,0.8928571428571429,,,229.0
C_r111000_tau8,C,200000,980,9.785293330597876,16.768558636720325,44.57390366746789,0.3265306122448979,4.885618083164127,24.128228366326884,38.05409896829647,4.031367998358036,1222.205697330519,171108.79762627263,0.1571428571428571,77.04515715067828,7,0.3919385553959201,6,3.4285714285714284,6,4.972754089507636,12.802675990527382,12,0.8452380952380952,,,222.0
C_r111000_tau8,C,200001,980,11.293589887013772,18.281889206741663,52.95895136679692,0.3142857142857143,4.885618083164127,25.25928714303363,46.36900638010491,5.555521269111378,1521.0843836754632,212951.81371456484,0.1642857142857142,127.00999687504373,9,0.5401201233858285,4,6.428571428571429,9,4.683134394830471,14.40041100679314,12,0.8809523809523809,,,225.0
C_r111000_tau8,C,200002,980,12.63519166481548,19.64811683488351,64.01564077961508,0.3010204081632653,5.98142396999972,26.824373078586977,58.12493999311935,6.824562814706253,1787.242414595749,250213.9380434049,0.1846938775510204,155.74641751252057,12,0.6634991625408857,3,7.0,11,10.954019390598578,20.09729735700248,12,0.8452380952380952,,,226.0
C_r111001_tau4,C,200000,980,9.27169640780044,16.25496171392289,49.68990675146963,0.3816326530612245,4.885618083164127,22.76379735251901,41.80470467424234,3.816820409593589,1130.6658121723333,158293.21370412665,0.1448979591836734,73.08884756511543,8,0.3710797620438211,6,2.7142857142857144,6,4.622347622824755,12.146059273947444,12,0.8333333333333334,,,307.0
C_r111001_tau4,C,200001,980,9.687545617814513,16.675844937542404,48.070000046455846,0.3704081632653061,4.885618083164127,20.030517955411216,41.93780071668708,4.170944733610942,1211.4030098053322,169596.42137274652,0.1387755102040816,104.8788500907176,9,0.4055085157677305,2,5.285714285714286,9,3.997441449175028,11.854846689635115,12,0.8571428571428571,,,310.0
C_r111001_tau4,C,200002,980,9.85228905321474,16.865214223282763,44.23113790118773,0.3704081632653061,4.885618083164127,18.931277822417336,37.576635955413,4.332891462435547,1244.5125395022935,174231.7555303211,0.1448979591836734,125.73675016369816,10,0.4212533366256781,3,5.142857142857143,9,12.340295199400014,19.528295102772216,12,0.8452380952380952,,,307.0
C_r111001_tau5,C,200000,980,9.422734998681454,16.4060003048039,50.45981655127108,0.3806122448979592,4.885618083164127,23.128187463245425,42.87786378977801,3.994355291283159,1160.6694487158825,162493.72282022354,0.1469387755102041,79.30450167853996,8,0.3883400977636404,6,2.7142857142857144,6,4.486347368252222,12.146059273947444,12,0.8333333333333334,,,307.0
C_r111001_tau5,C,200001,980,9.9232347090593,16.91153402878719,48.51559442092231,0.3693877551020408,4.885618083164127,22.16479578742083,43.05529910756573,4.40048658534936,1258.336746421637,176167.14449902918,0.1418367346938775,104.8788500907176,10,0.4278250846867433,2,5.285714285714286,9,3.9571011327371153,11.809490945358649,12,0.8571428571428571,,,310.0
C_r111001_tau5,C,200002,980,9.85228905321474,16.865214223282763,44.23113790118773,0.3704081632653061,4.885618083164127,18.931277822417336,37.576635955413,4.332891462435547,1244.5125395022935,174231.7555303211,0.1448979591836734,125.73675016369816,10,0.4212533366256781,3,5.142857142857143,9,12.340295199400014,19.528295102772216,12,0.8452380952380952,,,307.0
C_r111001_tau6,C,200000,980,9.604159759830392,16.587425065952843,50.63533871942279,0.376530612244898,4.885618083164127,24.778758932889644,42.8867987809402,4.129759237485142,1196.138074415058,167459.3304181081,0.1520408163265306,79.30450167853996,8,0.4015043703110555,6,2.857142857142857,6,4.56574543976298,12.255528594818452,12,0.8333333333333334,,,307.0
C_r111001_tau6,C,200001,980,10.125987072379749,17.114286392107637,50.72060921040702,0.3673469387755102,4.885618083164127,22.432389321013694,43.911641648568526,4.621398794238202,1298.3888319045811,181774.43646664132,0.1438775510204081,121.06859304398677,10,0.4493026605509364,3,5.857142857142857,10,4.277200272143144,12.484997035367169,12,0.8571428571428571,,,309.0
C_r111001_tau6,C,200002,980,9.852166322300905,16.86509149236893,44.23113790118773,0.3704081632653061,4.885618083164127,18.931277822417336,37.576635955413,4.336269125604081,1244.4879933195264,174228.31906473372,0.1469387755102041,125.73675016369816,10,0.4215817205448411,3,5.142857142857143,9,12.340295199400014,19.528295102772216,12,0.8571428571428571,,,308.0
C_r111001_tau7,C,200000,980,9.73959319115468,16.72285849727713,50.63533871942279,0.3663265306122449,4.885618083164127,23.8226228489772,42.87786378977801,4.201429671231344,1221.1839443533847,170965.75220947387,0.1612244897959183,79.30450167853996,8,0.4084723291474917,6,2.857142857142857,6,4.847365246829478,12.558697570842275,12,0.8333333333333334,,,307.0
C_r111001_tau7,C,200001,980,11.282827309257794,18.271126628985684,55.744279969989805,0.3530612244897959,4.885618083164127,28.420073773832844,48.40899934049836,5.744816665946631,1526.7460891099963,213744.45247539948,0.1622448979591836,123.15520136298436,11,0.5585238425225891,4,6.714285714285714,11,3.638335388313642,13.62240183963038,12,0.8571428571428571,,,310.0
C_r111001_tau7,C,200002,980,11.134530190108944,18.14745536017697,52.03629634829537,0.3489795918367347,4.885618083164127,23.665265769288787,46.90897474657763,5.524681626064713,1496.701956389136,209538.27389447903,0.1704081632653061,155.74641751252057,11,0.5371218247562916,4,6.0,9,11.88933793982217,19.697434195446377,12,0.8690476190476191,,,308.0
C_r111001_tau8,C,200000,980,11.711538070075184,18.69480337619764,58.753567831410166,0.3020408163265306,5.98142396999972,31.94700608105766,51.01526891245646,5.75224237819154,1602.5566860423066,224357.93604592292,0.1846938775510204,79.96016290457919,7,0.5592457867686219,5,3.2857142857142856,5,5.914606046134223,14.55251427406317,12,0.8214285714285714,,,308.0
C_r111001_tau8,C,200001,980,13.679154725406642,20.66745404513453,70.46545324275708,0.2908163265306122,5.98142396999972,38.34501288776194,62.10906875705014,7.698046960048684,1993.8405630743996,279137.6788304159,0.2163265306122449,127.00999687504373,12,0.7484212322269553,2,5.714285714285714,9,7.123845020600429,17.97400966042446,12,0.8571428571428571,,,310.0
C_r111001_tau8,C,200002,980,13.44461616613781,20.45754133620584,64.37931134937821,0.2897959183673469,6.771236166328253,35.48945077007389,55.80110870575056,7.397047591450936,1946.7284715346395,272541.9860148495,0.2153061224489796,140.18154511853936,13,0.7191574047243966,3,5.0,9,11.160831893718548,21.3211998503699,12,0.8333333333333334,,,308.0
C_r111100_tau4,C,200000,980,7.071349162210865,14.054614468333313,28.82321779134897,0.4,4.885618083164127,11.443216282728493,22.00311905927271,1.7595577653895704,694.269832442173,97197.7765419042,0.1051020408163265,66.25275983055326,8,0.1710681160795416,4,1.1428571428571428,4,3.6463973117658393,9.259273431144353,12,0.8214285714285714,,,309.0
C_r111100_tau4,C,200001,980,7.059891168819906,14.048190488547798,26.78578567691158,0.3908163265306122,4.885618083164127,11.67133508853817,20.034584795119702,1.6967597128023193,689.9537526594722,96593.52537232613,0.0897959183673469,77.66795588169771,7,0.164962749855781,2,3.2857142857142856,7,4.433726325912061,10.139491551887517,12,0.8214285714285714,,,308.0
C_r111100_tau4,C,200002,980,8.14362159666677,15.1565467667348,31.63936295642553,0.3846938775510204,4.885618083164127,12.428368980827925,24.01652741428373,2.668975528016099,905.6630948435582,126792.83327809814,0.0989795918367346,105.01348225719994,9,0.259483731890454,0,3.4285714285714284,7,11.24620545200348,16.746823211375347,12,0.8690476190476191,,,311.0
C_r111100_tau5,C,200000,980,7.177719070629043,14.160984376751491,30.02906108013636,0.3959183673469387,4.885618083164127,11.544217000651376,23.333897632188695,1.844181026461763,714.7274875951962,100061.84826332748,0.1081632653061224,66.25275983055326,8,0.1792953775726714,4,1.1428571428571428,4,3.527890985220088,9.355214451742023,12,0.8095238095238095,,,309.0
C_r111100_tau5,C,200001,980,7.491208743698583,14.479508063426474,30.04883904353511,0.3877551020408163,4.885618083164127,12.290420767328124,24.59182023716104,2.110031239112029,775.605022737248,108584.70318321472,0.0948979591836734,82.19865995605505,8,0.2051419260247806,2,3.7142857142857135,8,4.324109336525122,10.237035984049175,12,0.8333333333333334,,,308.0
C_r111100_tau5,C,200002,980,8.149231264184618,15.162156434252646,31.63936295642553,0.3836734693877551,4.885618083164127,12.428368980827925,24.01652741428373,2.668975528016099,906.5809467144744,126921.33254002644,0.0989795918367346,105.01348225719994,9,0.259483731890454,0,3.4285714285714284,7,11.24620545200348,16.746823211375347,12,0.8809523809523809,,,311.0
C_r111100_tau6,C,200000,980,7.313448227720095,14.296713533842542,30.97447651525561,0.3908163265306122,4.885618083164127,12.706813185707356,23.54163464565728,1.944038515953078,740.8529108501415,103719.4075190198,0.110204081632653,66.25275983055326,8,0.1890037446065492,4,1.4285714285714286,4,3.2680833801523894,9.343539280822124,12,0.8095238095238095,,,310.0
C_r111100_tau6,C,200001,980,7.09908429475602,14.087383614483912,27.89842049861098,0.3908163265306122,4.885618083164127,11.94427190999916,20.91803891105184,1.7258372439787997,697.7923778466949,97690.93289853728,0.0897959183673469,77.66795588169771,7,0.1677897320534944,2,3.142857142857143,7,4.732752344471632,10.139491551887517,12,0.8333333333333334,,,308.0
C_r111100_tau6,C,200002,980,8.322065662609283,15.33499083267731,31.86772183528913,0.373469387755102,4.885618083164127,12.428090415820634,24.009926113377546,2.7968950021964254,939.107010072877,131474.98141020277,0.1030612244897959,119.72668123086623,9,0.2719203474357636,0,3.857142857142857,8,10.99267716649164,16.92094700277883,12,0.8690476190476191,,,311.0
C_r111100_tau7,C,200000,980,7.684413354775526,14.667678660897977,34.97817578180075,0.3714285714285714,4.885618083164127,13.688467255557288,28.989713921938524,2.2093620202143938,811.1683852408196,113563.57393371474,0.1193877551020408,66.25275983055326,8,0.2147990852986216,4,1.5714285714285714,4,3.181295587054924,9.660401626835442,12,0.7857142857142857,,,308.0
C_r111100_tau7,C,200001,980,7.673322211149943,14.661621530877836,34.166241121391394,0.376530612244898,4.885618083164127,12.75156828125182,26.52029572617182,2.241929979141557,809.7828182683369,113369.59455756716,0.1051020408163265,77.66795588169771,7,0.2179654146387624,2,3.857142857142857,7,3.87944749348548,10.139491551887517,12,0.8452380952380952,,,309.0
C_r111100_tau7,C,200002,980,8.751363508027568,15.764288678095596,36.025364703349844,0.3571428571428571,4.885618083164127,14.92569587999888,28.854887387920705,3.170817794703039,1021.7012730340851,143038.17822477192,0.1336734693877551,105.01348225719994,9,0.3082739522627954,2,4.571428571428571,7,11.201527991458793,17.55651432228868,12,0.8809523809523809,,,309.0
C_r111100_tau8,C,200000,980,7.844865305772567,14.828130611895016,30.13426013698596,0.3122448979591837,4.885618083164127,13.666666666666666,23.28665623271077,2.0242184508631684,831.2629495083143,116376.812931164,0.1326530612244898,66.25275983055326,7,0.1967990160561414,3,0.8571428571428571,3,3.335639344742316,9.970809068886789,12,0.7976190476190477,,,306.0
C_r111100_tau8,C,200001,980,9.557393693586285,16.54569301331417,43.79182030923015,0.3214285714285714,4.885618083164127,19.0789918754541,36.98549968335811,3.796270260436232,1175.7644530029706,164607.02342041588,0.1428571428571428,117.32917435203126,9,0.3690818308757448,4,4.571428571428571,8,3.1373103435465364,11.201130889778447,12,0.8095238095238095,,,308.0
C_r111100_tau8,C,200002,980,10.441119821712416,17.454044991780442,46.56830088717064,0.2969387755102041,5.98142396999972,22.97367881950777,40.37418046667522,4.5012814969298285,1347.611719444524,188665.6407222333,0.1724489795918367,108.16388814136737,10,0.4376245899792889,2,4.142857142857143,7,10.601280921180518,18.516496753959764,12,0.8214285714285714,,,309.0
C_r111101_tau4,C,200000,980,7.335735619328312,14.31900092545076,30.517383697331194,0.3989795918367347,4.885618083164127,12.212891602487382,23.09642222783,1.9147807646063983,746.9430422330092,104572.02591262128,0.1142857142857142,72.53855623385607,7,0.1861592410033998,2,1.0,2,3.5969421152934897,9.607208001788416,12,0.8095238095238095,,,395.0
C_r111101_tau4,C,200001,980,7.825141041676893,14.813440361404782,36.23381352220223,0.3836734693877551,4.885618083164127,13.34921745789338,29.280263768372706,2.3648164532619025,841.5751558022979,117820.5218123217,0.1163265306122448,77.66795588169771,7,0.229912710733796,3,3.4285714285714284,7,4.122247934866213,10.437747367524238,12,0.8214285714285714,,,392.0
C_r111101_tau4,C,200002,980,8.24442537787148,15.257350547939506,33.664724229179214,0.3775510204081632,4.885618083164127,13.669301423137826,26.271557144893023,2.69960137463218,924.3209740463428,129404.936366488,0.123469387755102,93.07760767623404,9,0.2624612447559064,1,2.857142857142857,6,9.20617608405203,14.848397583842438,12,0.8571428571428571,,,393.0
C_r111101_tau5,C,200000,980,7.398298659359178,14.381563965481629,31.35899365418725,0.3959183673469387,4.885618083164127,12.212891602487382,24.39150487904428,1.9498535457892936,758.8434053412235,106238.07674777128,0.1142857142857142,72.53855623385607,7,0.1895690947295147,2,1.0,2,3.566854218507852,9.653199505595234,12,0.8095238095238095,,,395.0
C_r111101_tau5,C,200001,980,7.880053673167597,14.86835299289549,36.23381352220223,0.3816326530612245,4.885618083164127,13.413666234542204,29.280263768372706,2.380638111033603,852.1495188351329,119300.9326369186,0.1173469387755102,77.66795588169771,7,0.2314509274616003,3,3.4285714285714284,7,4.122247934866213,10.437747367524238,12,0.8214285714285714,,,392.0
C_r111101_tau5,C,200002,980,8.250035045389327,15.262960215457356,33.664724229179214,0.376530612244898,4.885618083164127,13.669301423137826,26.271557144893023,2.69960137463218,925.2388259172592,129533.43562841628,0.123469387755102,93.07760767623404,9,0.2624612447559064,1,2.857142857142857,6,9.20617608405203,14.848397583842438,12,0.8690476190476191,,,393.0
C_r111101_tau6,C,200000,980,7.334351656469189,14.317616962591638,30.545700678928696,0.3918367346938775,4.885618083164127,12.4441497105191,23.691746252408823,1.8178395796015865,745.2376782326132,104333.27495256586,0.1112244897959183,65.3465202334919,6,0.1767344035723764,2,0.8571428571428571,2,3.519046804984159,9.660694971982544,12,0.8095238095238095,,,393.0
C_r111101_tau6,C,200001,980,7.762601876032622,14.750901195760514,35.67612916541056,0.3816326530612245,4.885618083164127,13.413666234542204,28.791376483673737,2.270673954920732,828.6591594081378,116012.2823171393,0.1153061224489795,77.66795588169771,7,0.2207599678395155,3,3.2857142857142856,7,4.157955693726413,10.437747367524238,12,0.8095238095238095,,,392.0
C_r111101_tau6,C,200002,980,8.261214037659075,15.2741392077271,33.70642595084636,0.3755102040816326,4.885618083164127,13.69729451296429,26.424226031347136,2.7076363223106457,927.2705427385556,129817.8759833978,0.1244897959183673,93.07760767623404,9,0.2632424202246461,1,2.857142857142857,6,9.212337445363383,14.848397583842438,12,0.8809523809523809,,,394.0
C_r111101_tau7,C,200000,980,7.264872439884182,14.24813774600663,29.346895805996045,0.3673469387755102,4.885618083164127,12.706813185707356,22.7609022355837,1.6708900081141445,726.4438757319383,101702.14260247136,0.1081632653061224,65.3465202334919,6,0.162447639677764,2,0.7142857142857143,2,3.860621814541068,9.538165697296352,12,0.7976190476190477,,,392.0
C_r111101_tau7,C,200001,980,7.727332075839634,14.715631395567524,35.43958279430348,0.3622448979591837,4.885618083164127,13.34921745789338,27.0195133721022,2.163998876379591,817.7420223231397,114483.88312523956,0.123469387755102,61.130018558644224,6,0.2103887796480158,2,2.857142857142857,5,4.369560718229836,10.745763612890944,12,0.8214285714285714,,,393.0
C_r111101_tau7,C,200002,980,8.040539818682573,15.053464988750598,31.2474737597652,0.3540816326530612,4.885618083164127,13.249155413196116,24.11294047984905,2.383956925525349,878.8499846575411,123038.99785205576,0.1336734693877551,90.50242392929796,9,0.2317735899816311,2,3.142857142857143,5,7.118141909507787,13.059288320365177,12,0.8452380952380952,,,393.0
C_r111101_tau8,C,200000,980,8.241832932668121,15.22509823879057,32.542470412604075,0.3061224489795918,5.98142396999972,16.700977432101585,24.09644705950643,2.1648661722784506,909.5910763295428,127342.75068613596,0.1459183673469387,66.25275983055326,7,0.2104731000826271,3,1.0,3,3.405539646055934,10.378618863473712,12,0.7857142857142857,,,390.0
C_r111101_tau8,C,200001,980,10.139564774398895,17.127864094126792,46.9239868316114,0.3071428571428571,5.844657214475058,23.584002799170715,40.34243998251067,4.291134493180519,1289.3415263083511,180507.8136831692,0.1673469387755102,99.623618007623,10,0.4171936312814393,3,4.428571428571429,6,4.173167847722475,13.062652720214516,12,0.7857142857142857,,,392.0
C_r111101_tau8,C,200002,980,9.73933157833902,16.75225674840705,37.868295383591175,0.2979591836734694,6.2666794121978455,18.474160645174862,30.8387433197086,3.7108295678595713,1207.4581524024975,169044.14133634968,0.1724489795918367,93.03956731005746,9,0.360775096875236,1,2.4285714285714284,6,9.0617697712714,16.283804294017038,12,0.8095238095238095,,,393.0
C_r200000_tau4,C,200000,980,5.998149470991868,12.981414777114315,21.70048934392166,0.4040816326530612,4.885618083164127,8.497474167490214,11.62345549728643,0.7500235738348776,480.4462207289857,67262.47090205799,0.0540816326530612,54.623686655620986,6,0.0729189585672797,3,0.4285714285714285,3,2.888635583015877,7.800974457189534,12,0.7738095238095238,,,161.0
C_r200000_tau4,C,200001,980,5.498302403669404,12.486601723397296,20.203524795050136,0.4112244897959183,4.885618083164127,8.497474167490214,10.774602526460402,0.2666402741860241,381.9053786930642,53466.75301702899,0.0306122448979591,22.18434089110815,3,0.0259233599903078,0,0.2857142857142857,2,4.7606754770569175,8.990305464281413,12,0.7261904761904762,,,164.0
C_r200000_tau4,C,200002,980,6.318210851842143,13.331136021910172,20.977275789029257,0.410204081632653,4.885618083164127,9.666666666666668,13.413666234542204,0.9858383928848876,545.6560829012441,76391.85160617417,0.0591836734693877,71.61762360053399,7,0.0958453993082529,0,0.8571428571428571,4,6.108456779922495,10.72717831036353,12,0.7857142857142857,,,158.0
C_r200000_tau5,C,200000,980,5.998149470991868,12.981414777114315,21.70048934392166,0.4040816326530612,4.885618083164127,8.497474167490214,11.62345549728643,0.7500235738348776,480.4462207289857,67262.47090205799,0.0540816326530612,54.623686655620986,6,0.0729189585672797,3,0.4285714285714285,3,2.888635583015877,7.800974457189534,12,0.7738095238095238,,,161.0
C_r200000_tau5,C,200001,980,5.554223295549652,12.542522615277544,20.683036880224503,0.4071428571428571,4.885618083164127,8.497474167490214,10.774602526460402,0.2751563995913171,392.2732305385016,54918.252275390216,0.0326530612244898,22.18434089110815,3,0.0267513166269336,0,0.2857142857142857,2,4.663375049313728,8.990305464281413,12,0.7261904761904762,,,163.0
C_r200000_tau5,C,200002,980,6.323820519359991,13.336745689428016,20.977275789029257,0.4091836734693878,4.885618083164127,9.666666666666668,13.413666234542204,0.9858383928848876,546.5739347721604,76520.35086810247,0.0591836734693877,71.61762360053399,7,0.0958453993082529,0,0.8571428571428571,4,6.108456779922495,10.72717831036353,12,0.7738095238095238,,,157.0
C_r200000_tau6,C,200000,980,6.003759138509714,12.987024444632164,21.70048934392166,0.4030612244897959,4.885618083164127,8.497474167490214,11.62345549728643,0.7500235738348776,481.3640725999021,67390.97016398629,0.0540816326530612,54.623686655620986,6,0.0729189585672797,3,0.4285714285714285,3,2.888635583015877,7.800974457189534,12,0.7619047619047619,,,160.0
C_r200000_tau6,C,200001,980,5.554223295549652,12.542522615277544,20.683036880224503,0.4071428571428571,4.885618083164127,8.497474167490214,10.774602526460402,0.2751563995913171,392.2732305385016,54918.252275390216,0.0326530612244898,22.18434089110815,3,0.0267513166269336,0,0.2857142857142857,2,4.663375049313728,8.990305464281413,12,0.7261904761904762,,,163.0
C_r200000_tau6,C,200002,980,6.322899226649057,13.335824396717085,20.977275789029257,0.4091836734693878,4.885618083164127,9.666666666666668,13.413666234542204,0.9903172478068956,546.3896762299735,76494.55467219629,0.0612244897959183,71.61762360053399,7,0.0962808435367815,0,1.0,4,6.108456779922495,10.72717831036353,12,0.7738095238095238,,,157.0
C_r200000_tau7,C,200000,980,6.003759138509714,12.987024444632164,21.70048934392166,0.4030612244897959,4.885618083164127,8.497474167490214,11.62345549728643,0.7500235738348776,481.3640725999021,67390.97016398629,0.0540816326530612,54.623686655620986,6,0.0729189585672797,3,0.4285714285714285,3,2.888635583015877,7.800974457189534,12,0.7619047619047619,,,160.0
C_r200000_tau7,C,200001,980,5.465512884381818,12.45381220410971,19.98197383125007,0.410204081632653,4.885618083164127,8.497474167490214,10.185710914884623,0.2370731649119395,375.1433932028941,52520.075048405175,0.0295918367346938,21.87214557504194,3,0.0230487799219941,0,0.1428571428571428,1,4.806371759509792,9.021412384653036,12,0.7142857142857143,,,164.0
C_r200000_tau7,C,200002,980,6.305500964910356,13.318426134978385,20.977275789029257,0.4122448979591837,4.885618083164127,9.666666666666668,13.413666234542204,0.9903172478068956,543.5222687801927,76093.11762922698,0.0612244897959183,71.61762360053399,7,0.0962808435367815,0,1.0,4,6.151380009392304,10.72717831036353,12,0.7738095238095238,,,156.0
C_r200000_tau8,C,200000,980,7.999185248849981,14.98245055497243,34.26451165223557,0.3469387755102041,4.885618083164127,13.686926031468134,27.001232439673966,2.256993482880872,869.2248048720369,121691.47268208516,0.1173469387755102,61.92480649647041,8,0.2194299219467514,4,2.0,4,6.156674837030151,11.86583857164351,12,0.8095238095238095,,,142.0
C_r200000_tau8,C,200001,980,7.62044236608751,14.608741685815405,28.66369870217338,0.3316326530612244,4.885618083164127,11.662116835456905,21.68943716272864,1.874006066841432,790.3189434239914,110644.6520793588,0.0938775510204081,72.23458084703452,6,0.1821950342762503,3,3.4285714285714284,5,4.826666164268501,10.85763611386072,12,0.8452380952380952,,,139.0
C_r200000_tau8,C,200002,980,9.437082857659018,16.450008027727044,37.464611800228674,0.3418367346938775,4.885618083164127,14.59561881887858,29.791567392836587,3.627198464749923,1155.7570146768642,161805.98205476097,0.1275510204081632,132.52391254245595,11,0.3526442951840203,3,5.571428571428571,10,9.722267619635817,16.649166297226472,12,0.8809523809523809,,,144.0
C_r200001_tau4,C,200000,980,7.377883879764769,14.361149185887216,33.83770150392686,0.3826530612244898,4.885618083164127,13.205763200585926,25.2606785918332,1.915352217517217,752.1073881978516,105295.03434769924,0.1091836734693877,59.80961913408101,7,0.186214798925285,4,1.5714285714285714,4,3.588931606013131,9.34163976712004,12,0.8452380952380952,,,232.0
C_r200001_tau4,C,200001,980,6.795752553484797,13.784051873212688,28.255799977281328,0.3897959183673469,4.885618083164127,11.5374989832438,21.68477482604593,1.3458009489382452,637.1096943704287,89195.35721186001,0.0816326530612244,38.73729768130579,6,0.1308417589245516,2,2.142857142857143,4,5.82681900732287,10.56516506495622,12,0.8809523809523809,,,228.0
C_r200001_tau4,C,200002,980,7.391068722024217,14.403993892092243,25.29912863894884,0.3877551020408163,4.885618083164127,11.146399935078458,18.086702124960468,1.900467764804942,755.7378610192915,105803.3005427008,0.1020408163265306,98.34469439840176,8,0.184767699356036,2,3.2857142857142856,6,9.39438931352198,15.010165111398925,12,0.8571428571428571,,,227.0
C_r200001_tau5,C,200000,980,7.377883879764769,14.361149185887216,33.83770150392686,0.3826530612244898,4.885618083164127,13.205763200585926,25.2606785918332,1.915352217517217,752.1073881978516,105295.03434769924,0.1091836734693877,59.80961913408101,7,0.186214798925285,4,1.5714285714285714,4,3.588931606013131,9.34163976712004,12,0.8452380952380952,,,232.0
C_r200001_tau5,C,200001,980,6.816218083775013,13.804517403502905,28.20224992100413,0.3887755102040816,4.885618083164127,11.5374989832438,21.156974220954822,1.3703985004205606,640.9987187958186,89739.82063141461,0.0836734693877551,40.79778323883511,6,0.1332331875408878,2,2.4285714285714284,4,5.639543622433262,10.37788968006661,12,0.8809523809523809,,,229.0
C_r200001_tau5,C,200002,980,7.400561659751426,14.413486829819451,25.229227326876096,0.386734693877551,4.885618083164127,11.29470215972712,18.043862223719863,1.9182168006103448,757.43236693208,106040.53137049118,0.1040816326530612,98.34469439840176,8,0.186493300059339,2,3.2857142857142856,6,9.343583906218951,15.010165111398925,12,0.8571428571428571,,,227.0
C_r200001_tau6,C,200000,980,7.396417523015003,14.379682829137453,33.83770150392686,0.3816326530612245,4.885618083164127,13.273227020744043,25.2606785918332,1.920952437794456,755.6100352152455,105785.40493013438,0.110204081632653,59.80961913408101,7,0.186759264785572,4,1.5714285714285714,4,3.756926650845633,9.50963481195254,12,0.8452380952380952,,,232.0
C_r200001_tau6,C,200001,980,6.860217227745439,13.84851654747333,28.255799977281328,0.3877551020408163,4.885618083164127,11.54784996242367,21.68477482604593,1.4202266782494954,649.594465957251,90943.22523401516,0.0857142857142857,40.79778323883511,6,0.1380775937187009,2,2.4285714285714284,4,5.639543622433262,10.37788968006661,12,0.8809523809523809,,,229.0
C_r200001_tau6,C,200002,980,7.436439235979872,14.4493644060479,25.303493840169388,0.386734693877551,4.885618083164127,11.43274042711568,18.333098078748144,1.9618583614361451,764.6078821777693,107045.1035048877,0.1051020408163265,98.34469439840176,8,0.1907362295840697,2,3.4285714285714284,6,9.305850695503056,15.010165111398925,12,0.8690476190476191,,,228.0
C_r200001_tau7,C,200000,980,7.844672707570415,14.827938013692862,35.20030707473263,0.3724489795918367,4.885618083164127,15.340673029609473,27.03318216099157,2.3187455309891263,843.4243374324501,118079.40724054302,0.1204081632653061,64.76066954915586,7,0.2254335932906095,4,2.2857142857142856,4,4.509484581697436,10.788405073478575,12,0.8809523809523809,,,231.0
C_r200001_tau7,C,200001,980,7.752694187260701,14.740993506988591,36.30459906336527,0.3755102040816326,4.885618083164127,13.15436414115188,29.06642470330581,2.2907998043952458,825.4786930729697,115567.01703021576,0.1030612244897959,98.89965316851158,6,0.2227166476495378,3,4.0,6,4.276587955952266,10.59627198532784,12,0.8928571428571429,,,226.0
C_r200001_tau7,C,200002,980,7.814305994435442,14.827231164503468,27.62454290154072,0.3806122448979592,4.885618083164127,11.5374989832438,21.390891013357667,2.298987245948236,838.8920015289384,117444.88021405136,0.110204081632653,105.3320334523014,8,0.223512648911634,2,3.4285714285714284,6,10.189595245803003,16.026166776602462,12,0.8928571428571429,,,227.0
C_r200001_tau8,C,200000,980,11.573968690001507,18.557233996123955,55.95095343901505,0.3173469387755102,5.98142396999972,28.780159458148344,49.04526279428546,5.700971271608351,1578.104034517368,220934.56483243156,0.1795918367346938,120.19872831881366,10,0.5542610958508118,6,4.285714285714286,6,6.695634163724085,15.505623441641092,12,0.8214285714285714,,,222.0
C_r200001_tau8,C,200001,980,13.396496233609628,20.38479555333752,67.43511887824688,0.2897959183673469,6.771236166328253,36.16626751262879,61.95635337886391,7.320719552640723,1937.2584303953952,271216.1802553553,0.2020408163265306,127.00999687504373,11,0.7117366231734036,4,7.428571428571429,11,3.1225179062548705,15.474881905673785,12,0.8809523809523809,,,226.0
C_r200001_tau8,C,200002,980,13.381009953569048,20.393935123637075,63.10737136820001,0.3142857142857143,5.98142396999972,33.72977870932694,57.48050474595977,7.4931214179399905,1939.0591335709528,271468.2786999334,0.1959183673469387,173.40246603562264,13,0.7284979156330547,6,7.428571428571429,12,11.569112427952124,22.061765990814727,12,0.8452380952380952,,,223.0
C_r200100_tau4,C,200000,980,6.44959241028126,13.43285771640371,25.59207908318857,0.4010204081632653,4.885618083164127,9.666666666666668,18.39392908812708,1.1631705302508042,569.9616753715505,79794.63455201707,0.0755102040816326,47.43165065525682,7,0.1130860237743837,4,0.7142857142857143,4,3.8361434373891177,8.6162601528052,12,0.75,,,238.0
C_r200100_tau4,C,200001,980,5.684367156122454,12.672666475850344,20.69493982171548,0.413265306122449,4.885618083164127,8.497474167490214,12.290946644639073,0.4387043687686317,419.5264924489804,58733.70894285726,0.05,22.975025131599978,4,0.0426518136302836,0,0.5714285714285714,2,4.971044670156026,9.40993197033366,12,0.7619047619047619,,,238.0
C_r200100_tau4,C,200002,980,6.514572670682361,13.527497840750389,22.32546129769772,0.4020408163265306,4.885618083164127,9.79869268479038,13.943639271075828,1.1684750671173731,583.3226974017782,81665.17763624896,0.0714285714285714,71.61762360053399,8,0.1136017426364112,0,1.4285714285714286,4,6.141946678262059,11.028794264739284,12,0.8095238095238095,,,235.0
C_r200100_tau5,C,200000,980,6.44959241028126,13.43285771640371,25.59207908318857,0.4010204081632653,4.885618083164127,9.666666666666668,18.39392908812708,1.1631705302508042,569.9616753715505,79794.63455201707,0.0755102040816326,47.43165065525682,7,0.1130860237743837,4,0.7142857142857143,4,3.8361434373891177,8.6162601528052,12,0.75,,,238.0
C_r200100_tau5,C,200001,980,5.704349856392039,12.69264917611993,20.69493982171548,0.4091836734693878,4.885618083164127,8.497474167490214,12.366189720511482,0.4387043687686317,422.70670597228514,59178.93883611992,0.05,22.975025131599978,4,0.0426518136302836,0,0.5714285714285714,2,4.899161526040928,9.40993197033366,12,0.7738095238095238,,,238.0
C_r200100_tau5,C,200002,980,6.51460444366864,13.527529613736666,21.85461886021333,0.4010204081632653,4.885618083164127,9.79869268479038,13.943639271075828,1.1675726871032326,583.124970366381,81637.49585129334,0.0724489795918367,71.61762360053399,8,0.1135140112461476,0,1.5714285714285714,4,6.149719004935838,11.036566591413065,12,0.8095238095238095,,,235.0
C_r200100_tau6,C,200000,980,6.457479334075211,13.44074464019766,25.59207908318857,0.4,4.885618083164127,9.666666666666668,18.39392908812708,1.1631705302508042,571.3349784976879,79986.8969896763,0.0755102040816326,47.43165065525682,7,0.1130860237743837,4,0.7142857142857143,4,3.8361434373891177,8.6162601528052,12,0.7619047619047619,,,237.0
C_r200100_tau6,C,200001,980,5.714711452454438,12.703010772182331,20.931277057257315,0.4081632653061224,4.885618083164127,8.497474167490214,12.428090415820634,0.4387043687686317,424.5749435521121,59440.49209729569,0.05,22.975025131599978,4,0.0426518136302836,0,0.5714285714285714,2,4.899161526040928,9.40993197033366,12,0.7738095238095238,,,237.0
C_r200100_tau6,C,200002,980,6.668737131672309,13.681662301740335,23.413666234542205,0.3948979591836735,4.885618083164127,9.79869268479038,14.764069994578932,1.2666429161455404,612.7270181711964,85781.78254396749,0.0755102040816326,71.61762360053399,8,0.1231458390697053,0,1.7142857142857142,4,5.680293565071869,11.036566591413065,12,0.8214285714285714,,,236.0
C_r200100_tau7,C,200000,980,6.631126025108635,13.614391331231085,26.156285870167284,0.3826530612244898,4.885618083164127,9.79869268479038,19.47174360367476,1.2645030181763497,602.5949289492703,84363.29005289785,0.0816326530612244,47.43165065525682,7,0.1229377934338117,4,0.7142857142857143,4,3.715781739018638,8.733956647101754,12,0.7738095238095238,,,236.0
C_r200100_tau7,C,200001,980,5.947567061491168,12.93586638121906,21.28282265626618,0.3948979591836735,4.885618083164127,8.96284793999944,12.428090415820634,0.628544491428225,468.4930041349682,65589.02057889555,0.0571428571428571,33.97557637590944,5,0.0611084922221885,0,1.1428571428571428,4,5.1151799768085215,9.40993197033366,12,0.8095238095238095,,,237.0
C_r200100_tau7,C,200002,980,6.956406970730136,13.969332140798162,23.511151536281663,0.3744897959183673,4.885618083164127,9.83684539059595,15.427589064593436,1.5002597585723398,666.1793533297006,93265.10946615809,0.086734693877551,77.32318049424066,8,0.1458585876389774,2,2.142857142857143,4,6.957885966051692,12.229885176374117,12,0.8333333333333334,,,231.0
C_r200100_tau8,C,200000,980,7.50075129880973,14.48401660493218,29.347049922160927,0.3204081632653061,4.885618083164127,13.413666234542204,22.670077689590237,1.558011471943595,764.072801176971,106970.19216477592,0.1163265306122448,39.90328189026332,6,0.1514733375500717,4,1.0,4,3.2580823524330498,9.367763153158291,12,0.7380952380952381,,,222.0
C_r200100_tau8,C,200001,980,9.843685769074552,16.831985088802444,43.21714675231158,0.2959183673469387,5.98142396999972,19.34051591119148,37.419311064402486,3.8480571276664186,1227.8774907764684,171902.84870870557,0.1408163265306122,103.38739437818732,9,0.3741166651897907,2,5.285714285714286,8,3.701242935650818,12.428877457552096,12,0.8095238095238095,,,226.0
C_r200100_tau8,C,200002,980,10.156885632152784,17.169810802220812,44.2017932584883,0.3051020408163265,6.771236166328253,20.52887090835804,38.02302954091678,4.2557195662889375,1292.3975345938225,180935.65484313515,0.1581632653061224,125.73675016369816,11,0.4137505133892022,3,5.0,9,10.613419276331848,18.48457279442041,12,0.8452380952380952,,,225.0
C_r200101_tau4,C,200000,980,6.541406258427719,13.524671564550166,24.73333333333333,0.3887755102040816,4.885618083164127,9.79869268479038,16.196122972358072,1.1621249079676297,585.8754654090055,82022.56515726077,0.0857142857142857,48.48098705846496,5,0.1129843660524084,0,0.2857142857142857,1,3.8991970130563978,9.028359932953126,12,0.7976190476190477,,,321.0
C_r200101_tau4,C,200001,980,6.234292639899677,13.222591959627568,24.241269193127067,0.396938775510204,4.885618083164127,9.79869268479038,15.92791736419831,0.905135100795176,526.2462830819761,73674.47963147666,0.0826530612244898,33.97557637590944,5,0.0879992459106421,1,1.7142857142857142,4,5.258476322451825,10.023009077495422,12,0.8095238095238095,,,312.0
C_r200101_tau4,C,200002,980,6.402873192045441,13.415798362113463,24.241269193127067,0.4020408163265306,4.885618083164127,9.79869268479038,14.941832293357418,0.9629722121578068,560.9828016743942,78537.59223441519,0.0755102040816326,45.50242392929795,7,0.0936222984042312,2,1.0,2,5.6642191224471325,10.659555099104375,12,0.7976190476190477,,,312.0
C_r200101_tau5,C,200000,980,6.541406258427719,13.524671564550166,24.73333333333333,0.3887755102040816,4.885618083164127,9.79869268479038,16.196122972358072,1.1621249079676297,585.8754654090055,82022.56515726077,0.0857142857142857,48.48098705846496,5,0.1129843660524084,0,0.2857142857142857,1,3.8991970130563978,9.028359932953126,12,0.7976190476190477,,,321.0
C_r200101_tau5,C,200001,980,6.071883748872579,13.06018306860047,22.58434148242697,0.3979591836734694,4.885618083164127,9.79869268479038,13.61129535753766,0.7434090282745589,493.9685865092096,69155.60211128935,0.0795918367346938,33.97557637590944,5,0.0722758777489154,0,1.1428571428571428,4,5.280058108718283,10.023009077495422,12,0.8214285714285714,,,312.0
C_r200101_tau5,C,200002,980,6.439729230824261,13.452654400892287,24.241269193127067,0.3989795918367347,4.885618083164127,9.823986056220086,15.286670431064572,0.9776178474022028,567.7417645321991,79483.84703450788,0.0785714285714285,45.50242392929795,7,0.0950461796085475,2,1.0,2,5.61513453166597,10.659555099104375,12,0.7976190476190477,,,312.0
C_r200101_tau6,C,200000,980,6.446249688177506,13.429514994299955,24.73333333333333,0.3887755102040816,4.885618083164127,9.79869268479038,16.11241070644494,1.05176315146918,566.844151358963,79358.18119025482,0.0846938775510204,50.3105907873105,4,0.1022547508372814,0,0.4285714285714285,2,4.2373822317811705,9.028359932953126,12,0.8095238095238095,,,320.0
C_r200101_tau6,C,200001,980,6.132103764842268,13.120403084570158,23.15436414115188,0.396938775510204,4.885618083164127,9.79869268479038,14.303975911174156,0.7918434133442394,505.8085080704943,70813.1911298692,0.0846938775510204,33.97557637590944,5,0.0769847762973566,0,1.1428571428571428,4,5.258476322451825,10.023009077495422,12,0.8214285714285714,,,312.0
C_r200101_tau6,C,200002,980,6.531837445382842,13.54476261545087,24.24534980642357,0.3959183673469387,4.885618083164127,10.774602526460402,15.734704037740247,1.0506560959813065,585.5511625459561,81977.16275643386,0.0836734693877551,45.50242392929795,7,0.102147120442627,2,1.4285714285714286,4,5.330867535558043,10.659555099104375,12,0.8333333333333334,,,313.0
C_r200101_tau7,C,200000,980,6.770214482480927,13.75347978860338,26.050644906535204,0.3642857142857142,4.885618083164127,11.15088917609262,17.910619126847564,1.208976517133354,626.9000393533283,87766.00550946596,0.0948979591836734,48.48098705846496,5,0.1175393836101871,0,0.4285714285714285,2,3.705594917727689,9.028359932953126,12,0.8095238095238095,,,319.0
C_r200101_tau7,C,200001,980,6.441166355791901,13.429465675519792,24.258056568823918,0.376530612244898,4.885618083164127,9.79869268479038,16.130057373226826,1.0680590980638804,563.5393936073596,78895.51510503034,0.0877551020408163,54.931734144811344,5,0.1038390789784328,2,2.0,4,4.683710609213244,9.853404614391982,12,0.8095238095238095,,,311.0
C_r200101_tau7,C,200002,980,6.768656270948501,13.78158144101653,24.57701670706429,0.3755102040816326,4.885618083164127,11.301189421092518,16.182024215144885,1.2179325993131769,628.7729648261541,88028.21507566156,0.0928571428571428,55.36576440609497,7,0.1184101138221144,2,1.4285714285714286,4,5.576811350547178,11.051949265700474,12,0.8571428571428571,,,310.0
C_r200101_tau8,C,200000,980,9.59332909689335,16.576594403015797,43.47302390991957,0.3,6.771236166328253,22.34013629457501,36.67234530147379,3.4389975916041813,1178.6658193786695,165013.21471301373,0.1663265306122449,69.87182025385846,7,0.3343469880726287,4,1.2857142857142858,4,3.5197984958086987,11.74034403496108,12,0.7619047619047619,,,305.0
C_r200101_tau8,C,200001,980,10.56561311190342,17.55391243163131,44.75849518389099,0.2714285714285714,7.216370213557839,26.610063123817664,37.76741916329974,4.331885563074164,1367.1898189093342,191406.5746473068,0.1918367346938775,88.23921446840541,8,0.4211555408544326,2,3.7142857142857135,6,3.954868914932611,13.21160895337384,12,0.8333333333333334,,,308.0
C_r200101_tau8,C,200002,980,12.38241571252633,19.39534088259436,55.92191638454661,0.2826530612244898,7.216370213557839,31.281002669008164,48.66507650193262,6.155144088099799,1733.0137547501636,242621.9256650229,0.2173469387755102,124.02422613251838,11,0.598416786343036,2,4.571428571428571,8,11.72315451636209,20.7919965566391,12,0.8333333333333334,,,309.0
C_r201000_tau4,C,200000,980,5.981908431317391,12.96517373743984,21.449538970253176,0.4142857142857143,4.885618083164127,8.55192346599293,12.214700854735105,0.745202011771664,479.2388291206208,67093.43607688691,0.0551020408163265,54.623686655620986,6,0.0724501955889117,3,0.4285714285714285,3,3.270738261175665,7.800974457189534,12,0.7738095238095238,,,247.0
C_r201000_tau4,C,200001,980,5.520518941248744,12.508818260976636,20.26579608657651,0.4091836734693878,4.885618083164127,8.497474167490214,10.785872400137372,0.2690075753366486,385.8974861224737,54025.64805714631,0.0306122448979591,27.941487374650023,3,0.0261535142688408,0,0.1428571428571428,1,5.080862023354069,9.069597892940603,12,0.7380952380952381,,,249.0
C_r201000_tau4,C,200002,980,6.132046770138746,13.144971940206776,20.683036880224503,0.4173469387755102,4.885618083164127,8.991931335528765,12.706813185707356,0.8582181663660832,509.851837989136,71379.25731847904,0.0551020408163265,62.27646897642262,6,0.0834378772855914,1,0.8571428571428571,3,6.442881917250619,10.758234711656486,12,0.7619047619047619,,,241.0
C_r201000_tau5,C,200000,980,5.967646742084494,12.95091204820694,21.281416489311976,0.4153061224489796,4.885618083164127,8.498353269851524,12.176393099143198,0.745202011771664,476.59057290669466,66722.68020693725,0.0551020408163265,54.623686655620986,6,0.0724501955889117,3,0.4285714285714285,3,3.270738261175665,7.800974457189534,12,0.7738095238095238,,,247.0
C_r201000_tau5,C,200001,980,5.590120179840934,12.578419499568826,20.683036880224503,0.4051020408163265,4.885618083164127,8.497474167490214,11.021637021355764,0.3025723440945698,399.0014073102994,55860.19702344191,0.0336734693877551,27.941487374650023,3,0.0294167556758609,0,0.1428571428571428,1,4.920322019658031,9.069597892940603,12,0.7380952380952381,,,248.0
C_r201000_tau5,C,200002,980,6.148842023363363,13.16176719343139,20.683036880224503,0.4163265306122449,4.885618083164127,9.666666666666668,12.706813185707356,0.8582181663660832,513.0068070014061,71820.95298019685,0.0551020408163265,62.27646897642262,6,0.0834378772855914,1,0.8571428571428571,3,6.442881917250619,10.758234711656486,12,0.7619047619047619,,,240.0
C_r201000_tau6,C,200000,980,5.970628153939039,12.953893460061488,21.281416489311976,0.4153061224489796,4.885618083164127,8.498353269851524,12.176393099143198,0.745202011771664,477.1868552776037,66806.15973886452,0.0551020408163265,54.623686655620986,6,0.0724501955889117,3,0.4285714285714285,3,3.270738261175665,7.800974457189534,12,0.7619047619047619,,,246.0
C_r201000_tau6,C,200001,980,5.590120179840934,12.578419499568826,20.683036880224503,0.4051020408163265,4.885618083164127,8.497474167490214,11.021637021355764,0.3025723440945698,399.0014073102994,55860.19702344191,0.0336734693877551,27.941487374650023,3,0.0294167556758609,0,0.1428571428571428,1,4.920322019658031,9.069597892940603,12,0.7380952380952381,,,248.0
C_r201000_tau6,C,200002,980,6.148842023363363,13.16176719343139,20.683036880224503,0.4163265306122449,4.885618083164127,9.666666666666668,12.706813185707356,0.8582181663660832,513.0068070014061,71820.95298019685,0.0551020408163265,62.27646897642262,6,0.0834378772855914,1,0.8571428571428571,3,6.442881917250619,10.758234711656486,12,0.7738095238095238,,,240.0
C_r201000_tau7,C,200000,980,5.981443794384771,12.96470910050722,21.281416489311976,0.4163265306122449,4.885618083164127,8.498353269851524,12.214700854735105,0.7491726312517725,479.5540649994031,67137.56909991642,0.0530612244897959,54.623686655620986,6,0.0728362280383667,3,0.4285714285714285,3,3.261145475063172,7.791381671077041,12,0.7619047619047619,,,246.0
C_r201000_tau7,C,200001,980,5.590120179840934,12.578419499568826,20.683036880224503,0.4051020408163265,4.885618083164127,8.497474167490214,11.021637021355764,0.3025723440945698,399.0014073102994,55860.19702344191,0.0336734693877551,27.941487374650023,3,0.0294167556758609,0,0.1428571428571428,1,4.920322019658031,9.069597892940603,12,0.7380952380952381,,,248.0
C_r201000_tau7,C,200002,980,6.1425661909801725,13.1554913610482,20.683036880224503,0.4163265306122449,4.885618083164127,9.666666666666668,12.706813185707356,0.8598855861962689,511.75164052476816,71645.22967346755,0.0571428571428571,62.27646897642262,6,0.0835999875468594,1,0.8571428571428571,3,6.442881917250619,10.758234711656486,12,0.7738095238095238,,,239.0
C_r201000_tau8,C,200000,980,6.589300119633059,13.572565425755508,24.241269193127067,0.3540816326530612,4.885618083164127,9.79869268479038,14.035241613570667,0.905807174620216,588.3056157842212,82362.78620979097,0.0683673469387755,54.623686655620986,6,0.0880645864214098,1,0.2857142857142857,1,3.781974090144496,9.187493045413412,12,0.7857142857142857,,,226.0
C_r201000_tau8,C,200001,980,6.876139406305521,13.864438726033413,25.83533191246012,0.3551020408163265,4.885618083164127,9.666666666666668,17.123295070390927,1.3261217806305785,646.2052526032165,90468.7353644503,0.0744897959183673,56.870870299622766,6,0.1289285064501951,2,2.4285714285714284,4,4.686685236923172,9.972305592506723,12,0.7976190476190477,,,224.0
C_r201000_tau8,C,200002,980,8.129716232305453,15.14264140237348,29.04244715707132,0.3285714285714285,4.885618083164127,12.613040639798738,22.980385865850728,2.330407116459789,891.6575321753764,124832.05450455273,0.1153061224489795,91.70814318257908,8,0.2265673585447017,1,4.0,6,6.198989461505136,12.412411216194643,12,0.8571428571428571,,,230.0
C_r201001_tau4,C,200000,980,7.118074898111747,14.101340204234196,29.58841346303282,0.3918367346938775,4.885618083164127,12.428090415820634,21.94558874179057,1.6672343077946514,701.9823265611249,98277.52571855747,0.110204081632653,56.45049571927666,6,0.1620922243689244,3,1.2857142857142858,3,4.074160813857247,9.475018067865845,12,0.8571428571428571,,,315.0
C_r201001_tau4,C,200001,980,6.647432778719853,13.635732098447743,26.84557757343951,0.3908163265306122,4.885618083164127,10.774602526460402,18.950220442596063,1.3096199022902697,607.6067842289403,85064.94979205166,0.0826530612244898,42.75523496153619,5,0.1273241571671095,3,2.7142857142857144,4,5.275335302616972,10.136870361566912,12,0.8690476190476191,,,314.0
C_r201001_tau4,C,200002,980,7.002986171559791,14.01591134162782,24.57701670706429,0.3826530612244898,4.885618083164127,10.4767037775574,17.473911807761926,1.5323984867371294,677.1009427631409,94794.13198683973,0.0918367346938775,77.32318049424066,8,0.1489831862105542,2,2.7142857142857144,4,6.26586958645651,11.7849069438195,12,0.8690476190476191,,,310.0
C_r201001_tau5,C,200000,980,7.102296572707685,14.085561878830134,29.495554045350737,0.3908163265306122,4.885618083164127,12.428090415820634,21.94558874179057,1.6392201454592414,698.6225798476594,97807.16117867232,0.1091836734693877,53.92618454217882,6,0.1593686252529818,3,1.1428571428571428,3,3.838546009805764,9.23940326381436,12,0.8452380952380952,,,316.0
C_r201001_tau5,C,200001,980,6.581140826577915,13.569440146305803,26.58726308952903,0.3928571428571428,4.885618083164127,10.193302957461816,18.781488870361013,1.2543438363903023,594.7565570658586,83265.91798922021,0.0795918367346938,42.75523496153619,5,0.1219500952046127,3,2.4285714285714284,4,5.275335302616972,10.136870361566912,12,0.8690476190476191,,,313.0
C_r201001_tau5,C,200002,980,7.048978993587357,14.061904163655386,24.897819682867983,0.3816326530612245,4.885618083164127,10.774602526460402,18.091168878434956,1.562312442879445,686.0954255360011,96053.35957504016,0.0938775510204081,77.32318049424066,8,0.1518914875021682,2,2.7142857142857144,4,6.260548260905451,11.7849069438195,12,0.8690476190476191,,,310.0
C_r201001_tau6,C,200000,980,7.160041721421827,14.143307027544276,29.58841346303282,0.3897959183673469,4.885618083164127,12.75156828125182,22.027191269118514,1.6980651528742468,709.9675279578348,99395.45391409688,0.110204081632653,53.92618454217882,6,0.1650896676405517,3,1.1428571428571428,3,3.8172538331926926,9.218111087201288,12,0.8571428571428571,,,315.0
C_r201001_tau6,C,200001,980,6.579216726493053,13.567516046220945,26.58726308952903,0.3928571428571428,4.885618083164127,10.193302957461816,18.781488870361013,1.2543438363903023,594.3717370488864,83212.0431868441,0.0795918367346938,42.75523496153619,5,0.1219500952046127,3,2.4285714285714284,4,5.275335302616972,10.136870361566912,12,0.8690476190476191,,,313.0
C_r201001_tau6,C,200002,980,7.328708102935058,14.341633273003085,26.7276568737835,0.3816326530612245,4.885618083164127,11.113937558885327,20.486936063387123,1.8607192832563184,742.0412474055413,103885.7746367758,0.1020408163265306,98.34469439840176,8,0.1809032636499198,2,3.4285714285714284,6,8.663528941886419,14.124218542047084,12,0.8809523809523809,,,310.0
C_r201001_tau7,C,200000,980,7.343649038326958,14.326914344449406,30.080053682705117,0.3755102040816326,4.885618083164127,12.75156828125182,22.938541425525123,1.791721609284175,743.831848481718,104136.45878744053,0.1112244897959183,59.80961913408101,6,0.1741951564581836,3,1.5714285714285714,3,4.747862760476432,10.375442535895973,12,0.8690476190476191,,,314.0
C_r201001_tau7,C,200001,980,7.733259172131761,14.721558491859652,32.42412609311164,0.3785714285714285,4.885618083164127,11.837987891657608,26.805233566956726,2.3777938024231324,822.2999953508964,115121.9993491255,0.096938775510204,88.10490830730123,7,0.2311743974578045,4,4.285714285714286,7,4.198169513817948,10.167977281938535,12,0.8928571428571429,,,312.0
C_r201001_tau7,C,200002,980,7.801796655498734,14.81472182556676,27.527575500218063,0.3724489795918367,4.885618083164127,11.44146853168877,21.027977871637997,2.2262069893161334,834.8491270181141,116878.87778253596,0.1051020408163265,105.3320334523014,8,0.2164367906279574,2,3.571428571428572,6,10.356894042787744,16.12083417520096,12,0.8809523809523809,,,310.0
C_r201001_tau8,C,200000,980,8.356673702441512,15.339939008563965,35.533322884449035,0.3204081632653061,5.98142396999972,13.675264653744916,27.932099315929477,2.316342869020372,935.2195582400732,130930.73815361023,0.1193877551020408,59.78081046173611,6,0.2252000011547583,3,1.4285714285714286,3,4.308980676804746,11.318103407264122,12,0.8809523809523809,,,308.0
C_r201001_tau8,C,200001,980,11.303429470196216,18.291728789924107,51.21914843260699,0.3061224489795918,5.98142396999972,23.96091964513544,43.98818696787605,5.318641561199792,1521.756736522111,213045.94311309556,0.1663265306122449,123.15520136298436,10,0.5170901517833131,4,6.142857142857143,8,3.5011503294581665,13.757080301380348,12,0.8928571428571429,,,307.0
C_r201001_tau8,C,200002,980,11.367852631514335,18.380777801582365,52.4452806004875,0.3010204081632653,6.771236166328253,28.508112781699385,46.20416282029084,5.328162536454559,1533.7746079355202,214728.44511097285,0.186734693877551,111.02151390416113,9,0.5180158021553043,3,4.857142857142857,7,10.99180200817237,19.28676766009978,12,0.8690476190476191,,,311.0
C_r201100_tau4,C,200000,980,6.201444004514483,13.184709310636936,24.584832538377736,0.4153061224489796,4.885618083164127,9.731943919339544,15.897339939108551,0.9271093982950817,523.3500253926926,73269.00355497697,0.073469387755102,45.13166115414788,6,0.0901356359453551,3,0.5714285714285714,3,4.134378613779924,8.514596372436557,12,0.75,,,326.0
C_r201100_tau4,C,200001,980,5.533631829138393,12.521931148866283,20.683036880224503,0.4142857142857143,4.885618083164127,8.497474167490214,11.43274042711568,0.3759747409522213,389.54047186366864,54535.66606091361,0.0428571428571428,26.350691734900465,3,0.0365530998147992,0,0.5714285714285714,2,4.895462630272377,9.093003141785918,12,0.7738095238095238,,,325.0
C_r201100_tau4,C,200002,980,6.324668589971105,13.337593760039132,21.56934641526253,0.4051020408163265,4.885618083164127,9.79869268479038,13.413666234542204,0.9634326951529036,545.9541261574863,76433.57766204808,0.0673469387755102,55.53910238906974,7,0.09366706758431,0,1.2857142857142858,3,6.121477281988112,10.991127268122614,12,0.8214285714285714,,,319.0
C_r201100_tau5,C,200000,980,6.217924467896404,13.201189774018854,24.74534065928536,0.4142857142857143,4.885618083164127,9.731943919339544,15.897339939108551,0.93320337310005,526.4420364364237,73701.88510109931,0.0744897959183673,45.13166115414788,6,0.0907281057180604,3,0.5714285714285714,3,4.137163077575681,8.514596372436557,12,0.75,,,326.0
C_r201100_tau5,C,200001,980,5.57257413373789,12.56087345346578,20.683036880224503,0.410204081632653,4.885618083164127,8.497474167490214,11.5374989832438,0.3842446534243283,396.5126062529556,55511.76487541378,0.0438775510204081,26.350691734900465,3,0.0373571190829208,0,0.5714285714285714,2,4.852919252390795,9.093003141785918,12,0.7738095238095238,,,324.0
C_r201100_tau5,C,200002,980,6.337086988148776,13.350012158216805,21.8429310465602,0.4040816326530612,4.885618083164127,9.79869268479038,13.41800830351677,0.9691552687279836,548.2337241603672,76752.7213824514,0.0683673469387755,55.53910238906974,7,0.0942234289041095,0,1.2857142857142858,3,6.121477281988112,10.991127268122614,12,0.8214285714285714,,,319.0
C_r201100_tau6,C,200000,980,6.234665747373606,13.217931053496056,24.97606605612092,0.413265306122449,4.885618083164127,9.79869268479038,15.897339939108551,0.9386374278217884,529.586210699211,74142.06949788955,0.0755102040816326,45.13166115414788,6,0.0912564165937849,3,0.5714285714285714,3,4.097917473874171,8.514596372436557,12,0.7619047619047619,,,325.0
C_r201100_tau6,C,200001,980,5.57257413373789,12.56087345346578,20.683036880224503,0.410204081632653,4.885618083164127,8.497474167490214,11.5374989832438,0.3842446534243283,396.5126062529556,55511.76487541378,0.0438775510204081,26.350691734900465,3,0.0373571190829208,0,0.5714285714285714,2,4.852919252390795,9.093003141785918,12,0.7738095238095238,,,324.0
C_r201100_tau6,C,200002,980,6.3816867284414895,13.394611898509517,22.06583082239645,0.4020408163265306,4.885618083164127,9.79869268479038,13.666666666666666,0.9906513194198664,556.7455089536039,77944.37125350455,0.0704081632653061,55.53910238906974,7,0.0963133227213759,0,1.4285714285714286,3,6.121477281988112,10.991127268122614,12,0.8333333333333334,,,319.0
C_r201100_tau7,C,200000,980,6.387021137216261,13.370286443338712,24.97606605612092,0.3948979591836735,4.885618083164127,9.79869268479038,16.112141404286294,1.017485631255551,556.3838192799869,77893.73469919818,0.0826530612244898,45.13166115414788,6,0.0989222141498452,3,0.5714285714285714,3,4.039680594298219,8.521036300251971,12,0.75,,,320.0
C_r201100_tau7,C,200001,980,5.752122719181507,12.7404220389094,20.683036880224503,0.4040816326530612,4.885618083164127,8.497474167490214,12.176676104140446,0.5116380517974161,431.19783354576094,60367.69669640653,0.0520408163265306,26.350691734900465,4,0.0497425883691932,0,0.7142857142857143,2,4.808245132678726,9.061896221414294,12,0.8095238095238095,,,321.0
C_r201100_tau7,C,200002,980,6.730233671415985,13.743158841484014,23.16551212420916,0.3744897959183673,4.885618083164127,9.79869268479038,14.201189457377955,1.2518537752896493,620.9446934668706,86932.25708536188,0.0785714285714285,71.61762360053399,8,0.1217080059309381,0,1.7142857142857142,4,5.816636320156211,10.848188083259792,12,0.8214285714285714,,,315.0
C_r201100_tau8,C,200000,980,7.016711536700637,13.999976842823084,26.72750685464933,0.3316326530612244,4.885618083164127,10.473928898284171,19.752884118863864,1.2946919749659378,669.3111347337275,93703.55886272184,0.0938775510204081,49.34406290516199,5,0.1258728308994661,1,0.4285714285714285,1,4.340381239955196,9.993193633818183,12,0.7738095238095238,,,308.0
C_r201100_tau8,C,200001,980,8.261588325030594,15.249887644758484,34.93143137539978,0.3193877551020408,4.885618083164127,11.96211187615551,27.013091809545557,2.4993032767517063,916.0074696158956,128241.04574622535,0.1,98.89965316851158,7,0.2429878185730825,2,4.142857142857143,6,2.8298229877811822,10.092757961045429,12,0.8095238095238095,,,308.0
C_r201100_tau8,C,200002,980,8.848282238779426,15.861207408847456,32.96969583818495,0.3,6.771236166328253,15.42253848760804,26.96171589022764,2.857423073510238,1029.5985893629106,144143.8025108075,0.1357142857142857,98.34469439840176,9,0.2778050210357176,0,3.0,6,7.795325214410601,14.369872856166776,12,0.8095238095238095,,,314.0
C_r201101_tau4,C,200000,980,6.301210421493606,13.28447572761606,24.472184168686542,0.4081632653061224,4.885618083164127,9.79869268479038,15.886658705050028,0.9891497202126704,541.8747373599459,75862.46323039243,0.0816326530612244,39.42997357832064,5,0.0961673339095651,1,0.2857142857142857,1,3.808874323385984,8.45183632298891,12,0.7857142857142857,,,405.0
C_r201101_tau4,C,200001,980,6.156079126024328,13.14437844575222,23.413666234542205,0.4030612244897959,4.885618083164127,9.79869268479038,13.815591065608997,0.8318097739983517,511.8280701028247,71655.92981439547,0.073469387755102,40.79778323883511,4,0.0808703946942841,0,1.4285714285714286,3,5.167692644706091,9.782695787914436,12,0.8214285714285714,,,400.0
C_r201101_tau4,C,200002,980,6.439984066234336,13.452909236302364,23.15436414115188,0.3959183673469387,4.885618083164127,10.02416822037993,14.332465402321075,0.9458518478600292,567.1804867162548,79405.26814027566,0.0755102040816326,45.50242392929795,7,0.0919578185419473,1,1.2857142857142858,2,5.869511995077185,10.644172424816968,12,0.8333333333333334,,,395.0
C_r201101_tau5,C,200000,980,6.313084037433416,13.296349343555864,24.472184168686542,0.4091836734693878,4.885618083164127,9.672452738984504,15.886658705050028,1.0246950404535358,544.4535421805607,76223.4959052785,0.0816326530612244,39.42997357832064,5,0.0996231289329826,1,0.2857142857142857,1,3.695558034813166,8.28242335923762,12,0.7857142857142857,,,405.0
C_r201101_tau5,C,200001,980,5.977194609651962,12.965493929379852,22.848129320496728,0.4030612244897959,4.885618083164127,9.79869268479038,13.41905115294917,0.6766370503315705,476.0511668283515,66647.16335596921,0.0632653061224489,29.67596203530411,4,0.0657841576711249,0,0.5714285714285714,2,5.220355522873186,9.595420403024828,12,0.7976190476190477,,,399.0
C_r201101_tau5,C,200002,980,6.397040507725128,13.409965677793156,23.14073271550705,0.396938775510204,4.885618083164127,9.79869268479038,13.948581790409756,0.9200199489978296,558.7958566470663,78231.41993058928,0.0755102040816326,45.50242392929795,7,0.0894463839303445,1,1.1428571428571428,2,5.938860451364639,10.644172424816968,12,0.8095238095238095,,,397.0
C_r201101_tau6,C,200000,980,6.250230227349646,13.233495533472096,24.46666666666667,0.4081632653061224,4.885618083164127,9.79869268479038,14.973720043001688,0.948599173636526,531.6786985311535,74435.0177943615,0.0816326530612244,37.29953907801246,4,0.0922249196591067,1,0.2857142857142857,1,3.697977940333844,8.28242335923762,12,0.7857142857142857,,,405.0
C_r201101_tau6,C,200001,980,6.020874232268988,13.00917355199688,23.15436414115188,0.4030612244897959,4.885618083164127,9.79869268479038,13.522072617464689,0.7148427040855402,484.7870913517567,67870.19278924594,0.0693877551020408,30.555336711957352,4,0.0694985962305386,0,1.1428571428571428,2,5.181576675502522,9.595420403024828,12,0.8095238095238095,,,398.0
C_r201101_tau6,C,200002,980,6.4365988296380445,13.44952399970607,23.14073271550705,0.3928571428571428,4.885618083164127,10.02416822037993,14.174026122351618,0.9324238289533686,565.8911944990372,79224.7672298652,0.0795918367346938,45.50242392929795,7,0.0906523167037997,1,1.1428571428571428,2,5.913406567104435,10.644172424816968,12,0.8214285714285714,,,397.0
C_r201101_tau7,C,200000,980,6.455404637329077,13.438669943451526,24.6548169613158,0.3816326530612245,4.885618083164127,10.135711811788756,16.699503575293374,0.9921450554546398,567.4074580780604,79437.04413092845,0.0846938775510204,48.48098705846496,4,0.0964585470580899,1,0.5714285714285714,2,3.752450203612158,8.757283188833194,12,0.7380952380952381,,,405.0
C_r201101_tau7,C,200001,980,6.142168063099653,13.130467382827543,23.15436414115188,0.3836734693877551,4.885618083164127,9.79869268479038,13.666666666666666,0.6612560533794081,505.1683064974817,70723.56290964744,0.0693877551020408,29.91246665666404,4,0.0642887829674424,0,0.7142857142857143,2,6.3449794960872365,10.961629202153402,12,0.8452380952380952,,,394.0
C_r201101_tau7,C,200002,980,6.635626244910196,13.648551414978222,23.58625945021149,0.3673469387755102,4.885618083164127,10.187660969524543,15.249082149978106,0.9978749742750608,600.5946367371411,84083.24914319975,0.0857142857142857,48.07760767623404,7,0.0970156224989642,1,1.2857142857142858,3,5.716703467251054,10.647977598623784,12,0.8571428571428571,,,395.0
C_r201101_tau8,C,200000,980,8.176423539616453,15.1596888457389,31.036619358970995,0.3020408163265306,6.771236166328253,15.1405419372438,24.80514160977452,2.055385678273791,895.6889099377483,125396.44739128476,0.1346938775510204,59.78081046173611,5,0.1998291631655074,2,1.0,2,3.6143667251691696,10.162883063519343,12,0.7976190476190477,,,391.0
C_r201101_tau8,C,200001,980,9.577361792026574,16.565661111754466,42.4836456864323,0.2938775510204082,5.98142396999972,17.348236146683856,36.97914084919522,3.461028025901121,1174.016785690935,164362.3499967309,0.1408163265306122,103.19798848675418,10,0.3364888358514979,2,3.857142857142857,7,4.255725651619853,13.158269404467667,12,0.8333333333333334,,,392.0
C_r201101_tau8,C,200002,980,9.752554459074537,16.765479629142565,37.91064042636274,0.2948979591836734,6.771236166328253,19.94700638811643,29.92013753006657,3.72234333336055,1209.476508221929,169326.71115107005,0.1785714285714285,97.41948094128747,10,0.3618944907433868,2,3.0,6,8.373913356487535,15.75010082903483,12,0.8214285714285714,,,393.0
C_r210000_tau4,C,200000,980,6.725890381449242,13.709155687571691,26.19437690428267,0.4030612244897959,4.885618083164127,9.79869268479038,18.021065380100943,1.448299859163389,625.6294328704531,87588.12060186344,0.0765306122448979,54.623686655620986,8,0.1408069307519961,7,1.7142857142857142,7,3.457843924492168,8.961250926901572,12,0.8333333333333334,,,227.0
C_r210000_tau4,C,200001,980,6.48103781198003,13.46933713170792,24.241269193127067,0.4010204081632653,4.885618083164127,9.666666666666668,14.33972841516775,1.2595308685577038,576.4116440286587,80697.63016401221,0.0622448979591836,75.3262894212603,6,0.1224543899986656,2,3.2857142857142856,6,4.072802476320723,9.095888289286156,12,0.8809523809523809,,,226.0
C_r210000_tau4,C,200002,980,7.409330284578328,14.422255454646356,26.175850287207783,0.3979591836734694,4.885618083164127,10.774602526460402,19.69593080468069,2.079010587957489,761.4309898566443,106600.3385799302,0.0948979591836734,112.1432767385777,8,0.2021260293847558,2,3.2857142857142856,7,7.171744990886396,12.35179838591854,12,0.8571428571428571,,,226.0
C_r210000_tau5,C,200000,980,6.844549433932068,13.827814740054515,27.528147651906707,0.4,4.885618083164127,9.79869268479038,19.87052076175052,1.5518625944410331,648.748998469059,90824.85978566825,0.0816326530612244,54.623686655620986,8,0.1508755300151004,7,1.8571428571428568,7,3.457843924492168,8.961250926901572,12,0.8333333333333334,,,227.0
C_r210000_tau5,C,200001,980,6.491539858299583,13.479839178027474,24.241269193127067,0.4,4.885618083164127,9.666666666666668,14.33972841516775,1.2595308685577038,578.3079716599166,80963.11603238832,0.0622448979591836,75.3262894212603,6,0.1224543899986656,2,3.2857142857142856,6,4.072802476320723,9.095888289286156,12,0.8809523809523809,,,226.0
C_r210000_tau5,C,200002,980,7.371148483852692,14.384073653920716,25.23930114704679,0.3959183673469387,4.885618083164127,10.23965802120746,18.98387090366542,2.031579882072468,753.3864664462109,105474.10530246951,0.0938775510204081,112.1432767385777,8,0.1975147107570455,2,3.142857142857143,7,7.0716883578125165,12.294781562147495,12,0.8333333333333334,,,227.0
C_r210000_tau6,C,200000,980,6.797915958463708,13.781181264586158,27.24569808323278,0.3989795918367347,4.885618083164127,9.79869268479038,18.44096496205818,1.5082107909412357,639.2182217427342,89490.55104398278,0.0806122448979591,54.623686655620986,8,0.1466316046748423,7,1.7142857142857142,7,3.117142725368791,8.620549727778196,12,0.8214285714285714,,,227.0
C_r210000_tau6,C,200001,980,6.491539858299583,13.479839178027474,24.241269193127067,0.4,4.885618083164127,9.666666666666668,14.33972841516775,1.2595308685577038,578.3079716599166,80963.11603238832,0.0622448979591836,75.3262894212603,6,0.1224543899986656,2,3.2857142857142856,6,4.072802476320723,9.095888289286156,12,0.8809523809523809,,,226.0
C_r210000_tau6,C,200002,980,7.401461830562093,14.41438700063012,26.175850287207783,0.396938775510204,4.885618083164127,10.774602526460402,19.69593080468069,2.071904002739,759.6532174207443,106351.4504389042,0.0948979591836734,112.1432767385777,8,0.2014351113774027,2,3.142857142857143,7,7.114728167115352,12.294781562147495,12,0.8571428571428571,,,226.0
C_r210000_tau7,C,200000,980,6.795068017497934,13.778333323620382,27.24569808323278,0.396938775510204,4.885618083164127,9.79869268479038,18.44096496205818,1.4774233354529964,638.2404702842732,89353.66583979825,0.0816326530612244,54.623686655620986,8,0.1436383798357079,7,1.7142857142857142,7,3.089579697044135,8.620549727778196,12,0.8214285714285714,,,227.0
C_r210000_tau7,C,200001,980,6.494281364919804,13.482580684647694,24.241269193127067,0.3989795918367347,4.885618083164127,9.666666666666668,14.33972841516775,1.2595308685577038,578.6521913513076,81011.30678918306,0.0622448979591836,75.3262894212603,6,0.1224543899986656,2,3.2857142857142856,6,4.030259098439142,9.095888289286156,12,0.8809523809523809,,,226.0
C_r210000_tau7,C,200002,980,7.439622833707842,14.452548003775869,26.175850287207783,0.396938775510204,4.885618083164127,10.841500123208627,19.144701381430448,2.0942243709838557,767.2854180498939,107419.95852698517,0.0959183673469387,112.1432767385777,8,0.2036051471789859,2,3.142857142857143,7,7.020999530342518,12.294781562147495,12,0.8571428571428571,,,227.0
C_r210000_tau8,C,200000,980,9.455106486417815,16.438371792540266,44.89050059851992,0.3122448979591837,4.885618083164127,19.669314525484836,38.265600883941566,3.548044698582319,1153.4702768754,161485.838762556,0.1510204081632653,73.08884756511543,8,0.3449487901399477,6,2.2857142857142856,6,4.912696955254313,12.438842970608874,12,0.8214285714285714,,,221.0
C_r210000_tau8,C,200001,980,10.982179900847765,17.970479220575655,49.76459848856047,0.286734693877551,5.98142396999972,25.099757861037947,43.34044685194978,4.98469458310729,1453.6355084331733,203508.97118064424,0.1530612244897959,119.41754608554038,10,0.4846230844687643,2,5.571428571428571,9,3.3841939917092247,13.182325806131956,12,0.8690476190476191,,,226.0
C_r210000_tau8,C,200002,980,13.04287427403674,20.055799444104768,63.02457571371132,0.2969387755102041,6.19199860078187,28.95988460290007,57.445535041154734,7.137505441906704,1867.902279729516,261506.31916213225,0.1918367346938775,173.40246603562264,15,0.693924140185374,3,7.142857142857143,13,12.083779105966906,21.467069388720667,12,0.8571428571428571,,,225.0
C_r210001_tau4,C,200000,980,8.466663834388438,15.449929140510886,42.26260852142338,0.3816326530612245,4.885618083164127,15.35692832327889,34.50973212962943,2.9454289186707574,969.6592974899322,135752.3016485905,0.1193877551020408,65.08424583033047,10,0.2863611448707681,7,2.4285714285714284,7,3.60395669952424,10.602053143046886,12,0.8690476190476191,,,309.0
C_r210001_tau4,C,200001,980,8.601111404284614,15.589410724012506,41.1487986970326,0.3816326530612245,4.885618083164127,13.746897287982591,35.64270443912972,3.199743428358785,996.548811469168,139516.8336056835,0.1122448979591836,83.95816695605026,8,0.311086166645993,3,4.714285714285714,8,3.9683775465268,11.003498322305417,12,0.8690476190476191,,,308.0
C_r210001_tau4,C,200002,980,8.114527261693704,15.12745243176173,31.28148186126716,0.3826530612244898,4.885618083164127,13.903169806632915,24.446366739573083,2.607849709638678,899.3488306100505,125908.83628540707,0.1306122448979592,100.5192135796533,10,0.2535409439926492,4,3.571428571428572,5,8.862200464747168,15.110746622660814,12,0.8214285714285714,,,307.0
C_r210001_tau5,C,200000,980,8.629254286024924,15.612519592147372,42.45282303642044,0.3775510204081632,4.885618083164127,16.041766165696163,35.07036663128765,3.096840238884018,1001.3610612866174,140190.54858012643,0.1214285714285714,79.07430904582725,10,0.3010816898915018,8,2.857142857142857,8,3.617879260118414,10.696715952911532,12,0.8571428571428571,,,309.0
C_r210001_tau5,C,200001,980,8.61011889038572,15.59841821011361,41.1487986970326,0.3816326530612245,4.885618083164127,13.746897287982591,35.64270443912972,3.208259553764078,998.3503086893888,139769.04321651443,0.1142857142857142,83.95816695605026,8,0.3119141232826187,3,4.714285714285714,8,4.056032668502755,11.091153444281373,12,0.8690476190476191,,,308.0
C_r210001_tau5,C,200002,980,8.046712818168054,15.05963798823608,30.13732854959749,0.3816326530612245,4.885618083164127,13.68994005069092,23.663901333617023,2.5319320633585374,885.5818602722677,123981.46043811749,0.1306122448979592,100.5192135796533,10,0.2461600617154133,4,3.4285714285714284,5,9.03543357208526,15.110746622660814,12,0.8214285714285714,,,307.0
C_r210001_tau6,C,200000,980,8.623380500964426,15.606645807086876,42.26260852142338,0.3755102040816326,4.885618083164127,16.30175432026488,35.07036663128765,3.0841452380918706,999.7781410092116,139968.93974128962,0.1224489795918367,79.07430904582725,10,0.2998474537033763,8,2.7142857142857144,8,3.563001853036972,10.669744506071156,12,0.8571428571428571,,,309.0
C_r210001_tau6,C,200001,980,8.609594290462143,15.597893610190033,41.1487986970326,0.3806122448979592,4.885618083164127,14.495539539622252,35.64270443912972,3.2053078896208143,998.0413070720203,139725.78299008287,0.1163265306122448,83.95816695605026,8,0.3116271559353569,3,4.714285714285714,8,4.056032668502755,11.091153444281373,12,0.8690476190476191,,,308.0
C_r210001_tau6,C,200002,980,8.102797962986449,15.115723133054477,30.13732854959749,0.3846938775510204,4.885618083164127,14.334746667560484,23.663901333617023,2.597922875869276,897.3532757409314,125629.4586037304,0.136734693877551,100.5192135796533,10,0.2525758351539574,4,3.571428571428572,5,9.05661784067996,15.110746622660814,12,0.8333333333333334,,,309.0
C_r210001_tau7,C,200000,980,9.536450442113612,16.51971574823606,47.1523197114773,0.3551020408163265,4.885618083164127,22.343382400237054,40.71863868991112,3.913187177088697,1178.149608268633,164940.94515760863,0.1428571428571428,79.9844988581026,10,0.3804487533280677,8,3.7142857142857135,8,4.755483522333577,12.374089614318756,12,0.8690476190476191,,,309.0
C_r210001_tau7,C,200001,980,10.255094134393218,17.243393454121108,50.4912388904003,0.3653061224489796,4.885618083164127,22.864980839742262,43.80618897044112,4.828325412667047,1323.8833672342346,185343.67141279284,0.1438775510204081,121.06859304398677,10,0.4694205262315184,4,6.571428571428571,10,4.689768172434622,13.796976190627472,12,0.8690476190476191,,,308.0
C_r210001_tau7,C,200002,980,8.649270583508365,15.662195753576391,33.67698536160535,0.3683673469387755,4.885618083164127,16.778800904709318,25.221454758334648,3.0522057881103564,1003.4428239027384,140481.99534638337,0.1510204081632653,105.3320334523014,10,0.296742229399618,4,3.857142857142857,5,10.460531187098788,16.686827324169528,12,0.8452380952380952,,,308.0
C_r210001_tau8,C,200000,980,10.879315650244262,17.86258095636671,49.69394702898929,0.286734693877551,6.771236166328253,29.96850237364448,42.89342242574427,4.704830763589416,1433.0509775863263,200627.1368620857,0.1948979591836734,75.46668272221723,8,0.4574141020156377,4,1.7142857142857142,4,3.839860136104331,13.309940374718328,12,0.8095238095238095,,,306.0
C_r210001_tau8,C,200001,980,13.880711724380411,20.8690110441083,61.80421450917932,0.2642857142857143,7.216370213557839,38.10979282200786,53.69093663929991,7.737945836452149,2028.6580940095428,284012.133161336,0.2306122448979591,123.15520136298436,10,0.7523002896550701,4,6.428571428571429,10,6.042157568274083,17.86184836525764,12,0.8214285714285714,,,307.0
C_r210001_tau8,C,200002,980,14.454887594559946,21.46781276462797,68.41840773542098,0.2897959183673469,6.771236166328253,39.19980687008911,60.85034213267769,8.311678495162095,2148.79673264878,300831.5425708291,0.2255102040816326,161.34835557689075,15,0.8080798536963147,3,5.857142857142857,11,15.4282813783808,26.11675521635432,12,0.8095238095238095,,,307.0
C_r210100_tau4,C,200000,980,6.903246281500214,13.886511587622664,27.7367443562569,0.3959183673469387,4.885618083164127,10.137116484893196,21.501004428661723,1.5510262924060878,659.8329297694306,92376.61016772028,0.086734693877551,53.09700989453995,9,0.1507942228728141,7,1.2857142857142858,7,3.1754164419375623,8.585792257861412,12,0.8095238095238095,,,310.0
C_r210100_tau4,C,200001,980,6.456144386574796,13.444443706302687,24.617149235257617,0.3989795918367347,4.885618083164127,9.79869268479038,15.490966304010566,1.1372532860598674,571.0247956823059,79943.47139552282,0.0683673469387755,43.913436318180175,6,0.1105662917002648,2,2.4285714285714284,5,4.685004406258086,9.573006527016478,12,0.8690476190476191,,,307.0
C_r210100_tau4,C,200002,980,7.348924986886972,14.361850156955,27.23390510923856,0.3979591836734694,4.885618083164127,11.641578219215653,19.308420596614503,1.947583420688096,749.349930318373,104908.9902445722,0.0989795918367346,90.50242392929796,9,0.1893483881224537,2,2.857142857142857,5,8.994881478703016,14.256261691942886,12,0.8571428571428571,,,310.0
C_r210100_tau5,C,200000,980,6.908855949018061,13.89212125514051,27.7367443562569,0.3948979591836735,4.885618083164127,10.137116484893196,21.501004428661723,1.5510262924060878,660.750781640347,92505.10942964858,0.086734693877551,53.09700989453995,9,0.1507942228728141,7,1.2857142857142858,7,3.119319766759092,8.585792257861412,12,0.8095238095238095,,,310.0
C_r210100_tau5,C,200001,980,6.369053568085305,13.357352887813198,24.241269193127067,0.3959183673469387,4.885618083164127,9.79869268479038,14.947286036719692,1.0536193399767082,552.9943870864487,77419.21419210281,0.0673469387755102,43.10490830730123,6,0.1024352136088466,2,2.2857142857142856,4,4.743206911620518,9.573006527016478,12,0.8809523809523809,,,307.0
C_r210100_tau5,C,200002,980,7.299147863753902,14.31207303382193,27.145260381992244,0.3979591836734694,4.885618083164127,11.17644913369297,19.031856643853114,1.9097743273378596,739.3945056917589,103515.23079684624,0.096938775510204,90.50242392929796,9,0.1856725040467363,2,2.571428571428572,5,9.12540419435545,14.256261691942886,12,0.8571428571428571,,,310.0
C_r210100_tau6,C,200000,980,6.936915760694444,13.920181066816896,27.80523535934615,0.3928571428571428,4.885618083164127,10.207423317558977,21.501004428661723,1.5611377545842384,665.9545807103174,93233.64129944444,0.0887755102040816,53.09700989453995,9,0.1517772816956898,7,1.2857142857142858,7,3.152834067623025,8.619306558725345,12,0.8095238095238095,,,310.0
C_r210100_tau6,C,200001,980,6.369053568085305,13.357352887813198,24.241269193127067,0.3959183673469387,4.885618083164127,9.79869268479038,14.947286036719692,1.0536193399767082,552.9943870864487,77419.21419210281,0.0673469387755102,43.10490830730123,6,0.1024352136088466,2,2.2857142857142856,4,4.743206911620518,9.573006527016478,12,0.8809523809523809,,,307.0
C_r210100_tau6,C,200002,980,7.573064385384485,14.585989555452512,27.396185868801627,0.3897959183673469,4.885618083164127,12.428090415820634,20.11637600840302,2.1523896431417264,792.5720607503664,110960.0885050513,0.1051020408163265,95.36665682977764,9,0.2092601041943345,2,2.7142857142857144,5,8.713346618941092,14.256261691942886,12,0.8690476190476191,,,311.0
C_r210100_tau7,C,200000,980,7.251685080895462,14.234950387017912,30.915746132971908,0.3714285714285714,4.885618083164127,11.170038621189756,22.369309984211505,1.812716980628614,724.6227304648066,101447.18226507292,0.0989795918367346,69.1700843336439,8,0.1762363731166708,6,1.4285714285714286,6,3.2122001234420816,8.93827602964096,12,0.8095238095238095,,,309.0
C_r210100_tau7,C,200001,980,7.2683720904249345,14.256671410152824,31.49059469577898,0.3877551020408163,4.885618083164127,10.797142273814368,25.569916862953164,1.9832572176375984,731.22543849315,102371.561389041,0.0877551020408163,72.23458084703452,7,0.1928166739369887,1,3.857142857142857,6,3.523712159829717,9.62178436917427,12,0.8690476190476191,,,310.0
C_r210100_tau7,C,200002,980,7.885416714001743,14.898341884069769,28.82142111592628,0.363265306122449,4.885618083164127,13.204844006454785,23.13329763383564,2.374667058593354,849.6760738449657,118954.6503382952,0.1265306122448979,98.34469439840176,9,0.2308704084743538,3,3.142857142857143,5,8.53038212810464,14.587987353754782,12,0.8452380952380952,,,309.0
C_r210100_tau8,C,200000,980,8.365191885274918,15.348457191397369,35.51710890974961,0.3020408163265306,5.98142396999972,16.73666653827415,27.186146881356123,2.461599186444585,933.0906341809632,130632.68878533486,0.1448979591836734,75.46668272221723,8,0.2393221431265569,4,0.7142857142857143,4,2.6852743416330043,10.079868616880225,12,0.75,,,305.0
C_r210100_tau8,C,200001,980,9.670455795419002,16.658755115146892,41.92268416180699,0.2857142857142857,5.98142396999972,22.267575478793884,34.72881167925714,3.647857507158224,1191.2340162266576,166772.76227173206,0.1632653061224489,73.0386975631991,7,0.3546528131959385,2,3.7142857142857135,6,3.018199365033217,11.888026413893732,12,0.7857142857142857,,,308.0
C_r210100_tau8,C,200002,980,11.663732095092485,18.676657265160507,53.26664636520679,0.2938775510204082,6.771236166328253,23.56899470295942,45.31679866199686,5.641485562045013,1591.35556799682,222789.77951955484,0.1826530612244898,155.74641751252057,14,0.5484777629765984,1,4.571428571428571,11,11.354228522731905,20.101294528873723,12,0.8333333333333334,,,310.0
C_r210101_tau4,C,200000,980,6.881294118911134,13.864559425033583,27.500235109323096,0.386734693877551,4.885618083164127,11.0,20.725283026533585,1.4467602449885335,653.605762557737,91504.80675808316,0.0989795918367346,52.32369715451205,6,0.1406572460405518,2,0.4285714285714285,2,3.658809547655135,8.949052578133283,12,0.8333333333333334,,,393.0
C_r210101_tau4,C,200001,980,7.842275639740554,14.830574959468446,38.81829387781648,0.3938775510204081,4.885618083164127,12.455962692809312,32.11463326944146,2.526806647225325,847.2306381521925,118612.28934130694,0.110204081632653,77.66795588169771,7,0.2456617573691288,1,4.0,7,3.9681144088574074,10.40012537137235,12,0.8333333333333334,,,394.0
C_r210101_tau4,C,200002,980,7.119104463202873,14.132029633270902,28.356451349571564,0.386734693877551,4.885618083164127,12.517299106700523,20.766751799673443,1.5785457905605171,701.0761850783431,98150.66591096802,0.1081632653061224,62.48388588101079,8,0.153469729637828,5,2.142857142857143,5,6.360509553974773,11.613119946682744,12,0.8214285714285714,,,388.0
C_r210101_tau5,C,200000,980,6.886903786428982,13.87016909255143,27.500235109323096,0.3857142857142857,4.885618083164127,11.0,20.725283026533585,1.4467602449885335,654.5236144286533,91633.30602001146,0.0989795918367346,52.32369715451205,6,0.1406572460405518,2,0.4285714285714285,2,3.602712872476663,8.949052578133283,12,0.8333333333333334,,,393.0
C_r210101_tau5,C,200001,980,7.796332801952181,14.78463212168007,36.23363175667794,0.3938775510204081,4.885618083164127,12.290420767328124,28.031298841670537,2.5146501680051467,838.0420705945179,117325.8898832325,0.1122448979591836,98.89965316851158,8,0.2444798774449448,2,4.285714285714286,8,4.169203620242432,10.40012537137235,12,0.8333333333333334,,,392.0
C_r210101_tau5,C,200002,980,7.0920736231768,14.104998793244828,27.06125742136477,0.3877551020408163,4.885618083164127,12.428090415820634,20.09466019106524,1.5475245205122352,695.8740987057814,97422.3738188094,0.1061224489795918,62.48388588101079,8,0.1504537728275784,5,1.8571428571428568,5,6.448109040157399,11.613119946682744,12,0.8333333333333334,,,387.0
C_r210101_tau6,C,200000,980,6.905617824444985,13.888883130567432,27.500235109323096,0.3826530612244898,4.885618083164127,11.110350040397623,20.735469125569505,1.4298896542098878,657.6541771338949,92071.58479874529,0.1,52.32369715451205,6,0.1390170497148502,2,0.4285714285714285,2,3.244884120867977,8.591223826524597,12,0.8214285714285714,,,394.0
C_r210101_tau6,C,200001,980,7.827735967909902,14.816035287637792,36.319463031516456,0.3918367346938775,4.885618083164127,12.455962692809312,28.59143161672741,2.531702779129046,843.9145405207558,118148.03567290584,0.1122448979591836,98.89965316851158,8,0.2461377701931016,2,4.285714285714286,8,4.169203620242432,10.40012537137235,12,0.8333333333333334,,,392.0
C_r210101_tau6,C,200002,980,7.133049625536973,14.145974795605,27.815447971942877,0.3877551020408163,4.885618083164127,12.57756586449509,20.258415905771127,1.6041461456470083,704.0114407848415,98561.6017098778,0.110204081632653,62.48388588101079,8,0.1559586530490147,5,2.142857142857143,5,6.3149770221000905,11.613119946682744,12,0.8571428571428571,,,390.0
C_r210101_tau7,C,200000,980,7.320759557378367,14.304024863500818,28.688539486942823,0.3571428571428571,4.885618083164127,13.413666234542204,22.44217915069628,1.739703373242498,735.5804829042448,102981.26760659428,0.1183673469387755,56.45049571927666,6,0.1691378279541317,3,1.2857142857142858,3,3.42032826594755,9.296294688852528,12,0.8452380952380952,,,392.0
C_r210101_tau7,C,200001,980,8.17791638299182,15.16621570271971,35.07195029363597,0.3683673469387755,4.885618083164127,13.15436414115188,27.97766028947111,2.830167772819097,909.256745986119,127295.94443805666,0.1173469387755102,103.38739437818732,8,0.27515520013519,2,4.285714285714286,8,3.912765377363845,10.877799767662804,12,0.8571428571428571,,,391.0
C_r210101_tau7,C,200002,980,7.623110487676037,14.636035657744063,30.24183109553887,0.3581632653061224,4.885618083164127,13.15436414115188,22.643162913543566,1.9138183362553405,796.2547505964318,111475.66508350044,0.1265306122448979,60.532685385296645,9,0.1860656715803803,3,1.8571428571428568,3,6.680015163957227,12.3459327957489,12,0.8333333333333334,,,391.0
C_r210101_tau8,C,200000,980,9.081256033722749,16.064521339845196,37.49024399773565,0.2897959183673469,6.771236166328253,21.548437135467832,29.776617908858668,2.946138070001904,1074.013575516729,150361.900572342,0.1816326530612245,54.623686655620986,7,0.286430090139074,0,0.2857142857142857,1,3.4641791858793844,11.565504227836133,12,0.7738095238095238,,,393.0
C_r210101_tau8,C,200001,980,10.54456753884179,17.53286685856968,45.97840471045196,0.2540816326530612,7.216370213557839,26.65495989930226,37.61702818138478,4.248285008146893,1359.72983429897,190362.17680185585,0.1908163265306122,77.78435410538805,9,0.4130277091253923,1,2.7142857142857144,5,6.641151530802645,15.957930593529191,12,0.8214285714285714,,,393.0
C_r210101_tau8,C,200002,980,10.478383423632256,17.491308593700285,43.25080223898091,0.2959183673469387,6.771236166328253,21.45280173363286,37.07261544306007,4.369070567324354,1354.7203882591602,189660.8543562824,0.1806122448979591,92.28483980728925,11,0.4247707496009789,0,1.8571428571428568,5,11.134701651390248,19.414257941684976,12,0.7738095238095238,,,395.0
C_r211000_tau4,C,200000,980,6.401400323575761,13.38466562969821,24.584832538377736,0.4061224489795918,4.885618083164127,9.79869268479038,14.8624179530715,1.0795743275149572,561.5045545110706,78610.63763154988,0.0724489795918367,54.623686655620986,6,0.1049586151750652,5,1.2857142857142858,5,3.676203438942841,8.674570478719353,12,0.8452380952380952,,,314.0
C_r211000_tau4,C,200001,980,6.133918504621851,13.122217824349743,22.158516013598323,0.3959183673469387,4.885618083164127,9.666666666666668,12.428090415820634,0.8568012481719275,505.9243375726053,70829.40726016475,0.0551020408163265,43.913436318180175,5,0.0833001213500485,2,2.4285714285714284,5,4.106269662316812,8.888056835110138,12,0.8809523809523809,,,309.0
C_r211000_tau4,C,200002,980,7.317811547323723,14.33073671739175,24.757654847204183,0.3938775510204081,4.885618083164127,9.79869268479038,17.237572343406804,1.999754126562053,742.3109158751109,103923.52822251552,0.0897959183673469,112.1432767385777,8,0.1944205400824218,2,3.2857142857142856,7,7.188174175973522,12.35179838591854,12,0.8452380952380952,,,311.0
C_r211000_tau5,C,200000,980,6.579870791083169,13.563136097205616,25.265165538406613,0.4030612244897959,4.885618083164127,9.79869268479038,16.151457469740826,1.2476721326236029,596.5864031145929,83522.09643604301,0.0795918367346938,54.623686655620986,6,0.1213014573384058,5,1.5714285714285714,5,3.475129235480164,8.832990077648592,12,0.8452380952380952,,,313.0
C_r211000_tau5,C,200001,980,6.099840006812287,13.088139326540178,22.158516013598323,0.3938775510204081,4.885618083164127,9.666666666666668,12.442026554314957,0.7676692575918498,498.7004747453862,69818.06646435407,0.0510204081632653,42.75523496153619,5,0.0746345111547631,2,2.142857142857143,4,4.210899252655439,8.90149283369559,12,0.8809523809523809,,,309.0
C_r211000_tau5,C,200002,980,7.263605722181084,14.276530892249111,24.31255294492371,0.3959183673469387,4.885618083164127,9.79869268479038,16.10019469956233,1.9562488819483184,731.877914111889,102462.90797566446,0.086734693877551,112.1432767385777,8,0.1901908635227531,2,3.0,7,7.345122118443603,12.35179838591854,12,0.8333333333333334,,,311.0
C_r211000_tau6,C,200000,980,6.573930615927909,13.557195922050358,25.265165538406613,0.4030612244897959,4.885618083164127,9.79869268479038,15.62438280051188,1.233816060643095,595.398368083541,83355.77153169573,0.0775510204081632,54.623686655620986,6,0.1199543392291897,5,1.4285714285714286,5,3.134428036356786,8.492288878525214,12,0.8333333333333334,,,313.0
C_r211000_tau6,C,200001,980,6.1020652713220445,13.090364591049935,22.158516013598323,0.3928571428571428,4.885618083164127,9.666666666666668,12.442026554314957,0.7698945221016068,498.9414460146845,69851.80244205584,0.0520408163265306,42.75523496153619,5,0.0748508563154339,2,2.142857142857143,4,4.191600498500025,8.90149283369559,12,0.8809523809523809,,,309.0
C_r211000_tau6,C,200002,980,7.257630584468063,14.27055575453609,24.31255294492371,0.3959183673469387,4.885618083164127,9.79869268479038,16.10019469956233,1.9562488819483184,730.682886569285,102295.6041196999,0.086734693877551,112.1432767385777,8,0.1901908635227531,2,3.0,7,7.345122118443603,12.35179838591854,12,0.8452380952380952,,,311.0
C_r211000_tau7,C,200000,980,6.593890876777248,13.5771561828997,25.265165538406613,0.4020408163265306,4.885618083164127,9.79869268479038,15.62438280051188,1.253871145561796,599.1863386207557,83886.0874069058,0.0795918367346938,54.623686655620986,6,0.1219041391518412,5,1.4285714285714286,5,3.134428036356786,8.492288878525214,12,0.8333333333333334,,,313.0
C_r211000_tau7,C,200001,980,6.1020652713220445,13.090364591049935,22.158516013598323,0.3928571428571428,4.885618083164127,9.666666666666668,12.442026554314957,0.7698945221016068,498.9414460146845,69851.80244205584,0.0520408163265306,42.75523496153619,5,0.0748508563154339,2,2.142857142857143,4,4.191600498500025,8.90149283369559,12,0.8809523809523809,,,309.0
C_r211000_tau7,C,200002,980,7.209544517480461,14.222469687548488,24.25980434625362,0.3938775510204081,4.885618083164127,9.79869268479038,17.237572343406804,1.8461649198896783,720.6575099064586,100892.0513869042,0.086734693877551,100.36576440609495,8,0.1794882561003854,2,3.142857142857143,7,7.241108823226317,12.299460093226855,12,0.8452380952380952,,,311.0
C_r211000_tau8,C,200000,980,7.835753124822704,14.819018430945151,30.543764978334764,0.3153061224489796,5.124032464038305,12.734251606294716,24.69325993124769,1.901330146856151,830.0150345530466,116202.10483742652,0.1132653061224489,56.53074129803281,6,0.1848515420554591,4,1.0,4,3.215297568064604,10.13305185038561,12,0.8214285714285714,,,305.0
C_r211000_tau8,C,200001,980,8.709056762309714,15.697356082037608,37.449695205016326,0.3132653061224489,4.885618083164127,13.85043034073748,29.896371940774003,2.909864104185292,1004.267953281221,140597.51345937094,0.123469387755102,99.14346014877084,7,0.2829034545735701,4,4.428571428571429,6,3.701400233243043,10.760097088461514,12,0.8928571428571429,,,307.0
C_r211000_tau8,C,200002,980,9.715754615464409,16.72867978553244,38.95449905230428,0.2836734693877551,6.771236166328253,19.06218813569284,32.76202342944887,3.666363010403408,1199.8856169704331,167983.98637586064,0.1591836734693877,102.5834749731439,10,0.3564519593447758,3,3.7142857142857135,7,8.819731916967422,16.90608761146204,12,0.8571428571428571,,,308.0
C_r211001_tau4,C,200000,980,8.069458875795778,15.05272418191823,37.691305565173856,0.3795918367346939,4.885618083164127,14.497825758149656,30.16026565706777,2.5394487886674755,889.8101425060943,124573.4199508532,0.1173469387755102,98.92618454217882,8,0.2468908544537823,6,2.142857142857143,6,3.5986647989481746,10.07508831321766,12,0.8690476190476191,,,393.0
C_r211001_tau4,C,200001,980,9.715209401303037,16.70350872103093,49.771051313996864,0.3693877551020408,4.885618083164127,16.727506854649334,42.79760359377429,4.284558489922532,1216.8763944598627,170362.6952243808,0.1193877551020408,104.8788500907176,9,0.4165542976313573,3,6.142857142857143,9,4.698202011502403,13.09275522996088,12,0.8690476190476191,,,394.0
C_r211001_tau4,C,200002,980,7.971801859304725,14.984727029372754,30.121303628534577,0.376530612244898,4.885618083164127,13.621940632413583,23.451936629909536,2.4320662794648213,869.6395905162093,121749.5426722693,0.1183673469387755,98.02614320330032,9,0.236450888281302,4,3.571428571428572,5,8.295089849398408,14.175283406124128,12,0.8333333333333334,,,389.0
C_r211001_tau5,C,200000,980,8.059327284518726,15.042592590641174,38.97018114171392,0.3806122448979592,4.885618083164127,14.497825758149656,31.827400723962164,2.548275934898095,887.9879058833369,124318.30682366715,0.1173469387755102,69.1700843336439,9,0.2477490492262036,6,2.142857142857143,6,3.641470587918305,10.07508831321766,12,0.8571428571428571,,,393.0
C_r211001_tau5,C,200001,980,9.352494120696493,16.34079344042438,46.97114270032474,0.3704081632653061,4.885618083164127,14.92569587999888,41.38707242344469,3.919743924565053,1144.5374199712066,160235.23879596894,0.1183673469387755,96.76529764755104,8,0.381086214888269,3,5.714285714285714,8,4.624093705823563,12.342101737030251,12,0.8690476190476191,,,394.0
C_r211001_tau5,C,200002,980,7.968966203945539,14.981891374013566,29.640494035153523,0.3744897959183673,4.885618083164127,13.666666666666666,23.451936629909536,2.4103072850031264,868.6642961790658,121613.00146506922,0.1173469387755102,98.02614320330032,9,0.234335430486415,4,3.571428571428572,5,8.251384935243031,14.175283406124128,12,0.8333333333333334,,,389.0
C_r211001_tau6,C,200000,980,8.165963280309166,15.149228586431612,38.51639269436247,0.3775510204081632,4.885618083164127,14.95817939159286,30.694232509369687,2.6620316041151937,908.7028601434656,127218.4004200852,0.1214285714285714,69.1700843336439,9,0.258808628177866,6,2.142857142857143,6,3.5964202853021536,10.0853085391551,12,0.8452380952380952,,,393.0
C_r211001_tau6,C,200001,980,9.04861487067897,16.03691419040686,45.70321166355499,0.373469387755102,4.885618083164127,13.438966277754655,39.77811428648688,3.630990255369368,1084.3738148656612,151812.33408119256,0.1132653061224489,85.85851789804292,8,0.353012941494244,3,5.571428571428571,8,3.968818323090897,11.245732702275696,12,0.8690476190476191,,,394.0
C_r211001_tau6,C,200002,980,7.872195655707593,14.88512082577562,28.78654275362729,0.3806122448979592,4.885618083164127,13.666666666666666,23.06722401514156,2.346717002493824,850.534676327395,119074.85468583532,0.1204081632653061,98.02614320330032,9,0.2281530419091217,4,3.4285714285714284,5,8.404564983137398,14.27760067598074,12,0.8333333333333334,,,392.0
C_r211001_tau7,C,200000,980,9.380502010690098,16.363767316812545,47.58082399774384,0.373469387755102,4.885618083164127,19.77622539082262,40.79791467838965,3.8627100784859594,1150.7942796890395,161111.19915646556,0.1377551020408163,87.65376836558426,9,0.3755412576305793,6,3.857142857142857,6,4.813293924159316,12.468759482392969,12,0.8809523809523809,,,395.0
C_r211001_tau7,C,200001,980,10.66035515699798,17.648654476725874,54.27606125250729,0.3653061224489796,4.885618083164127,19.864346808357286,47.64402656897887,5.2220408055557135,1405.089219068239,196712.49066955343,0.1285714285714285,123.15520136298436,11,0.50769841165125,4,7.0,11,4.469616005385936,14.112943439629154,12,0.8690476190476191,,,394.0
C_r211001_tau7,C,200002,980,8.42501836207397,15.437943532141997,32.91336589012375,0.3663265306122449,4.885618083164127,14.92373120884261,26.701281249122967,2.8398698472035013,958.268978537243,134157.65699521403,0.136734693877551,105.3320334523014,10,0.276098457367007,4,4.0,5,10.297522351488864,16.59565306887253,12,0.8571428571428571,,,392.0
C_r211001_tau8,C,200000,980,8.94003395850616,15.92329926462861,39.371521947592704,0.2918367346938775,6.771236166328253,17.42045538395877,32.22972694377376,2.675717005406804,1046.3741386400077,146492.37940960104,0.1489795918367347,52.32369715451205,7,0.2601391533034393,3,0.7142857142857143,3,3.4291511386626903,11.269239288461486,12,0.8333333333333334,,,392.0
C_r211001_tau8,C,200001,980,10.684381796459322,17.67268111618721,45.99821863315096,0.2877551020408163,6.771236166328253,24.247726762113604,38.64479376827447,4.661719805610015,1394.201230542418,195188.17227593853,0.1806122448979591,101.20948741261236,10,0.4532227588787514,3,5.0,7,6.668446892564024,15.653388332636595,12,0.8214285714285714,,,390.0
C_r211001_tau8,C,200002,980,10.759997916773754,17.772923086841782,46.07136024775704,0.2806122448979591,6.771236166328253,22.74139602008438,39.27136024775704,4.664159466701587,1408.1220323343423,197137.08452680797,0.1938775510204081,105.3320334523014,11,0.4534599481515431,3,3.571428571428572,7,10.901497218969864,19.30178368545343,12,0.8214285714285714,,,390.0
C_r211100_tau4,C,200000,980,6.40826250061018,13.391527806732627,24.97136410694098,0.4091836734693878,4.885618083164127,9.79869268479038,16.738663616604033,1.1238308550248637,563.4892348159134,78888.49287422789,0.0816326530612244,45.13166115414788,7,0.1092613331274172,5,0.7142857142857143,5,3.256055649602745,8.057282989730288,12,0.8095238095238095,,,397.0
C_r211100_tau4,C,200001,980,6.45890033707404,13.447199656801931,24.57701670706429,0.396938775510204,4.885618083164127,9.79869268479038,14.498843665817134,1.1938263149644033,571.1247856956959,79957.46999739742,0.0673469387755102,54.526765652466565,6,0.1160664472882058,2,3.142857142857143,6,4.233552181763546,9.305090364319662,12,0.9047619047619048,,,393.0
C_r211100_tau4,C,200002,980,7.3422754794561405,14.355200649524166,26.729931423353417,0.3938775510204081,4.885618083164127,10.774602526460402,18.300843199433952,1.958546590007965,747.2306060953097,104612.28485334336,0.0959183673469387,91.70814318257908,9,0.1904142518063299,2,2.857142857142857,6,8.58664323051681,14.001115483036394,12,0.8809523809523809,,,393.0
C_r211100_tau5,C,200000,980,6.41338551436094,13.396650820483387,24.97606605612092,0.4091836734693878,4.885618083164127,9.79869268479038,16.165413739625482,1.1345048848064352,564.5138375660655,79031.93725924917,0.0806122448979591,45.13166115414788,7,0.1102990860228478,5,0.7142857142857143,5,3.496812340334902,8.240609092672361,12,0.8214285714285714,,,397.0
C_r211100_tau5,C,200001,980,6.309051338236971,13.297350657964865,23.804165649910463,0.3979591836734694,4.885618083164127,9.679869268479042,13.706781977324583,1.0436316171174198,541.3590675609353,75790.26945853094,0.0632653061224489,54.526765652466565,6,0.1014641849975269,2,2.857142857142857,6,4.454278069952444,9.305090364319662,12,0.9047619047619048,,,391.0
C_r211100_tau5,C,200002,980,7.347885146973986,14.360810317042011,26.729931423353417,0.3928571428571428,4.885618083164127,10.774602526460402,18.300843199433952,1.958546590007965,748.148457966226,104740.78411527164,0.0959183673469387,91.70814318257908,9,0.1904142518063299,2,2.857142857142857,6,8.58664323051681,14.001115483036394,12,0.8690476190476191,,,393.0
C_r211100_tau6,C,200000,980,6.461131372412283,13.444396678534732,26.06214328067821,0.4061224489795918,4.885618083164127,9.79869268479038,16.732689655672836,1.1554727582306998,573.450764278375,80283.1069989725,0.0826530612244898,45.13166115414788,7,0.1123376292724291,5,0.7142857142857143,5,3.3758835356052552,8.210795602593741,12,0.8095238095238095,,,396.0
C_r211100_tau6,C,200001,980,6.309051338236971,13.297350657964865,23.804165649910463,0.3979591836734694,4.885618083164127,9.679869268479042,13.706781977324583,1.0436316171174198,541.3590675609353,75790.26945853094,0.0632653061224489,54.526765652466565,6,0.1014641849975269,2,2.857142857142857,6,4.454278069952444,9.305090364319662,12,0.9047619047619048,,,391.0
C_r211100_tau6,C,200002,980,7.268800085144596,14.281725255212624,26.40588364716329,0.3908163265306122,4.885618083164127,10.774602526460402,19.308420596614503,1.8879314645496803,731.9232823350416,102469.25952690582,0.0938775510204081,90.50242392929796,9,0.1835488923867745,2,2.571428571428572,5,8.20785294407587,13.47921759916512,12,0.8571428571428571,,,393.0
C_r211100_tau7,C,200000,980,6.844627734421571,13.82789304054402,27.5098903332548,0.3795918367346939,4.885618083164127,11.011035004039766,19.482687414480143,1.3584206126482856,644.8439142312527,90278.14799237538,0.0887755102040816,52.32369715451205,7,0.1320686706741388,5,1.0,5,2.89045585608657,8.427340543563995,12,0.7976190476190477,,,394.0
C_r211100_tau7,C,200001,980,6.687381473125726,13.675680792853615,26.83416809682384,0.3918367346938775,4.885618083164127,9.79869268479038,17.77480550473788,1.3771636822833488,615.8006047427677,86212.0846639875,0.0775510204081632,43.913436318180175,6,0.1338909135553256,2,3.142857142857143,5,3.935639438432518,9.305090364319662,12,0.8690476190476191,,,393.0
C_r211100_tau7,C,200002,980,7.57218364550557,14.585108815573596,26.145283013425452,0.3693877551020408,4.885618083164127,11.161832355245949,18.06377497359034,2.082771208442144,788.3142801215221,110363.9992170131,0.1071428571428571,98.34469439840176,9,0.2024916452652084,2,3.142857142857143,6,9.455799015163414,15.05409673805734,12,0.8452380952380952,,,393.0
C_r211100_tau8,C,200000,980,7.851313316290763,14.83457862241321,31.150832443688817,0.2979591836734694,5.98142396999972,13.302116087883425,23.722964948541627,1.9515970161320837,829.6576850915559,116152.07591281785,0.1214285714285714,51.45469311381021,7,0.1897385987906192,3,0.4285714285714285,3,3.240095755451649,9.924959540447826,12,0.7857142857142857,,,390.0
C_r211100_tau8,C,200001,980,8.39161305479662,15.379912374524508,33.35350589892272,0.3142857142857143,4.885618083164127,13.15436414115188,26.805233566956726,2.636395739944694,940.992007405835,131738.8810368169,0.1132653061224489,81.3377086531109,8,0.256316252494623,3,3.571428571428572,5,3.98538118002258,11.16031970857744,12,0.8452380952380952,,,391.0
C_r211100_tau8,C,200002,980,9.108507494718143,16.12143266478617,34.79937763915727,0.2887755102040816,6.771236166328253,14.92569587999888,28.349516471648357,3.0862828773121413,1079.3962708045724,151115.47791264014,0.136734693877551,92.73545407370692,9,0.3000552797386804,1,2.4285714285714284,6,9.019237999236346,16.225933285079524,12,0.8214285714285714,,,394.0
C_r211101_tau4,C,200000,980,6.5884250097190895,13.57169031584154,25.500743934237548,0.4040816326530612,4.885618083164127,10.774602526460402,16.962429588646497,1.2282868490902152,598.5013284744302,83790.18598642024,0.0918367346938775,45.13166115414788,6,0.119416776994882,3,0.7142857142857143,3,3.6256092833481626,8.45183632298891,12,0.8214285714285714,,,477.0
C_r211101_tau4,C,200001,980,7.674914081548527,14.663213401276415,38.271786663929184,0.3918367346938775,4.885618083164127,11.981823328788328,32.222200640249774,2.293357202071312,813.3501632484807,113869.0228547873,0.1040816326530612,77.66795588169771,7,0.2229652835347108,3,3.7142857142857135,7,3.9267980453908047,9.938864252432422,12,0.8333333333333334,,,476.0
C_r211101_tau4,C,200002,980,7.149638662039076,14.162563832107104,27.039552135347822,0.3795918367346939,4.885618083164127,11.97689347866096,19.31854989369917,1.5807165295463628,705.846099754754,98818.45396566555,0.1020408163265306,67.1432767385777,8,0.1536807737058964,3,2.142857142857143,4,6.712545574296509,11.62408692426786,12,0.8333333333333334,,,474.0
C_r211101_tau5,C,200000,980,6.676038207037113,13.659303513159562,26.00949955869858,0.4030612244897959,4.885618083164127,10.774602526460402,18.27731451752154,1.3228288649229676,615.8198863053819,86214.78408275347,0.0948979591836734,45.13166115414788,6,0.1286083618675107,3,0.8571428571428571,3,3.965036230913421,8.796862325905375,12,0.8333333333333334,,,477.0
C_r211101_tau5,C,200001,980,7.497947032578069,14.486246352305962,35.07153448129255,0.3887755102040816,4.885618083164127,11.578176275919343,28.031298841670537,2.110108891359726,777.3445085564301,108828.23119790024,0.1030612244897959,77.66795588169771,7,0.2051494755488622,3,3.4285714285714284,7,4.063639005754995,9.921193330646252,12,0.8333333333333334,,,475.0
C_r211101_tau5,C,200002,980,7.162447115865435,14.17537228593346,27.039552135347822,0.3785714285714285,4.885618083164127,12.286247878537448,19.31854989369917,1.5807165295463628,708.2037088873725,99148.51924423214,0.1020408163265306,67.1432767385777,8,0.1536807737058964,3,2.142857142857143,4,6.712545574296509,11.62408692426786,12,0.8214285714285714,,,474.0
C_r211101_tau6,C,200000,980,6.755930657211469,13.739195963333918,26.83413934755814,0.3979591836734694,4.885618083164127,11.0,19.84480943314449,1.363097634254652,630.7779681769874,88308.91554477824,0.096938775510204,45.13166115414788,6,0.1325233811080911,3,1.0,3,3.508170496819262,8.480562565150873,12,0.8214285714285714,,,478.0
C_r211101_tau6,C,200001,980,7.498248197002964,14.486547516730855,35.07153448129255,0.3877551020408163,4.885618083164127,11.578176275919343,28.031298841670537,2.112334155869483,777.2006598087562,108808.09237322588,0.1040816326530612,77.66795588169771,7,0.205365820709533,3,3.4285714285714284,7,4.044340251599579,9.921193330646252,12,0.8333333333333334,,,475.0
C_r211101_tau6,C,200002,980,7.207529998504621,14.220455168572649,27.404560999287405,0.3826530612244898,4.885618083164127,12.931502262209875,20.679528697374227,1.621471646901981,718.0366119458222,100525.1256724151,0.1030612244897959,67.1432767385777,8,0.157643076782137,3,2.142857142857143,4,6.691005522751172,11.63566442474845,12,0.8214285714285714,,,475.0
C_r211101_tau7,C,200000,980,6.786227681242159,13.76949298736461,25.806511106893893,0.3673469387755102,4.885618083164127,11.43274042711568,18.429712665775583,1.2060293843408934,630.7149240035338,88300.08936049473,0.0938775510204081,45.13166115414788,5,0.1172528568109202,2,0.4285714285714285,2,3.169965268377481,8.436694281422827,12,0.8095238095238095,,,478.0
C_r211101_tau7,C,200001,980,7.417315843256042,14.405615162983931,32.15616147661856,0.3724489795918367,4.885618083164127,11.54784996242367,25.73325110163635,1.992792413454997,757.9529645695759,106113.41503974062,0.1091836734693877,72.23458084703452,6,0.1937437068636802,3,3.2857142857142856,6,5.243979754303533,11.104361668085938,12,0.8452380952380952,,,474.0
C_r211101_tau7,C,200002,980,7.088449687792856,14.101374857860884,25.894757082487303,0.360204081632653,4.885618083164127,12.332622815720812,18.34385957622238,1.4010347347749172,689.6728954921269,96554.20536889778,0.110204081632653,58.29965524088766,8,0.1362117103253391,2,1.5714285714285714,3,5.844863829609152,11.334119902495162,12,0.8333333333333334,,,477.0
C_r211101_tau8,C,200000,980,7.806480350032103,14.789745656154553,30.807369745765747,0.2969387755102041,5.98142396999972,14.87359213387575,22.29964381135216,1.7446279919118195,820.4870102071709,114868.18142900392,0.1316326530612244,57.79852860255778,7,0.1696166103247602,1,0.2857142857142857,1,3.977571635835586,10.600173699993585,12,0.7976190476190477,,,476.0
C_r211101_tau8,C,200001,980,8.217736908083698,15.20603622781159,32.15343370427246,0.2948979591836734,5.98142396999972,14.47633075880931,25.101242613160192,2.266546971512932,902.3392270428428,126327.491785998,0.1255102040816326,68.622824180733,9,0.220358733341535,1,2.0,4,5.891163763310543,12.832280289361051,12,0.8452380952380952,,,476.0
C_r211101_tau8,C,200002,980,8.661678867834933,15.67460403790296,32.92680763523341,0.2979591836734694,6.771236166328253,14.936664516811316,23.936770945089112,2.553919122630388,991.6915549226254,138836.81768916754,0.1479591836734693,75.60010478542245,9,0.2482976924779544,1,1.1428571428571428,2,7.19286687383853,13.961300161578752,12,0.7738095238095238,,,477.0
B_beta3_delta1.75,B,200000,980,5.657782058729974,12.641047364852424,20.683036880224503,0.4357142857142857,4.885618083164127,8.497474167490214,11.5374989832438,0.4844046583043174,418.6992688888519,58617.89764443927,0.0295918367346938,45.81118352905469,5,0.0470948973351419,3,0.4285714285714285,3,3.4778282876500466,7.940287962570263,12,0.7976190476190477,1.0596616353032324,23.01912507032779,
B_beta3_delta1.75,B,200001,980,5.177735615035011,12.166034934762902,19.483036880224507,0.4408163265306122,4.885618083164127,8.497474167490214,9.79869268479038,0.1526050538430688,323.7103883131245,45319.45436383744,0.0163265306122449,22.18434089110815,3,0.014836602456965,0,0.2857142857142857,1,4.986742081500939,8.77196033733728,12,0.7857142857142857,0.912745442625182,31.257850276884778,
B_beta3_delta1.75,B,200002,980,5.391306118620369,12.404231288688395,20.683036880224503,0.4408163265306122,4.885618083164127,8.497474167490214,9.79869268479038,0.2355944459361534,366.3975852364806,51295.66193310729,0.0295918367346938,23.16299571768468,5,0.022905015577126,0,0.4285714285714285,3,4.597362002133884,8.851741332250032,12,0.7976190476190477,0.9005082044316125,19.49777167207647,
B_beta3_delta2,B,200000,980,5.630672375299007,12.613937681421456,20.683036880224503,0.436734693877551,4.885618083164127,8.497474167490214,11.5374989832438,0.4655101698024105,413.4814138353114,57887.39793694359,0.0285714285714285,45.81118352905469,5,0.0452579331752343,3,0.4285714285714285,3,3.4677202115882606,7.940287962570263,12,0.7976190476190477,1.0523071059950715,23.01912507032779,
B_beta3_delta2,B,200001,980,5.214681756153826,12.20298107588172,19.487092077921123,0.4397959183673469,4.885618083164127,8.497474167490214,9.79869268479038,0.1640134269973603,330.8955349042345,46325.37488659284,0.0163265306122449,22.975025131599978,4,0.0159457498469655,1,0.5714285714285714,2,4.699681374899852,8.615791872819292,12,0.7857142857142857,0.900949376228034,31.257850276884778,
B_beta3_delta2,B,200002,980,5.285888527439426,12.298813697507454,20.683036880224503,0.4510204081632653,4.885618083164127,8.497474167490214,9.79869268479038,0.1907194058250826,347.35488332682297,48629.68366575521,0.0244897959183673,23.16299571768468,3,0.0185421644552163,0,0.5714285714285714,3,4.430590685217142,8.606346000325718,12,0.7976190476190477,0.8396298838102495,19.49777167207647,
B_beta4_delta1.75,B,200000,980,5.575095283937232,12.558360590059682,20.683036880224503,0.4438775510204081,4.885618083164127,8.497474167490214,11.5374989832438,0.4779972003689998,403.794566991528,56531.23937881392,0.0326530612244898,38.79364624742448,5,0.0464719500358749,3,0.4285714285714285,3,3.522545803531896,7.872397410033666,12,0.7619047619047619,1.1177549277790162,46.05224486475175,
B_beta4_delta1.75,B,200001,980,5.157943590406069,12.14624291013396,19.483036880224507,0.4397959183673469,4.885618083164127,8.497474167490214,9.79869268479038,0.1252783757644706,319.54790175468304,44736.70624565562,0.0153061224489795,22.18434089110815,3,0.0121798420882124,0,0.2857142857142857,1,4.969071159714769,8.75428941555111,12,0.7738095238095238,0.9060952647413286,31.257850276884778,
B_beta4_delta1.75,B,200002,980,5.344776650246568,12.357701820314595,20.683036880224503,0.4438775510204081,4.885618083164127,8.497474167490214,9.79869268479038,0.1949560284009842,357.70393645967994,50078.55110435519,0.0285714285714285,23.16299571768468,5,0.0189540583167623,0,0.2857142857142857,2,4.828779781586543,8.851741332250032,12,0.7857142857142857,0.8969211037767527,21.232255822500925,
