incident_zone,metric,duration_hours,mean_difference_B_E_minus_B_N,ci95_low,ci95_high,replications,sampled_node
1,mean_response_min,0.5,-0.019798035858007258,-0.06458430448353407,0.024988232767519557,10,True
1,mean_response_min,0.5991379310344828,-0.010328357131072765,-0.03864173212245538,0.01798501786030985,10,False
1,mean_response_min,0.6982758620689655,-0.0012820765521184615,-0.015537263360149007,0.012973110255912083,10,False
1,mean_response_min,0.7974137931034483,0.006398523418108637,-0.004918835913722392,0.017715882749939665,10,False
1,mean_response_min,0.896551724137931,0.0117711603188615,-0.005981298084468163,0.029523618722191163,10,False
1,mean_response_min,0.9956896551724138,0.013893551689393113,-0.007175236922296775,0.034962340301083,10,False
1,mean_response_min,1.0,0.013897540196506597,-0.007177688006576888,0.034972768399590085,10,True
1,mean_response_min,1.0948275862068966,0.013836771986581998,-0.006607226270025506,0.0342807702431895,10,False
1,mean_response_min,1.1939655172413794,0.013676703902553086,-0.005072903289816712,0.03242631109492289,10,False
1,mean_response_min,1.293103448275862,0.013469562328893759,-0.0032375950201849173,0.030176719677972433,10,False
1,mean_response_min,1.3922413793103448,0.013267715703423411,-0.0021113881644126507,0.028646819571259474,10,False
1,mean_response_min,1.4913793103448276,0.013123532463961432,-0.0027567124526647925,0.029003777380587657,10,False
1,mean_response_min,1.5905172413793105,0.013089381048327223,-0.005382371098556755,0.0315611331952112,10,False
1,mean_response_min,1.6896551724137931,0.013217629894340171,-0.009189811580567647,0.03562507136924799,10,False
1,mean_response_min,1.7887931034482758,0.013560647439819676,-0.013206062752714784,0.040327357632354136,10,False
1,mean_response_min,1.8879310344827587,0.01417080212258513,-0.016676460322653474,0.04501806456782373,10,False
1,mean_response_min,1.9870689655172415,0.015100462380455926,-0.01904178647843973,0.04924271123935158,10,False
1,mean_response_min,2.0,0.015248019380949173,-0.019245396880150856,0.049741435642049206,10,True
1,mean_response_min,2.086206896551724,0.016162411244686287,-0.02065999558024456,0.052984818069617134,10,False
1,mean_response_min,2.185344827586207,0.017000636045853258,-0.022628124578963724,0.05662939667067024,10,False
1,mean_response_min,2.2844827586206895,0.01762847245720746,-0.02493572380148438,0.060192668715899296,10,False
1,mean_response_min,2.3836206896551726,0.018064551158928015,-0.027558862167469986,0.06368796448532602,10,False
1,mean_response_min,2.4827586206896552,0.018327502831194054,-0.030471002187558868,0.06712600784994698,10,False
1,mean_response_min,2.581896551724138,0.018435958154184695,-0.03363994045688795,0.07051185676525734,10,False
1,mean_response_min,2.681034482758621,0.01840854780807908,-0.03702658568347723,0.0738436812996354,10,False
1,mean_response_min,2.7801724137931036,0.01826390247305633,-0.04058487971734032,0.07711268466345297,10,False
1,mean_response_min,2.8793103448275863,0.018020652829295568,-0.04426236838418476,0.08030367404277589,10,False
1,mean_response_min,2.978448275862069,0.017697429556975917,-0.04800108487464368,0.08339594398859551,10,False
1,mean_response_min,3.0775862068965516,0.01731286333627652,-0.05173852961975939,0.08636425629231242,10,False
1,mean_response_min,3.1767241379310347,0.0168855848473765,-0.05540862128637522,0.08917979098112822,10,False
1,mean_response_min,3.2758620689655173,0.01643422477045497,-0.0589425573858032,0.09181100692671315,10,False
1,mean_response_min,3.375,0.015977413785691084,-0.06226956487042313,0.0942243924418053,10,False
1,mean_response_min,3.474137931034483,0.015533782573263936,-0.06531754666513175,0.09638511181165961,10,False
1,mean_response_min,3.5732758620689657,0.01512196181335268,-0.06801364486005054,0.0982575684867559,10,False
1,mean_response_min,3.6724137931034484,0.014760582186136437,-0.07028475003168377,0.09980591440395664,10,False
1,mean_response_min,3.771551724137931,0.014468274371794331,-0.07205799276644134,0.10099454151003001,10,False
1,mean_response_min,3.8706896551724137,0.014263669050505478,-0.07326126131847346,0.10178859941948443,10,False
1,mean_response_min,3.969827586206897,0.014165396902449024,-0.07382380196129432,0.10215459576619237,10,False
1,mean_response_min,4.0,0.014159434279027928,-0.07385729672845426,0.1021761652865101,10,True
1,mean_response_min,4.068965517241379,0.013907266100255755,-0.07291795527744904,0.10073248747796054,10,False
1,mean_response_min,4.168103448275862,0.01275392839052183,-0.06867719632758253,0.0941850531086262,10,False
1,mean_response_min,4.267241379310345,0.01084167008588253,-0.06178499948900807,0.08346833966077313,10,False
1,mean_response_min,4.366379310344827,0.008363993970926294,-0.05309944576823375,0.06982743371008635,10,False
1,mean_response_min,4.4655172413793105,0.005514402830241498,-0.043512676054570106,0.054541481715053096,10,False
1,mean_response_min,4.564655172413794,0.0024863994484165737,-0.03400407668945015,0.0389768755862833,10,False
1,mean_response_min,4.663793103448276,-0.0005265133899600607,-0.02579925140040131,0.02474622462048119,10,False
1,mean_response_min,4.762931034482759,-0.0033308329003000217,-0.020753430944536497,0.014091765143936456,10,False
1,mean_response_min,4.862068965517242,-0.005733056298014896,-0.02089366191085926,0.009427549314829468,10,False
1,mean_response_min,4.961206896551724,-0.007539680798516239,-0.024627500737150948,0.00954813914011847,10,False
1,mean_response_min,5.0,-0.008042505516852927,-0.026235916978645853,0.01015090594494,10,True
1,mean_response_min,5.060344827586207,-0.00891624234495048,-0.02940718848410405,0.011574703794203091,10,False
1,mean_response_min,5.1594827586206895,-0.011081325001806325,-0.03740740962997081,0.015244759626358156,10,False
1,mean_response_min,5.258620689655173,-0.013947842975998085,-0.04813321637517706,0.020237530423180897,10,False
1,mean_response_min,5.357758620689656,-0.01727923333628218,-0.0607023942156629,0.026143927543098536,10,False
1,mean_response_min,5.456896551724138,-0.020838933151415016,-0.07420909255977126,0.03253122625694123,10,False
1,mean_response_min,5.556034482758621,-0.024390379490153092,-0.08773752279281417,0.038956763812508,10,False
1,mean_response_min,5.655172413793103,-0.027697009421252788,-0.10036878422527477,0.04497476538276919,10,False
1,mean_response_min,5.754310344827586,-0.030522260013470588,-0.11118337962811042,0.05013885960116924,10,False
1,mean_response_min,5.853448275862069,-0.03262956833556292,-0.11926210090428634,0.05400296423316049,10,False
1,mean_response_min,5.952586206896552,-0.03378237145628619,-0.12368645977879597,0.0561217168662236,10,False
1,mean_response_min,6.0,-0.03392721623262318,-0.12424272529466893,0.056388292829422565,10,True
1,mean_response_min,6.051724137931035,-0.03422018220052571,-0.124278403488192,0.05583803908714058,10,False
1,mean_response_min,6.150862068965518,-0.03633834800392012,-0.1247638522336572,0.05208715622581696,10,False
1,mean_response_min,6.25,-0.040325731873891,-0.12681186850955756,0.04616040476177557,10,False
1,mean_response_min,6.349137931034483,-0.045972167227454855,-0.13237181269928394,0.040427478244374246,10,False
1,mean_response_min,6.448275862068966,-0.053067487481628116,-0.14370456293382816,0.03756958797057194,10,False
1,mean_response_min,6.547413793103448,-0.061401526053427115,-0.16230990909473864,0.0395068569878844,10,False
1,mean_response_min,6.6465517241379315,-0.07076411635986848,-0.1881570585511097,0.04662882583137275,10,False
1,mean_response_min,6.745689655172414,-0.08094509181796845,-0.2200328011360575,0.058142617500120605,10,False
1,mean_response_min,6.844827586206897,-0.09173428584474368,-0.2563469752424256,0.07287840355293825,10,False
1,mean_response_min,6.94396551724138,-0.10292153185721051,-0.2955907350502209,0.08974767133579986,10,False
1,mean_response_min,7.043103448275862,-0.11429666327238527,-0.33644036737905514,0.10784704083428462,10,False
1,mean_response_min,7.142241379310345,-0.1256495135072847,-0.3777284243894529,0.1264293973748835,10,False
1,mean_response_min,7.241379310344827,-0.1367699159789249,-0.41839564775133176,0.14485581579348195,10,False
1,mean_response_min,7.3405172413793105,-0.1474477041043226,-0.45745354273075733,0.16255813452211212,10,False
1,mean_response_min,7.439655172413794,-0.15747271130049414,-0.49395962012123174,0.17901419752024342,10,False
1,mean_response_min,7.538793103448276,-0.1666347709844559,-0.5270018286445752,0.1937322866756634,10,False
1,mean_response_min,7.637931034482759,-0.17472371657322436,-0.5556889351435389,0.2062415019970902,10,False
1,mean_response_min,7.737068965517242,-0.18152938148381606,-0.5791446853191737,0.2160859223515416,10,False
1,mean_response_min,7.836206896551724,-0.18684159913324727,-0.5965044588991486,0.22282126063265412,10,False
1,mean_response_min,7.935344827586207,-0.1904502029385346,-0.606913749766782,0.2260133438897129,10,False
1,mean_response_min,8.0,-0.1917857143298555,-0.609555237306378,0.22598380864666692,10,True
1,mean_response_min,8.03448275862069,-0.1921653814952351,-0.6095594168048706,0.22522865381440038,10,False
1,mean_response_min,8.133620689655173,-0.19213799870043058,-0.6044844976790898,0.2202085002782287,10,False
1,mean_response_min,8.232758620689655,-0.19058679763586556,-0.5925242819415248,0.21135068666979373,10,False
1,mean_response_min,8.331896551724139,-0.18768622484429465,-0.5745488313900668,0.1991763817014776,10,False
1,mean_response_min,8.431034482758621,-0.18361072686847285,-0.5514567331797451,0.18423527944279944,10,False
1,mean_response_min,8.530172413793103,-0.1785347502511549,-0.5241800811303138,0.167110580628004,10,False
1,mean_response_min,8.629310344827587,-0.17263274153509556,-0.4936936000044182,0.14842811693422708,10,False
1,mean_response_min,8.72844827586207,-0.16607914726304976,-0.4610284916781029,0.12887019715200335,10,False
1,mean_response_min,8.827586206896552,-0.15904841397777228,-0.427291311581085,0.10919448362554043,10,False
1,mean_response_min,8.926724137931036,-0.15171498822201773,-0.393686091723792,0.09025611527975655,10,False
1,mean_response_min,9.025862068965518,-0.14425331653854123,-0.3615312915027724,0.07302465842568995,10,False
1,mean_response_min,9.125,-0.13683784547009742,-0.33224736429517343,0.05857167335497859,10,False
1,mean_response_min,9.224137931034484,-0.12964302155944096,-0.30726445728563523,0.0479784141667533,10,False
1,mean_response_min,9.323275862068966,-0.12284329134932699,-0.28778667701795474,0.04210009431930077,10,False
1,mean_response_min,9.422413793103448,-0.11661310138251016,-0.2744221705438502,0.04119596777882989,10,False
1,mean_response_min,9.52155172413793,-0.11112689820174522,-0.26687902064427815,0.0446252242407877,10,False
1,mean_response_min,9.620689655172415,-0.10655912834978695,-0.26401037710549574,0.05089212040592184,10,False
1,mean_response_min,9.719827586206897,-0.10308423836939032,-0.26421728545193957,0.0580488087131589,10,False
1,mean_response_min,9.818965517241379,-0.10087667480330997,-0.26590981508636236,0.06415646547974241,10,False
1,mean_response_min,9.918103448275863,-0.10011088419430089,-0.267799370278946,0.06757760189034423,10,False
1,mean_response_min,10.0,-0.10068968581984591,-0.2688883375360924,0.06750896589640057,10,True
1,mean_response_min,10.017241379310345,-0.10098261354670957,-0.2688968516972352,0.06693162460381608,10,False
1,mean_response_min,10.116379310344827,-0.10437996233929266,-0.2637849582724617,0.05502503359387638,10,False
1,mean_response_min,10.215517241379311,-0.11021343844628761,-0.2534400032676978,0.033013126375122576,10,False
1,mean_response_min,10.314655172413794,-0.11781741045896481,-0.24522556121575972,0.009590740297830094,10,False
1,mean_response_min,10.413793103448276,-0.126526246968595,-0.24900527452445748,-0.004047219412732492,10,False
1,mean_response_min,10.51293103448276,-0.13567431656644896,-0.2708936098023092,-0.0004550233305887219,10,False
1,mean_response_min,10.612068965517242,-0.14459598784379704,-0.30643885733530263,0.017246881647708573,10,False
1,mean_response_min,10.711206896551724,-0.15262562939190993,-0.34598638750221067,0.04073512871839083,10,False
1,mean_response_min,10.810344827586206,-0.15909760980205828,-0.3810794549025128,0.06288423529839626,10,False
1,mean_response_min,10.90948275862069,-0.16334629766551284,-0.40519932175511764,0.07850672642409195,10,False
1,mean_response_min,11.0,-0.16471935445836863,-0.413146676590884,0.08370796767414673,10,True
1,mean_response_min,11.008620689655173,-0.1647113195621528,-0.41311802574008966,0.08369538661578407,10,False
1,mean_response_min,11.107758620689655,-0.16345768887356443,-0.40867443543893434,0.08175905769180547,10,False
1,mean_response_min,11.206896551724139,-0.16004544665503953,-0.3966946473930161,0.07660375408293701,10,False
1,mean_response_min,11.306034482758621,-0.15444304054796615,-0.37726631413280975,0.06838023303687746,10,False
1,mean_response_min,11.405172413793103,-0.14661891819373196,-0.3505420147039901,0.05730417831652618,10,False
1,mean_response_min,11.504310344827587,-0.13654152723372465,-0.3167890794854189,0.04370602501796961,10,False
1,mean_response_min,11.60344827586207,-0.12417931530933238,-0.2765281660890536,0.028169535470388835,10,False
1,mean_response_min,11.702586206896552,-0.1095007300619428,-0.23094992221310767,0.011948462089222067,10,False
1,mean_response_min,11.801724137931036,-0.09247421913294343,-0.18336306657927656,-0.0015853716866102985,10,False
1,mean_response_min,11.900862068965518,-0.07306823016372269,-0.14406650735280296,-0.0020699529746424222,10,False
1,mean_response_min,12.0,-0.0512512107956681,-0.1320604257996791,0.029558004208342918,10,True
1,p95_response_min,0.5,-0.007333098928968518,-0.023921721196642494,0.00925552333870546,10,True
1,p95_response_min,0.5991379310344828,0.004524169706778524,-0.005710213201125169,0.014758552614682218,10,False
1,p95_response_min,0.6982758620689655,0.015559383902626367,-0.01963838784142695,0.05075715564667968,10,False
1,p95_response_min,0.7974137931034483,0.02475829692114189,-0.031248861797703982,0.08076545563998777,10,False
1,p95_response_min,0.896551724137931,0.031106662024892005,-0.039261496285460364,0.10147482033524438,10,False
1,p95_response_min,0.9956896551724138,0.03359023247644359,-0.04239615252020017,0.10957661747308735,10,False
1,p95_response_min,1.0,0.03359487183357572,-0.04240200811803525,0.1095917517851867,10,True
1,p95_response_min,1.0948275862068966,0.031651719980191714,-0.04274031210322658,0.10604375206361001,10,False
1,p95_response_min,1.1939655172413794,0.02603853279767796,-0.044213656913585815,0.09629072250894175,10,False
1,p95_response_min,1.293103448275862,0.017650051271203494,-0.04802300782413055,0.08332311036653753,10,False
1,p95_response_min,1.3922413793103448,0.007385314413600644,-0.055824310053540716,0.070594938880742,10,False
1,p95_response_min,1.4913793103448276,-0.0038566387622982505,-0.0687301513890188,0.06101687386442231,10,False
1,p95_response_min,1.5905172413793105,-0.015176769243660829,-0.08599781047228378,0.055644271984962114,10,False
1,p95_response_min,1.6896551724137931,-0.025676038017654723,-0.10502051664028333,0.05366844060497389,10,False
1,p95_response_min,1.7887931034482758,-0.0344554060714476,-0.12253727075939355,0.05362645861649835,10,False
1,p95_response_min,1.8879310344827587,-0.04061583439220713,-0.13547567848956008,0.05424400970514581,10,False
1,p95_response_min,1.9870689655172415,-0.04325828396710094,-0.1411573214852571,0.054640753551055195,10,False
1,p95_response_min,2.0,-0.04329652286651253,-0.1412400621932501,0.054647016460225045,10,True
1,p95_response_min,2.086206896551724,-0.04337912460486111,-0.14071537410120183,0.05395712489147962,10,False
1,p95_response_min,2.185344827586207,-0.04366535826250684,-0.13893871803927252,0.051608001514258844,10,False
1,p95_response_min,2.2844827586206895,-0.04413484497640617,-0.13617315999267796,0.047903470039865614,10,False
1,p95_response_min,2.3836206896551726,-0.044765284110083806,-0.1327810151733477,0.04325044695318009,10,False
1,p95_response_min,2.4827586206896552,-0.045534375027064436,-0.1292122893977523,0.038143539343623425,10,False
1,p95_response_min,2.581896551724138,-0.04641981709087275,-0.1260028325388353,0.033163198357089786,10,False
1,p95_response_min,2.681034482758621,-0.04739930966503345,-0.12375021163093072,0.02895159230086381,10,False
1,p95_response_min,2.7801724137931036,-0.048450552113071234,-0.12304162133763535,0.02614051711149288,10,False
1,p95_response_min,2.8793103448275863,-0.04955124379851077,-0.12432512614076785,0.025222638543746297,10,False
1,p95_response_min,2.978448275862069,-0.05067908408487678,-0.12777136617431772,0.02641319800456416,10,False
1,p95_response_min,3.0775862068965516,-0.05181177233569393,-0.13321812070191716,0.029594576030529306,10,False
1,p95_response_min,3.1767241379310347,-0.052927007914486936,-0.14023969355531504,0.03438567772634118,10,False
1,p95_response_min,3.2758620689655173,-0.05400249018478047,-0.14828033529619605,0.040275354926635115,10,False
1,p95_response_min,3.375,-0.05501591851009925,-0.1567662204625281,0.04673438344232961,10,False
1,p95_response_min,3.474137931034483,-0.055944992253967964,-0.16516371553626652,0.0532737310283306,10,False
1,p95_response_min,3.5732758620689657,-0.05676741077991128,-0.17299652634751073,0.059461704787688155,10,False
1,p95_response_min,3.6724137931034484,-0.05746087345145392,-0.1798431366385682,0.06492138973566036,10,False
1,p95_response_min,3.771551724137931,-0.058003079632120536,-0.18532857415357976,0.06932241488933868,10,False
1,p95_response_min,3.8706896551724137,-0.0583717286854359,-0.18911702214563564,0.07237356477476382,10,False
1,p95_response_min,3.969827586206897,-0.0585445199749246,-0.1909078844226439,0.07381884447279469,10,False
1,p95_response_min,4.0,-0.05855483327850593,-0.19101506879593277,0.0739054022389209,10,True
1,p95_response_min,4.068965517241379,-0.057757744236377764,-0.1884148390677664,0.07289935059501089,10,False
1,p95_response_min,4.168103448275862,-0.054147088057534806,-0.17663631115155232,0.06834213503648269,10,False
1,p95_response_min,4.267241379310345,-0.04824436947613583,-0.15738071545125956,0.0608919764989879,10,False
1,p95_response_min,4.366379310344827,-0.04073423050852879,-0.13288146182447036,0.05141300080741278,10,False
1,p95_response_min,4.4655172413793105,-0.032301313171061476,-0.10537196012876618,0.04076933378664322,10,False
1,p95_response_min,4.564655172413794,-0.02363025948008185,-0.0770856202217292,0.029825101261565498,10,False
1,p95_response_min,4.663793103448276,-0.015405711451937882,-0.0502558519609415,0.01944442905706573,10,False
1,p95_response_min,4.762931034482759,-0.008312311102977343,-0.027116065203984588,0.0104914429980299,10,False
1,p95_response_min,4.862068965517242,-0.003034700449548189,-0.009899669808440557,0.0038302689093441793,10,False
1,p95_response_min,4.961206896551724,-0.00025752150799838167,-0.0008400756318915158,0.00032503261589475246,10,False
1,p95_response_min,5.0,0.0,0.0,0.0,10,True
1,p95_response_min,5.060344827586207,0.0,0.0,0.0,10,False
1,p95_response_min,5.1594827586206895,0.0,0.0,0.0,10,False
1,p95_response_min,5.258620689655173,0.0,0.0,0.0,10,False
1,p95_response_min,5.357758620689656,0.0,0.0,0.0,10,False
1,p95_response_min,5.456896551724138,0.0,0.0,0.0,10,False
1,p95_response_min,5.556034482758621,0.0,0.0,0.0,10,False
1,p95_response_min,5.655172413793103,0.0,0.0,0.0,10,False
1,p95_response_min,5.754310344827586,0.0,0.0,0.0,10,False
1,p95_response_min,5.853448275862069,0.0,0.0,0.0,10,False
1,p95_response_min,5.952586206896552,0.0,0.0,0.0,10,False
1,p95_response_min,6.0,0.0,0.0,0.0,10,True
1,p95_response_min,6.051724137931035,0.0,0.0,0.0,10,False
1,p95_response_min,6.150862068965518,0.0,0.0,0.0,10,False
1,p95_response_min,6.25,0.0,0.0,0.0,10,False
1,p95_response_min,6.349137931034483,0.0,0.0,0.0,10,False
1,p95_response_min,6.448275862068966,0.0,0.0,0.0,10,False
1,p95_response_min,6.547413793103448,0.0,0.0,0.0,10,False
1,p95_response_min,6.6465517241379315,0.0,0.0,0.0,10,False
1,p95_response_min,6.745689655172414,0.0,0.0,0.0,10,False
1,p95_response_min,6.844827586206897,0.0,0.0,0.0,10,False
1,p95_response_min,6.94396551724138,0.0,0.0,0.0,10,False
1,p95_response_min,7.043103448275862,0.0,0.0,0.0,10,False
1,p95_response_min,7.142241379310345,0.0,0.0,0.0,10,False
1,p95_response_min,7.241379310344827,0.0,0.0,0.0,10,False
1,p95_response_min,7.3405172413793105,0.0,0.0,0.0,10,False
1,p95_response_min,7.439655172413794,0.0,0.0,0.0,10,False
1,p95_response_min,7.538793103448276,0.0,0.0,0.0,10,False
1,p95_response_min,7.637931034482759,0.0,0.0,0.0,10,False
1,p95_response_min,7.737068965517242,0.0,0.0,0.0,10,False
1,p95_response_min,7.836206896551724,0.0,0.0,0.0,10,False
1,p95_response_min,7.935344827586207,0.0,0.0,0.0,10,False
1,p95_response_min,8.0,0.0,0.0,0.0,10,True
1,p95_response_min,8.03448275862069,0.0,0.0,0.0,10,False
1,p95_response_min,8.133620689655173,0.0,0.0,0.0,10,False
1,p95_response_min,8.232758620689655,0.0,0.0,0.0,10,False
1,p95_response_min,8.331896551724139,0.0,0.0,0.0,10,False
1,p95_response_min,8.431034482758621,0.0,0.0,0.0,10,False
1,p95_response_min,8.530172413793103,0.0,0.0,0.0,10,False
1,p95_response_min,8.629310344827587,0.0,0.0,0.0,10,False
1,p95_response_min,8.72844827586207,0.0,0.0,0.0,10,False
1,p95_response_min,8.827586206896552,0.0,0.0,0.0,10,False
1,p95_response_min,8.926724137931036,0.0,0.0,0.0,10,False
1,p95_response_min,9.025862068965518,0.0,0.0,0.0,10,False
1,p95_response_min,9.125,0.0,0.0,0.0,10,False
1,p95_response_min,9.224137931034484,0.0,0.0,0.0,10,False
1,p95_response_min,9.323275862068966,0.0,0.0,0.0,10,False
1,p95_response_min,9.422413793103448,0.0,0.0,0.0,10,False
1,p95_response_min,9.52155172413793,0.0,0.0,0.0,10,False
1,p95_response_min,9.620689655172415,0.0,0.0,0.0,10,False
1,p95_response_min,9.719827586206897,0.0,0.0,0.0,10,False
1,p95_response_min,9.818965517241379,0.0,0.0,0.0,10,False
1,p95_response_min,9.918103448275863,0.0,0.0,0.0,10,False
1,p95_response_min,10.0,0.0,0.0,0.0,10,True
1,p95_response_min,10.017241379310345,0.0,0.0,0.0,10,False
1,p95_response_min,10.116379310344827,0.0,0.0,0.0,10,False
1,p95_response_min,10.215517241379311,0.0,0.0,0.0,10,False
1,p95_response_min,10.314655172413794,0.0,0.0,0.0,10,False
1,p95_response_min,10.413793103448276,0.0,0.0,0.0,10,False
1,p95_response_min,10.51293103448276,0.0,0.0,0.0,10,False
1,p95_response_min,10.612068965517242,0.0,0.0,0.0,10,False
1,p95_response_min,10.711206896551724,0.0,0.0,0.0,10,False
1,p95_response_min,10.810344827586206,0.0,0.0,0.0,10,False
1,p95_response_min,10.90948275862069,0.0,0.0,0.0,10,False
1,p95_response_min,11.0,0.0,0.0,0.0,10,True
1,p95_response_min,11.008620689655173,0.0,0.0,0.0,10,False
1,p95_response_min,11.107758620689655,0.0,0.0,0.0,10,False
1,p95_response_min,11.206896551724139,0.0,0.0,0.0,10,False
1,p95_response_min,11.306034482758621,0.0,0.0,0.0,10,False
1,p95_response_min,11.405172413793103,0.0,0.0,0.0,10,False
1,p95_response_min,11.504310344827587,0.0,0.0,0.0,10,False
1,p95_response_min,11.60344827586207,0.0,0.0,0.0,10,False
1,p95_response_min,11.702586206896552,0.0,0.0,0.0,10,False
1,p95_response_min,11.801724137931036,0.0,0.0,0.0,10,False
1,p95_response_min,11.900862068965518,0.0,0.0,0.0,10,False
1,p95_response_min,12.0,0.0,0.0,0.0,10,True
1,strict_4min_rate,0.5,0.0,0.0,0.0,10,True
1,strict_4min_rate,0.5991379310344828,0.0,0.0,0.0,10,False
1,strict_4min_rate,0.6982758620689655,0.0,0.0,0.0,10,False
1,strict_4min_rate,0.7974137931034483,0.0,0.0,0.0,10,False
1,strict_4min_rate,0.896551724137931,0.0,0.0,0.0,10,False
1,strict_4min_rate,0.9956896551724138,0.0,0.0,0.0,10,False
1,strict_4min_rate,1.0,0.0,0.0,0.0,10,True
1,strict_4min_rate,1.0948275862068966,-9.719762534812365e-05,-0.0003170739297363579,0.00012267867904011058,10,False
1,strict_4min_rate,1.1939655172413794,-0.0003779726269645529,-0.00123300611239407,0.00047706085846496417,10,False
1,strict_4min_rate,1.293103448275862,-0.0007975695221994792,-0.002601797129672573,0.0010066580852736142,10,False
1,strict_4min_rate,1.3922413793103448,-0.0013110178384722626,-0.004276746232328511,0.0016547105553839858,10,False
1,strict_4min_rate,1.4913793103448276,-0.001873347103202265,-0.006111152671118537,0.002364458464714007,10,False
1,strict_4min_rate,1.5905172413793105,-0.0024395868438088445,-0.007958315696799287,0.003079142009181598,10,False
1,strict_4min_rate,1.6896551724137931,-0.0029647665877113602,-0.009671534560127405,0.0037420013847046857,10,False
1,strict_4min_rate,1.7887931034482758,-0.0034039158623291738,-0.011104108511859542,0.004296276787201195,10,False
1,strict_4min_rate,1.8879310344827587,-0.0037120641950816437,-0.012109336802752335,0.004685208412589049,10,False
1,strict_4min_rate,1.9870689655172415,-0.0038442411133881318,-0.01254051868356244,0.004852036456786175,10,False
1,strict_4min_rate,2.0,-0.003846153846153849,-0.012546758318454643,0.004854450626146946,10,True
1,strict_4min_rate,2.086206896551724,-0.003825332471763755,-0.012478835722848696,0.004828170779321185,10,False
1,strict_4min_rate,2.185344827586207,-0.0037531817123725025,-0.012243468606299192,0.004737105181554187,10,False
1,strict_4min_rate,2.2844827586206895,-0.0036348384566891787,-0.011857414307102975,0.004587737393724617,10,False
1,strict_4min_rate,2.3836206896551726,-0.003475924013786365,-0.011339010418915474,0.004387162391342745,10,False
1,strict_4min_rate,2.4827586206896552,-0.0032820596927366393,-0.010706594535392102,0.004142475149918824,10,False
1,strict_4min_rate,2.581896551724138,-0.003058866802612585,-0.009978504250188286,0.0038607706449631167,10,False
1,strict_4min_rate,2.681034482758621,-0.002811966652486778,-0.009173077156959432,0.0035491438519858753,10,False
1,strict_4min_rate,2.7801724137931036,-0.0025469805514318025,-0.008308650849360975,0.00321468974649737,10,False
1,strict_4min_rate,2.8793103448275863,-0.002269529808520236,-0.007403562921048327,0.0028645033040078545,10,False
1,strict_4min_rate,2.978448275862069,-0.0019852357328246596,-0.006476150965676906,0.0025056795000275864,10,False
1,strict_4min_rate,3.0775862068965516,-0.0016997196334176516,-0.005544752576902131,0.0021453133100668275,10,False
1,strict_4min_rate,3.1767241379310347,-0.0014186028193717934,-0.004627705348379424,0.001790499709635837,10,False
1,strict_4min_rate,3.2758620689655173,-0.0011475065997596655,-0.0037433468737642053,0.0014483336742448743,10,False
1,strict_4min_rate,3.375,-0.0008920522836538467,-0.002910014746711892,0.0011259101794041987,10,False
1,strict_4min_rate,3.474137931034483,-0.0006578611801269167,-0.0021460465608779014,0.000830324200624068,10,False
1,strict_4min_rate,3.5732758620689657,-0.00045055459825145693,-0.0014697799099176578,0.0005686707134147438,10,False
1,strict_4min_rate,3.6724137931034484,-0.00027575384710004853,-0.0008995523874865843,0.0003480446932864873,10,False
1,strict_4min_rate,3.771551724137931,-0.0001390802357452682,-0.0004537015872400896,0.00017554111574955318,10,False
1,strict_4min_rate,3.8706896551724137,-4.615507325969881e-05,-0.00015056510283360236,5.8254956314204734e-05,10,False
1,strict_4min_rate,3.969827586206897,-2.5996687159177136e-06,-8.48052792253338e-06,3.2811904906979527e-06,10,False
1,strict_4min_rate,4.0,0.0,0.0,0.0,10,True
1,strict_4min_rate,4.068965517241379,2.568432876869143e-05,-3.2417659527067885e-05,8.378631706445074e-05,10,False
1,strict_4min_rate,4.168103448275862,0.0001420292732688797,-0.00017926326458334014,0.00046332181112109953,10,False
1,strict_4min_rate,4.267241379310345,0.0003322305640417847,-0.0004193271861058263,0.0010837883141893959,10,False
1,strict_4min_rate,4.366379310344827,0.0005742272145384109,-0.0007247649919033171,0.001873219420980139,10,False
1,strict_4min_rate,4.4655172413793105,0.000845958238209769,-0.0010677322497846102,0.002759648726204148,10,False
1,strict_4min_rate,4.564655172413794,0.001125362648506864,-0.0014203845275584971,0.0036711098245722253,10,False
1,strict_4min_rate,4.663793103448276,0.0013903794588807005,-0.0017548773930337685,0.00453563631079517,10,False
1,strict_4min_rate,4.762931034482759,0.0016189476827822892,-0.0020433664140192213,0.0052812617795838,10,False
1,strict_4min_rate,4.862068965517242,0.0017890063336626345,-0.002258007158323649,0.005836019825648919,10,False
1,strict_4min_rate,4.961206896551724,0.001878494424972743,-0.002370955193755842,0.006127944043701329,10,False
1,strict_4min_rate,5.0,0.0018867924528301826,-0.00238142860905321,0.006155013514713575,10,True
1,strict_4min_rate,5.060344827586207,0.0018977274805783545,-0.0023635085811629605,0.00615896354231967,10,False
1,strict_4min_rate,5.1594827586206895,0.0019581419319869417,-0.002267177338177091,0.006183461202150974,10,False
1,strict_4min_rate,5.258620689655173,0.00206119427388207,-0.002114956479593841,0.0062373450273579805,10,False
1,strict_4min_rate,5.357758620689656,0.0021952263921919913,-0.0019417409321920284,0.006332193716576011,10,False
1,strict_4min_rate,5.456896551724138,0.0023485801728449556,-0.0017799245016764205,0.006477084847366332,10,False
1,strict_4min_rate,5.556034482758621,0.002509597501769217,-0.0016531964259996071,0.006672391429538041,10,False
1,strict_4min_rate,5.655172413793103,0.002666620264893025,-0.0015725011154341046,0.006905741645220154,10,False
1,strict_4min_rate,5.754310344827586,0.002807990348144633,-0.0015355989939736503,0.007151579690262916,10,False
1,strict_4min_rate,5.853448275862069,0.002922049637452292,-0.0015300241413581193,0.007374123416262703,10,False
1,strict_4min_rate,5.952586206896552,0.0029971400187442515,-0.001537646726774449,0.007531926764262952,10,False
1,strict_4min_rate,6.0,0.0030158730158729996,-0.0015402470744203594,0.007571993106166359,10,True
1,strict_4min_rate,6.051724137931035,0.0030325800475805836,-0.001535655522035619,0.007600815617196786,10,False
1,strict_4min_rate,6.150862068965518,0.003080618255459932,-0.0014973139287758758,0.00765855043969574,10,False
1,strict_4min_rate,6.25,0.003147439996335087,-0.0014298423825790988,0.0077247223752492725,10,False
1,strict_4min_rate,6.349137931034483,0.0032303488109789134,-0.0013474447408192087,0.0078081423627770355,10,False
1,strict_4min_rate,6.448275862068966,0.003326648240164272,-0.0012659203254281482,0.007919216805756692,10,False
1,strict_4min_rate,6.547413793103448,0.003433641824664023,-0.0012009708220725324,0.008068254471400579,10,False
1,strict_4min_rate,6.6465517241379315,0.0035486331052510325,-0.0011664033553433944,0.008263669565845459,10,False
1,strict_4min_rate,6.745689655172414,0.0036689256226981604,-0.001172480759481718,0.008510332004878038,10,False
1,strict_4min_rate,6.844827586206897,0.0037918229177782703,-0.0012248186419765291,0.00880846447753307,10,False
1,strict_4min_rate,6.94396551724138,0.0039146285312642234,-0.0013241295493748428,0.00915338661190329,10,False
1,strict_4min_rate,7.043103448275862,0.004034646003928881,-0.0014668007696026645,0.009536092777460425,10,False
1,strict_4min_rate,7.142241379310345,0.004149178876545109,-0.001645990098302197,0.009944347851392414,10,False
1,strict_4min_rate,7.241379310344827,0.004255530689885764,-0.001852832274042173,0.010363893653813702,10,False
1,strict_4min_rate,7.3405172413793105,0.004351004984723715,-0.0020774628932307875,0.010779472862678219,10,False
1,strict_4min_rate,7.439655172413794,0.00443290530183182,-0.0023097464807563094,0.01117555708441995,10,False
1,strict_4min_rate,7.538793103448276,0.004498535181982941,-0.0025397272046895052,0.011536797568655388,10,False
1,strict_4min_rate,7.637931034482759,0.004545198165949943,-0.0027578772573828483,0.011848273589282735,10,False
1,strict_4min_rate,7.737068965517242,0.004570197794505686,-0.002955223406085018,0.01209561899509639,10,False
1,strict_4min_rate,7.836206896551724,0.004570837608423033,-0.0031234174017104833,0.012265092618556548,10,False
1,strict_4min_rate,7.935344827586207,0.004544421148474846,-0.0032548000990396614,0.012343642395989354,10,False
1,strict_4min_rate,8.0,0.004511332098906448,-0.0033173426212696087,0.012340006819082504,10,True
1,strict_4min_rate,8.03448275862069,0.004484779231335219,-0.0033449404620782075,0.012314498924748646,10,False
1,strict_4min_rate,8.133620689655173,0.0043512359803346955,-0.003418785776801816,0.012121257737471207,10,False
1,strict_4min_rate,8.232758620689655,0.004140386114556122,-0.0034845100617573194,0.011765282290869563,10,False
1,strict_4min_rate,8.331896551724139,0.003861910562829278,-0.0035424415306755937,0.01126626265633415,10,False
1,strict_4min_rate,8.431034482758621,0.0035254902539839624,-0.003593215525854696,0.01064419603382262,10,False
1,strict_4min_rate,8.530172413793103,0.0031408061168499576,-0.0036377772837949724,0.009919389517494888,10,False
1,strict_4min_rate,8.629310344827587,0.002717539080257042,-0.003677415878503134,0.009112494039017219,10,False
1,strict_4min_rate,8.72844827586207,0.002265370073035019,-0.00371382573595235,0.008244565882022388,10,False
1,strict_4min_rate,8.827586206896552,0.0017939800240136684,-0.0037491921500222977,0.007337152198049634,10,False
1,strict_4min_rate,8.926724137931036,0.001313049862022768,-0.0037862908084592213,0.006412390532504758,10,False
1,strict_4min_rate,9.025862068965518,0.0008322605158921231,-0.0038285728255199308,0.0054930938573041765,10,False
1,strict_4min_rate,9.125,0.00036129291445151184,-0.003880165947294456,0.00460275177619748,10,False
1,strict_4min_rate,9.224137931034484,-9.017201346928644e-05,-0.003945647791143636,0.0037653037642050627,10,False
1,strict_4min_rate,9.323275862068966,-0.0005124533390404686,-0.004029344757585795,0.0030044380795048575,10,False
1,strict_4min_rate,9.422413793103448,-0.0008958701334322552,-0.004133859822215994,0.002342119555351484,10,False
1,strict_4min_rate,9.52155172413793,-0.0012307414678148598,-0.004257747281935878,0.0017962643463061592,10,False
1,strict_4min_rate,9.620689655172415,-0.001507386413358499,-0.004392950812464909,0.001378177985747911,10,False
1,strict_4min_rate,9.719827586206897,-0.0017161240412333768,-0.004523482528819841,0.0010912344463530873,10,False
1,strict_4min_rate,9.818965517241379,-0.00184727342260971,-0.004626734723698881,0.000932187878479461,10,False
1,strict_4min_rate,9.918103448275863,-0.0018911536286577118,-0.004677297679183237,0.0008949904218678133,10,False
1,strict_4min_rate,10.0,-0.0018547008547008497,-0.004662492683333984,0.0009530909739322842,10,True
1,strict_4min_rate,10.017241379310345,-0.0018373146996674007,-0.004647630286198391,0.0009730008868635896,10,False
1,strict_4min_rate,10.116379310344827,-0.0016537904304980671,-0.004379392696191617,0.0010718118351954822,10,False
1,strict_4min_rate,10.215517241379311,-0.0013538590408816377,-0.003917081113193314,0.0012093630314300389,10,False
1,strict_4min_rate,10.314655172413794,-0.0009733231549015209,-0.003460403871938516,0.0015137575621354746,10,False
1,strict_4min_rate,10.413793103448276,-0.0005479853966411077,-0.003200002067074187,0.002104031273791972,10,False
1,strict_4min_rate,10.51293103448276,-0.00011364839018378876,-0.003204167444069049,0.0029768706637014718,10,False
1,strict_4min_rate,10.612068965517242,0.00029388524038702406,-0.003412078802061425,0.003999849282835473,10,False
1,strict_4min_rate,10.711206896551724,0.000638812870987942,-0.0037311139385484823,0.005008739680524367,10,False
1,strict_4min_rate,10.810344827586206,0.0008853318775355675,-0.00408713687346774,0.005857800628538874,10,False
1,strict_4min_rate,10.90948275862069,0.0009976396359465053,-0.004426837992481565,0.006422117264374576,10,False
1,strict_4min_rate,11.0,0.0009526068990511422,-0.00469008512151874,0.006595298919621025,10,True
1,strict_4min_rate,11.008620689655173,0.0009409499974831457,-0.0047116597864106146,0.006593559781376906,10,False
1,strict_4min_rate,11.107758620689655,0.0008397834533443573,-0.004874408136566256,0.00655397504325497,10,False
1,strict_4min_rate,11.206896551724139,0.0007902924549899736,-0.004902348760745077,0.006482933670725024,10,False
1,strict_4min_rate,11.306034482758621,0.0007797723052876571,-0.00483607246164829,0.006395617072223604,10,False
1,strict_4min_rate,11.405172413793103,0.0007955183071050645,-0.004727244251327396,0.006318280865537525,10,False
1,strict_4min_rate,11.504310344827587,0.0008248257633098555,-0.004638170232557639,0.006287821759177351,10,False
1,strict_4min_rate,11.60344827586207,0.0008549899767696885,-0.0046385064855106305,0.006348486439050007,10,False
1,strict_4min_rate,11.702586206896552,0.0008733062503522222,-0.004796616181686836,0.0065432286823912805,10,False
1,strict_4min_rate,11.801724137931036,0.0008670698869251159,-0.005166837189535341,0.006900976963385572,10,False
1,strict_4min_rate,11.900862068965518,0.000823576189356028,-0.005779851512775691,0.007427003891487746,10,False
1,strict_4min_rate,12.0,0.0007301204605126177,-0.0066430314497621665,0.008103272370787402,10,True
1,max_incident_queue,0.5,0.0,0.0,0.0,10,True
1,max_incident_queue,0.5991379310344828,0.0,0.0,0.0,10,False
1,max_incident_queue,0.6982758620689655,0.0,0.0,0.0,10,False
1,max_incident_queue,0.7974137931034483,0.0,0.0,0.0,10,False
1,max_incident_queue,0.896551724137931,0.0,0.0,0.0,10,False
1,max_incident_queue,0.9956896551724138,0.0,0.0,0.0,10,False
1,max_incident_queue,1.0,0.0,0.0,0.0,10,True
1,max_incident_queue,1.0948275862068966,0.0,0.0,0.0,10,False
1,max_incident_queue,1.1939655172413794,0.0,0.0,0.0,10,False
1,max_incident_queue,1.293103448275862,0.0,0.0,0.0,10,False
1,max_incident_queue,1.3922413793103448,0.0,0.0,0.0,10,False
1,max_incident_queue,1.4913793103448276,0.0,0.0,0.0,10,False
1,max_incident_queue,1.5905172413793105,0.0,0.0,0.0,10,False
1,max_incident_queue,1.6896551724137931,0.0,0.0,0.0,10,False
1,max_incident_queue,1.7887931034482758,0.0,0.0,0.0,10,False
1,max_incident_queue,1.8879310344827587,0.0,0.0,0.0,10,False
1,max_incident_queue,1.9870689655172415,0.0,0.0,0.0,10,False
1,max_incident_queue,2.0,0.0,0.0,0.0,10,True
1,max_incident_queue,2.086206896551724,0.0,0.0,0.0,10,False
1,max_incident_queue,2.185344827586207,0.0,0.0,0.0,10,False
1,max_incident_queue,2.2844827586206895,0.0,0.0,0.0,10,False
1,max_incident_queue,2.3836206896551726,0.0,0.0,0.0,10,False
1,max_incident_queue,2.4827586206896552,0.0,0.0,0.0,10,False
1,max_incident_queue,2.581896551724138,0.0,0.0,0.0,10,False
1,max_incident_queue,2.681034482758621,0.0,0.0,0.0,10,False
1,max_incident_queue,2.7801724137931036,0.0,0.0,0.0,10,False
1,max_incident_queue,2.8793103448275863,0.0,0.0,0.0,10,False
1,max_incident_queue,2.978448275862069,0.0,0.0,0.0,10,False
1,max_incident_queue,3.0775862068965516,0.0,0.0,0.0,10,False
1,max_incident_queue,3.1767241379310347,0.0,0.0,0.0,10,False
1,max_incident_queue,3.2758620689655173,0.0,0.0,0.0,10,False
1,max_incident_queue,3.375,0.0,0.0,0.0,10,False
1,max_incident_queue,3.474137931034483,0.0,0.0,0.0,10,False
1,max_incident_queue,3.5732758620689657,0.0,0.0,0.0,10,False
1,max_incident_queue,3.6724137931034484,0.0,0.0,0.0,10,False
1,max_incident_queue,3.771551724137931,0.0,0.0,0.0,10,False
1,max_incident_queue,3.8706896551724137,0.0,0.0,0.0,10,False
1,max_incident_queue,3.969827586206897,0.0,0.0,0.0,10,False
1,max_incident_queue,4.0,0.0,0.0,0.0,10,True
1,max_incident_queue,4.068965517241379,0.0,0.0,0.0,10,False
1,max_incident_queue,4.168103448275862,0.0,0.0,0.0,10,False
1,max_incident_queue,4.267241379310345,0.0,0.0,0.0,10,False
1,max_incident_queue,4.366379310344827,0.0,0.0,0.0,10,False
1,max_incident_queue,4.4655172413793105,0.0,0.0,0.0,10,False
1,max_incident_queue,4.564655172413794,0.0,0.0,0.0,10,False
1,max_incident_queue,4.663793103448276,0.0,0.0,0.0,10,False
1,max_incident_queue,4.762931034482759,0.0,0.0,0.0,10,False
1,max_incident_queue,4.862068965517242,0.0,0.0,0.0,10,False
1,max_incident_queue,4.961206896551724,0.0,0.0,0.0,10,False
1,max_incident_queue,5.0,0.0,0.0,0.0,10,True
1,max_incident_queue,5.060344827586207,0.0,0.0,0.0,10,False
1,max_incident_queue,5.1594827586206895,0.0,0.0,0.0,10,False
1,max_incident_queue,5.258620689655173,0.0,0.0,0.0,10,False
1,max_incident_queue,5.357758620689656,0.0,0.0,0.0,10,False
1,max_incident_queue,5.456896551724138,0.0,0.0,0.0,10,False
1,max_incident_queue,5.556034482758621,0.0,0.0,0.0,10,False
1,max_incident_queue,5.655172413793103,0.0,0.0,0.0,10,False
1,max_incident_queue,5.754310344827586,0.0,0.0,0.0,10,False
1,max_incident_queue,5.853448275862069,0.0,0.0,0.0,10,False
1,max_incident_queue,5.952586206896552,0.0,0.0,0.0,10,False
1,max_incident_queue,6.0,0.0,0.0,0.0,10,True
1,max_incident_queue,6.051724137931035,0.0,0.0,0.0,10,False
1,max_incident_queue,6.150862068965518,0.0,0.0,0.0,10,False
1,max_incident_queue,6.25,0.0,0.0,0.0,10,False
1,max_incident_queue,6.349137931034483,0.0,0.0,0.0,10,False
1,max_incident_queue,6.448275862068966,0.0,0.0,0.0,10,False
1,max_incident_queue,6.547413793103448,0.0,0.0,0.0,10,False
1,max_incident_queue,6.6465517241379315,0.0,0.0,0.0,10,False
1,max_incident_queue,6.745689655172414,0.0,0.0,0.0,10,False
1,max_incident_queue,6.844827586206897,0.0,0.0,0.0,10,False
1,max_incident_queue,6.94396551724138,0.0,0.0,0.0,10,False
1,max_incident_queue,7.043103448275862,0.0,0.0,0.0,10,False
1,max_incident_queue,7.142241379310345,0.0,0.0,0.0,10,False
1,max_incident_queue,7.241379310344827,0.0,0.0,0.0,10,False
1,max_incident_queue,7.3405172413793105,0.0,0.0,0.0,10,False
1,max_incident_queue,7.439655172413794,0.0,0.0,0.0,10,False
1,max_incident_queue,7.538793103448276,0.0,0.0,0.0,10,False
1,max_incident_queue,7.637931034482759,0.0,0.0,0.0,10,False
1,max_incident_queue,7.737068965517242,0.0,0.0,0.0,10,False
1,max_incident_queue,7.836206896551724,0.0,0.0,0.0,10,False
1,max_incident_queue,7.935344827586207,0.0,0.0,0.0,10,False
1,max_incident_queue,8.0,0.0,0.0,0.0,10,True
1,max_incident_queue,8.03448275862069,0.0,0.0,0.0,10,False
1,max_incident_queue,8.133620689655173,0.0,0.0,0.0,10,False
1,max_incident_queue,8.232758620689655,0.0,0.0,0.0,10,False
1,max_incident_queue,8.331896551724139,0.0,0.0,0.0,10,False
1,max_incident_queue,8.431034482758621,0.0,0.0,0.0,10,False
1,max_incident_queue,8.530172413793103,0.0,0.0,0.0,10,False
1,max_incident_queue,8.629310344827587,0.0,0.0,0.0,10,False
1,max_incident_queue,8.72844827586207,0.0,0.0,0.0,10,False
1,max_incident_queue,8.827586206896552,0.0,0.0,0.0,10,False
1,max_incident_queue,8.926724137931036,0.0,0.0,0.0,10,False
1,max_incident_queue,9.025862068965518,0.0,0.0,0.0,10,False
1,max_incident_queue,9.125,0.0,0.0,0.0,10,False
1,max_incident_queue,9.224137931034484,0.0,0.0,0.0,10,False
1,max_incident_queue,9.323275862068966,0.0,0.0,0.0,10,False
1,max_incident_queue,9.422413793103448,0.0,0.0,0.0,10,False
1,max_incident_queue,9.52155172413793,0.0,0.0,0.0,10,False
1,max_incident_queue,9.620689655172415,0.0,0.0,0.0,10,False
1,max_incident_queue,9.719827586206897,0.0,0.0,0.0,10,False
1,max_incident_queue,9.818965517241379,0.0,0.0,0.0,10,False
1,max_incident_queue,9.918103448275863,0.0,0.0,0.0,10,False
1,max_incident_queue,10.0,0.0,0.0,0.0,10,True
1,max_incident_queue,10.017241379310345,0.0,0.0,0.0,10,False
1,max_incident_queue,10.116379310344827,0.0,0.0,0.0,10,False
1,max_incident_queue,10.215517241379311,0.0,0.0,0.0,10,False
1,max_incident_queue,10.314655172413794,0.0,0.0,0.0,10,False
1,max_incident_queue,10.413793103448276,0.0,0.0,0.0,10,False
1,max_incident_queue,10.51293103448276,0.0,0.0,0.0,10,False
1,max_incident_queue,10.612068965517242,0.0,0.0,0.0,10,False
1,max_incident_queue,10.711206896551724,0.0,0.0,0.0,10,False
1,max_incident_queue,10.810344827586206,0.0,0.0,0.0,10,False
1,max_incident_queue,10.90948275862069,0.0,0.0,0.0,10,False
1,max_incident_queue,11.0,0.0,0.0,0.0,10,True
1,max_incident_queue,11.008620689655173,0.0,0.0,0.0,10,False
1,max_incident_queue,11.107758620689655,0.0,0.0,0.0,10,False
1,max_incident_queue,11.206896551724139,0.0,0.0,0.0,10,False
1,max_incident_queue,11.306034482758621,0.0,0.0,0.0,10,False
1,max_incident_queue,11.405172413793103,0.0,0.0,0.0,10,False
1,max_incident_queue,11.504310344827587,0.0,0.0,0.0,10,False
1,max_incident_queue,11.60344827586207,0.0,0.0,0.0,10,False
1,max_incident_queue,11.702586206896552,0.0,0.0,0.0,10,False
1,max_incident_queue,11.801724137931036,0.0,0.0,0.0,10,False
1,max_incident_queue,11.900862068965518,0.0,0.0,0.0,10,False
1,max_incident_queue,12.0,0.0,0.0,0.0,10,True
2,mean_response_min,0.5,0.0,0.0,0.0,9,True
2,mean_response_min,0.5991379310344828,-0.008848841693027895,-0.029254307228917257,0.011556623842861467,9,False
2,mean_response_min,0.6982758620689655,-0.017368185420849055,-0.05741929282231968,0.02268292198062157,9,False
2,mean_response_min,0.7974137931034483,-0.02499219792857059,-0.08262430969969536,0.03263991384255418,9,False
2,mean_response_min,0.896551724137931,-0.031155045961299612,-0.10299871078053237,0.04068861885793314,9,False
2,mean_response_min,0.9956896551724138,-0.03529089626414323,-0.11667184898431876,0.046090056456032306,9,False
2,mean_response_min,1.0,-0.035415991750691767,-0.1170854151801436,0.046253431678760074,9,True
2,mean_response_min,1.0948275862068966,-0.040162926873739214,-0.12732394091202953,0.046998087164551096,9,False
2,mean_response_min,1.1939655172413794,-0.048864855264909385,-0.14094699726458393,0.04321728673476516,9,False
2,mean_response_min,1.293103448275862,-0.060396462343205864,-0.15800439443516534,0.037211469748753626,9,False
2,mean_response_min,1.3922413793103448,-0.07375051182330011,-0.17867774562875283,0.0311767219821526,9,False
2,mean_response_min,1.4913793103448276,-0.08791976741986357,-0.20231722427589072,0.026477689436163576,9,False
2,mean_response_min,1.5905172413793105,-0.10189699284756763,-0.2273461158330901,0.02355213013795486,9,False
2,mean_response_min,1.6896551724137931,-0.11467495182108373,-0.2515338067859189,0.02218390314375146,9,False
2,mean_response_min,1.7887931034482758,-0.1252464080550833,-0.2723478879684428,0.021855071858276204,9,False
2,mean_response_min,1.8879310344827587,-0.13260412526423776,-0.28720513921780855,0.021996888689333027,9,False
2,mean_response_min,1.9870689655172415,-0.13574086716321856,-0.29362174062099217,0.022140006294555037,9,False
2,mean_response_min,2.0,-0.1357860866114558,-0.2937145612549721,0.022142388032060478,9,True
2,mean_response_min,2.086206896551724,-0.1347500730024806,-0.2917909828569765,0.022290836852015328,9,False
2,mean_response_min,2.185344827586207,-0.13115853732526828,-0.2851780590437263,0.02286098439318976,9,False
2,mean_response_min,2.2844827586206895,-0.12526448390932024,-0.2745232121653135,0.023994244346672994,9,False
2,mean_response_min,2.3836206896551726,-0.11734501311916172,-0.26063049406904604,0.02594046783072261,9,False
2,mean_response_min,2.4827586206896552,-0.10767722531931807,-0.2444120873029429,0.02905763666430676,9,False
2,mean_response_min,2.581896551724138,-0.09653822087431455,-0.22688292440814367,0.03380648265951458,9,False
2,mean_response_min,2.681034482758621,-0.08420510014867633,-0.20913371705384182,0.04072351675648915,9,False
2,mean_response_min,2.7801724137931036,-0.07095496350692881,-0.19225661991492965,0.050346692901072035,9,False
2,mean_response_min,2.8793103448275863,-0.057064911313597255,-0.1772090689250024,0.0630792462978079,9,False
2,mean_response_min,2.978448275862069,-0.042812043933206874,-0.16464780867382792,0.07902372080741416,9,False
2,mean_response_min,3.0775862068965516,-0.028473461730282965,-0.15482088281740058,0.09787395935683464,9,False
2,mean_response_min,3.1767241379310347,-0.014326265069350752,-0.14759172733559675,0.11893919719689525,9,False
2,mean_response_min,3.2758620689655173,-0.000647554314935597,-0.14257350631484247,0.14127839768497127,9,False
2,mean_response_min,3.375,0.012285570168437244,-0.13928319183670468,0.16385433217357914,9,False
2,mean_response_min,3.474137931034483,0.0241960080162426,-0.13724860358481866,0.18564061961730388,9,False
2,mean_response_min,3.5732758620689657,0.034806658863955064,-0.13605855628165522,0.20567187400956535,9,False
2,mean_response_min,3.6724137931034484,0.0438404223470494,-0.13537572935881317,0.223056574052912,9,False
2,mean_response_min,3.771551724137931,0.05102019810100035,-0.13493297120338843,0.23697336740538916,9,False
2,mean_response_min,3.8706896551724137,0.05606888576128266,-0.13452587429393104,0.24666364581649636,9,False
2,mean_response_min,3.969827586206897,0.05870938496337108,-0.1340081588952681,0.25142692882201023,9,False
2,mean_response_min,4.0,0.05899277217818168,-0.1338137554422298,0.2517992997985931,9,True
2,mean_response_min,4.068965517241379,0.058412050410996,-0.1317425242050504,0.2485666250270424,9,False
2,mean_response_min,4.168103448275862,0.05467829648415828,-0.12379816125188878,0.23315475422020535,9,False
2,mean_response_min,4.267241379310345,0.048253837955664305,-0.11122767062069254,0.20773534653202114,9,False
2,mean_response_min,4.366379310344827,0.03994952396849208,-0.0954085794974151,0.17530762743439926,9,False
2,mean_response_min,4.4655172413793105,0.030576203665619257,-0.07772671074034854,0.13887911807158707,9,False
2,mean_response_min,4.564655172413794,0.02094472619002384,-0.05958361255826218,0.10147306493830986,9,False
2,mean_response_min,4.663793103448276,0.011865940684683742,-0.04241894958822712,0.06615083095759461,9,False
2,mean_response_min,4.762931034482759,0.004150696292576702,-0.027783093847260396,0.0360844864324138,9,False
2,mean_response_min,4.862068965517242,-0.0013901578433193988,-0.01755432304974053,0.014774007363101733,9,False
2,mean_response_min,4.961206896551724,-0.003945772580026597,-0.013257035678719987,0.0053654905186667915,9,False
2,mean_response_min,5.0,-0.0039572402494511116,-0.012388419611180219,0.004473939112277996,9,True
2,mean_response_min,5.060344827586207,-0.003525158776702209,-0.010971708653069298,0.00392139109966488,9,False
2,mean_response_min,5.1594827586206895,-0.0029276006052642574,-0.008763163449972822,0.0029079622394443077,9,False
2,mean_response_min,5.258620689655173,-0.0024565602719316317,-0.006781632654042976,0.0018685121101797127,9,False
2,mean_response_min,5.357758620689656,-0.0020969889929837015,-0.005235350571168128,0.0010413725852007252,9,False
2,mean_response_min,5.456896551724138,-0.0018338379846998285,-0.0045378995674541485,0.0008702235980544918,9,False
2,mean_response_min,5.556034482758621,-0.0016520584633593705,-0.004848624202656214,0.001544507275937473,9,False
2,mean_response_min,5.655172413793103,-0.0015366016452416946,-0.005660280381384402,0.0025870770909010125,9,False
2,mean_response_min,5.754310344827586,-0.0014724187466261575,-0.006527363973869311,0.0035825264806169967,9,False
2,mean_response_min,5.853448275862069,-0.0014444609837921266,-0.007226033882394949,0.004337111914810696,9,False
2,mean_response_min,5.952586206896552,-0.0014376795730189585,-0.007620758905427059,0.004745399759389142,9,False
2,mean_response_min,6.0,-0.00143752753326925,-0.0076709846396652535,0.0047959295731267535,9,True
2,mean_response_min,6.051724137931035,-0.0014004315671051842,-0.007648204389130098,0.004847341254919729,9,False
2,mean_response_min,6.150862068965518,-0.0011327450599198713,-0.008569062847376846,0.006303572727537104,9,False
2,mean_response_min,6.25,-0.0006301905363615127,-0.01316123832058044,0.011900857247857412,9,False
2,mean_response_min,6.349137931034483,7.927269120233054e-05,-0.02134979530740623,0.02150834068981089,9,False
2,mean_response_min,6.448275862068966,0.0009676853104040868,-0.03220153350557101,0.03413690412637919,9,False
2,mean_response_min,6.547413793103448,0.0020070880088761726,-0.045132765053950565,0.049146941071702914,9,False
2,mean_response_min,6.6465517241379315,0.0031695214742510375,-0.05971338331833011,0.06605242626683218,9,False
2,mean_response_min,6.745689655172414,0.004427026394161094,-0.07556406572367824,0.08441811851200043,9,False
2,mean_response_min,6.844827586206897,0.005751643456238794,-0.0923242757586014,0.103827562671079,9,False
2,mean_response_min,6.94396551724138,0.007115413348116541,-0.10964138647562176,0.12387221317185483,9,False
2,mean_response_min,7.043103448275862,0.008490376757426789,-0.12716647826863714,0.1441472317834907,9,False
2,mean_response_min,7.142241379310345,0.009848574371801956,-0.144552525290462,0.1642496740340659,9,False
2,mean_response_min,7.241379310344827,0.011162046878874472,-0.16145353894168862,0.1837776326994376,9,False
2,mean_response_min,7.3405172413793105,0.012402834966276763,-0.1775241326900701,0.20232980262262362,9,False
2,mean_response_min,7.439655172413794,0.013542979321641273,-0.192419287449902,0.21950524609318456,9,False
2,mean_response_min,7.538793103448276,0.01455452063260042,-0.20579421897135383,0.2349032602365547,9,False
2,mean_response_min,7.637931034482759,0.015409499586786637,-0.21730430026871134,0.24812329944228462,9,False
2,mean_response_min,7.737068965517242,0.01607995687183234,-0.22660501553863888,0.25876492928230355,9,False
2,mean_response_min,7.836206896551724,0.016537933175370025,-0.2333519334338997,0.26642779978463976,9,False
2,mean_response_min,7.935344827586207,0.016755469185032026,-0.23720069363587415,0.2707116320059382,9,False
2,mean_response_min,8.0,0.01675448602526735,-0.23798538019209592,0.27149435224263063,9,True
2,mean_response_min,8.03448275862069,0.01667229819213778,-0.23787995938308298,0.27122455576735854,9,False
2,mean_response_min,8.133620689655173,0.015906720152969386,-0.23610242790646246,0.26791586821240126,9,False
2,mean_response_min,8.232758620689655,0.014422919714548094,-0.232364683220869,0.2612105226499652,9,False
2,mean_response_min,8.331896551724139,0.012306728692915159,-0.22700680855047609,0.2516202659363064,9,False
2,mean_response_min,8.431034482758621,0.009643978904111932,-0.22042117694787292,0.23970913475609676,9,False
2,mean_response_min,8.530172413793103,0.006520502164179634,-0.2130491415671129,0.22609014589547216,9,False
2,mean_response_min,8.629310344827587,0.003022130289159503,-0.20537908407213135,0.21142334465045037,9,False
2,mean_response_min,8.72844827586207,-0.000765304904907102,-0.19794142352134492,0.19641081371153074,9,False
2,mean_response_min,8.827586206896552,-0.0047559716019789245,-0.19129421512950276,0.18178227192554489,9,False
2,mean_response_min,8.926724137931036,-0.0088640379860148,-0.18599085310747654,0.16826277713544696,9,False
2,mean_response_min,9.025862068965518,-0.013003672240973303,-0.1825221058417945,0.15651476135984793,9,False
2,mean_response_min,9.125,-0.017089042550813227,-0.18123315291616632,0.14705506781453986,9,False
2,mean_response_min,9.224137931034484,-0.021034317099493362,-0.18223447479875857,0.14016584059977186,9,False
2,mean_response_min,9.323275862068966,-0.02475366407097228,-0.18534319691314416,0.13583586877119957,9,False
2,mean_response_min,9.422413793103448,-0.028161251649208834,-0.19008779370755138,0.13376529040913374,9,False
2,mean_response_min,9.52155172413793,-0.03117124801816171,-0.19577739413074857,0.13343489809442516,9,False
2,mean_response_min,9.620689655172415,-0.03369782136178967,-0.20160318784200576,0.13420754511842642,9,False
2,mean_response_min,9.719827586206897,-0.03565513986405135,-0.20673308278346364,0.13542280305536097,9,False
2,mean_response_min,9.818965517241379,-0.036957371708905576,-0.21037950769988445,0.13646476428207333,9,False
2,mean_response_min,9.918103448275863,-0.03751868508031101,-0.21184184324194508,0.13680447308132307,9,False
2,mean_response_min,10.0,-0.03736255257562456,-0.21098359070120443,0.1362584855499553,9,True
2,mean_response_min,10.017241379310345,-0.03726548793938178,-0.2104419893159582,0.13591101343719464,9,False
2,mean_response_min,10.116379310344827,-0.036662569080748816,-0.20226216323966972,0.12893702507817206,9,False
2,mean_response_min,10.215517241379311,-0.036014725677767076,-0.18701383173644226,0.11498438038090812,9,False
2,mean_response_min,10.314655172413794,-0.03536528505445927,-0.16700888943817382,0.09627831932925529,9,False
2,mean_response_min,10.413793103448276,-0.03475757453484796,-0.14483293507184092,0.075317786002145,9,False
2,mean_response_min,10.51293103448276,-0.034234921442955785,-0.12352479686923962,0.05505495398332805,9,False
2,mean_response_min,10.612068965517242,-0.03384065310280539,-0.10670885499267133,0.03902754878706055,9,False
2,mean_response_min,10.711206896551724,-0.0336180968384194,-0.09775920649798543,0.030523012821146625,9,False
2,mean_response_min,10.810344827586206,-0.033610579973820436,-0.0969005260843106,0.029679366136669737,9,False
2,mean_response_min,10.90948275862069,-0.03386142983303112,-0.10004752912691911,0.03232466946085686,9,False
2,mean_response_min,11.0,-0.03435285312738786,-0.10240122609289468,0.03369551983811895,9,True
2,mean_response_min,11.008620689655173,-0.034403534140917576,-0.10251419194710804,0.03370712366527288,9,False
2,mean_response_min,11.107758620689655,-0.033714376567300114,-0.1027008571773035,0.03527210404270327,9,False
2,mean_response_min,11.206896551724139,-0.03083510278421818,-0.10188845014598044,0.04021824457754408,9,False
2,mean_response_min,11.306034482758621,-0.025981832251824925,-0.10243257172350351,0.05046890721985366,9,False
2,mean_response_min,11.405172413793103,-0.019370684430273417,-0.1068351526478802,0.06809378378733337,9,False
2,mean_response_min,11.504310344827587,-0.011217778779716562,-0.11654279579183463,0.0941072382324015,9,False
2,mean_response_min,11.60344827586207,-0.0017392347603077095,-0.13171579466981292,0.1282373251491975,9,False
2,mean_response_min,11.702586206896552,0.008848828167800166,-0.15186264769851834,0.16956030403411868,9,False
2,mean_response_min,11.801724137931036,0.020330290544454246,-0.17639221744887845,0.21705279853778697,9,False
2,mean_response_min,11.900862068965518,0.03248903290950099,-0.2048122030957072,0.2697902689147092,9,False
2,mean_response_min,12.0,0.04510893580278758,-0.23674749370933307,0.3269653653149082,9,True
2,p95_response_min,0.5,0.0,0.0,0.0,9,True
2,p95_response_min,0.5991379310344828,0.012700786972455554,-0.01658728030637415,0.041988854251285256,9,False
2,p95_response_min,0.6982758620689655,0.0261700624400278,-0.03417820976522753,0.08651833464528313,9,False
2,p95_response_min,0.7974137931034483,0.040446282753569686,-0.05282301252979895,0.13371557803693832,9,False
2,p95_response_min,0.896551724137931,0.055567904263934195,-0.07257191275332724,0.1837077212811956,9,False
2,p95_response_min,0.9956896551724138,0.07157338332197428,-0.09347513458905128,0.23662190123299986,9,False
2,p95_response_min,1.0,0.07228991762778689,-0.09441093135545822,0.238990766611032,9,True
2,p95_response_min,1.0948275862068966,0.0956680697477506,-0.1116331457796767,0.3029692852751779,9,False
2,p95_response_min,1.1939655172413794,0.13390370328040674,-0.12586371695516624,0.3936711235159797,9,False
2,p95_response_min,1.293103448275862,0.18246093782968165,-0.14098937898467362,0.505911254644037,9,False
2,p95_response_min,1.3922413793103448,0.23750439918566021,-0.15901161903733566,0.6340204174086561,9,False
2,p95_response_min,1.4913793103448276,0.29519871313842755,-0.17955609483370305,0.7699535211105581,9,False
2,p95_response_min,1.5905172413793105,0.35170850547806826,-0.20103677079422805,0.9044537817503646,9,False
2,p95_response_min,1.6896551724137931,0.4031984019946672,-0.2213929446797019,1.0277897486690364,9,False
2,p95_response_min,1.7887931034482758,0.44583302847830947,-0.23843277487616882,1.1300988318327878,9,False
2,p95_response_min,1.8879310344827587,0.47577701071907985,-0.2499855426524047,1.2015395640905644,9,False
2,p95_response_min,1.9870689655172415,0.48919497450706306,-0.2539947530851733,1.2323847020992993,9,False
2,p95_response_min,2.0,0.48952597940618897,-0.2538621800930185,1.2329141389053964,9,True
2,p95_response_min,2.086206896551724,0.4894082280307186,-0.24896474108466715,1.2277811971461043,9,False
2,p95_response_min,2.185344827586207,0.4866048889045943,-0.2354822249662062,1.2086920027753947,9,False
2,p95_response_min,2.2844827586206895,0.4812389299134978,-0.21505368797486146,1.177531547801857,9,False
2,p95_response_min,2.3836206896551726,0.47361503779151715,-0.18953599619038752,1.1367660717734218,9,False
2,p95_response_min,2.4827586206896552,0.4640378992727406,-0.16116478788092975,1.089240586426411,9,False
2,p95_response_min,2.581896551724138,0.4528122010912559,-0.13261124594826518,1.038235648130777,9,False
2,p95_response_min,2.681034482758621,0.4402426299811515,-0.10702340223184603,0.987508662194149,9,False
2,p95_response_min,2.7801724137931036,0.4266338726765151,-0.08795749129012753,0.9412252366431577,9,False
2,p95_response_min,2.8793103448275863,0.4122906159114351,-0.07904035929921877,0.9036215911220891,9,False
2,p95_response_min,2.978448275862069,0.3975175464199996,-0.0832322354446694,0.8782673282846686,9,False
2,p95_response_min,3.0775862068965516,0.38261935093629634,-0.10185233652296921,0.8670910383955619,9,False
2,p95_response_min,3.1767241379310347,0.3679007161944137,-0.1339594876233982,0.8697609200122256,9,False
2,p95_response_min,3.2758620689655173,0.35366632892843974,-0.17660149060842756,0.883934148465307,9,False
2,p95_response_min,3.375,0.34022087587246236,-0.22571716406952108,0.9061589158144459,9,False
2,p95_response_min,3.474137931034483,0.3278690437605698,-0.27703290169411976,0.9327709892152594,9,False
2,p95_response_min,3.5732758620689657,0.3169155193268502,-0.3265784908223169,0.9604095294760173,9,False
2,p95_response_min,3.6724137931034484,0.3076649893053913,-0.37085723006559657,0.9861872086763792,9,False
2,p95_response_min,3.771551724137931,0.3004221404302817,-0.40683964825868524,1.0076839291192488,9,False
2,p95_response_min,3.8706896551724137,0.29549165943560934,-0.43190750027017594,1.0228908191413946,9,False
2,p95_response_min,3.969827586206897,0.2931782330554617,-0.4438118951752576,1.030168361286181,9,False
2,p95_response_min,4.0,0.2930400529699949,-0.44452542614936574,1.0306055320893557,9,True
2,p95_response_min,4.068965517241379,0.28905098832667053,-0.4384742374379965,1.0165762140913377,9,False
2,p95_response_min,4.168103448275862,0.27098131211613363,-0.41106354583983284,0.9530261700721001,9,False
2,p95_response_min,4.267241379310345,0.24144091606491516,-0.3662524116272907,0.849134243757121,9,False
2,p95_response_min,4.366379310344827,0.20385611908646592,-0.3092383696072626,0.7169506077801945,9,False
2,p95_response_min,4.4655172413793105,0.16165324009423548,-0.24521895458664011,0.5685254347751111,9,False
2,p95_response_min,4.564655172413794,0.11825859800167457,-0.17939170137231583,0.41590889737566494,9,False
2,p95_response_min,4.663793103448276,0.07709851172223375,-0.1169541447711828,0.27115116821565033,9,False
2,p95_response_min,4.762931034482759,0.041599300169362724,-0.06310381959013218,0.14630241992885762,9,False
2,p95_response_min,4.862068965517242,0.015187282256512051,-0.023038260636056948,0.05341282514908105,9,False
2,p95_response_min,4.961206896551724,0.0012887768971320145,-0.00195500271584954,0.0045325565101135695,9,False
2,p95_response_min,5.0,0.0,0.0,0.0,9,True
2,p95_response_min,5.060344827586207,0.0,0.0,0.0,9,False
2,p95_response_min,5.1594827586206895,0.0,0.0,0.0,9,False
2,p95_response_min,5.258620689655173,0.0,0.0,0.0,9,False
2,p95_response_min,5.357758620689656,0.0,0.0,0.0,9,False
2,p95_response_min,5.456896551724138,0.0,0.0,0.0,9,False
2,p95_response_min,5.556034482758621,0.0,0.0,0.0,9,False
2,p95_response_min,5.655172413793103,0.0,0.0,0.0,9,False
2,p95_response_min,5.754310344827586,0.0,0.0,0.0,9,False
2,p95_response_min,5.853448275862069,0.0,0.0,0.0,9,False
2,p95_response_min,5.952586206896552,0.0,0.0,0.0,9,False
2,p95_response_min,6.0,0.0,0.0,0.0,9,True
2,p95_response_min,6.051724137931035,0.0,0.0,0.0,9,False
2,p95_response_min,6.150862068965518,0.0,0.0,0.0,9,False
2,p95_response_min,6.25,0.0,0.0,0.0,9,False
2,p95_response_min,6.349137931034483,0.0,0.0,0.0,9,False
2,p95_response_min,6.448275862068966,0.0,0.0,0.0,9,False
2,p95_response_min,6.547413793103448,0.0,0.0,0.0,9,False
2,p95_response_min,6.6465517241379315,0.0,0.0,0.0,9,False
2,p95_response_min,6.745689655172414,0.0,0.0,0.0,9,False
2,p95_response_min,6.844827586206897,0.0,0.0,0.0,9,False
2,p95_response_min,6.94396551724138,0.0,0.0,0.0,9,False
2,p95_response_min,7.043103448275862,0.0,0.0,0.0,9,False
2,p95_response_min,7.142241379310345,0.0,0.0,0.0,9,False
2,p95_response_min,7.241379310344827,0.0,0.0,0.0,9,False
2,p95_response_min,7.3405172413793105,0.0,0.0,0.0,9,False
2,p95_response_min,7.439655172413794,0.0,0.0,0.0,9,False
2,p95_response_min,7.538793103448276,0.0,0.0,0.0,9,False
2,p95_response_min,7.637931034482759,0.0,0.0,0.0,9,False
2,p95_response_min,7.737068965517242,0.0,0.0,0.0,9,False
2,p95_response_min,7.836206896551724,0.0,0.0,0.0,9,False
2,p95_response_min,7.935344827586207,0.0,0.0,0.0,9,False
2,p95_response_min,8.0,0.0,0.0,0.0,9,True
2,p95_response_min,8.03448275862069,-5.848833521796764e-06,-0.0019372109714858926,0.0019255133044422989,9,False
2,p95_response_min,8.133620689655173,-8.488791775542598e-05,-0.028116000397269778,0.027946224561758926,9,False
2,p95_response_min,8.232758620689655,-0.0002486700006544489,-0.08236279110218417,0.08186545110087526,9,False
2,p95_response_min,8.331896551724139,-0.0004874981221725828,-0.1614658217458327,0.16049082550148755,9,False
2,p95_response_min,8.431034482758621,-0.000791675322263524,-0.2622133309878145,0.26062998034328744,9,False
2,p95_response_min,8.530172413793103,-0.0011515046408809724,-0.38139355748773274,0.37909054820597077,9,False
2,p95_response_min,8.629310344827587,-0.0015572891179786812,-0.5157947399051919,0.5126801616692345,9,False
2,p95_response_min,8.72844827586207,-0.001999331793510312,-0.6622051168997892,0.6582064533127686,9,False
2,p95_response_min,8.827586206896552,-0.002467935707429672,-0.8174129271311289,0.8124770557162696,9,False
2,p95_response_min,8.926724137931036,-0.002953403899690368,-0.9782064092588157,0.9722996014594351,9,False
2,p95_response_min,9.025862068965518,-0.0034460394102461267,-1.1413738019424469,1.1344817231219544,9,False
2,p95_response_min,9.125,-0.003936145279050642,-1.3037033438416252,1.2958310532835238,9,False
2,p95_response_min,9.224137931034484,-0.004414024546057648,-1.4619832736159566,1.4531552245238415,9,False
2,p95_response_min,9.323275862068966,-0.004869980251221022,-1.6130018299250384,1.6032618694225962,9,False
2,p95_response_min,9.422413793103448,-0.005294315434494262,-1.7535472514284738,1.7429586205594854,9,False
2,p95_response_min,9.52155172413793,-0.0056773331358311125,-1.8804077767858656,1.8690531105142034,9,False
2,p95_response_min,9.620689655172415,-0.006009336395185404,-1.9903716446568176,1.9783529718664468,9,False
2,p95_response_min,9.719827586206897,-0.006280628252510721,-2.0802270937009273,2.067665837195906,9,False
2,p95_response_min,9.818965517241379,-0.006481511747760472,-2.146762362577799,2.133799339082278,9,False
2,p95_response_min,9.918103448275863,-0.006602289920889219,-2.1867656899470362,2.173561110105258,9,False
2,p95_response_min,10.0,-0.006634753523864963,-2.1975180643519745,2.1842485573042443,9,True
2,p95_response_min,10.017241379310345,-0.006318155311862925,-2.195270804263538,2.1826344936398123,9,False
2,p95_response_min,10.116379310344827,0.006825789897714297,-2.1021102172850727,2.1157617970805016,9,False
2,p95_response_min,10.215517241379311,0.03621874719224699,-1.8948802642309954,1.9673177586154895,9,False
2,p95_response_min,10.314655172413794,0.07766153367337504,-1.6060529702983897,1.7613760376451397,9,False
2,p95_response_min,10.413793103448276,0.12695496644273968,-1.2702513701722107,1.52416130305769,9,False
2,p95_response_min,10.51293103448276,0.1798998626019828,-0.9260244588213089,1.2858241840252744,9,False
2,p95_response_min,10.612068965517242,0.23229703925274314,-0.6190476149987563,1.0836416935042426,9,False
2,p95_response_min,10.711206896551724,0.2799473134966629,-0.4015996495795885,0.9614942765729143,9,False
2,p95_response_min,10.810344827586206,0.3186515024353828,-0.30448669913921284,0.9417897040099785,9,False
2,p95_response_min,10.90948275862069,0.3442104231705438,-0.29173314191344907,0.9801539882545367,9,False
2,p95_response_min,11.0,0.3525054228722464,-0.2963529454390722,1.0013637911835649,9,True
2,p95_response_min,11.008620689655173,0.3524846872262429,-0.2963225176204179,1.0012918920729037,9,False
2,p95_response_min,11.107758620689655,0.34923719811994974,-0.29164476948785584,0.9901191657277553,9,False
2,p95_response_min,11.206896551724139,0.34035318751656257,-0.27918231544648314,0.9598886904796082,9,False
2,p95_response_min,11.306034482758621,0.3256890379378415,-0.25922428612952814,0.910602362005211,9,False
2,p95_response_min,11.405172413793103,0.3051011319055459,-0.23211129684445098,0.8423135606555427,9,False
2,p95_response_min,11.504310344827587,0.278445851941435,-0.19827053052612925,0.7551622344089992,9,False
2,p95_response_min,11.60344827586207,0.24557958056726964,-0.15831530277061606,0.6494744639051553,9,False
2,p95_response_min,11.702586206896552,0.2063587003048089,-0.11335472894578019,0.5260721295553981,9,False
2,p95_response_min,11.801724137931036,0.16063959367581165,-0.06622099281477636,0.38750018016639964,9,False
2,p95_response_min,11.900862068965518,0.10827864320203921,-0.02865147106012715,0.24520875746420556,9,False
2,p95_response_min,12.0,0.0491322314052505,-0.06416689738706513,0.16243136019756613,9,True
2,strict_4min_rate,0.5,0.0,0.0,0.0,9,True
2,strict_4min_rate,0.5991379310344828,0.002870408594121128,-0.0037487654936477696,0.009489582681890025,9,False
2,strict_4min_rate,0.6982758620689655,0.00558644862941882,-0.007295925011126624,0.018468822269964262,9,False
2,strict_4min_rate,0.7974137931034483,0.00787726764342759,-0.010287744116426405,0.026042279403281583,9,False
2,strict_4min_rate,0.896551724137931,0.009472013173681956,-0.012370488373536968,0.03131451472090088,9,False
2,strict_4min_rate,0.9956896551724138,0.010099832757716429,-0.01319042334644815,0.03339008886188101,9,False
2,strict_4min_rate,1.0,0.010101010101010098,-0.013191960961658237,0.033393981163678435,9,True
2,strict_4min_rate,1.0948275862068966,0.010383145466328954,-0.01253795785033511,0.03330424878299302,9,False
2,strict_4min_rate,1.1939655172413794,0.01119370011989821,-0.010756435978644445,0.033143836218440866,9,False
2,strict_4min_rate,1.293103448275862,0.012395788984720064,-0.008436635060414255,0.03322821302985438,9,False
2,strict_4min_rate,1.3922413793103448,0.013851900735189033,-0.0062482878601996614,0.03395208933057773,9,False
2,strict_4min_rate,1.4913793103448276,0.015424524045699642,-0.004762540943194947,0.03561158903459423,9,False
2,strict_4min_rate,1.5905172413793105,0.016976147590646393,-0.004228301136143801,0.03818059631743659,9,False
2,strict_4min_rate,1.6896551724137931,0.018369260044423803,-0.00450786371466037,0.04124638380350798,9,False
2,strict_4min_rate,1.7887931034482758,0.019466350081426387,-0.005238786052223492,0.044171486215076265,9,False
2,strict_4min_rate,1.8879310344827587,0.020129906376048664,-0.006022013972273709,0.046281826724371034,9,False
2,strict_4min_rate,1.9870689655172415,0.020222417602685134,-0.006510953975652673,0.046955789181022944,9,False
2,strict_4min_rate,2.0,0.020185185185185188,-0.0065379656805236545,0.046908336050894034,9,True
2,strict_4min_rate,2.086206896551724,0.019846139673614028,-0.006573202601954212,0.04626548194918227,9,False
2,strict_4min_rate,2.185344827586207,0.0193410660945107,-0.0063529693568088255,0.04503510154583022,9,False
2,strict_4min_rate,2.2844827586206895,0.018726538968891926,-0.00588184873630232,0.04333492667408617,9,False
2,strict_4min_rate,2.3836206896551726,0.018016936325572632,-0.005194085312698781,0.04122795796384404,9,False
2,strict_4min_rate,2.4827586206896552,0.01722663619336776,-0.004328682670296902,0.03878195505703242,9,False
2,strict_4min_rate,2.581896551724138,0.016370016601092233,-0.003330033701023971,0.036070066903208436,9,False
2,strict_4min_rate,2.681034482758621,0.015461455577560965,-0.0022496982196847943,0.033172609374806726,9,False
2,strict_4min_rate,2.7801724137931036,0.01451533115158891,-0.0011498168477877806,0.030180479150965597,9,False
2,strict_4min_rate,2.8793103448275863,0.013546021351990978,-0.00010891669799035532,0.027200959401972313,9,False
2,strict_4min_rate,2.978448275862069,0.012567904207582109,0.0007695551583804267,0.024366253256783793,9,False
2,strict_4min_rate,3.0775862068965516,0.01159535774717722,0.0013493688909140978,0.021841346603440344,9,False
2,strict_4min_rate,3.1767241379310347,0.010642759999591252,0.0014705788741334498,0.019814941125049054,9,False
2,strict_4min_rate,3.2758620689655173,0.009724488993639124,0.00100799002281954,0.018440987964458706,9,False
2,strict_4min_rate,3.375,0.008854922758135774,-2.8715635546173318e-05,0.01773856115181772,9,False
2,strict_4min_rate,3.474137931034483,0.00804843932189612,-0.0014661713669726038,0.017563050010764844,9,False
2,strict_4min_rate,3.5732758620689657,0.007319416713735102,-0.0030597366290006584,0.017698570056470863,9,False
2,strict_4min_rate,3.6724137931034484,0.00668223296246764,-0.004587566255272598,0.017952032180207876,9,False
2,strict_4min_rate,3.771551724137931,0.0061512660969086684,-0.0058780808188846475,0.018180613012701984,9,False
2,strict_4min_rate,3.8706896551724137,0.005740894145873111,-0.006801545489647807,0.018283333781394028,9,False
2,strict_4min_rate,3.969827586206897,0.0054654951381759,-0.007257050091669012,0.01818804036802081,9,False
2,strict_4min_rate,4.0,0.005410660616610271,-0.007290097598790943,0.018111418832011485,9,True
2,strict_4min_rate,4.068965517241379,0.005242334973129984,-0.0072062796999927976,0.017690949646252764,9,False
2,strict_4min_rate,4.168103448275862,0.004819134912831178,-0.006774842670967049,0.016413112496629405,9,False
2,strict_4min_rate,4.267241379310345,0.004230700276064491,-0.0060510153275761085,0.01451241587970509,9,False
2,strict_4min_rate,4.366379310344827,0.0035310360078378306,-0.005119702853083665,0.012181774868759326,9,False
2,strict_4min_rate,4.4655172413793105,0.002774147053159079,-0.004067040078916691,0.009615334185234848,9,False
2,strict_4min_rate,4.564655172413794,0.0020140383570361447,-0.002979832674066315,0.007007909388138604,9,False
2,strict_4min_rate,4.663793103448276,0.0013047148644769286,-0.0019452774149524383,0.004554707143906296,9,False
2,strict_4min_rate,4.762931034482759,0.0007001815204893207,-0.0010508115471451747,0.002451174588123816,9,False
2,strict_4min_rate,4.862068965517242,0.0002544432700812217,-0.00038402674545954895,0.0008929132856219924,9,False
2,strict_4min_rate,4.961206896551724,2.1505058260537963e-05,-3.2617528032795415e-05,7.562764455387134e-05,9,False
2,strict_4min_rate,5.0,0.0,0.0,0.0,9,True
2,strict_4min_rate,5.060344827586207,0.0,0.0,0.0,9,False
2,strict_4min_rate,5.1594827586206895,0.0,0.0,0.0,9,False
2,strict_4min_rate,5.258620689655173,0.0,0.0,0.0,9,False
2,strict_4min_rate,5.357758620689656,0.0,0.0,0.0,9,False
2,strict_4min_rate,5.456896551724138,0.0,0.0,0.0,9,False
2,strict_4min_rate,5.556034482758621,0.0,0.0,0.0,9,False
2,strict_4min_rate,5.655172413793103,0.0,0.0,0.0,9,False
2,strict_4min_rate,5.754310344827586,0.0,0.0,0.0,9,False
2,strict_4min_rate,5.853448275862069,0.0,0.0,0.0,9,False
2,strict_4min_rate,5.952586206896552,0.0,0.0,0.0,9,False
2,strict_4min_rate,6.0,0.0,0.0,0.0,9,True
2,strict_4min_rate,6.051724137931035,1.1345592985881714e-05,-8.594156250343713e-06,3.128534222210714e-05,9,False
2,strict_4min_rate,6.150862068965518,9.32708970972736e-05,-7.065163224709182e-05,0.000257193426441639,9,False
2,strict_4min_rate,6.25,0.00024722095034595,-0.00018726702767104793,0.0006817089283629479,9,False
2,strict_4min_rate,6.349137931034483,0.00046478677186816933,-0.0003520706361931494,0.0012816441799294882,9,False
2,strict_4min_rate,6.448275862068966,0.0007375593808001868,-0.0005586927514843294,0.002033811513084703,9,False
2,strict_4min_rate,6.547413793103448,0.001057129796278255,-0.0008007636672155219,0.002915023259772032,9,False
2,strict_4min_rate,6.6465517241379315,0.001415089037438636,-0.0010719136770576654,0.0039020917519349374,9,False
2,strict_4min_rate,6.745689655172414,0.0018030281234175788,-0.0013657730746816897,0.0049718293215168475,9,False
2,strict_4min_rate,6.844827586206897,0.0022125380733513476,-0.0016759721537585358,0.006101048300461231,9,False
2,strict_4min_rate,6.94396551724138,0.0026352099063761928,-0.0019961412079591363,0.007266561020711522,9,False
2,strict_4min_rate,7.043103448275862,0.0030626346416283683,-0.0023199105309544233,0.008445179814211161,9,False
2,strict_4min_rate,7.142241379310345,0.0034864032982441376,-0.0026409104164153378,0.009613717012903613,9,False
2,strict_4min_rate,7.241379310344827,0.003898106895359748,-0.0029527711580128063,0.010748984948732302,9,False
2,strict_4min_rate,7.3405172413793105,0.004289336452111464,-0.0032491230494177716,0.0118277959536407,9,False
2,strict_4min_rate,7.439655172413794,0.004651682987635537,-0.003523596384301166,0.012826962359572239,9,False
2,strict_4min_rate,7.538793103448276,0.004976737521068221,-0.0037698214563339208,0.013723296498470362,9,False
2,strict_4min_rate,7.637931034482759,0.005256091071545777,-0.003981428559186978,0.014493610702278533,9,False
2,strict_4min_rate,7.737068965517242,0.005481334658204457,-0.004152047986531269,0.015114717302940183,9,False
2,strict_4min_rate,7.836206896551724,0.005644059300180518,-0.00427531003203773,0.015563428632398766,9,False
2,strict_4min_rate,7.935344827586207,0.0057358560166102185,-0.004344844989377293,0.01581655702259773,9,False
2,strict_4min_rate,8.0,0.005753505753505744,-0.00435821446216257,0.015865225969174057,9,True
2,strict_4min_rate,8.03448275862069,0.005754304402970972,-0.0043539392697662755,0.015862548075708218,9,False
2,strict_4min_rate,8.133620689655173,0.005764996972761543,-0.0042961688046165205,0.015826162750139608,9,False
2,strict_4min_rate,8.232758620689655,0.005786853802022398,-0.004177709934509248,0.015751417538554045,9,False
2,strict_4min_rate,8.331896551724139,0.005818220177805049,-0.004009064043286329,0.015645504398896427,9,False
2,strict_4min_rate,8.431034482758621,0.005857441387161004,-0.003802316775825357,0.015517199550147366,9,False
2,strict_4min_rate,8.530172413793103,0.005902862717141777,-0.003570544063507256,0.01537626949779081,9,False
2,strict_4min_rate,8.629310344827587,0.005952829454798883,-0.0033272306467548975,0.015232889556352665,9,False
2,strict_4min_rate,8.72844827586207,0.006005686887183824,-0.003085640031076956,0.015097013805444605,9,False
2,strict_4min_rate,8.827586206896552,0.006059780301348121,-0.002858106327394262,0.014977666930090503,9,False
2,strict_4min_rate,8.926724137931036,0.006113454984343281,-0.002655260660545075,0.014882170629231637,9,False
2,strict_4min_rate,9.025862068965518,0.006165056223220818,-0.002485255511898728,0.014815367958340365,9,False
2,strict_4min_rate,9.125,0.006212929305032239,-0.002353095731222914,0.014778954341287391,9,False
2,strict_4min_rate,9.224137931034484,0.00625541951682906,-0.0022602025571525006,0.014771041590810621,9,False
2,strict_4min_rate,9.323275862068966,0.0062908721456627886,-0.0022043087592071298,0.014786053050532707,9,False
2,strict_4min_rate,9.422413793103448,0.006317632478584939,-0.0021797121065155,0.014814977063685378,9,False
2,strict_4min_rate,9.52155172413793,0.0063340458026470235,-0.002177829821197132,0.014845921426491179,9,False
2,strict_4min_rate,9.620689655172415,0.006338457404900551,-0.002187937061331007,0.01486485187113211,9,False
2,strict_4min_rate,9.719827586206897,0.006329212572397033,-0.0021979608522081917,0.014856385997002258,9,False
2,strict_4min_rate,9.818965517241379,0.006304656592187986,-0.0021952333869787915,0.014804546571354764,9,False
2,strict_4min_rate,9.918103448275863,0.006263134751324914,-0.002167164251343662,0.01469343375399349,9,False
2,strict_4min_rate,10.0,0.006214861822979688,-0.00211636956986307,0.014546093215822446,9,True
2,strict_4min_rate,10.017241379310345,0.006201066186513295,-0.002098922696019213,0.014501055069045803,9,False
2,strict_4min_rate,10.116379310344827,0.006042291115434933,-0.0018731023660576796,0.013957684596927547,9,False
2,strict_4min_rate,10.215517241379311,0.005770546497486304,-0.001490921059753159,0.013032014054725767,9,False
2,strict_4min_rate,10.314655172413794,0.0054167305152255695,-0.001048305636791074,0.011881766667242213,9,False
2,strict_4min_rate,10.413793103448276,0.005011741351210873,-0.0006638141441118644,0.01068729684653361,9,False
2,strict_4min_rate,10.51293103448276,0.004586477188000358,-0.00047138632597103214,0.009644340701971748,9,False
2,strict_4min_rate,10.612068965517242,0.004171836208152188,-0.0005755556433951715,0.008919228059699549,9,False
2,strict_4min_rate,10.711206896551724,0.0037987165942245087,-0.000965582623896886,0.008563015812345903,9,False
2,strict_4min_rate,10.810344827586206,0.0034980165287754697,-0.0014850537991204595,0.0084810868566714,9,False
2,strict_4min_rate,10.90948275862069,0.003300634194363215,-0.0019148381214210437,0.008516106510147474,9,False
2,strict_4min_rate,11.0,0.003236850295673832,-0.002066929010256637,0.008540629601604302,9,True
2,strict_4min_rate,11.008620689655173,0.0032364165221261424,-0.0020668072195635006,0.008539640263815786,9,False
2,strict_4min_rate,11.107758620689655,0.0031710072665006635,-0.0020479175516571564,0.008389932084658484,9,False
2,strict_4min_rate,11.206896551724139,0.0030012563736548548,-0.0019986552279525386,0.008001167975262248,9,False
2,strict_4min_rate,11.306034482758621,0.0027369859143270645,-0.0019259140540806166,0.007399885882734746,9,False
2,strict_4min_rate,11.405172413793103,0.0023880179592556307,-0.0018446295382611114,0.006620665456772373,9,False
2,strict_4min_rate,11.504310344827587,0.0019641745791788867,-0.001784311601943546,0.00571266076030132,9,False
2,strict_4min_rate,11.60344827586207,0.0014752778448351887,-0.0018025990701626595,0.004753154759833037,9,False
2,strict_4min_rate,11.702586206896552,0.0009311498269628694,-0.0020058567938636067,0.0038681564477893453,9,False
2,strict_4min_rate,11.801724137931036,0.00034161259630025996,-0.0025465170225737496,0.0032297422151742693,9,False
2,strict_4min_rate,11.900862068965518,-0.00028351177641427875,-0.0035287302088318536,0.0029617066560032957,9,False
2,strict_4min_rate,12.0,-0.0009344012204424157,-0.004911354167821583,0.0030425517269367514,9,True
2,max_incident_queue,0.5,0.0,0.0,0.0,10,True
2,max_incident_queue,0.5991379310344828,0.0,0.0,0.0,10,False
2,max_incident_queue,0.6982758620689655,0.0,0.0,0.0,10,False
2,max_incident_queue,0.7974137931034483,0.0,0.0,0.0,10,False
2,max_incident_queue,0.896551724137931,0.0,0.0,0.0,10,False
2,max_incident_queue,0.9956896551724138,0.0,0.0,0.0,10,False
2,max_incident_queue,1.0,0.0,0.0,0.0,10,True
2,max_incident_queue,1.0948275862068966,0.0,0.0,0.0,10,False
2,max_incident_queue,1.1939655172413794,0.0,0.0,0.0,10,False
2,max_incident_queue,1.293103448275862,0.0,0.0,0.0,10,False
2,max_incident_queue,1.3922413793103448,0.0,0.0,0.0,10,False
2,max_incident_queue,1.4913793103448276,0.0,0.0,0.0,10,False
2,max_incident_queue,1.5905172413793105,0.0,0.0,0.0,10,False
2,max_incident_queue,1.6896551724137931,0.0,0.0,0.0,10,False
2,max_incident_queue,1.7887931034482758,0.0,0.0,0.0,10,False
2,max_incident_queue,1.8879310344827587,0.0,0.0,0.0,10,False
2,max_incident_queue,1.9870689655172415,0.0,0.0,0.0,10,False
2,max_incident_queue,2.0,0.0,0.0,0.0,10,True
2,max_incident_queue,2.086206896551724,0.0,0.0,0.0,10,False
2,max_incident_queue,2.185344827586207,0.0,0.0,0.0,10,False
2,max_incident_queue,2.2844827586206895,0.0,0.0,0.0,10,False
2,max_incident_queue,2.3836206896551726,0.0,0.0,0.0,10,False
2,max_incident_queue,2.4827586206896552,0.0,0.0,0.0,10,False
2,max_incident_queue,2.581896551724138,0.0,0.0,0.0,10,False
2,max_incident_queue,2.681034482758621,0.0,0.0,0.0,10,False
2,max_incident_queue,2.7801724137931036,0.0,0.0,0.0,10,False
2,max_incident_queue,2.8793103448275863,0.0,0.0,0.0,10,False
2,max_incident_queue,2.978448275862069,0.0,0.0,0.0,10,False
2,max_incident_queue,3.0775862068965516,0.0,0.0,0.0,10,False
2,max_incident_queue,3.1767241379310347,0.0,0.0,0.0,10,False
2,max_incident_queue,3.2758620689655173,0.0,0.0,0.0,10,False
2,max_incident_queue,3.375,0.0,0.0,0.0,10,False
2,max_incident_queue,3.474137931034483,0.0,0.0,0.0,10,False
2,max_incident_queue,3.5732758620689657,0.0,0.0,0.0,10,False
2,max_incident_queue,3.6724137931034484,0.0,0.0,0.0,10,False
2,max_incident_queue,3.771551724137931,0.0,0.0,0.0,10,False
2,max_incident_queue,3.8706896551724137,0.0,0.0,0.0,10,False
2,max_incident_queue,3.969827586206897,0.0,0.0,0.0,10,False
2,max_incident_queue,4.0,0.0,0.0,0.0,10,True
2,max_incident_queue,4.068965517241379,0.0,0.0,0.0,10,False
2,max_incident_queue,4.168103448275862,0.0,0.0,0.0,10,False
2,max_incident_queue,4.267241379310345,0.0,0.0,0.0,10,False
2,max_incident_queue,4.366379310344827,0.0,0.0,0.0,10,False
2,max_incident_queue,4.4655172413793105,0.0,0.0,0.0,10,False
2,max_incident_queue,4.564655172413794,0.0,0.0,0.0,10,False
2,max_incident_queue,4.663793103448276,0.0,0.0,0.0,10,False
2,max_incident_queue,4.762931034482759,0.0,0.0,0.0,10,False
2,max_incident_queue,4.862068965517242,0.0,0.0,0.0,10,False
2,max_incident_queue,4.961206896551724,0.0,0.0,0.0,10,False
2,max_incident_queue,5.0,0.0,0.0,0.0,10,True
2,max_incident_queue,5.060344827586207,0.0,0.0,0.0,10,False
2,max_incident_queue,5.1594827586206895,0.0,0.0,0.0,10,False
2,max_incident_queue,5.258620689655173,0.0,0.0,0.0,10,False
2,max_incident_queue,5.357758620689656,0.0,0.0,0.0,10,False
2,max_incident_queue,5.456896551724138,0.0,0.0,0.0,10,False
2,max_incident_queue,5.556034482758621,0.0,0.0,0.0,10,False
2,max_incident_queue,5.655172413793103,0.0,0.0,0.0,10,False
2,max_incident_queue,5.754310344827586,0.0,0.0,0.0,10,False
2,max_incident_queue,5.853448275862069,0.0,0.0,0.0,10,False
2,max_incident_queue,5.952586206896552,0.0,0.0,0.0,10,False
2,max_incident_queue,6.0,0.0,0.0,0.0,10,True
2,max_incident_queue,6.051724137931035,0.00019719443191602935,-0.0002488903647067393,0.000643279228538798,10,False
2,max_incident_queue,6.150862068965518,0.0016211141709633558,-0.002046100862595073,0.0052883292045217845,10,False
2,max_incident_queue,6.25,0.004296875,-0.005423331558898535,0.014017081558898536,10,False
2,max_incident_queue,6.349137931034483,0.008078322883138929,-0.010196113090350442,0.0263527588566283,10,False
2,max_incident_queue,6.448275862068966,0.01281930378449304,-0.016179976093684025,0.041818583662670106,10,False
2,max_incident_queue,6.547413793103448,0.018373663668175208,-0.023190451205632477,0.05993777854198289,10,False
2,max_incident_queue,6.6465517241379315,0.024595248498298444,-0.03104306906292917,0.08023356605952606,10,False
2,max_incident_queue,6.745689655172414,0.031337904238975554,-0.039553360302307224,0.10222916878025834,10,False
2,max_incident_queue,6.844827586206897,0.03845547685431959,-0.04853685556050005,0.12544780926913923,10,False
2,max_incident_queue,6.94396551724138,0.0458018123084434,-0.057809085474240816,0.1494127100911276,10,False
2,max_incident_queue,7.043103448275862,0.053230756565459836,-0.0671855806802627,0.17364709381118237,10,False
2,max_incident_queue,7.142241379310345,0.06059615558948197,-0.07648187181529911,0.19767418299426306,10,False
2,max_incident_queue,7.241379310344827,0.06775185534462258,-0.0855134895160832,0.22101720020532836,10,False
2,max_incident_queue,7.3405172413793105,0.07455170179499468,-0.09409596441934831,0.24319936800933767,10,False
2,max_incident_queue,7.439655172413794,0.08084954090471118,-0.10204482716182771,0.26374390897125005,10,False
2,max_incident_queue,7.538793103448276,0.08649921863788491,-0.10917560838025443,0.2821740456560243,10,False
2,max_incident_queue,7.637931034482759,0.09135458095862892,-0.11530383871136199,0.2980130006286198,10,False
2,max_incident_queue,7.737068965517242,0.09526947383105602,-0.1202450487918835,0.31078399645399557,10,False
2,max_incident_queue,7.836206896551724,0.0980977432192792,-0.12381476925855231,0.3200102556971107,10,False
2,max_incident_queue,7.935344827586207,0.09969323508741135,-0.12582853074810152,0.3252150009229242,10,False
2,max_incident_queue,8.0,0.1,-0.12621571627982048,0.3262157162798205,10,True
2,max_incident_queue,8.03448275862069,0.1,-0.12599422615131842,0.32599422615131846,10,False
2,max_incident_queue,8.133620689655173,0.1,-0.12301837488481929,0.3230183748848193,10,False
2,max_incident_queue,8.232758620689655,0.1,-0.1169587930015469,0.31695879300154695,10,False
2,max_incident_queue,8.331896551724139,0.1,-0.10840303951402899,0.30840303951402903,10,False
2,max_incident_queue,8.431034482758621,0.1,-0.09804906122854767,0.2980490612285477,10,False
2,max_incident_queue,8.530172413793103,0.1,-0.08671450336322234,0.28671450336322235,10,False
2,max_incident_queue,8.629310344827587,0.1,-0.07534761397099177,0.2753476139709918,10,False
2,max_incident_queue,8.72844827586207,0.1,-0.06502032505331082,0.26502032505331086,10,False
2,max_incident_queue,8.827586206896552,0.1,-0.056868790523599055,0.25686879052359907,10,False
2,max_incident_queue,8.926724137931036,0.1,-0.05194088584482262,0.25194088584482266,10,False
2,max_incident_queue,9.025862068965518,0.1,-0.05095219483067928,0.2509521948306793,10,False
2,max_incident_queue,9.125,0.1,-0.05405485828489004,0.25405485828489005,10,False
2,max_incident_queue,9.224137931034484,0.1,-0.06078131790647001,0.26078131790647,10,False
2,max_incident_queue,9.323275862068966,0.1,-0.07020919066871317,0.2702091906687132,10,False
2,max_incident_queue,9.422413793103448,0.1,-0.08121886404068937,0.2812188640406894,10,False
2,max_incident_queue,9.52155172413793,0.1,-0.0926953576981289,0.29269535769812893,10,False
2,max_incident_queue,9.620689655172415,0.1,-0.10362817413081915,0.30362817413081916,10,False
2,max_incident_queue,9.719827586206897,0.1,-0.11313808564956049,0.31313808564956047,10,False
2,max_incident_queue,9.818965517241379,0.1,-0.12047146477064596,0.320471464770646,10,False
2,max_incident_queue,9.918103448275863,0.1,-0.12498855525316399,0.324988555253164,10,False
2,max_incident_queue,10.0,0.1,-0.12621571627982048,0.3262157162798205,10,True
2,max_incident_queue,10.017241379310345,0.09991184550412072,-0.12610464695378434,0.3259283379620258,10,False
2,max_incident_queue,10.116379310344827,0.09625200846180657,-0.12185168580654368,0.3143557027301568,10,False
2,max_incident_queue,10.215517241379311,0.08806775083029224,-0.11517829660259195,0.29131379826317644,10,False
2,max_incident_queue,10.314655172413794,0.07652830489667466,-0.11382720219226107,0.2668838119856104,10,False
2,max_incident_queue,10.413793103448276,0.06280290294805037,-0.12671841386860555,0.2523242197647063,10,False
2,max_incident_queue,10.51293103448276,0.04806077727151568,-0.15808975648012358,0.2542113110231549,10,False
2,max_incident_queue,10.612068965517242,0.033471160154167776,-0.20331161274033838,0.2702539330486739,10,False
2,max_incident_queue,10.711206896551724,0.02020328388310304,-0.2527427163184096,0.2931492840846157,10,False
2,max_incident_queue,10.810344827586206,0.009426380745418062,-0.2967516862690092,0.31560444775984536,10,False
2,max_incident_queue,10.90948275862069,0.0023096830282093974,-0.32716545700808924,0.331784823064508,10,False
2,max_incident_queue,11.0,0.0,-0.33722247945365624,0.33722247945365624,10,True
2,max_incident_queue,11.008620689655173,7.4316290130771455e-06,-0.3371899871201039,0.33720485037813,10,False
2,max_incident_queue,11.107758620689655,0.0011611920332936898,-0.3321558376299445,0.33447822169653185,10,False
2,max_incident_queue,11.206896551724139,0.004280618311533924,-0.31865186993980965,0.3272131065628775,10,False
2,max_incident_queue,11.306034482758621,0.009365710463733667,-0.2970069323146753,0.31573835324214267,10,False
2,max_incident_queue,11.405172413793103,0.016416468489892967,-0.2678819210529479,0.30071485803273384,10,False
2,max_incident_queue,11.504310344827587,0.02543289239001199,-0.23252198085042095,0.28338776563044493,10,False
2,max_incident_queue,11.60344827586207,0.03641498216409042,-0.19328718375665122,0.26611714808483206,10,False
2,max_incident_queue,11.702586206896552,0.049362737812128396,-0.15466768290527416,0.253393158529531,10,False
2,max_incident_queue,11.801724137931036,0.06427615933412621,-0.12454837203943074,0.25310069070768315,10,False
2,max_incident_queue,11.900862068965518,0.08115524673008333,-0.11311835904802316,0.2754288525081898,10,False
2,max_incident_queue,12.0,0.1,-0.12621571627982048,0.3262157162798205,10,True
3,mean_response_min,0.5,-0.14709470206769304,-0.48629569330241795,0.19210628916703187,9,True
3,mean_response_min,0.5991379310344828,-0.10453681428992331,-0.35095128028415257,0.14187765170430594,9,False
3,mean_response_min,0.6982758620689655,-0.06289902962943504,-0.21839696866522373,0.09259890940635364,9,False
3,mean_response_min,0.7974137931034483,-0.026973618475414043,-0.10443010975372324,0.05048287280289515,9,False
3,mean_response_min,0.896551724137931,-0.001552851217046149,-0.027018290161464047,0.02391258772737175,9,False
3,mean_response_min,0.9956896551724138,0.008571001756482795,-0.007463635717435826,0.024605639230401415,9,False
3,mean_response_min,1.0,0.00859012093518046,-0.007450751967280886,0.024630993837641807,9,True
3,mean_response_min,1.0948275862068966,0.008389409444779377,-0.007250195473491174,0.024029014363049928,9,False
3,mean_response_min,1.1939655172413794,0.007809613705532053,-0.006671407999996935,0.022290635411061042,9,False
3,mean_response_min,1.293103448275862,0.006943153049640166,-0.005808406812846579,0.019694712912126912,9,False
3,mean_response_min,1.3922413793103448,0.005882890759960408,-0.004757057665271894,0.01652283918519271,9,False
3,mean_response_min,1.4913793103448276,0.004721690119349463,-0.0036158874958115914,0.013059267734510518,9,False
3,mean_response_min,1.5905172413793105,0.0035524144106640235,-0.0024897099208709577,0.009594538742199005,9,False
3,mean_response_min,1.6896551724137931,0.0024679269167607806,-0.0015006615702247107,0.006436515403746272,9,False
3,mean_response_min,1.7887931034482758,0.0015610909204964204,-0.0008211073856674398,0.003943289226660281,9,False
3,mean_response_min,1.8879310344827587,0.000924769704727634,-0.0006769146943796125,0.0025264541038348804,9,False
3,mean_response_min,1.9870689655172415,0.0006518265523111073,-0.0008423163221621276,0.0021459694267843424,9,False
3,mean_response_min,2.0,0.0006478767907529301,-0.0008461297678261307,0.002141883349331991,9,True
3,mean_response_min,2.086206896551724,0.0011143295395596095,-0.001308114981413758,0.003536774060532977,9,False
3,mean_response_min,2.185344827586207,0.002730693542050775,-0.002925374121313211,0.008386761205414761,9,False
3,mean_response_min,2.2844827586206895,0.005381889177939286,-0.00558552574538795,0.01634930410126652,9,False
3,mean_response_min,2.3836206896551726,0.008941984555330249,-0.009159604165460035,0.02704357327612053,9,False
3,mean_response_min,2.4827586206896552,0.013285047782328717,-0.013520366506842438,0.04009046207149987,9,False
3,mean_response_min,2.581896551724138,0.01828514696703978,-0.018541102135637203,0.05511139606971677,9,False
3,mean_response_min,2.681034482758621,0.023816350217568557,-0.024095256165871746,0.07172795660100886,9,False
3,mean_response_min,2.7801724137931036,0.029752725642020077,-0.030056327651444503,0.08956177893548466,9,False
3,mean_response_min,2.8793103448275863,0.03596834134849946,-0.03629783732968684,0.10823452002668577,9,False
3,mean_response_min,2.978448275862069,0.04233726544511177,-0.04269331573994247,0.127367846630166,9,False
3,mean_response_min,3.0775862068965516,0.04873356603996212,-0.049116298281731696,0.14658343036165594,9,False
3,mean_response_min,3.1767241379310347,0.05503131124115561,-0.05544032295023943,0.16550294543255065,9,False
3,mean_response_min,3.2758620689655173,0.06110456915679726,-0.06153892921445853,0.18374806752805306,9,False
3,mean_response_min,3.375,0.06682740789499218,-0.06728565742504088,0.20094047321502523,9,False
3,mean_response_min,3.474137931034483,0.07207389556384552,-0.07255404848530517,0.21670183961299622,9,False
3,mean_response_min,3.5732758620689657,0.07671810027146224,-0.07721764366108384,0.2306538442040083,9,False
3,mean_response_min,3.6724137931034484,0.08063409012594752,-0.08114998446807734,0.24241816471997238,9,False
3,mean_response_min,3.771551724137931,0.08369593323540642,-0.08422461260525407,0.2516164790760669,9,False
3,mean_response_min,3.8706896551724137,0.08577769770794401,-0.08631506991808897,0.257870465333977,9,False
3,mean_response_min,3.969827586206897,0.08675345165166536,-0.08729489838416384,0.26080180168749456,9,False
3,mean_response_min,4.0,0.08681169096842743,-0.08735338089596346,0.26097676283281834,9,True
3,mean_response_min,4.068965517241379,0.08561701847676961,-0.08618148450689928,0.2574155214604385,9,False
3,mean_response_min,4.168103448275862,0.08020538767303766,-0.08087309360352331,0.24128386894959863,9,False
3,mean_response_min,4.267241379310345,0.0713584268662914,-0.07219520376473904,0.21491205749732184,9,False
3,mean_response_min,4.366379310344827,0.060102273589898884,-0.06115490951037634,0.18135945669017411,9,False
3,mean_response_min,4.4655172413793105,0.0474630653772278,-0.048759751884022526,0.14368588263847815,9,False
3,mean_response_min,4.564655172413794,0.034466939761646144,-0.036018317747951216,0.1049521972712435,9,False
3,mean_response_min,4.663793103448276,0.02214003427652192,-0.02394223276846024,0.06822230132150409,9,False
3,mean_response_min,4.762931034482759,0.011508486455222823,-0.013554773926057993,0.03657174683650364,9,False
3,mean_response_min,4.862068965517242,0.003598433831116855,-0.005950253442593745,0.013147121104827453,9,False
3,mean_response_min,4.961206896551724,-0.0005639860624280644,-0.0029771568363107922,0.0018491847114546637,9,False
3,mean_response_min,5.0,-0.0009499578238695171,-0.003140564493982174,0.00124064884624314,9,True
3,mean_response_min,5.060344827586207,-0.001504459281746665,-0.0039229200590323665,0.0009140014955390365,9,False
3,mean_response_min,5.1594827586206895,-0.004556275589424833,-0.013407173482057232,0.004294622303207567,9,False
3,mean_response_min,5.258620689655173,-0.00973199240053792,-0.03116530413796021,0.01170131933688437,9,False
3,mean_response_min,5.357758620689656,-0.01641325893560486,-0.05424777823358426,0.021421260362374534,9,False
3,mean_response_min,5.456896551724138,-0.02398172441514454,-0.08042900986891537,0.03246556103862629,9,False
3,mean_response_min,5.556034482758621,-0.031819038059676036,-0.10755091288245178,0.043912836763099705,9,False
3,mean_response_min,5.655172413793103,-0.039306849089718196,-0.1334673924103567,0.05485369423092033,9,False
3,mean_response_min,5.754310344827586,-0.045826806725790065,-0.15603563955146169,0.06438202609988156,9,False
3,mean_response_min,5.853448275862069,-0.05076056018841058,-0.17311401886410338,0.0715928984872822,9,False
3,mean_response_min,5.952586206896552,-0.05348975869809862,-0.18256141707220142,0.07558189967600419,9,False
3,mean_response_min,6.0,-0.053835153204206655,-0.1837570426706718,0.07608673626225851,9,True
3,mean_response_min,6.051724137931035,-0.053762402930212366,-0.18341890234114291,0.07589409648071818,9,False
3,mean_response_min,6.150862068965518,-0.05323708104279879,-0.18097787654503283,0.07450371445943527,9,False
3,mean_response_min,6.25,-0.052249921661247374,-0.1763940475775976,0.07189420425510287,9,False
3,mean_response_min,6.349137931034483,-0.05085484489908686,-0.16992389783487394,0.06821420803670024,9,False
3,mean_response_min,6.448275862068966,-0.049105770869846056,-0.16182663743319367,0.06361509569350157,9,False
3,mean_response_min,6.547413793103448,-0.04705661968705376,-0.1523646670628706,0.058251427688763076,9,False
3,mean_response_min,6.6465517241379315,-0.04476131146423873,-0.14180455794722122,0.05228193501874376,9,False
3,mean_response_min,6.745689655172414,-0.04227376631492979,-0.13041875950342813,0.04587122687356856,9,False
3,mean_response_min,6.844827586206897,-0.039647904352655666,-0.11848844458846236,0.03919263588315103,9,False
3,mean_response_min,6.94396551724138,-0.036937645690945195,-0.1063082169314588,0.032432925549568406,9,False
3,mean_response_min,7.043103448275862,-0.03419691044332718,-0.094193877947963,0.02580005706130864,9,False
3,mean_response_min,7.142241379310345,-0.03147961872333034,-0.08249493462977074,0.01953569718311006,9,False
3,mean_response_min,7.241379310344827,-0.028839690644483527,-0.07161288509734792,0.013933503808380866,9,False
3,mean_response_min,7.3405172413793105,-0.026331046320315462,-0.062019551304564116,0.009357458663933189,9,False
3,mean_response_min,7.439655172413794,-0.024007605864354988,-0.054242717962699694,0.006227506233989721,9,False
3,mean_response_min,7.538793103448276,-0.021923289390130867,-0.048733037993938286,0.004886459213676551,9,False
3,mean_response_min,7.637931034482759,-0.020132017011171878,-0.045565933348897816,0.005301899326554057,9,False
3,mean_response_min,7.737068965517242,-0.018687708841006834,-0.04425298943028738,0.006877571748273713,9,False
3,mean_response_min,7.836206896551724,-0.01764428499316451,-0.043994558916499074,0.00870598893017006,9,False
3,mean_response_min,7.935344827586207,-0.017055665581173676,-0.044085609586039354,0.009974278423692005,9,False
3,mean_response_min,8.0,-0.016942491840790552,-0.04412138941848782,0.010236405736906713,9,True
3,mean_response_min,8.03448275862069,-0.016927663990955237,-0.04408527347161385,0.01022994548970338,9,False
3,mean_response_min,8.133620689655173,-0.016727510404812317,-0.04359674369053784,0.010141722880913213,9,False
3,mean_response_min,8.232758620689655,-0.01631343253910452,-0.042583312696339866,0.009956447618130825,9,False
3,mean_response_min,8.331896551724139,-0.015710756326758148,-0.041104198576167914,0.009682685922651615,9,False
3,mean_response_min,8.431034482758621,-0.014944807700699534,-0.039219268717914466,0.009329653316515397,9,False
3,mean_response_min,8.530172413793103,-0.014040912593854975,-0.03698916344121521,0.00890733825350526,9,False
3,mean_response_min,8.629310344827587,-0.01302439693915077,-0.03447553823747118,0.00842674435916964,9,False
3,mean_response_min,8.72844827586207,-0.011920586669513268,-0.031741470181845775,0.007900296842819239,9,False
3,mean_response_min,8.827586206896552,-0.010754807717868763,-0.028852110885575148,0.007342495449837623,9,False
3,mean_response_min,8.926724137931036,-0.009552386017143541,-0.025875720468694685,0.006770948434407604,9,False
3,mean_response_min,9.025862068965518,-0.008338647500263963,-0.02288528220981107,0.006207987209283146,9,False
3,mean_response_min,9.125,-0.007138918100156316,-0.019960933829671974,0.005683097629359343,9,False
3,mean_response_min,9.224137931034484,-0.0059785237497468925,-0.017193271391011018,0.005236223891517233,9,False
3,mean_response_min,9.323275862068966,-0.004882790381962047,-0.014686581520222338,0.0049210007562982445,9,False
3,mean_response_min,9.422413793103448,-0.003877043929728069,-0.012557945171129329,0.004803857311673191,9,False
3,mean_response_min,9.52155172413793,-0.0029866103259712728,-0.010922739910802897,0.004949519258860351,9,False
3,mean_response_min,9.620689655172415,-0.0022368155036179556,-0.009858663672550269,0.005385032665314359,9,False
3,mean_response_min,9.719827586206897,-0.0016529853955944568,-0.009367322985481562,0.006061352194292649,9,False
3,mean_response_min,9.818965517241379,-0.0012604459348270723,-0.009377567677912417,0.006856675808258272,9,False
3,mean_response_min,9.918103448275863,-0.0010845230542421197,-0.009792935256558676,0.007623889148074436,9,False
3,mean_response_min,10.0,-0.0011205740260283254,-0.010385708361936592,0.008144560309879943,9,True
3,mean_response_min,10.017241379310345,-0.0013086615909770742,-0.01075471937979587,0.008137396197841722,9,False
3,mean_response_min,10.116379310344827,-0.00818004828838529,-0.025384004628810828,0.009023908052040248,9,False
3,mean_response_min,10.215517241379311,-0.02333105229349062,-0.06521663379980355,0.018554529212822322,9,False
3,mean_response_min,10.314655172413794,-0.04457488676982033,-0.12315037658154965,0.034000603041908994,9,False
3,mean_response_min,10.413793103448276,-0.06972476488090244,-0.19237961034544093,0.05293008058363603,9,False
3,mean_response_min,10.51293103448276,-0.0965938997902653,-0.26679834826606674,0.07361054868553617,9,False
3,mean_response_min,10.612068965517242,-0.12299550466143575,-0.3404427612660256,0.09445175194315408,9,False
3,mean_response_min,10.711206896551724,-0.1467427926579421,-0.40738811667739233,0.11390253136150813,9,False
3,mean_response_min,10.810344827586206,-0.16564897694331213,-0.4617246935011028,0.1304267396144785,9,False
3,mean_response_min,10.90948275862069,-0.17752727068107388,-0.4975517032868152,0.14249716192466744,9,False
3,mean_response_min,11.0,-0.18038042541068547,-0.5091019066247904,0.14834105580341947,9,True
3,mean_response_min,11.008620689655173,-0.1802176908285057,-0.5090532964877239,0.14861791483071252,9,False
3,mean_response_min,11.107758620689655,-0.17607584599769288,-0.503062348703101,0.15091065670771525,9,False
3,mean_response_min,11.206896551724139,-0.16777098523820874,-0.48712432966075847,0.15158235918434101,9,False
3,mean_response_min,11.306034482758621,-0.1553239735766358,-0.4613341860537114,0.1506862389004398,9,False
3,mean_response_min,11.405172413793103,-0.13875567603955638,-0.4258366676564418,0.148325315577329,9,False
3,mean_response_min,11.504310344827587,-0.11808695765355232,-0.38086383313380356,0.14468991782669893,9,False
3,mean_response_min,11.60344827586207,-0.09333868344520677,-0.3268182033384613,0.14014083644804776,9,False
3,mean_response_min,11.702586206896552,-0.06453171844110167,-0.2644726173536784,0.13540918047147504,9,False
3,mean_response_min,11.801724137931036,-0.0316869276678187,-0.19550486204784898,0.1321310067122116,9,False
3,mean_response_min,11.900862068965518,0.00517482384805859,-0.12406062312217542,0.1344102708182926,9,False
3,mean_response_min,12.0,0.04603267107994845,-0.060728083834256236,0.15279342599415313,9,True
3,p95_response_min,0.5,0.0770174579561959,-0.10058511857370482,0.2546200344860966,9,True
3,p95_response_min,0.5991379310344828,0.05604747819672727,-0.07319823829269113,0.1852931946861457,9,False
3,p95_response_min,0.6982758620689655,0.03546032521354366,-0.04631133136457257,0.11723198179165989,9,False
3,p95_response_min,0.7974137931034483,0.017657366966978165,-0.023060594275690925,0.058375328209647255,9,False
3,p95_response_min,0.896551724137931,0.005039971417363919,-0.006582223512388079,0.01666216634711592,9,False
3,p95_response_min,0.9956896551724138,9.506525034058071e-06,-1.2415561005901765e-05,3.142861107401791e-05,9,False
3,p95_response_min,1.0,0.0,0.0,0.0,9,True
3,p95_response_min,1.0948275862068966,0.0,0.0,0.0,9,False
3,p95_response_min,1.1939655172413794,0.0,0.0,0.0,9,False
3,p95_response_min,1.293103448275862,0.0,0.0,0.0,9,False
3,p95_response_min,1.3922413793103448,0.0,0.0,0.0,9,False
3,p95_response_min,1.4913793103448276,0.0,0.0,0.0,9,False
3,p95_response_min,1.5905172413793105,0.0,0.0,0.0,9,False
3,p95_response_min,1.6896551724137931,0.0,0.0,0.0,9,False
3,p95_response_min,1.7887931034482758,0.0,0.0,0.0,9,False
3,p95_response_min,1.8879310344827587,0.0,0.0,0.0,9,False
3,p95_response_min,1.9870689655172415,0.0,0.0,0.0,9,False
3,p95_response_min,2.0,0.0,0.0,0.0,9,True
3,p95_response_min,2.086206896551724,0.0017212486563928013,-0.002247957862963613,0.005690455175749215,9,False
3,p95_response_min,2.185344827586207,0.00768576355023186,-0.010037638978804263,0.025409166079267985,9,False
3,p95_response_min,2.2844827586206895,0.01746889150431074,-0.022814444542062745,0.057752227550684224,9,False
3,p95_response_min,2.3836206896551726,0.030605933574790807,-0.03997147581046082,0.10118334296004244,9,False
3,p95_response_min,2.4827586206896552,0.046632190817833236,-0.060901834041719935,0.15416621567738642,9,False
3,p95_response_min,2.581896551724138,0.06508296428959934,-0.0849986204935618,0.21516454907276047,9,False
3,p95_response_min,2.681034482758621,0.08549355504625053,-0.11165493642370813,0.28264204651620917,9,False
3,p95_response_min,2.7801724137931036,0.10739926414394792,-0.14026388308988047,0.35506241137777633,9,False
3,p95_response_min,2.8793103448275863,0.13033539263885288,-0.17021856174980046,0.43088934702750625,9,False
3,p95_response_min,2.978448275862069,0.15383724158712672,-0.20091207366118977,0.5085865568354432,9,False
3,p95_response_min,3.0775862068965516,0.17744011204493074,-0.23173752008176998,0.5866177441716315,9,False
3,p95_response_min,3.1767241379310347,0.2006793050684262,-0.262088002269263,0.6634466124061154,9,False
3,p95_response_min,3.2758620689655173,0.22309012171377438,-0.29135662148138997,0.7375368649089388,9,False
3,p95_response_min,3.375,0.24420786303713657,-0.31893647897587285,0.807352205050146,9,False
3,p95_response_min,3.474137931034483,0.2635678300946741,-0.3442206760104334,0.8713563361997816,9,False
3,p95_response_min,3.5732758620689657,0.28070532394254827,-0.366602313842793,0.9280129617278896,9,False
3,p95_response_min,3.6724137931034484,0.29515564563692026,-0.3854744937306733,0.9757857850045137,9,False
3,p95_response_min,3.771551724137931,0.3064540962339514,-0.40023031693179595,1.0131385093996987,9,False
3,p95_response_min,3.8706896551724137,0.3141359767898031,-0.4102628847038827,1.038534838283489,9,False
3,p95_response_min,3.969827586206897,0.3177365883606367,-0.41496529830465523,1.0504384750259286,9,False
3,p95_response_min,4.0,0.3179514961856679,-0.4152459688128339,1.0511489611841698,9,True
3,p95_response_min,4.068965517241379,0.31362331968258705,-0.40959335240191674,1.0368399917670907,9,False
3,p95_response_min,4.168103448275862,0.2940175336185261,-0.38398811472832484,0.9720231819653771,9,False
3,p95_response_min,4.267241379310345,0.26196589758035005,-0.3421285455224081,0.8660603406831082,9,False
3,p95_response_min,4.366379310344827,0.22118600311876901,-0.2888698347223938,0.7312418409599318,9,False
3,p95_response_min,4.4655172413793105,0.17539544178449196,-0.22906717226650802,0.579858055835492,9,False
3,p95_response_min,4.564655172413794,0.12831180512822896,-0.16757574809297812,0.424199358349436,9,False
3,p95_response_min,4.663793103448276,0.08365268470069001,-0.10925075214003138,0.2765561215414114,9,False
3,p95_response_min,4.762931034482759,0.0451356720525841,-0.05894737434589393,0.14921871845106213,9,False
3,p95_response_min,4.862068965517242,0.016478358734621334,-0.02152080464879315,0.05447752211803582,9,False
3,p95_response_min,4.961206896551724,0.0013983362975115278,-0.0018262329869561378,0.004622905581979193,9,False
3,p95_response_min,5.0,0.0,0.0,0.0,9,True
3,p95_response_min,5.060344827586207,-0.005424232260991392,-0.017932534285145383,0.0070840697631626,9,False
3,p95_response_min,5.1594827586206895,-0.035277644250388,-0.11662803777204418,0.046072749271268185,9,False
3,p95_response_min,5.258620689655173,-0.08590743016307908,-0.28401031936390253,0.11219545903774433,9,False
3,p95_response_min,5.357758620689656,-0.1512647722745611,-0.5000819626504154,0.1975524181012932,9,False
3,p95_response_min,5.456896551724138,-0.22530085286032986,-0.7448455512212758,0.2942438455006161,9,False
3,p95_response_min,5.556034482758621,-0.3019668541958833,-0.9983036686661837,0.39436996027441706,9,False
3,p95_response_min,5.655172413793103,-0.37521395855671685,-1.2404588985748304,0.49003098146139673,9,False
3,p95_response_min,5.754310344827586,-0.43899334821832836,-1.451313824536916,0.5733271281002592,9,False
3,p95_response_min,5.853448275862069,-0.4872562054562139,-1.6108710301421338,0.6363586192297059,9,False
3,p95_response_min,5.952586206896552,-0.5139537125458694,-1.6991330989801776,0.6712256738884387,9,False
3,p95_response_min,6.0,-0.5173324232709464,-1.7103031306089407,0.6756382840670478,9,True
3,p95_response_min,6.051724137931035,-0.5163122725377599,-1.7069305080664945,0.6743059629909748,9,False
3,p95_response_min,6.150862068965518,-0.508945874046313,-1.6825771641922094,0.6646854160995833,9,False
3,p95_response_min,6.25,-0.4951032957085231,-1.6368135429655883,0.6466069515485422,9,False
3,p95_response_min,6.349137931034483,-0.4755406397399524,-1.5721393214379171,0.6210580419580123,9,False
3,p95_response_min,6.448275862068966,-0.45101400835616445,-1.491054176660486,0.589026159948157,9,False
3,p95_response_min,6.547413793103448,-0.42227950377272216,-1.3960577856845826,0.5514987781391384,9,False
3,p95_response_min,6.6465517241379315,-0.3900932282051881,-1.289649825561494,0.509463369151118,9,False
3,p95_response_min,6.745689655172414,-0.3552112838691256,-1.1743299733425099,0.4639074056042587,9,False
3,p95_response_min,6.844827586206897,-0.31838977298009696,-1.0525979060789163,0.4158183601187223,9,False
3,p95_response_min,6.94396551724138,-0.28038479775366565,-0.9269533008220023,0.36618370531467104,9,False
3,p95_response_min,7.043103448275862,-0.24195246040539464,-0.7998958346230569,0.3159909138122676,9,False
3,p95_response_min,7.142241379310345,-0.20384886315084635,-0.6739251845333661,0.2662274582316735,9,False
3,p95_response_min,7.241379310344827,-0.16683010820558428,-0.5515410276042201,0.2178808111930515,9,False
3,p95_response_min,7.3405172413793105,-0.13165229778517082,-0.435243040886905,0.17193844531656335,9,False
3,p95_response_min,7.439655172413794,-0.09907153410516904,-0.3275309014327094,0.1293878332223713,9,False
3,p95_response_min,7.538793103448276,-0.06984391938114223,-0.23090428629292262,0.09121644753063815,9,False
3,p95_response_min,7.637931034482759,-0.04472555582865291,-0.1478628725188313,0.05841176086152547,9,False
3,p95_response_min,7.737068965517242,-0.024472545663264275,-0.08090633716172446,0.03196124583519592,9,False
3,p95_response_min,7.836206896551724,-0.009840991100538845,-0.032534357272888816,0.012852375071811126,9,False
3,p95_response_min,7.935344827586207,-0.0015869943560399156,-0.005246609903613634,0.002072621191533803,9,False
3,p95_response_min,8.0,0.0,0.0,0.0,9,True
3,p95_response_min,8.03448275862069,0.0,0.0,0.0,9,False
3,p95_response_min,8.133620689655173,0.0,0.0,0.0,9,False
3,p95_response_min,8.232758620689655,0.0,0.0,0.0,9,False
3,p95_response_min,8.331896551724139,0.0,0.0,0.0,9,False
3,p95_response_min,8.431034482758621,0.0,0.0,0.0,9,False
3,p95_response_min,8.530172413793103,0.0,0.0,0.0,9,False
3,p95_response_min,8.629310344827587,0.0,0.0,0.0,9,False
3,p95_response_min,8.72844827586207,0.0,0.0,0.0,9,False
3,p95_response_min,8.827586206896552,0.0,0.0,0.0,9,False
3,p95_response_min,8.926724137931036,0.0,0.0,0.0,9,False
3,p95_response_min,9.025862068965518,0.0,0.0,0.0,9,False
3,p95_response_min,9.125,0.0,0.0,0.0,9,False
3,p95_response_min,9.224137931034484,0.0,0.0,0.0,9,False
3,p95_response_min,9.323275862068966,0.0,0.0,0.0,9,False
3,p95_response_min,9.422413793103448,0.0,0.0,0.0,9,False
3,p95_response_min,9.52155172413793,0.0,0.0,0.0,9,False
3,p95_response_min,9.620689655172415,0.0,0.0,0.0,9,False
3,p95_response_min,9.719827586206897,0.0,0.0,0.0,9,False
3,p95_response_min,9.818965517241379,0.0,0.0,0.0,9,False
3,p95_response_min,9.918103448275863,0.0,0.0,0.0,9,False
3,p95_response_min,10.0,0.0,0.0,0.0,9,True
3,p95_response_min,10.017241379310345,-0.0007200469244655283,-0.0029274343526586263,0.0014873405037275698,9,False
3,p95_response_min,10.116379310344827,-0.03061363749041536,-0.1244632967716681,0.06323602179083739,9,False
3,p95_response_min,10.215517241379311,-0.09746274686170069,-0.3962461105978567,0.2013206168744553,9,False
3,p95_response_min,10.314655172413794,-0.19171707242570463,-0.7794480119844167,0.3960138671330075,9,False
3,p95_response_min,10.413793103448276,-0.30382631156981366,-1.2352411370845544,0.6275885139449271,9,False
3,p95_response_min,10.51293103448276,-0.42424016168141576,-1.7247976220514818,0.8763172986886503,9,False
3,p95_response_min,10.612068965517242,-0.543408320147892,-2.209289603038383,1.1224729627425991,9,False
3,p95_response_min,10.711206896551724,-0.6517804843566302,-2.6498892161984693,1.346328247485209,9,False
3,p95_response_min,10.810344827586206,-0.7398063516950159,-3.0077685976849433,1.5281558942949114,9,False
3,p95_response_min,10.90948275862069,-0.7979356195504353,-3.2440998836510104,1.64822864455014,9,False
3,p95_response_min,11.0,-0.816801136780885,-3.320799833813405,1.6871975602516354,9,True
3,p95_response_min,11.008620689655173,-0.8167755763801046,-3.320562134908835,1.6870109821486257,9,False
3,p95_response_min,11.107758620689655,-0.8126253518340971,-3.28363932013087,1.6583886164626755,9,False
3,p95_response_min,11.206896551724139,-0.8007367003747352,-3.183894920975743,1.5824215202262724,9,False
3,p95_response_min,11.306034482758621,-0.7801854937475236,-3.0217918202141987,1.4614208327191514,9,False
3,p95_response_min,11.405172413793103,-0.7500476036979662,-2.798342842921103,1.2982476355251706,9,False
3,p95_response_min,11.504310344827587,-0.7093989019715667,-2.5155135461177647,1.0967157421746312,9,False
3,p95_response_min,11.60344827586207,-0.6573152603138309,-2.177359870725477,0.8627293500978152,9,False
3,p95_response_min,11.702586206896552,-0.5928725504702625,-1.7935329555958557,0.6077878546553306,9,False
3,p95_response_min,11.801724137931036,-0.5151466441863639,-1.3921989780120794,0.36190568963935155,9,False
3,p95_response_min,11.900862068965518,-0.42321341320764266,-1.071192281021415,0.22476545460612957,9,False
3,p95_response_min,12.0,-0.3161487292796015,-1.045189006337905,0.4128915477787019,9,True
3,strict_4min_rate,0.5,0.037037037037037035,-0.048370523526080206,0.12244459760015428,9,True
3,strict_4min_rate,0.5991379310344828,0.026952753062628416,-0.035200406954929445,0.08910591308018628,9,False
3,strict_4min_rate,0.6982758620689655,0.017052567211791998,-0.02227072329444732,0.056375857718031316,9,False
3,strict_4min_rate,0.7974137931034483,0.008491276805117057,-0.011089642620646096,0.02807219623088021,9,False
3,strict_4min_rate,0.896551724137931,0.00242367916319288,-0.0031653350095380735,0.008012693335923833,9,False
3,strict_4min_rate,0.9956896551724138,4.571606608725724e-06,-5.9705371355224884e-06,1.5113750352973937e-05,9,False
3,strict_4min_rate,1.0,0.0,0.0,0.0,9,True
3,strict_4min_rate,1.0948275862068966,0.0,0.0,0.0,9,False
3,strict_4min_rate,1.1939655172413794,0.0,0.0,0.0,9,False
3,strict_4min_rate,1.293103448275862,0.0,0.0,0.0,9,False
3,strict_4min_rate,1.3922413793103448,0.0,0.0,0.0,9,False
3,strict_4min_rate,1.4913793103448276,0.0,0.0,0.0,9,False
3,strict_4min_rate,1.5905172413793105,0.0,0.0,0.0,9,False
3,strict_4min_rate,1.6896551724137931,0.0,0.0,0.0,9,False
3,strict_4min_rate,1.7887931034482758,0.0,0.0,0.0,9,False
3,strict_4min_rate,1.8879310344827587,0.0,0.0,0.0,9,False
3,strict_4min_rate,1.9870689655172415,0.0,0.0,0.0,9,False
3,strict_4min_rate,2.0,0.0,0.0,0.0,9,True
3,strict_4min_rate,2.086206896551724,1.0195023241853905e-05,-1.3314742512363778e-05,3.370478899607159e-05,9,False
3,strict_4min_rate,2.185344827586207,4.5523078687665146e-05,-5.945332901331531e-05,0.0001504994863886456,9,False
3,strict_4min_rate,2.2844827586206895,0.00010346892892808715,-0.00013513084904522772,0.00034206870690140206,9,False
3,strict_4min_rate,2.3836206896551726,0.0001812801439087497,-0.00023675261757523332,0.0005993129053927326,9,False
3,strict_4min_rate,2.4827586206896552,0.00027620429357528144,-0.0003607239495704629,0.0009131325367210258,9,False
3,strict_4min_rate,2.581896551724138,0.00038548894787331203,-0.0005034501599980486,0.0012744280557446727,9,False
3,strict_4min_rate,2.681034482758621,0.0005063816767484715,-0.0006613365638251231,0.001674099917322066,9,False
3,strict_4min_rate,2.7801724137931036,0.0006361300501463882,-0.0008307884760188163,0.002103048576311593,9,False
3,strict_4min_rate,2.8793103448275863,0.0007719816380126918,-0.0010082112115462607,0.0025521744875716445,9,False
3,strict_4min_rate,2.978448275862069,0.0009111840102930119,-0.0011900100853745885,0.0030123781059606123,9,False
3,strict_4min_rate,3.0775862068965516,0.0010509847369329778,-0.0013725904124709315,0.003474559886336887,9,False
3,strict_4min_rate,3.1767241379310347,0.0011886313878782192,-0.0015523575078024213,0.0039296202835588595,9,False
3,strict_4min_rate,3.2758620689655173,0.001321371533074365,-0.0017257166863361888,0.004368459752484919,9,False
3,strict_4min_rate,3.375,0.0014464527424670444,-0.0018890732630393661,0.004781978747973455,9,False
3,strict_4min_rate,3.474137931034483,0.0015611225860018875,-0.0020388325528790854,0.00516107772488286,9,False
3,strict_4min_rate,3.5732758620689657,0.0016626286336245226,-0.0021713998708224784,0.005496657138071524,9,False
3,strict_4min_rate,3.6724137931034484,0.0017482184552805808,-0.0022831805318366772,0.005779617442397839,9,False
3,strict_4min_rate,3.771551724137931,0.0018151396209156888,-0.002370579850888811,0.006000859092720189,9,False
3,strict_4min_rate,3.8706896551724137,0.0018606397004754785,-0.0024300031429460153,0.006151282543896973,9,False
3,strict_4min_rate,3.969827586206897,0.0018819662639055791,-0.002457855722975421,0.00622178825078658,9,False
3,strict_4min_rate,4.0,0.0018832391713747658,-0.0024595181453939104,0.0062259964881434425,9,True
3,strict_4min_rate,4.068965517241379,0.0018846125263230515,-0.002391689225204664,0.006160914277850767,9,False
3,strict_4min_rate,4.168103448275862,0.001890833553420015,-0.002096637429246197,0.0058783045360862275,9,False
3,strict_4min_rate,4.267241379310345,0.0019010037192906408,-0.0016670520718078815,0.005469059510389163,9,False
3,strict_4min_rate,4.366379310344827,0.0019139434110544845,-0.001250583733720546,0.005078470555829515,9,False
3,strict_4min_rate,4.4655172413793105,0.0019284730158311012,-0.0010242932889443345,0.004881239320606537,9,False
3,strict_4min_rate,4.564655172413794,0.0019434129207400468,-0.0011099504615750472,0.0049967763030551405,9,False
3,strict_4min_rate,4.663793103448276,0.0019575835129008756,-0.0014644368210600433,0.005379603846861794,9,False
3,strict_4min_rate,4.762931034482759,0.001969805179433145,-0.0019273233599736545,0.005866933718839944,9,False
3,strict_4min_rate,4.862068965517242,0.0019788983074564078,-0.0023370257831137457,0.006294822398026562,9,False
3,strict_4min_rate,4.961206896551724,0.0019836832840902214,-0.002569251349704945,0.006536617917885387,9,False
3,strict_4min_rate,5.0,0.0019841269841269892,-0.002591278046040018,0.006559532014293996,9,True
3,strict_4min_rate,5.060344827586207,0.001982113734609866,-0.0025401061872822417,0.006504333656501974,9,False
3,strict_4min_rate,5.1594827586206895,0.001971033389156305,-0.0022663765099702055,0.006208443288282815,9,False
3,strict_4min_rate,5.258620689655173,0.0019522417174253912,-0.0018392333004956076,0.00574371673534639,9,False
3,strict_4min_rate,5.357758620689656,0.00192798378909281,-0.0013832152167722505,0.005239182794957871,9,False
3,strict_4min_rate,5.456896551724138,0.0019005046738342461,-0.0010571818263200436,0.004858191173988536,9,False
3,strict_4min_rate,5.556034482758621,0.0018720494413253842,-0.0010086011030975264,0.004752699985748295,9,False
3,strict_4min_rate,5.655172413793103,0.0018448631612419093,-0.0012570752363705807,0.004946801558854399,9,False
3,strict_4min_rate,5.754310344827586,0.0018211909032595076,-0.0016674245377178442,0.00530980634423686,9,False
3,strict_4min_rate,5.853448275862069,0.0018032777370538614,-0.0020648508744220665,0.005671406348529789,9,False
3,strict_4min_rate,5.952586206896552,0.0017933687323006577,-0.002308636780234548,0.0058953742448358635,9,False
3,strict_4min_rate,6.0,0.0017921146953405003,-0.0023405092028748473,0.005924738593555848,9,True
3,strict_4min_rate,6.051724137931035,0.001791319556502129,-0.0023323703345502823,0.005915009447554541,9,False
3,strict_4min_rate,6.150862068965518,0.001785577944651132,-0.0022738881645334662,0.00584504405383573,9,False
3,strict_4min_rate,6.25,0.0017747885864695325,-0.002165425652360375,0.00571500282529944,9,False
3,strict_4min_rate,6.349137931034483,0.0017595408127471979,-0.00201563262392304,0.005534714249417435,9,False
3,strict_4min_rate,6.448275862068966,0.001740423954273996,-0.0018343896057395387,0.0053152375142875305,9,False
3,strict_4min_rate,6.547413793103448,0.0017180273418397937,-0.0016329785526300997,0.005069033236309687,9,False
3,strict_4min_rate,6.6465517241379315,0.0016929403062344581,-0.001424351864948612,0.0048102324774175285,9,False
3,strict_4min_rate,6.745689655172414,0.0016657521782478565,-0.0012233742575735915,0.004554878614069304,9,False
3,strict_4min_rate,6.844827586206897,0.0016370522886698569,-0.0010467342664594698,0.004320838843799184,9,False
3,strict_4min_rate,6.94396551724138,0.001607429968290325,-0.0009119383921286485,0.004126798328709299,9,False
3,strict_4min_rate,7.043103448275862,0.0015774745478991296,-0.0008346783945306776,0.003989627490328937,9,False
3,strict_4min_rate,7.142241379310345,0.0015477753582861372,-0.0008246075200776604,0.003920158236649935,9,False
3,strict_4min_rate,7.241379310344827,0.0015189217302412153,-0.0008814466989478778,0.003919290159430308,9,False
3,strict_4min_rate,7.3405172413793105,0.001491502994554231,-0.0009943581004753016,0.003977364089583764,9,False
3,strict_4min_rate,7.439655172413794,0.0014661084820150514,-0.001145248847477799,0.004077465811507901,9,False
3,strict_4min_rate,7.538793103448276,0.0014433275234135446,-0.0013134621227532928,0.0042001171695803825,9,False
3,strict_4min_rate,7.637931034482759,0.001423749449539577,-0.0014792038167653675,0.004326702715844522,9,False
3,strict_4min_rate,7.737068965517242,0.0014079635911830163,-0.0016250827775026848,0.004441009959868718,9,False
3,strict_4min_rate,7.836206896551724,0.0013965592791337286,-0.0017364434532196162,0.0045295620114870734,9,False
3,strict_4min_rate,7.935344827586207,0.0013901258441815837,-0.0018012727673062648,0.004581524455669432,9,False
3,strict_4min_rate,8.0,0.001388888888888887,-0.001813894632228006,0.00459167241000578,9,True
3,strict_4min_rate,8.03448275862069,0.0013886640049708277,-0.0018110088338171208,0.0045883368437587765,9,False
3,strict_4min_rate,8.133620689655173,0.0013856250025994922,-0.0017721737216208975,0.004543423726819882,9,False
3,strict_4min_rate,8.232758620689655,0.0013793276859853322,-0.0016927056351516998,0.004451361007122364,9,False
3,strict_4min_rate,8.331896551724139,0.0013701448970566315,-0.0015794608181145886,0.0043197506122278516,9,False
3,strict_4min_rate,8.431034482758621,0.0013584494777416731,-0.0014403416767097387,0.004157240632193085,9,False
3,strict_4min_rate,8.530172413793103,0.0013446142699687408,-0.001284419117469181,0.003973647657406662,9,False
3,strict_4min_rate,8.629310344827587,0.0013290121156661174,-0.001122138053715976,0.003780162285048211,9,False
3,strict_4min_rate,8.72844827586207,0.0013120158567620872,-0.0009654968902783828,0.0035895286038025572,9,False
3,strict_4min_rate,8.827586206896552,0.0012939983351849325,-0.0008279476974082278,0.003415944367778093,9,False
3,strict_4min_rate,8.926724137931036,0.0012753323928629374,-0.0007235416047597124,0.0032742063904855874,9,False
3,strict_4min_rate,9.025862068965518,0.0012563908717243848,-0.0006647741732182461,0.0031775559166670156,9,False
3,strict_4min_rate,9.125,0.0012375466136975587,-0.0006592276440245336,0.003134320871419651,9,False
3,strict_4min_rate,9.224137931034484,0.0012191724607107416,-0.0007065943161069547,0.003144939237528438,9,False
3,strict_4min_rate,9.323275862068966,0.0012016412546922174,-0.0007983352969472893,0.003201617806331724,9,False
3,strict_4min_rate,9.422413793103448,0.0011853258375702702,-0.0009203439131061802,0.0032909955882467205,9,False
3,strict_4min_rate,9.52155172413793,0.001170599051273182,-0.0010565775280937714,0.003397775630640135,9,False
3,strict_4min_rate,9.620689655172415,0.0011578337377292362,-0.001191663156488282,0.0035073306319467544,9,False
3,strict_4min_rate,9.719827586206897,0.0011474027388667172,-0.0013120531490644404,0.003606858626797875,9,False
3,strict_4min_rate,9.818965517241379,0.0011396788966139082,-0.001406262549700235,0.003685620342928051,9,False
3,strict_4min_rate,9.918103448275863,0.001135035052899092,-0.0014647769774763454,0.003734847083274529,9,False
3,strict_4min_rate,10.0,0.0011337868480725574,-0.0014807303120228568,0.0037483040081679716,9,True
3,strict_4min_rate,10.017241379310345,0.0011366085148387113,-0.0014769713081525403,0.0037501883378299626,9,False
3,strict_4min_rate,10.116379310344827,0.001253647148500791,-0.0013243278093757673,0.0038316221063773494,9,False
3,strict_4min_rate,10.215517241379311,0.00151498852442232,-0.001008642286709542,0.004038619335554182,9,False
3,strict_4min_rate,10.314655172413794,0.0018827453943822449,-0.0006273181159862074,0.004392808904750697,9,False
3,strict_4min_rate,10.413793103448276,0.002319030510159527,-0.00027176375635204475,0.004909824776671099,9,False
3,strict_4min_rate,10.51293103448276,0.0027859566235331314,1.8587716804616995e-06,0.0055700544753858015,9,False
3,strict_4min_rate,10.612068965517242,0.003245636486281998,0.00018202919616128015,0.0063092437764027155,9,False
3,strict_4min_rate,10.711206896551724,0.0036601828501850917,0.0002853420456988675,0.007035023654671316,9,False
3,strict_4min_rate,10.810344827586206,0.00399170846702137,0.0003358035119991041,0.007647613422043637,9,False
3,strict_4min_rate,10.90948275862069,0.004202326088569793,0.00035416688719753977,0.008050485289942046,9,False
3,strict_4min_rate,11.0,0.004256905045807228,0.00035520094749239874,0.008158609144122057,9,True
3,strict_4min_rate,11.008620689655173,0.004254560339737494,0.0003547858604286986,0.00815433481904629,9,False
3,strict_4min_rate,11.107758620689655,0.00418148667995513,0.0003457174817657247,0.008017255878144535,9,False
3,strict_4min_rate,11.206896551724139,0.004024923403015502,0.00032895906563692144,0.007720887740394082,9,False
3,strict_4min_rate,11.306034482758621,0.0037868139175033073,0.0003049228985499857,0.007268704936456628,9,False
3,strict_4min_rate,11.405172413793103,0.0034691016320032328,0.00027416746106139443,0.006664035802945071,9,False
3,strict_4min_rate,11.504310344827587,0.0030737299550999634,0.00023740539344320596,0.00591005451675672,9,False
3,strict_4min_rate,11.60344827586207,0.0026026422953782037,0.00019551016069317912,0.005009774430063228,9,False
3,strict_4min_rate,11.702586206896552,0.002057782061422638,0.00014952182032724288,0.003966042302518033,9,False
3,strict_4min_rate,11.801724137931036,0.0014410926618179457,0.00010065209517653604,0.0027815332284593553,9,False
3,strict_4min_rate,11.900862068965518,0.0007545175051488395,5.02888482664496e-05,0.0014587461620312295,9,False
3,strict_4min_rate,12.0,9.637352644315594e-20,-1.258642240589697e-19,3.186112769452816e-19,9,True
3,max_incident_queue,0.5,0.0,0.0,0.0,10,True
3,max_incident_queue,0.5991379310344828,0.0,0.0,0.0,10,False
3,max_incident_queue,0.6982758620689655,0.0,0.0,0.0,10,False
3,max_incident_queue,0.7974137931034483,0.0,0.0,0.0,10,False
3,max_incident_queue,0.896551724137931,0.0,0.0,0.0,10,False
3,max_incident_queue,0.9956896551724138,0.0,0.0,0.0,10,False
3,max_incident_queue,1.0,0.0,0.0,0.0,10,True
3,max_incident_queue,1.0948275862068966,0.0,0.0,0.0,10,False
3,max_incident_queue,1.1939655172413794,0.0,0.0,0.0,10,False
3,max_incident_queue,1.293103448275862,0.0,0.0,0.0,10,False
3,max_incident_queue,1.3922413793103448,0.0,0.0,0.0,10,False
3,max_incident_queue,1.4913793103448276,0.0,0.0,0.0,10,False
3,max_incident_queue,1.5905172413793105,0.0,0.0,0.0,10,False
3,max_incident_queue,1.6896551724137931,0.0,0.0,0.0,10,False
3,max_incident_queue,1.7887931034482758,0.0,0.0,0.0,10,False
3,max_incident_queue,1.8879310344827587,0.0,0.0,0.0,10,False
3,max_incident_queue,1.9870689655172415,0.0,0.0,0.0,10,False
3,max_incident_queue,2.0,0.0,0.0,0.0,10,True
3,max_incident_queue,2.086206896551724,0.0,0.0,0.0,10,False
3,max_incident_queue,2.185344827586207,0.0,0.0,0.0,10,False
3,max_incident_queue,2.2844827586206895,0.0,0.0,0.0,10,False
3,max_incident_queue,2.3836206896551726,0.0,0.0,0.0,10,False
3,max_incident_queue,2.4827586206896552,0.0,0.0,0.0,10,False
3,max_incident_queue,2.581896551724138,0.0,0.0,0.0,10,False
3,max_incident_queue,2.681034482758621,0.0,0.0,0.0,10,False
3,max_incident_queue,2.7801724137931036,0.0,0.0,0.0,10,False
3,max_incident_queue,2.8793103448275863,0.0,0.0,0.0,10,False
3,max_incident_queue,2.978448275862069,0.0,0.0,0.0,10,False
3,max_incident_queue,3.0775862068965516,0.0,0.0,0.0,10,False
3,max_incident_queue,3.1767241379310347,0.0,0.0,0.0,10,False
3,max_incident_queue,3.2758620689655173,0.0,0.0,0.0,10,False
3,max_incident_queue,3.375,0.0,0.0,0.0,10,False
3,max_incident_queue,3.474137931034483,0.0,0.0,0.0,10,False
3,max_incident_queue,3.5732758620689657,0.0,0.0,0.0,10,False
3,max_incident_queue,3.6724137931034484,0.0,0.0,0.0,10,False
3,max_incident_queue,3.771551724137931,0.0,0.0,0.0,10,False
3,max_incident_queue,3.8706896551724137,0.0,0.0,0.0,10,False
3,max_incident_queue,3.969827586206897,0.0,0.0,0.0,10,False
3,max_incident_queue,4.0,0.0,0.0,0.0,10,True
3,max_incident_queue,4.068965517241379,0.0,0.0,0.0,10,False
3,max_incident_queue,4.168103448275862,0.0,0.0,0.0,10,False
3,max_incident_queue,4.267241379310345,0.0,0.0,0.0,10,False
3,max_incident_queue,4.366379310344827,0.0,0.0,0.0,10,False
3,max_incident_queue,4.4655172413793105,0.0,0.0,0.0,10,False
3,max_incident_queue,4.564655172413794,0.0,0.0,0.0,10,False
3,max_incident_queue,4.663793103448276,0.0,0.0,0.0,10,False
3,max_incident_queue,4.762931034482759,0.0,0.0,0.0,10,False
3,max_incident_queue,4.862068965517242,0.0,0.0,0.0,10,False
3,max_incident_queue,4.961206896551724,0.0,0.0,0.0,10,False
3,max_incident_queue,5.0,0.0,0.0,0.0,10,True
3,max_incident_queue,5.060344827586207,0.0,0.0,0.0,10,False
3,max_incident_queue,5.1594827586206895,0.0,0.0,0.0,10,False
3,max_incident_queue,5.258620689655173,0.0,0.0,0.0,10,False
3,max_incident_queue,5.357758620689656,0.0,0.0,0.0,10,False
3,max_incident_queue,5.456896551724138,0.0,0.0,0.0,10,False
3,max_incident_queue,5.556034482758621,0.0,0.0,0.0,10,False
3,max_incident_queue,5.655172413793103,0.0,0.0,0.0,10,False
3,max_incident_queue,5.754310344827586,0.0,0.0,0.0,10,False
3,max_incident_queue,5.853448275862069,0.0,0.0,0.0,10,False
3,max_incident_queue,5.952586206896552,0.0,0.0,0.0,10,False
3,max_incident_queue,6.0,0.0,0.0,0.0,10,True
3,max_incident_queue,6.051724137931035,0.0,0.0,0.0,10,False
3,max_incident_queue,6.150862068965518,0.0,0.0,0.0,10,False
3,max_incident_queue,6.25,0.0,0.0,0.0,10,False
3,max_incident_queue,6.349137931034483,0.0,0.0,0.0,10,False
3,max_incident_queue,6.448275862068966,0.0,0.0,0.0,10,False
3,max_incident_queue,6.547413793103448,0.0,0.0,0.0,10,False
3,max_incident_queue,6.6465517241379315,0.0,0.0,0.0,10,False
3,max_incident_queue,6.745689655172414,0.0,0.0,0.0,10,False
3,max_incident_queue,6.844827586206897,0.0,0.0,0.0,10,False
3,max_incident_queue,6.94396551724138,0.0,0.0,0.0,10,False
3,max_incident_queue,7.043103448275862,0.0,0.0,0.0,10,False
3,max_incident_queue,7.142241379310345,0.0,0.0,0.0,10,False
3,max_incident_queue,7.241379310344827,0.0,0.0,0.0,10,False
3,max_incident_queue,7.3405172413793105,0.0,0.0,0.0,10,False
3,max_incident_queue,7.439655172413794,0.0,0.0,0.0,10,False
3,max_incident_queue,7.538793103448276,0.0,0.0,0.0,10,False
3,max_incident_queue,7.637931034482759,0.0,0.0,0.0,10,False
3,max_incident_queue,7.737068965517242,0.0,0.0,0.0,10,False
3,max_incident_queue,7.836206896551724,0.0,0.0,0.0,10,False
3,max_incident_queue,7.935344827586207,0.0,0.0,0.0,10,False
3,max_incident_queue,8.0,0.0,0.0,0.0,10,True
3,max_incident_queue,8.03448275862069,0.0,0.0,0.0,10,False
3,max_incident_queue,8.133620689655173,0.0,0.0,0.0,10,False
3,max_incident_queue,8.232758620689655,0.0,0.0,0.0,10,False
3,max_incident_queue,8.331896551724139,0.0,0.0,0.0,10,False
3,max_incident_queue,8.431034482758621,0.0,0.0,0.0,10,False
3,max_incident_queue,8.530172413793103,0.0,0.0,0.0,10,False
3,max_incident_queue,8.629310344827587,0.0,0.0,0.0,10,False
3,max_incident_queue,8.72844827586207,0.0,0.0,0.0,10,False
3,max_incident_queue,8.827586206896552,0.0,0.0,0.0,10,False
3,max_incident_queue,8.926724137931036,0.0,0.0,0.0,10,False
3,max_incident_queue,9.025862068965518,0.0,0.0,0.0,10,False
3,max_incident_queue,9.125,0.0,0.0,0.0,10,False
3,max_incident_queue,9.224137931034484,0.0,0.0,0.0,10,False
3,max_incident_queue,9.323275862068966,0.0,0.0,0.0,10,False
3,max_incident_queue,9.422413793103448,0.0,0.0,0.0,10,False
3,max_incident_queue,9.52155172413793,0.0,0.0,0.0,10,False
3,max_incident_queue,9.620689655172415,0.0,0.0,0.0,10,False
3,max_incident_queue,9.719827586206897,0.0,0.0,0.0,10,False
3,max_incident_queue,9.818965517241379,0.0,0.0,0.0,10,False
3,max_incident_queue,9.918103448275863,0.0,0.0,0.0,10,False
3,max_incident_queue,10.0,0.0,0.0,0.0,10,True
3,max_incident_queue,10.017241379310345,0.0,0.0,0.0,10,False
3,max_incident_queue,10.116379310344827,0.0,0.0,0.0,10,False
3,max_incident_queue,10.215517241379311,0.0,0.0,0.0,10,False
3,max_incident_queue,10.314655172413794,0.0,0.0,0.0,10,False
3,max_incident_queue,10.413793103448276,0.0,0.0,0.0,10,False
3,max_incident_queue,10.51293103448276,0.0,0.0,0.0,10,False
3,max_incident_queue,10.612068965517242,0.0,0.0,0.0,10,False
3,max_incident_queue,10.711206896551724,0.0,0.0,0.0,10,False
3,max_incident_queue,10.810344827586206,0.0,0.0,0.0,10,False
3,max_incident_queue,10.90948275862069,0.0,0.0,0.0,10,False
3,max_incident_queue,11.0,0.0,0.0,0.0,10,True
3,max_incident_queue,11.008620689655173,-1.1115410635942907e-05,-3.62602164234845e-05,1.4029395151598689e-05,10,False
3,max_incident_queue,11.107758620689655,-0.0016792238240087632,-0.0054778920254315785,0.002119444377414052,10,False
3,max_incident_queue,11.206896551724139,-0.0059781048833490984,-0.019501517665176188,0.007545307898477989,10,False
3,max_incident_queue,11.306034482758621,-0.012615450516882634,-0.041153582265575,0.015922681231809732,10,False
3,max_incident_queue,11.405172413793103,-0.021298952652835275,-0.06948053095654641,0.026882625650875867,10,False
3,max_incident_queue,11.504310344827587,-0.03173630321943306,-0.10352880886800929,0.040056202429143165,10,False
3,max_incident_queue,11.60344827586207,-0.04363519414490144,-0.1423448611298805,0.05507447284007763,10,False
3,max_incident_queue,11.702586206896552,-0.056703317357466455,-0.18497513287207895,0.07156849815714605,10,False
3,max_incident_queue,11.801724137931036,-0.07064836478535422,-0.23046606922452373,0.0891693396538153,10,False
3,max_incident_queue,11.900862068965518,-0.08517802835679003,-0.2778641153171312,0.10750805860355112,10,False
3,max_incident_queue,12.0,-0.1,-0.3262157162798205,0.12621571627982048,10,True
4,mean_response_min,0.5,0.0,0.0,0.0,9,True
4,mean_response_min,0.5991379310344828,0.0,0.0,0.0,9,False
4,mean_response_min,0.6982758620689655,0.0,0.0,0.0,9,False
4,mean_response_min,0.7974137931034483,0.0,0.0,0.0,9,False
4,mean_response_min,0.896551724137931,0.0,0.0,0.0,9,False
4,mean_response_min,0.9956896551724138,0.0,0.0,0.0,9,False
4,mean_response_min,1.0,0.0,0.0,0.0,9,True
4,mean_response_min,1.0948275862068966,0.0014209320192118426,-0.0018557430929346714,0.004697607131358357,9,False
4,mean_response_min,1.1939655172413794,0.005525581577903381,-0.007216432390149777,0.01826759554595654,9,False
4,mean_response_min,1.293103448275862,0.011659668305493313,-0.01522757502208322,0.03854691163306985,9,False
4,mean_response_min,1.3922413793103448,0.019165768893746944,-0.025030573429600876,0.06336211121709476,9,False
4,mean_response_min,1.4913793103448276,0.027386460034429613,-0.03576683005356869,0.09053975012242792,9,False
4,mean_response_min,1.5905172413793105,0.03566431841930659,-0.04657774733485251,0.11790638417346569,9,False
4,mean_response_min,1.6896551724137931,0.043341920740143196,-0.056604727714318216,0.14328856919460461,9,False
4,mean_response_min,1.7887931034482758,0.04976184368870472,-0.0649891736328317,0.16451286101024115,9,False
4,mean_response_min,1.8879310344827587,0.054266663956756514,-0.07087248753125884,0.17940581544477185,9,False
4,mean_response_min,1.9870689655172415,0.056198958236063835,-0.0733960718504656,0.18579398832259325,9,False
4,mean_response_min,2.0,0.056226920475071926,-0.07343259065023973,0.1858864316003836,9,True
4,mean_response_min,2.086206896551724,0.056303432187016264,-0.07223729738534336,0.1848441617593759,9,False
4,mean_response_min,2.185344827586207,0.05656856252931175,-0.06813926718435814,0.18127639224298164,9,False
4,mean_response_min,2.2844827586206895,0.05700343512320279,-0.06157911957447696,0.17558598982088255,9,False
4,mean_response_min,2.3836206896551726,0.05758739350420951,-0.053136950221245524,0.16831173722966453,9,False
4,mean_response_min,2.4827586206896552,0.05829978120785199,-0.043537283529105,0.16013684594480898,9,False
4,mean_response_min,2.581896551724138,0.059119941769650394,-0.033706099474524354,0.15194598301382514,9,False
4,mean_response_min,2.681034482758621,0.06002721872512483,-0.024830858755593335,0.144885296205843,9,False
4,mean_response_min,2.7801724137931036,0.06100095560979538,-0.01833723945948989,0.14033915067908065,9,False
4,mean_response_min,2.8793103448275863,0.06202049595918221,-0.015606007583513541,0.13964699950187795,9,False
4,mean_response_min,2.978448275862069,0.0630651833088054,-0.017386458182351253,0.14351682479996203,9,False
4,mean_response_min,3.0775862068965516,0.06411436119418511,-0.023386414519096316,0.15161513690746653,9,False
4,mean_response_min,3.1767241379310347,0.06514737315084143,-0.032536305180456665,0.16283105148213953,9,False
4,mean_response_min,3.2758620689655173,0.06614356271429446,-0.04357106721619439,0.1758581926447833,9,False
4,mean_response_min,3.375,0.06708227342006436,-0.05537813868509864,0.18954268552522735,9,False
4,mean_response_min,3.474137931034483,0.06794284880367124,-0.06706763702273857,0.20295333463008106,9,False
4,mean_response_min,3.5732758620689657,0.06870463240063517,-0.07793059381037319,0.2153398586116435,9,False
4,mean_response_min,3.6724137931034484,0.06934696774647632,-0.08738367880335728,0.2260776142963099,9,False
4,mean_response_min,3.771551724137931,0.06984919837671483,-0.094927994963659,0.23462639171708866,9,False
4,mean_response_min,3.8706896551724137,0.07019066782687074,-0.10012345709825478,0.24050479275199627,9,False
4,mean_response_min,3.969827586206897,0.07035071963246423,-0.10257531946873863,0.24327675873366708,9,False
4,mean_response_min,4.0,0.0703602725611142,-0.1027219828399497,0.24344252796217808,9,True
4,mean_response_min,4.068965517241379,0.06950098714527048,-0.1013677845976231,0.24036975888816406,9,False
4,mean_response_min,4.168103448275862,0.06558552901944277,-0.09522930322283939,0.22640036126172491,9,False
4,mean_response_min,4.267241379310345,0.059128707715003274,-0.08519104727751739,0.20344846270752395,9,False
4,mean_response_min,4.366379310344827,0.050820456506256995,-0.07242850993564298,0.17406942294815697,9,False
4,mean_response_min,4.4655172413793105,0.04135070866750861,-0.05814176956891328,0.1408431869039305,9,False
4,mean_response_min,4.564655172413794,0.03140939747306301,-0.04358635083310994,0.10640514577923596,9,False
4,mean_response_min,4.663793103448276,0.021686456197225132,-0.030165494483074748,0.07353840687752501,9,False
4,mean_response_min,4.762931034482759,0.01287181811429966,-0.01972647846165969,0.04547011469025901,9,False
4,mean_response_min,4.862068965517242,0.005655416498591523,-0.0151837090767249,0.026494542073907945,9,False
4,mean_response_min,4.961206896551724,0.0007271846244055769,-0.01780117347729981,0.019255542726110967,9,False
4,mean_response_min,5.0,-0.0004286853455881041,-0.019366936212607513,0.018509565521431303,9,True
4,mean_response_min,5.060344827586207,-0.0018266592180686417,-0.02164717519549319,0.017993856759355907,9,False
4,mean_response_min,5.1594827586206895,-0.00401130953855442,-0.025897681552675435,0.017875062475566594,9,False
4,mean_response_min,5.258620689655173,-0.006040417680247106,-0.030833523010744296,0.01875268765025008,9,False
4,mean_response_min,5.357758620689656,-0.007895269950845947,-0.03641110905947545,0.020620569157783552,9,False
4,mean_response_min,5.456896551724138,-0.009557152658050207,-0.04240423882416457,0.02328993350806415,9,False
4,mean_response_min,5.556034482758621,-0.011007352109559184,-0.0484565435395263,0.02644183932040793,9,False
4,mean_response_min,5.655172413793103,-0.012227154613072127,-0.0541518532650863,0.02969754403894205,9,False
4,mean_response_min,5.754310344827586,-0.013197846476288327,-0.05905775079118687,0.03266205783861022,9,False
4,mean_response_min,5.853448275862069,-0.013900714006907055,-0.06274587903255036,0.03494445101873624,9,False
4,mean_response_min,5.952586206896552,-0.014317043512627562,-0.06480196541252568,0.036167878387270556,9,False
4,mean_response_min,6.0,-0.014409402483611049,-0.06509309198483634,0.03627428701761424,9,True
4,mean_response_min,6.051724137931035,-0.014831959700464005,-0.06502239463465263,0.03535847523372462,9,False
4,mean_response_min,6.150862068965518,-0.01755462230029146,-0.06446035515679384,0.02935111055621092,9,False
4,mean_response_min,6.25,-0.022566293351224252,-0.06458914697879511,0.019456560276346617,9,False
4,mean_response_min,6.349137931034483,-0.029599411841583736,-0.06855061183760001,0.00935178815443254,9,False
4,mean_response_min,6.448275862068966,-0.038386416759691094,-0.08091842012541509,0.004145586606032904,9,False
4,mean_response_min,6.547413793103448,-0.04865974709386749,-0.10347967165937699,0.006160177471642013,9,False
4,mean_response_min,6.6465517241379315,-0.06015184183243435,-0.1339088424087586,0.013605158743889907,9,False
4,mean_response_min,6.745689655172414,-0.07259513996371271,-0.16947375393368802,0.0242834740062626,9,False
4,mean_response_min,6.844827586206897,-0.08572208047602405,-0.20829831616502953,0.03685415521298145,9,False
4,mean_response_min,6.94396551724138,-0.09926510235768947,-0.2490455523112831,0.05051534759590416,9,False
4,mean_response_min,7.043103448275862,-0.11295664459703013,-0.2906298166008575,0.06471652740679727,9,False
4,mean_response_min,7.142241379310345,-0.12652914618236752,-0.33208258326639956,0.07902429090166452,9,False
4,mean_response_min,7.241379310344827,-0.1397150461020226,-0.37249328714669316,0.09306319494264798,9,False
4,mean_response_min,7.3405172413793105,-0.1522467833443169,-0.41098203439250697,0.10648846770387316,9,False
4,mean_response_min,7.439655172413794,-0.16385679689757152,-0.44668619763888484,0.11897260384374184,9,False
4,mean_response_min,7.538793103448276,-0.1742775257501076,-0.4787534281704594,0.13019837667024423,9,False
4,mean_response_min,7.637931034482759,-0.18324140889024665,-0.5063378280157407,0.13985501023524738,9,False
4,mean_response_min,7.737068965517242,-0.1904808853063097,-0.5285977791021488,0.1476360084895294,9,False
4,mean_response_min,7.836206896551724,-0.195728393986618,-0.544694703097325,0.15323791512408907,9,False
4,mean_response_min,7.935344827586207,-0.19871637391949293,-0.5537923958358554,0.15635964799686952,9,False
4,mean_response_min,8.0,-0.19932029384759828,-0.555557470063569,0.15691688236837245,9,True
4,mean_response_min,8.03448275862069,-0.1992518892326333,-0.5552699478452258,0.1567661693799592,9,False
4,mean_response_min,8.133620689655173,-0.19807532866240932,-0.5512173335239805,0.15506667619916184,9,False
4,mean_response_min,8.232758620689655,-0.19552297405625263,-0.5426614945454344,0.15161554643292913,9,False
4,mean_response_min,8.331896551724139,-0.19169480784804666,-0.5299673618967382,0.14657774620064484,9,False
4,mean_response_min,8.431034482758621,-0.18669081247167535,-0.5135013629804192,0.14011973803706845,9,False
4,mean_response_min,8.530172413793103,-0.18061097036102222,-0.49363021144875874,0.13240827072671432,9,False
4,mean_response_min,8.629310344827587,-0.17355526394997087,-0.4707199451675116,0.12360941726756988,9,False
4,mean_response_min,8.72844827586207,-0.1656236756724052,-0.44513510871314493,0.11388775736833451,9,False
4,mean_response_min,8.827586206896552,-0.1569161879622088,-0.4172380257989267,0.10340564987450912,9,False
4,mean_response_min,8.926724137931036,-0.1475327832532651,-0.38738815038375485,0.09232258387722464,9,False
4,mean_response_min,9.025862068965518,-0.13757344397945814,-0.355941542424039,0.08079465446512274,9,False
4,mean_response_min,9.125,-0.12713815257467148,-0.32325061716865416,0.0689743120193112,9,False
4,mean_response_min,9.224137931034484,-0.11632689147278857,-0.28966453536647707,0.05701075242089995,9,False
4,mean_response_min,9.323275862068966,-0.10523964310769343,-0.25553111254553224,0.04505182633014537,9,False
4,mean_response_min,9.422413793103448,-0.09397638991326959,-0.2212024271911636,0.03324964736462441,9,False
4,mean_response_min,9.52155172413793,-0.0826371143234007,-0.18704997383126923,0.021775745184467815,9,False
4,mean_response_min,9.620689655172415,-0.07132179877197019,-0.15350690703302916,0.010863309489088771,9,False
4,mean_response_min,9.719827586206897,-0.0601304256928622,-0.1211984294386814,0.0009375780529570013,9,False
4,mean_response_min,9.818965517241379,-0.04916297751996019,-0.09140948400697418,-0.006916471032946202,9,False
4,mean_response_min,9.918103448275863,-0.03851943668714766,-0.06783155305253892,-0.0092073203217564,9,False
4,mean_response_min,10.0,-0.030042294983385866,-0.05854760652091667,-0.00153698344585506,9,True
4,mean_response_min,10.017241379310345,-0.02821058848874761,-0.0578985778669313,0.0014774008894360736,9,False
4,mean_response_min,10.116379310344827,-0.014811086130203904,-0.06023545696636632,0.03061328470595851,9,False
4,mean_response_min,10.215517241379311,0.002545409280331805,-0.07106226290236581,0.0761530814630294,9,False
4,mean_response_min,10.314655172413794,0.02257846585414579,-0.08649215718790551,0.1316490888961971,9,False
4,mean_response_min,10.413793103448276,0.04400765170252529,-0.10414376938983883,0.19215907279488942,9,False
4,mean_response_min,10.51293103448276,0.0655525349367576,-0.12240958130013031,0.2535146511736455,9,False
4,mean_response_min,10.612068965517242,0.08593268366812881,-0.13994593872532446,0.3118113060615821,9,False
4,mean_response_min,10.711206896551724,0.1038676660079263,-0.15550908893856746,0.36324442095442006,9,False
4,mean_response_min,10.810344827586206,0.11807705006743695,-0.1679003152383196,0.40405441537319353,9,False
4,mean_response_min,10.90948275862069,0.1272804039579479,-0.1759470253103332,0.430507833226229,9,False
4,mean_response_min,11.0,0.13022562345052188,-0.1785241009548136,0.43897534785585735,9,True
4,mean_response_min,11.008620689655173,0.13020834150992944,-0.17851936353369602,0.4389360465535549,9,False
4,mean_response_min,11.107758620689655,0.1275557012188927,-0.17775625849427906,0.43286766093206447,9,False
4,mean_response_min,11.206896551724139,0.12049521860243134,-0.17562750125235765,0.41661793845722034,9,False
4,mean_response_min,11.306034482758621,0.10918118045956843,-0.17211830439575693,0.3904806653148938,9,False
4,mean_response_min,11.405172413793103,0.09376787358932659,-0.16732525279038452,0.3548609999690377,9,False
4,mean_response_min,11.504310344827587,0.07440958479072833,-0.16151714935894157,0.31033631894039826,9,False
4,mean_response_min,11.60344827586207,0.05126060086279708,-0.1552925471336907,0.2578137488592849,9,False
4,mean_response_min,11.702586206896552,0.02447520860455536,-0.14997894401495446,0.19892936122406515,9,False
4,mean_response_min,11.801724137931036,-0.0057923051849746564,-0.14867950274171632,0.13709489237176703,9,False
4,mean_response_min,11.900862068965518,-0.03938765370676903,-0.1587197301461371,0.07994442273259905,9,False
4,mean_response_min,12.0,-0.0761565501618055,-0.19325858897325437,0.04094548864964338,9,True
4,p95_response_min,0.5,0.0,0.0,0.0,9,True
4,p95_response_min,0.5991379310344828,0.0,0.0,0.0,9,False
4,p95_response_min,0.6982758620689655,0.0,0.0,0.0,9,False
4,p95_response_min,0.7974137931034483,0.0,0.0,0.0,9,False
4,p95_response_min,0.896551724137931,0.0,0.0,0.0,9,False
4,p95_response_min,0.9956896551724138,0.0,0.0,0.0,9,False
4,p95_response_min,1.0,0.0,0.0,0.0,9,True
4,p95_response_min,1.0948275862068966,0.0014936182832553167,-0.00195067165434799,0.0049379082208586235,9,False
4,p95_response_min,1.1939655172413794,0.005808236818361696,-0.007585581303025462,0.01920205493974885,9,False
4,p95_response_min,1.293103448275862,0.012256106219238476,-0.016006525403826945,0.04051873784230389,9,False
4,p95_response_min,1.3922413793103448,0.02014617338852341,-0.026310985753951695,0.06660333253099851,9,False
4,p95_response_min,1.4913793103448276,0.028787385228854292,-0.037596444150599026,0.09517121460830762,9,False
4,p95_response_min,1.5905172413793105,0.03748868864286884,-0.04896038239096815,0.12393775967670584,9,False
4,p95_response_min,1.6896551724137931,0.04555903053320479,-0.05950028227225831,0.1506183433386679,9,False
4,p95_response_min,1.7887931034482758,0.05230735780249994,-0.0683136255916688,0.17292834119666867,9,False
4,p95_response_min,1.8879310344827587,0.05704261735339205,-0.07449789414639893,0.18858312885318304,9,False
4,p95_response_min,1.9870689655172415,0.05907375608851881,-0.07715056973364784,0.19529808191068546,9,False
4,p95_response_min,2.0,0.05910314870608148,-0.07718895661372917,0.19539525402589214,9,True
4,p95_response_min,2.086206896551724,0.06145510462212542,-0.07343881442138625,0.19634902366563708,9,False
4,p95_response_min,2.185344827586207,0.06960516245298871,-0.062212510667664075,0.2014228355736415,9,False
4,p95_response_min,2.2844827586206895,0.08297306579661805,-0.05002481026695106,0.21597094186018717,9,False
4,p95_response_min,2.3836206896551726,0.10092383874405257,-0.04518962021760688,0.24703729770571203,9,False
4,p95_response_min,2.4827586206896552,0.12282250538633116,-0.05280702669480461,0.29845203746746696,9,False
4,p95_response_min,2.581896551724138,0.14803408981449295,-0.07247935880686607,0.368547538435852,9,False
4,p95_response_min,2.681034482758621,0.17592361611957713,-0.10126394227841623,0.4531111745175705,9,False
4,p95_response_min,2.7801724137931036,0.20585610839262256,-0.1363187686972763,0.5480309854825214,9,False
4,p95_response_min,2.8793103448275863,0.23719659072466825,-0.17547553547373956,0.6498687169230761,9,False
4,p95_response_min,2.978448275862069,0.2693100872067534,-0.21707749522837083,0.7556976696418777,9,False
4,p95_response_min,3.0775862068965516,0.3015616219299171,-0.2597757630649342,0.8628990069247684,9,False
4,p95_response_min,3.1767241379310347,0.3333162189851983,-0.3023988845167465,0.9690313224871432,9,False
4,p95_response_min,3.2758620689655173,0.36393890246363597,-0.3438788956680489,1.0717567005953208,9,False
4,p95_response_min,3.375,0.39279469645626935,-0.38321004215642046,1.1687994350689592,9,False
4,p95_response_min,3.474137931034483,0.4192486250541375,-0.41942535310022067,1.2579226032084958,9,False
4,p95_response_min,3.5732758620689657,0.4426657123482791,-0.4515830313804654,1.3369144560770236,9,False
4,p95_response_min,3.6724137931034484,0.46241098242973383,-0.47875840256942853,1.4035803674288962,9,False
4,p95_response_min,3.771551724137931,0.47784945938954,-0.5000391627585228,1.4557380815376029,9,False
4,p95_response_min,3.8706896551724137,0.4883461673187372,-0.5145227386091424,1.491215073246617,9,False
4,p95_response_min,3.969827586206897,0.4932661303083644,-0.5213151964755741,1.507847457092303,9,False
4,p95_response_min,4.0,0.4935597855734589,-0.5217206880608788,1.5088402592077967,9,True
4,p95_response_min,4.068965517241379,0.48684110711963197,-0.5146186638517594,1.4883008780910232,9,False
4,p95_response_min,4.168103448275862,0.45640681861379534,-0.48244789466832644,1.3952615318959172,9,False
4,p95_response_min,4.267241379310345,0.40665269322027,-0.4298549620735095,1.2431603485140494,9,False
4,p95_response_min,4.366379310344827,0.34334959130810644,-0.3629399928005795,1.0496391754167924,9,False
4,p95_response_min,4.4655172413793105,0.27226837324635345,-0.2878031135828061,0.832339860075513,9,False
4,p95_response_min,4.564655172413794,0.19917989940406136,-0.2105444511534604,0.6089042499615831,9,False
4,p95_response_min,4.663793103448276,0.12985503015028066,-0.1372641322458133,0.3969741925463746,9,False
4,p95_response_min,4.762931034482759,0.07006462585405995,-0.07406228359313452,0.21419153530125443,9,False
4,p95_response_min,4.862068965517242,0.02557954688444983,-0.02703903192869511,0.07819812569759477,9,False
4,p95_response_min,4.961206896551724,0.002170653610500148,-0.002294503985765727,0.006635811206766023,9,False
4,p95_response_min,5.0,0.0,0.0,0.0,9,True
4,p95_response_min,5.060344827586207,-0.0025665426592815944,-0.006487261523872264,0.0013541762053090756,9,False
4,p95_response_min,5.1594827586206895,-0.016692054198842968,-0.0421912803852849,0.008807171987598963,9,False
4,p95_response_min,5.258620689655173,-0.04064816432150688,-0.10274338182742708,0.021447053184413326,9,False
4,p95_response_min,5.357758620689656,-0.07157280002206617,-0.18090931395970644,0.03776371391557411,9,False
4,p95_response_min,5.456896551724138,-0.10660388829531352,-0.26945482489153016,0.056247048300903144,9,False
4,p95_response_min,5.556034482758621,-0.14287935613604244,-0.36114566273230764,0.07538695046022278,9,False
4,p95_response_min,5.655172413793103,-0.1775371305390454,-0.4487475755914455,0.0936733145133547,9,False
4,p95_response_min,5.754310344827586,-0.20771513849911585,-0.525026311578353,0.10959603458012127,9,False
4,p95_response_min,5.853448275862069,-0.2305513070110466,-0.5827476188024374,0.12164500478034429,9,False
4,p95_response_min,5.952586206896552,-0.24318356306963038,-0.6146772453731063,0.12831011923384558,9,False
4,p95_response_min,6.0,-0.24478224188573577,-0.6187181084911397,0.12915362471966818,9,True
4,p95_response_min,6.051724137931035,-0.2459815944809921,-0.6175158096801834,0.12555262071819917,9,False
4,p95_response_min,6.150862068965518,-0.2546396090782962,-0.6096811357672779,0.10040191761068551,9,False
4,p95_response_min,6.25,-0.27090310731720396,-0.5995856205356096,0.05777940590120173,9,False
4,p95_response_min,6.349137931034483,-0.2938769986439581,-0.5981398166055565,0.010385819317640266,9,False
4,p95_response_min,6.448275862068966,-0.32266619250480066,-0.6222868716272011,-0.02304551338240024,9,False
4,p95_response_min,6.547413793103448,-0.35637559834597377,-0.6879679418060578,-0.024783254885889727,9,False
4,p95_response_min,6.6465517241379315,-0.3941101256137202,-0.7973856345860244,0.009165383358583912,9,False
4,p95_response_min,6.745689655172414,-0.4349746837542818,-0.9405548429566364,0.07060547544807289,9,False
4,p95_response_min,6.844827586206897,-0.4780741822139012,-1.1059914046102075,0.14984304018240524,9,False
4,p95_response_min,6.94396551724138,-0.5225135304388207,-1.284790150116339,0.2397630892386977,9,False
4,p95_response_min,7.043103448275862,-0.567397637875282,-1.4702129489795686,0.3354176732290046,9,False
4,p95_response_min,7.142241379310345,-0.6118314139695283,-1.656775346123187,0.43311251818413055,9,False
4,p95_response_min,7.241379310344827,-0.6549197681678012,-1.8396722966666375,0.5298327603310351,9,False
4,p95_response_min,7.3405172413793105,-0.6957676099163437,-2.014472626802681,0.6229374069699936,9,False
4,p95_response_min,7.439655172413794,-0.7334798486613975,-2.1769590251386233,0.7099993278158282,9,False
4,p95_response_min,7.538793103448276,-0.7671613938492048,-2.3230421547527387,0.7887193670543289,9,False
4,p95_response_min,7.637931034482759,-0.7959171549260087,-2.448713018679987,0.8568787088279697,9,False
4,p95_response_min,7.737068965517242,-0.8188520413380505,-2.550015854860664,0.9123117721845633,9,False
4,p95_response_min,7.836206896551724,-0.8350709625315731,-2.62303269400864,0.9528907689454937,9,False
4,p95_response_min,7.935344827586207,-0.8436788279528187,-2.6638751664878217,0.9765175105821844,9,False
4,p95_response_min,8.0,-0.8447658577688197,-2.671337148564458,0.9818054330268182,9,True
4,p95_response_min,8.03448275862069,-0.8439623484419122,-2.669577804743159,0.9816531078593346,9,False
4,p95_response_min,8.133620689655173,-0.837592361001314,-2.648781808178724,0.973597086176096,9,False
4,p95_response_min,8.232758620689655,-0.8254835299358565,-2.6060705080094273,0.9551034481377143,9,False
4,p95_response_min,8.331896551724139,-0.8080006880636522,-2.5432972767472304,0.9272959006199258,9,False
4,p95_response_min,8.431034482758621,-0.7855086682028152,-2.4623243452138395,0.8913070088082091,9,False
4,p95_response_min,8.530172413793103,-0.7583723031714584,-2.3650130023148854,0.8482683959719686,9,False
4,p95_response_min,8.629310344827587,-0.7269564257876943,-2.2532153006243902,0.7993024490490016,9,False
4,p95_response_min,8.72844827586207,-0.6916258688696373,-2.1287663514472275,0.7455146137079529,9,False
4,p95_response_min,8.827586206896552,-0.6527454652353999,-1.9934766007244245,0.6879856702536247,9,False
4,p95_response_min,8.926724137931036,-0.6106800477030946,-1.8491236976173289,0.6277636022111396,9,False
4,p95_response_min,9.025862068965518,-0.565794449090836,-1.6974438080597058,0.5658549098780339,9,False
4,p95_response_min,9.125,-0.5184535022167367,-1.5401226304419524,0.503215626008479,9,False
4,p95_response_min,9.224137931034484,-0.46902203989890867,-1.3787872212471826,0.4407431414493652,9,False
4,p95_response_min,9.323275862068966,-0.41786489495546736,-1.2150016914447344,0.3792719015337996,9,False
4,p95_response_min,9.422413793103448,-0.36534690020452454,-1.050274598128345,0.3195807977192958,9,False
4,p95_response_min,9.52155172413793,-0.31183288846419394,-0.88609835166978,0.2624325747413922,9,False
4,p95_response_min,9.620689655172415,-0.2576876925525873,-0.724077076285228,0.20870169118005338,9,False
4,p95_response_min,9.719827586206897,-0.20327614528781976,-0.5663173399453852,0.15976504936974575,9,False
4,p95_response_min,9.818965517241379,-0.1489630794880038,-0.41669460590203383,0.11876844692602623,9,False
4,p95_response_min,9.918103448275863,-0.09511332797125148,-0.2852461401299741,0.09501948418747115,9,False
4,p95_response_min,10.0,-0.05123743106925508,-0.2088046304588096,0.10632976832029944,9,True
4,p95_response_min,10.017241379310345,-0.041474052902156555,-0.19810227236838093,0.11515416656406782,9,False
4,p95_response_min,10.116379310344827,0.035894060121012816,-0.19342896728058456,0.2652170875226102,9,False
4,p95_response_min,10.215517241379311,0.14290105704016667,-0.28562583394746477,0.5714279480277981,9,False
4,p95_response_min,10.314655172413794,0.2705375920784877,-0.42627469325889067,0.9673498774158661,9,False
4,p95_response_min,10.413793103448276,0.4097943194591644,-0.5903666947728894,1.4099553336912183,9,False
4,p95_response_min,10.51293103448276,0.5516618934053861,-0.7625530888033876,1.8658768756141597,9,False
4,p95_response_min,10.612068965517242,0.6871309681403344,-0.9297694940207146,2.304031430301383,9,False
4,p95_response_min,10.711206896551724,0.8071921978871982,-1.07961803553368,2.694002431308076,9,False
4,p95_response_min,10.810344827586206,0.9028362368691645,-1.1999383917092925,3.0056108654476215,9,False
4,p95_response_min,10.90948275862069,0.9650537393094213,-1.27867036661155,3.2087778452303928,9,False
4,p95_response_min,11.0,0.9850278847513064,-1.3040507556189054,3.2741065251215185,9,True
4,p95_response_min,11.008620689655173,0.9849386631344029,-1.3039743851944725,3.2738517114632786,9,False
4,p95_response_min,11.107758620689655,0.9711710846964142,-1.292018035076047,3.2343602044688757,9,False
4,p95_response_min,11.206896551724139,0.9342561206428647,-1.2593713324409346,3.1278835737266637,9,False
4,p95_response_min,11.306034482758621,0.874620750587716,-1.2056891790541533,2.9549306802295856,9,False
4,p95_response_min,11.405172413793103,0.7926919541449272,-1.1307728490472329,2.7161567573370875,9,False
4,p95_response_min,11.504310344827587,0.6888967109284561,-1.0346587581365647,2.412452179993477,9,False
4,p95_response_min,11.60344827586207,0.563662000552266,-0.9178656882427422,2.045189689347274,9,False
4,p95_response_min,11.702586206896552,0.41741480263031505,-0.7821249246711541,1.6169545299317842,9,False
4,p95_response_min,11.801724137931036,0.2505820967765596,-0.6330369396835875,1.1342011332367068,9,False
4,p95_response_min,11.900862068965518,0.06359086260496574,-0.4938409605248697,0.6210226857348011,9,False
4,p95_response_min,12.0,-0.14313192027051003,-0.5048712003025624,0.21860735976154227,9,True
4,strict_4min_rate,0.5,0.0,0.0,0.0,9,True
4,strict_4min_rate,0.5991379310344828,0.0,0.0,0.0,9,False
4,strict_4min_rate,0.6982758620689655,0.0,0.0,0.0,9,False
4,strict_4min_rate,0.7974137931034483,0.0,0.0,0.0,9,False
4,strict_4min_rate,0.896551724137931,0.0,0.0,0.0,9,False
4,strict_4min_rate,0.9956896551724138,0.0,0.0,0.0,9,False
4,strict_4min_rate,1.0,0.0,0.0,0.0,9,True
4,strict_4min_rate,1.0948275862068966,-0.00029557172620482013,-0.0009771613490825689,0.0003860178966729286,9,False
4,strict_4min_rate,1.1939655172413794,-0.001149390444570569,-0.0037998895627144556,0.0015011086735733177,9,False
4,strict_4min_rate,1.293103448275862,-0.002425357611366835,-0.008018242292527655,0.0031675270697939847,9,False
4,strict_4min_rate,1.3922413793103448,-0.003986720912313311,-0.013180115822012731,0.00520667399738611,9,False
4,strict_4min_rate,1.4913793103448276,-0.00569672803312969,-0.01883340643466025,0.007439950368400871,9,False
4,strict_4min_rate,1.5905172413793105,-0.007418626659535663,-0.02452601041396077,0.009688757094889443,9,False
4,strict_4min_rate,1.6896551724137931,-0.009015664477250914,-0.029805824043404823,0.011774495088902997,9,False
4,strict_4min_rate,1.7887931034482758,-0.01035108917199514,-0.034220743606482994,0.013518565262492717,9,False
4,strict_4min_rate,1.8879310344827587,-0.01128814842948803,-0.03731866538668584,0.014742368527709781,9,False
4,strict_4min_rate,1.9870689655172415,-0.011690089935449281,-0.03864748566750392,0.01526730579660536,9,False
4,strict_4min_rate,2.0,-0.011695906432748537,-0.03866671503162766,0.015274902166130592,9,True
4,strict_4min_rate,2.086206896551724,-0.011621781870724447,-0.0384097398225536,0.015166176081104705,9,False
4,strict_4min_rate,2.185344827586207,-0.011364923541423828,-0.03752012027516398,0.014790273192316326,9,False
4,strict_4min_rate,2.2844827586206895,-0.010943618884407293,-0.03606404115726143,0.014176803388446846,9,False
4,strict_4min_rate,2.3836206896551726,-0.01037787988664556,-0.03411560530745148,0.013359845534160362,9,False
4,strict_4min_rate,2.4827586206896552,-0.00968771853510935,-0.03175121406519722,0.012375776994978521,9,False
4,strict_4min_rate,2.581896551724138,-0.008893146816769388,-0.029050442428682842,0.011264148795144069,9,False
4,strict_4min_rate,2.681034482758621,-0.008014176718596383,-0.026097704582920184,0.010069351145727415,9,False
4,strict_4min_rate,2.7801724137931036,-0.007070820227561065,-0.022985288560942858,0.008843648105820726,9,False
4,strict_4min_rate,2.8793103448275863,-0.006083089330634151,-0.019818842512000563,0.00765266385073226,9,False
4,strict_4min_rate,2.978448275862069,-0.005070996014786361,-0.01672700002984905,0.006585008000276327,9,False
4,strict_4min_rate,3.0775862068965516,-0.004054552266988412,-0.013876045064374731,0.005766940530397908,9,False
4,strict_4min_rate,3.1767241379310347,-0.0030537700742110253,-0.011480983961534609,0.0053734438131125585,9,False
4,strict_4min_rate,3.2758620689655173,-0.002088661423424925,-0.009771593892511542,0.005594271045661693,9,False
4,strict_4min_rate,3.375,-0.0011792383016008292,-0.008860502949533052,0.006502026346331394,9,False
4,strict_4min_rate,3.474137931034483,-0.00034551269570944873,-0.00862734121975787,0.007936315828338971,9,False
4,strict_4min_rate,3.5732758620689657,0.0003925034072784776,-0.008813232938631796,0.00959823975318875,9,False
4,strict_4min_rate,3.6724137931034484,0.0010147980203922442,-0.009181615293825543,0.011211211334610031,9,False
4,strict_4min_rate,3.771551724137931,0.0015013591566611284,-0.00956947443270301,0.012572192746025265,9,False
4,strict_4min_rate,3.8706896551724137,0.001832174829114404,-0.009872325268696795,0.013536674926925604,9,False
4,strict_4min_rate,3.969827586206897,0.001987233050781357,-0.010023511938791259,0.013997978040353975,9,False
4,strict_4min_rate,4.0,0.0019964879299917723,-0.010032707161243038,0.014025683021226584,9,True
4,strict_4min_rate,4.068965517241379,0.001969310350232157,-0.009896134986183271,0.013834755686647587,9,False
4,strict_4min_rate,4.168103448275862,0.0018462012732047561,-0.009277489964516696,0.012969892510926208,9,False
4,strict_4min_rate,4.267241379310345,0.0016449419451173668,-0.008266126022948746,0.01155600991318348,9,False
4,strict_4min_rate,4.366379310344827,0.0013888759474554417,-0.0069793488128785455,0.009757100707789429,9,False
4,strict_4min_rate,4.4655172413793105,0.0011013468617044279,-0.005534463985705187,0.007737157709114042,9,False
4,strict_4min_rate,4.564655172413794,0.0008056982693497791,-0.004048777192827789,0.0056601737315273475,9,False
4,strict_4min_rate,4.663793103448276,0.0005252737518769483,-0.0026395940856454745,0.0036901415893993714,9,False
4,strict_4min_rate,4.762931034482759,0.000283416890771383,-0.0014242203155573323,0.0019910540971000983,9,False
4,strict_4min_rate,4.862068965517242,0.00010347126751853476,-0.0005199615339624898,0.0007269040689995592,9,False
4,strict_4min_rate,4.961206896551724,8.780463603860448e-06,-4.412339226005067e-05,6.168431946777157e-05,9,False
4,strict_4min_rate,5.0,0.0,0.0,0.0,9,True
4,strict_4min_rate,5.060344827586207,-2.6311182579409788e-05,-0.00011124285832348533,5.862049316466575e-05,9,False
4,strict_4min_rate,5.1594827586206895,-0.00017187617633365382,-0.0007253457303568178,0.00038159337768951026,9,False
4,strict_4min_rate,5.258620689655173,-0.0004206840529273988,-0.0017715943899922083,0.0009302262841374108,9,False
4,strict_4min_rate,5.357758620689656,-0.0007451463312360559,-0.0031302680868293803,0.0016399754243572686,9,False
4,strict_4min_rate,5.456896551724138,-0.001117674530135034,-0.004681678949671661,0.002446329889401593,9,False
4,strict_4min_rate,5.556034482758621,-0.0015106801684997523,-0.0063061885444313966,0.0032848282074318916,9,False
4,strict_4min_rate,5.655172413793103,-0.0018965747652056161,-0.007884235549933222,0.004091086019521991,9,False
4,strict_4min_rate,5.754310344827586,-0.0022477698391280445,-0.009296384348343662,0.0048008446700875725,9,False
4,strict_4min_rate,5.853448275862069,-0.0025366769091424483,-0.010423415598208176,0.0053500617799232784,9,False
4,strict_4min_rate,5.952586206896552,-0.0027357074941242333,-0.011146508136850598,0.0056750931486021314,9,False
4,strict_4min_rate,6.0,-0.0027910685805422578,-0.011315029578332254,0.00573289241724774,9,True
4,strict_4min_rate,6.051724137931035,-0.0028346306843124412,-0.011423708221746858,0.005754446853121976,9,False
4,strict_4min_rate,6.150862068965518,-0.00291213939455818,-0.011609469601504241,0.00578519081238788,9,False
4,strict_4min_rate,6.25,-0.0029818829274674097,-0.011794457210436126,0.005830691355501306,9,False
4,strict_4min_rate,6.349137931034483,-0.0030439817306747497,-0.01202686132451248,0.005938897863162981,9,False
4,strict_4min_rate,6.448275862068966,-0.0030985562518148118,-0.012359923920546693,0.00616281141691707,9,False
4,strict_4min_rate,6.547413793103448,-0.0031457269385222115,-0.012839588925329038,0.006548135048284616,9,False
4,strict_4min_rate,6.6465517241379315,-0.003185614238431564,-0.013493927710391231,0.007122699233528103,9,False
4,strict_4min_rate,6.745689655172414,-0.0032183385991774844,-0.014328040056625186,0.007891362858270216,9,False
4,strict_4min_rate,6.844827586206897,-0.003244020468394589,-0.015325798537586885,0.008837757600797707,9,False
4,strict_4min_rate,6.94396551724138,-0.0032627802937174916,-0.016456024616257448,0.009930464028822465,9,False
4,strict_4min_rate,7.043103448275862,-0.0032747385227808066,-0.017679319382561086,0.011129842336999471,9,False
4,strict_4min_rate,7.142241379310345,-0.0032800156032191507,-0.018953190957603346,0.012393159751165042,9,False
4,strict_4min_rate,7.241379310344827,-0.003278731982667138,-0.020235034949631636,0.013677570984297359,9,False
4,strict_4min_rate,7.3405172413793105,-0.0032710081087593853,-0.02148350577618801,0.014941489558669238,9,False
4,strict_4min_rate,7.439655172413794,-0.003256964429130506,-0.022658956303209608,0.016145027444948595,9,False
4,strict_4min_rate,7.538793103448276,-0.0032367213914151144,-0.02372343467346286,0.017249991890632633,9,False
4,strict_4min_rate,7.637931034482759,-0.0032103994432478287,-0.024640518590044225,0.018219719703548565,9,False
4,strict_4min_rate,7.737068965517242,-0.00317811903226326,-0.025375127808963067,0.019018889744436544,9,False
4,strict_4min_rate,7.836206896551724,-0.0031400006060960245,-0.025893381367564427,0.019613380155372378,9,False
4,strict_4min_rate,7.935344827586207,-0.0030961646123807422,-0.02616253513190948,0.019970205907147997,9,False
4,strict_4min_rate,8.0,-0.003064552935602106,-0.02618878260336332,0.020059676732159103,9,True
4,strict_4min_rate,8.03448275862069,-0.003045094926098475,-0.026151306758185753,0.020061116905988805,9,False
4,strict_4min_rate,8.133620689655173,-0.0029676272755397794,-0.025849426099493988,0.01991417154841443,9,False
4,strict_4min_rate,8.232758620689655,-0.002859293783298651,-0.025279662867143574,0.019561075300546273,9,False
4,strict_4min_rate,8.331896551724139,-0.0027214690528945353,-0.024468126647188188,0.019025188541399115,9,False
4,strict_4min_rate,8.431034482758621,-0.0025555276878468803,-0.023441257966098167,0.018330202590404403,9,False
4,strict_4min_rate,8.530172413793103,-0.0023628442916751305,-0.022225822735527895,0.017500134152177632,9,False
4,strict_4min_rate,8.629310344827587,-0.00214479346789873,-0.020848942952497337,0.01655935601669988,9,False
4,strict_4min_rate,8.72844827586207,-0.0019027498200371292,-0.019338164515767288,0.015532664875693028,9,False
4,strict_4min_rate,8.827586206896552,-0.0016380879516097726,-0.017721569138781493,0.014445393235561946,9,False
4,strict_4min_rate,8.926724137931036,-0.0013521824661361019,-0.01602794327236293,0.013323578340090727,9,False
4,strict_4min_rate,9.025862068965518,-0.001046407967135572,-0.014287022518165734,0.01219420658389459,9,False
4,strict_4min_rate,9.125,-0.0007221390581276241,-0.012529832108668182,0.011085553992412933,9,False
4,strict_4min_rate,9.224137931034484,-0.00038075034263170107,-0.010789131518561083,0.01002763083329768,9,False
4,strict_4min_rate,9.323275862068966,-2.3616424167256327e-05,-0.009099911682055914,0.009052678833721402,9,False
4,strict_4min_rate,9.422413793103448,0.00034788809374626566,-0.007499704181853504,0.008195480369346034,9,False
4,strict_4min_rate,9.52155172413793,0.000732388607589419,-0.0060279764147729295,0.007492753629951768,9,False
4,strict_4min_rate,9.620689655172415,0.00112851051384277,-0.004722942419139363,0.006979963446824902,9,False
4,strict_4min_rate,9.719827586206897,0.001534879208986852,-0.0036132391191714083,0.006682997537145113,9,False
4,strict_4min_rate,9.818965517241379,0.0019501200895022306,-0.002703810852290914,0.006604051031295376,9,False
4,strict_4min_rate,9.918103448275863,0.002372858551869459,-0.001963154004395624,0.006708871108134541,9,False
4,strict_4min_rate,10.0,0.0027267556626183495,-0.001432406389400356,0.0068859177146370545,9,True
4,strict_4min_rate,10.017241379310345,0.002798847940836472,-0.0013238103868176113,0.006921506268490555,9,False
4,strict_4min_rate,10.116379310344827,0.0031113440648656877,-0.0006968179259929969,0.006919506055724372,9,False
4,strict_4min_rate,10.215517241379311,0.0032706891515244412,-0.00026940778865428743,0.00681078609170317,9,False
4,strict_4min_rate,10.314655172413794,0.003305429158834876,-0.00041129616988039644,0.007022154487550149,9,False
4,strict_4min_rate,10.413793103448276,0.0032441100448191438,-0.0012861030672834516,0.007774323156921739,9,False
4,strict_4min_rate,10.51293103448276,0.00311527776749939,-0.0026782073605930296,0.00890876289559181,9,False
4,strict_4min_rate,10.612068965517242,0.0029474782848977667,-0.004276607443410153,0.010171564013205688,9,False
4,strict_4min_rate,10.711206896551724,0.002769257555036421,-0.0058287133090280585,0.0113672284191009,9,False
4,strict_4min_rate,10.810344827586206,0.0026091615359375006,-0.007130882920734692,0.012349205992609694,9,False
4,strict_4min_rate,10.90948275862069,0.002495736185623152,-0.008005147929668116,0.01299662030091442,9,False
4,strict_4min_rate,11.0,0.0024571414214853487,-0.008290919469323713,0.013205202312294412,9,True
4,strict_4min_rate,11.008620689655173,0.0024584965850945897,-0.008287375730129878,0.013204368900319058,9,False
4,strict_4min_rate,11.107758620689655,0.002661972029057851,-0.007751604144697328,0.01307554820281303,9,False
4,strict_4min_rate,11.206896551724139,0.0031867422860735483,-0.006360931952274754,0.01273441652442185,9,False
4,strict_4min_rate,11.306034482758621,0.003997696789705758,-0.004210525038266178,0.012205918617677693,9,False
4,strict_4min_rate,11.405172413793103,0.005059724973518583,-0.001437017545738395,0.01155646749277556,9,False
4,strict_4min_rate,11.504310344827587,0.006337716271076144,0.0016770966286497272,0.010998335913502561,9,False
4,strict_4min_rate,11.60344827586207,0.007796560115942489,0.00425292304083303,0.011340197191051948,9,False
4,strict_4min_rate,11.702586206896552,0.009401145941681737,0.004754133424356079,0.014048158459007396,9,False
4,strict_4min_rate,11.801724137931036,0.011116363181858014,0.0036566470550561322,0.018576079308659895,9,False
4,strict_4min_rate,11.900862068965518,0.012907101270035358,0.0018981692098470337,0.02391603333022368,9,False
4,strict_4min_rate,12.0,0.01473824963977789,-0.00023369880682050197,0.02971019808637628,9,True
4,max_incident_queue,0.5,0.0,0.0,0.0,10,True
4,max_incident_queue,0.5991379310344828,0.0,0.0,0.0,10,False
4,max_incident_queue,0.6982758620689655,0.0,0.0,0.0,10,False
4,max_incident_queue,0.7974137931034483,0.0,0.0,0.0,10,False
4,max_incident_queue,0.896551724137931,0.0,0.0,0.0,10,False
4,max_incident_queue,0.9956896551724138,0.0,0.0,0.0,10,False
4,max_incident_queue,1.0,0.0,0.0,0.0,10,True
4,max_incident_queue,1.0948275862068966,0.0,0.0,0.0,10,False
4,max_incident_queue,1.1939655172413794,0.0,0.0,0.0,10,False
4,max_incident_queue,1.293103448275862,0.0,0.0,0.0,10,False
4,max_incident_queue,1.3922413793103448,0.0,0.0,0.0,10,False
4,max_incident_queue,1.4913793103448276,0.0,0.0,0.0,10,False
4,max_incident_queue,1.5905172413793105,0.0,0.0,0.0,10,False
4,max_incident_queue,1.6896551724137931,0.0,0.0,0.0,10,False
4,max_incident_queue,1.7887931034482758,0.0,0.0,0.0,10,False
4,max_incident_queue,1.8879310344827587,0.0,0.0,0.0,10,False
4,max_incident_queue,1.9870689655172415,0.0,0.0,0.0,10,False
4,max_incident_queue,2.0,0.0,0.0,0.0,10,True
4,max_incident_queue,2.086206896551724,0.0,0.0,0.0,10,False
4,max_incident_queue,2.185344827586207,0.0,0.0,0.0,10,False
4,max_incident_queue,2.2844827586206895,0.0,0.0,0.0,10,False
4,max_incident_queue,2.3836206896551726,0.0,0.0,0.0,10,False
4,max_incident_queue,2.4827586206896552,0.0,0.0,0.0,10,False
4,max_incident_queue,2.581896551724138,0.0,0.0,0.0,10,False
4,max_incident_queue,2.681034482758621,0.0,0.0,0.0,10,False
4,max_incident_queue,2.7801724137931036,0.0,0.0,0.0,10,False
4,max_incident_queue,2.8793103448275863,0.0,0.0,0.0,10,False
4,max_incident_queue,2.978448275862069,0.0,0.0,0.0,10,False
4,max_incident_queue,3.0775862068965516,0.0,0.0,0.0,10,False
4,max_incident_queue,3.1767241379310347,0.0,0.0,0.0,10,False
4,max_incident_queue,3.2758620689655173,0.0,0.0,0.0,10,False
4,max_incident_queue,3.375,0.0,0.0,0.0,10,False
4,max_incident_queue,3.474137931034483,0.0,0.0,0.0,10,False
4,max_incident_queue,3.5732758620689657,0.0,0.0,0.0,10,False
4,max_incident_queue,3.6724137931034484,0.0,0.0,0.0,10,False
4,max_incident_queue,3.771551724137931,0.0,0.0,0.0,10,False
4,max_incident_queue,3.8706896551724137,0.0,0.0,0.0,10,False
4,max_incident_queue,3.969827586206897,0.0,0.0,0.0,10,False
4,max_incident_queue,4.0,0.0,0.0,0.0,10,True
4,max_incident_queue,4.068965517241379,0.0,0.0,0.0,10,False
4,max_incident_queue,4.168103448275862,0.0,0.0,0.0,10,False
4,max_incident_queue,4.267241379310345,0.0,0.0,0.0,10,False
4,max_incident_queue,4.366379310344827,0.0,0.0,0.0,10,False
4,max_incident_queue,4.4655172413793105,0.0,0.0,0.0,10,False
4,max_incident_queue,4.564655172413794,0.0,0.0,0.0,10,False
4,max_incident_queue,4.663793103448276,0.0,0.0,0.0,10,False
4,max_incident_queue,4.762931034482759,0.0,0.0,0.0,10,False
4,max_incident_queue,4.862068965517242,0.0,0.0,0.0,10,False
4,max_incident_queue,4.961206896551724,0.0,0.0,0.0,10,False
4,max_incident_queue,5.0,0.0,0.0,0.0,10,True
4,max_incident_queue,5.060344827586207,0.0,0.0,0.0,10,False
4,max_incident_queue,5.1594827586206895,0.0,0.0,0.0,10,False
4,max_incident_queue,5.258620689655173,0.0,0.0,0.0,10,False
4,max_incident_queue,5.357758620689656,0.0,0.0,0.0,10,False
4,max_incident_queue,5.456896551724138,0.0,0.0,0.0,10,False
4,max_incident_queue,5.556034482758621,0.0,0.0,0.0,10,False
4,max_incident_queue,5.655172413793103,0.0,0.0,0.0,10,False
4,max_incident_queue,5.754310344827586,0.0,0.0,0.0,10,False
4,max_incident_queue,5.853448275862069,0.0,0.0,0.0,10,False
4,max_incident_queue,5.952586206896552,0.0,0.0,0.0,10,False
4,max_incident_queue,6.0,0.0,0.0,0.0,10,True
4,max_incident_queue,6.051724137931035,-0.00019719443191602935,-0.000643279228538798,0.0002488903647067393,10,False
4,max_incident_queue,6.150862068965518,-0.0016211141709633558,-0.0052883292045217845,0.002046100862595073,10,False
4,max_incident_queue,6.25,-0.004296875,-0.014017081558898538,0.005423331558898537,10,False
4,max_incident_queue,6.349137931034483,-0.008078322883138929,-0.0263527588566283,0.010196113090350442,10,False
4,max_incident_queue,6.448275862068966,-0.01281930378449304,-0.041818583662670106,0.016179976093684025,10,False
4,max_incident_queue,6.547413793103448,-0.018373663668175208,-0.05993777854198289,0.023190451205632477,10,False
4,max_incident_queue,6.6465517241379315,-0.024595248498298444,-0.08023356605952606,0.03104306906292917,10,False
4,max_incident_queue,6.745689655172414,-0.031337904238975554,-0.10222916878025834,0.039553360302307224,10,False
4,max_incident_queue,6.844827586206897,-0.03845547685431959,-0.12544780926913923,0.04853685556050005,10,False
4,max_incident_queue,6.94396551724138,-0.0458018123084434,-0.1494127100911276,0.057809085474240816,10,False
4,max_incident_queue,7.043103448275862,-0.053230756565459836,-0.17364709381118237,0.06718558068026269,10,False
4,max_incident_queue,7.142241379310345,-0.06059615558948197,-0.1976741829942631,0.07648187181529914,10,False
4,max_incident_queue,7.241379310344827,-0.06775185534462258,-0.22101720020532836,0.0855134895160832,10,False
4,max_incident_queue,7.3405172413793105,-0.07455170179499468,-0.24319936800933767,0.09409596441934831,10,False
4,max_incident_queue,7.439655172413794,-0.08084954090471118,-0.26374390897125005,0.10204482716182771,10,False
4,max_incident_queue,7.538793103448276,-0.08649921863788491,-0.2821740456560243,0.10917560838025443,10,False
4,max_incident_queue,7.637931034482759,-0.09135458095862892,-0.2980130006286198,0.11530383871136196,10,False
4,max_incident_queue,7.737068965517242,-0.09526947383105602,-0.31078399645399546,0.12024504879188344,10,False
4,max_incident_queue,7.836206896551724,-0.0980977432192792,-0.32001025569711067,0.12381476925855228,10,False
4,max_incident_queue,7.935344827586207,-0.09969323508741135,-0.3252150009229242,0.12582853074810155,10,False
4,max_incident_queue,8.0,-0.1,-0.3262157162798205,0.12621571627982048,10,True
4,max_incident_queue,8.03448275862069,-0.09991184550412072,-0.32592814245965496,0.12610445145141355,10,False
4,max_incident_queue,8.133620689655173,-0.09872055657455717,-0.3220419707451171,0.12460085759600278,10,False
4,max_incident_queue,8.232758620689655,-0.09625200846180657,-0.3139891788373957,0.12148516191378256,10,False
4,max_incident_queue,8.331896551724139,-0.09265235520175588,-0.30224654417153146,0.1169418337680197,10,False
4,max_incident_queue,8.431034482758621,-0.08806775083029232,-0.2872908441825657,0.11115534252198102,10,False
4,max_incident_queue,8.530172413793103,-0.08264434938330294,-0.2695988563055391,0.10431015753893323,10,False
4,max_incident_queue,8.629310344827587,-0.07652830489667466,-0.24964735797549215,0.09659074818214285,10,False
4,max_incident_queue,8.72844827586207,-0.06986577140629482,-0.22791312662746666,0.08818158381487701,10,False
4,max_incident_queue,8.827586206896552,-0.06280290294805037,-0.204872939696503,0.07926713380040225,10,False
4,max_incident_queue,8.926724137931036,-0.055485853557828244,-0.18100357461764166,0.07003186750198519,10,False
4,max_incident_queue,9.025862068965518,-0.0480607772715158,-0.15678180882592443,0.06066025428289284,10,False
4,max_incident_queue,9.125,-0.040673828125,-0.13268441975639184,0.051336763506391846,10,False
4,max_incident_queue,9.224137931034484,-0.033471160154167776,-0.10918818484408425,0.0422458645357487,10,False
4,max_incident_queue,9.323275862068966,-0.02659892739490647,-0.08676988152404352,0.03357202673423059,10,False
4,max_incident_queue,9.422413793103448,-0.02020328388310304,-0.0659062872313101,0.025499719465104025,10,False
4,max_incident_queue,9.52155172413793,-0.01443038365464453,-0.04707417940092479,0.018213412091635725,10,False
4,max_incident_queue,9.620689655172415,-0.009426380745417972,-0.030750335467928318,0.011897573977092374,10,False
4,max_incident_queue,9.719827586206897,-0.005337429191310639,-0.01741153286736223,0.006736674484740952,10,False
4,max_incident_queue,9.818965517241379,-0.0023096830282094637,-0.00753454903426695,0.002915182977848023,10,False
4,max_incident_queue,9.918103448275863,-0.0004892962920015175,-0.0015961614036833524,0.0006175688196803173,10,False
4,max_incident_queue,10.0,0.0,0.0,0.0,10,True
4,max_incident_queue,10.017241379310345,-8.815449587929357e-05,-0.00028757382016550236,0.0001112648284069152,10,False
4,max_incident_queue,10.116379310344827,-0.003747991538193436,-0.01222653744242478,0.004730554366037907,10,False
4,max_incident_queue,10.215517241379311,-0.01193224916970776,-0.0389248720972551,0.015060373757839578,10,False
4,max_incident_queue,10.314655172413794,-0.023471695103325335,-0.07656835830432829,0.029624968097677618,10,False
4,max_incident_queue,10.413793103448276,-0.03719709705194964,-0.12134277658331749,0.046948582479418216,10,False
4,max_incident_queue,10.51293103448276,-0.05193922272848432,-0.16943390745389647,0.06555546199692781,10,False
4,max_incident_queue,10.612068965517242,-0.06652883984583222,-0.21702753143573617,0.08396985174407173,10,False
4,max_incident_queue,10.711206896551724,-0.07979671611689695,-0.2603094290485103,0.10071599681471641,10,False
4,max_incident_queue,10.810344827586206,-0.09057361925458193,-0.2954653808118919,0.11431814230272799,10,False
4,max_incident_queue,10.90948275862069,-0.0976903169717906,-0.31868116724555373,0.12330053330197253,10,False
4,max_incident_queue,11.0,-0.1,-0.3262157162798205,0.12621571627982048,10,True
4,max_incident_queue,11.008620689655173,-0.10000368378162287,-0.3261997960616715,0.1261924284984257,10,False
4,max_incident_queue,11.107758620689655,-0.10051803179071508,-0.32371680333596997,0.12268073975453983,10,False
4,max_incident_queue,11.206896551724139,-0.10169748657181517,-0.317146760559658,0.11375178741602769,10,False
4,max_incident_queue,11.306034482758621,-0.10324974005314898,-0.30709052199048253,0.10059104188418456,10,False
4,max_incident_queue,11.405172413793103,-0.1048824841629423,-0.29474530736544285,0.08498033903955826,10,False
4,max_incident_queue,11.504310344827587,-0.10630341082942107,-0.28213518535049137,0.06952836369164922,10,False
4,max_incident_queue,11.60344827586207,-0.10722021198081103,-0.27238122194071723,0.05794079797909521,10,False
4,max_incident_queue,11.702586206896552,-0.10734057954533807,-0.2695442156702462,0.05486305657957005,10,False
4,max_incident_queue,11.801724137931036,-0.10637220545122798,-0.27725917085829244,0.06451475995583648,10,False
4,max_incident_queue,11.900862068965518,-0.10402278162670671,-0.2966879230443225,0.08864235979090908,10,False
4,max_incident_queue,12.0,-0.1,-0.3262157162798205,0.12621571627982048,10,True
5,mean_response_min,0.5,0.0944262872887553,-0.12332112167109097,0.3121736962486016,9,True
5,mean_response_min,0.5991379310344828,0.07983395609029209,-0.08670297911329991,0.2463708912938841,9,False
5,mean_response_min,0.6982758620689655,0.06521379510805647,-0.0540535587707963,0.18448114898690926,9,False
5,mean_response_min,0.7974137931034483,0.05217761243671716,-0.031135918827867703,0.13549114370130202,9,False
5,mean_response_min,0.896551724137931,0.04233721617094274,-0.02244348359683422,0.10711791593871971,9,False
5,mean_response_min,0.9956896551724138,0.037304414405401935,-0.022627829772543594,0.09723665858334746,9,False
5,mean_response_min,1.0,0.037219558966089944,-0.0226391062547043,0.0970782241868842,9,True
5,mean_response_min,1.0948275862068966,0.03449103187043516,-0.022993101085411527,0.09197516482628185,9,False
5,mean_response_min,1.1939655172413794,0.029797512640094986,-0.02374709239132852,0.08334211767151849,9,False
5,mean_response_min,1.293103448275862,0.023668928861474356,-0.025251676405935723,0.07258953412888444,9,False
5,mean_response_min,1.3922413793103448,0.01655866536057096,-0.0282605051927616,0.061377835913903514,9,False
5,mean_response_min,1.4913793103448276,0.008920106963382463,-0.03369954656551054,0.05153976049227546,9,False
5,mean_response_min,1.5905172413793105,0.0012066384959065696,-0.04207411549366842,0.04448739248548156,9,False
5,mean_response_min,1.6896551724137931,-0.006128355215859015,-0.05280738937654025,0.04055067894482222,9,False
5,mean_response_min,1.7887931034482758,-0.012631489345916616,-0.06436646505479335,0.03910348636296011,9,False
5,mean_response_min,1.8879310344827587,-0.01784937906826855,-0.07498036481742605,0.03928160668088895,9,False
5,mean_response_min,1.9870689655172415,-0.02132863955691712,-0.083117279418955,0.04046000030512075,9,False
5,mean_response_min,2.0,-0.021630540587466385,-0.08393143372899345,0.040670352554060686,9,True
5,mean_response_min,2.086206896551724,-0.023134318912663123,-0.08890419967899274,0.04263556185366649,9,False
5,mean_response_min,2.185344827586207,-0.023972047661818048,-0.09417138336158845,0.04622728803795235,9,False
5,mean_response_min,2.2844827586206895,-0.023944194601850224,-0.0993059138241515,0.05141752462045106,9,False
5,mean_response_min,2.3836206896551726,-0.023143010961553006,-0.10470557449053387,0.058419552567427854,9,False
5,mean_response_min,2.4827586206896552,-0.021660747969719802,-0.11069257826054103,0.06737108232110144,9,False
5,mean_response_min,2.581896551724138,-0.019589656855144008,-0.11745556891495604,0.07827625520466802,9,False
5,mean_response_min,2.681034482758621,-0.017021988846618985,-0.1250418428889909,0.09099786519575294,9,False
5,mean_response_min,2.7801724137931036,-0.014049995172938139,-0.13338268138771686,0.10528269104184057,9,False
5,mean_response_min,2.8793103448275863,-0.010765927062894858,-0.14233007280514667,0.12079821867935694,9,False
5,mean_response_min,2.978448275862069,-0.007262035745282527,-0.15168964637904314,0.13716557488847808,9,False
5,mean_response_min,3.0775862068965516,-0.0036305724488945065,-0.16124410299632264,0.15398295809853363,9,False
5,mean_response_min,3.1767241379310347,3.621159747578694e-05,-0.17076755743065683,0.17083998062560843,9,False
5,mean_response_min,3.2758620689655173,0.003646065165034968,-0.18003336048838625,0.18732549081845618,9,False
5,mean_response_min,3.375,0.007106737024989669,-0.18881792889048823,0.2030314029404676,9,False
5,mean_response_min,3.474137931034483,0.010325975948546482,-0.19690239778310306,0.21755434968019602,9,False
5,mean_response_min,3.5732758620689657,0.013211530706911993,-0.20407322750480744,0.23049628891863144,9,False
5,mean_response_min,3.6724137931034484,0.0156711500712929,-0.21012242760507369,0.2414647277476595,9,False
5,mean_response_min,3.771551724137931,0.017612582812895752,-0.21484779368503598,0.25007295931082746,9,False
5,mean_response_min,3.8706896551724137,0.018943577702927157,-0.2180534339509054,0.25594058935675973,9,False
5,mean_response_min,3.969827586206897,0.019571883512593796,-0.2195508570256531,0.2586946240508407,9,False
5,mean_response_min,4.0,0.019609567103840812,-0.2196399314816893,0.25885906568937095,9,True
5,mean_response_min,4.068965517241379,0.01846327061801759,-0.21685082163497693,0.2537773628710121,9,False
5,mean_response_min,4.168103448275862,0.013271085974568898,-0.20427757809578537,0.23081975004492314,9,False
5,mean_response_min,4.267241379310345,0.004783632754488787,-0.1839959173437145,0.19356318285269208,9,False
5,mean_response_min,4.366379310344827,-0.00601385111213098,-0.1589476655339932,0.14691996330973123,9,False
5,mean_response_min,4.4655172413793105,-0.018136127695198876,-0.13275338385543087,0.09648112846503311,9,False
5,mean_response_min,4.564655172413794,-0.030597959064623075,-0.1109695914107048,0.04977367328145864,9,False
5,mean_response_min,4.663793103448276,-0.042414107290311844,-0.10361961758437668,0.018791403003753003,9,False
5,mean_response_min,4.762931034482759,-0.05259933444217367,-0.11769013695681252,0.012491468072465178,9,False
5,mean_response_min,4.862068965517242,-0.0601684025901167,-0.13956232133672652,0.019225516156493122,9,False
5,mean_response_min,4.961206896551724,-0.06413607380404929,-0.15343674268541796,0.025164595077319385,9,False
5,mean_response_min,5.0,-0.06449452106867071,-0.15477453471368058,0.025785492576339178,9,True
5,mean_response_min,5.060344827586207,-0.06355928504687729,-0.15288047892921647,0.02576190883546188,9,False
5,mean_response_min,5.1594827586206895,-0.05849110663412041,-0.14264509682189555,0.02566288355365473,9,False
5,mean_response_min,5.258620689655173,-0.04992990702025888,-0.12593340790749347,0.0260735938669757,9,False
5,mean_response_min,5.357758620689656,-0.038908115810068256,-0.10594907158026175,0.028132839960125236,9,False
5,mean_response_min,5.456896551724138,-0.026458162608324187,-0.08640611481669129,0.03348978960004291,9,False
5,mean_response_min,5.556034482758621,-0.013612477019801977,-0.07090603617327461,0.043681082133670654,9,False
5,mean_response_min,5.655172413793103,-0.0014034886492773485,-0.06125508309311067,0.05844810579455597,9,False
5,mean_response_min,5.754310344827586,0.009136372898474363,-0.05665457104930032,0.07492731684624905,9,False
5,mean_response_min,5.853448275862069,0.016974678018677542,-0.055212125181017896,0.08916148121837297,9,False
5,mean_response_min,5.952586206896552,0.02107899710655662,-0.05541465046275327,0.09757264467586652,9,False
5,mean_response_min,6.0,0.0214204893775828,-0.0558442730205298,0.0986852517756954,9,True
5,mean_response_min,6.051724137931035,0.02115803053145925,-0.05628790136214072,0.09860396242505921,9,False
5,mean_response_min,6.150862068965518,0.020658725365590637,-0.056541757388836315,0.09785920812001758,9,False
5,mean_response_min,6.25,0.020163358112721692,-0.05627765751253231,0.0966043737379757,9,False
5,mean_response_min,6.349137931034483,0.019670764371851706,-0.05592995565538536,0.09527148439908878,9,False
5,mean_response_min,6.448275862068966,0.01917977974197997,-0.05602206068760514,0.09438162017156508,9,False
5,mean_response_min,6.547413793103448,0.0186892398221058,-0.05709536210402345,0.09447384174823505,9,False
5,mean_response_min,6.6465517241379315,0.018197980211228468,-0.05960907458530636,0.09600503500776329,9,False
5,mean_response_min,6.745689655172414,0.017704836508347272,-0.06383714881038172,0.09924682182707625,9,False
5,mean_response_min,6.844827586206897,0.017208644312461503,-0.06981291025036579,0.10423019887528878,9,False
5,mean_response_min,6.94396551724138,0.016708239222570465,-0.07735009195663024,0.11076657040177117,9,False
5,mean_response_min,7.043103448275862,0.01620245683767346,-0.08611669194918752,0.11852160562453444,9,False
5,mean_response_min,7.142241379310345,0.015690132756769767,-0.09571412657717315,0.1270943920907127,9,False
5,mean_response_min,7.241379310344827,0.015170102578858678,-0.10573229411287656,0.13607249927059392,9,False
5,mean_response_min,7.3405172413793105,0.014641201902939502,-0.11577745893223233,0.14505986273811133,9,False
5,mean_response_min,7.439655172413794,0.014102266328011518,-0.12548189770781343,0.15368643036383645,9,False
5,mean_response_min,7.538793103448276,0.01355213145307406,-0.13450446968722318,0.16160873259337127,9,False
5,mean_response_min,7.637931034482759,0.012989632877126372,-0.1425278908721187,0.16850715662637145,9,False
5,mean_response_min,7.737068965517242,0.012413606199167744,-0.1492556181331555,0.17408283053149096,9,False
5,mean_response_min,7.836206896551724,0.011822887018197543,-0.15440964324498097,0.17805541728137603,9,False
5,mean_response_min,7.935344827586207,0.011216310933214972,-0.15772983826197015,0.18016246012840012,9,False
5,mean_response_min,8.0,0.010811620299210171,-0.1587916122105146,0.18041485280893496,9,True
5,mean_response_min,8.03448275862069,0.010577391796192577,-0.1590018122070542,0.18015659579943935,9,False
5,mean_response_min,8.133620689655173,0.009731171516189565,-0.1584457378180115,0.17790808085039064,9,False
5,mean_response_min,8.232758620689655,0.008654248052032085,-0.15633002742310692,0.17363852352717107,9,False
5,mean_response_min,8.331896551724139,0.0073794979931238736,-0.15287665477690343,0.16763565076315118,9,False
5,mean_response_min,8.431034482758621,0.005939797928868772,-0.1483239954799483,0.16020359133768586,9,False
5,mean_response_min,8.530172413793103,0.004368024448670534,-0.1429268084895678,0.15166285738690888,9,False
5,mean_response_min,8.629310344827587,0.002697054141932905,-0.13695691579471755,0.14235102407858338,9,False
5,mean_response_min,8.72844827586207,0.0009597635980597214,-0.13070362166224064,0.13262314885836007,9,False
5,mean_response_min,8.827586206896552,-0.0008109705935452627,-0.12447234518304057,0.12285040399595004,9,False
5,mean_response_min,8.926724137931036,-0.0025822718434783,-0.11857895768389433,0.11341441399693773,9,False
5,mean_response_min,9.025862068965518,-0.004321263562335559,-0.11333618592484747,0.10469365880017635,9,False
5,mean_response_min,9.125,-0.005995069160713268,-0.10902816857331463,0.09703803025188809,9,False
5,mean_response_min,9.224137931034484,-0.007570812049207713,-0.10587187181024481,0.09073024771182937,9,False
5,mean_response_min,9.323275862068966,-0.00901561563841502,-0.10397140777575027,0.08594017649892023,9,False
5,mean_response_min,9.422413793103448,-0.01029660333893149,-0.10328113574087415,0.08268792906301116,9,False
5,mean_response_min,9.52155172413793,-0.011380898561353282,-0.10359697781897029,0.08083518069626372,9,False
5,mean_response_min,9.620689655172415,-0.012235624716276658,-0.10458475193089962,0.0801135024983463,9,False
5,mean_response_min,9.719827586206897,-0.012827905214297834,-0.10583558316905786,0.0801797727404622,9,False
5,mean_response_min,9.818965517241379,-0.013124863466013024,-0.1069281839101312,0.08067845697810516,9,False
5,mean_response_min,9.918103448275863,-0.01309362288201843,-0.10748313340294849,0.08129588763891163,9,False
5,mean_response_min,10.0,-0.012796910632455373,-0.10732393828966565,0.0817301170247549,9,True
5,mean_response_min,10.017241379310345,-0.012728374856994417,-0.10714710632582383,0.08169035661183499,9,False
5,mean_response_min,10.116379310344827,-0.013097988854349749,-0.10346710973396221,0.07727113202526271,9,False
5,mean_response_min,10.215517241379311,-0.014586081403142397,-0.09609136423079562,0.06691920142451083,9,False
5,mean_response_min,10.314655172413794,-0.016940621794980956,-0.08631810549342708,0.052436861903465165,9,False
5,mean_response_min,10.413793103448276,-0.01990957932147408,-0.0757334149233517,0.03591425628040354,9,False
5,mean_response_min,10.51293103448276,-0.023240923274230493,-0.06653776779060737,0.020055921242146387,9,False
5,mean_response_min,10.612068965517242,-0.02668262294485872,-0.061931375175920025,0.008566129286202585,9,False
5,mean_response_min,10.711206896551724,-0.02998264762496747,-0.0645057237044037,0.004540428454468764,9,False
5,mean_response_min,10.810344827586206,-0.032888966606165394,-0.07206470951940858,0.006286776307077781,9,False
5,mean_response_min,10.90948275862069,-0.035149549180061176,-0.0796722791148644,0.009373180754742041,9,False
5,mean_response_min,11.0,-0.03643587809435663,-0.08367117060371745,0.010799414415004191,9,True
5,mean_response_min,11.008620689655173,-0.03651442445937041,-0.08386095775550667,0.010832108836765851,9,False
5,mean_response_min,11.107758620689655,-0.03709577756268803,-0.08555503151662877,0.011363476391252701,9,False
5,mean_response_min,11.206896551724139,-0.03708096481274774,-0.08636360177384615,0.012201672148350676,9,False
5,mean_response_min,11.306034482758621,-0.03646450289502304,-0.0863243427673987,0.013395336977352623,9,False
5,mean_response_min,11.405172413793103,-0.035240908494987386,-0.08549742734025054,0.015015610350275765,9,False
5,mean_response_min,11.504310344827587,-0.03340469829811423,-0.083968085966662,0.017158689370433536,9,False
5,mean_response_min,11.60344827586207,-0.030950388989877106,-0.08185322377988465,0.019952445800130433,9,False
5,mean_response_min,11.702586206896552,-0.027872497255749473,-0.07931028480696894,0.02356529029546999,9,False
5,mean_response_min,11.801724137931036,-0.024165539781204726,-0.07654517297899185,0.028214093416582403,9,False
5,mean_response_min,11.900862068965518,-0.019824033251716475,-0.07381407828254802,0.03416601177911506,9,False
5,mean_response_min,12.0,-0.014842494352758133,-0.07141322602551096,0.0417282373199947,9,True
5,p95_response_min,0.5,0.0550038096102414,-0.07183520280295791,0.1818428220234407,9,True
5,p95_response_min,0.5991379310344828,0.09072879855170769,-0.05536503509812253,0.23682263220153793,9,False
5,p95_response_min,0.6982758620689655,0.1226877943061516,-0.06444685949476127,0.3098224481070645,9,False
5,p95_response_min,0.7974137931034483,0.14855639183973243,-0.08124100328750891,0.37835378696697375,9,False
5,p95_response_min,0.896551724137931,0.16601018611860932,-0.0955459000456493,0.4275662722828679,9,False
5,p95_response_min,0.9956896551724138,0.17272477210894158,-0.10155694283107966,0.44700648704896284,9,False
5,p95_response_min,1.0,0.17273718325013376,-0.1015683422326471,0.44704270873291463,9,True
5,p95_response_min,1.0948275862068966,0.16837187580461224,-0.09900156979700178,0.43574532140622624,9,False
5,p95_response_min,1.1939655172413794,0.15576180224898106,-0.09158692841881894,0.40311053291678106,9,False
5,p95_response_min,1.293103448275862,0.13691700594530162,-0.08050631054452484,0.3543403224351281,9,False
5,p95_response_min,1.3922413793103448,0.11385718581195567,-0.06694728602497252,0.29466165764888386,9,False
5,p95_response_min,1.4913793103448276,0.08860204076732504,-0.05209742471101485,0.22930150624566492,9,False
5,p95_response_min,1.5905172413793105,0.06317126972979166,-0.03714429645350471,0.16348683591308805,9,False
5,p95_response_min,1.6896551724137931,0.039584571617737395,-0.023275471103295094,0.10244461433876989,9,False
5,p95_response_min,1.7887931034482758,0.019861645349544068,-0.011678518511238908,0.05140180921032704,9,False
5,p95_response_min,1.8879310344827587,0.0060221898435935456,-0.003541008528189049,0.01558538821537614,9,False
5,p95_response_min,1.9870689655172415,8.590401826766601e-05,-5.0511004998479974e-05,0.000222319041533812,9,False
5,p95_response_min,2.0,0.0,0.0,0.0,9,True
5,p95_response_min,2.086206896551724,0.003712997658928442,-0.008386501297580425,0.015812496615437308,9,False
5,p95_response_min,2.185344827586207,0.016579372168628752,-0.037447620218915276,0.07060636455617278,9,False
5,p95_response_min,2.2844827586206895,0.037683081418062564,-0.08511430392353532,0.16048046675966043,9,False
5,p95_response_min,2.3836206896551726,0.06602169842832067,-0.14912238315209927,0.2811657800087406,9,False
5,p95_response_min,2.4827586206896552,0.10059279622049343,-0.22720768864526503,0.4283932810862519,9,False
5,p95_response_min,2.581896551724138,0.14039394781567152,-0.31710605114369117,0.5978939467750343,9,False
5,p95_response_min,2.681034482758621,0.18442272623494593,-0.4165533013880366,0.7853987538579285,9,False
5,p95_response_min,2.7801724137931036,0.23167670449940678,-0.5232852701189589,0.9866386791177725,9,False
5,p95_response_min,2.8793103448275863,0.28115345563014493,-0.6350377880771169,1.1973446993374068,9,False
5,p95_response_min,2.978448275862069,0.33185055264825103,-0.7495466860031691,1.4132477912996713,9,False
5,p95_response_min,3.0775862068965516,0.38276556857481564,-0.8645477946377735,1.630078931787405,9,False
5,p95_response_min,3.1767241379310347,0.43289607643092964,-0.9777769447215897,1.843569097583449,9,False
5,p95_response_min,3.2758620689655173,0.48123964923768336,-1.0869699669952748,2.0494492654706415,9,False
5,p95_response_min,3.375,0.5267938600161675,-1.1898626921994873,2.243450412231822,9,False
5,p95_response_min,3.474137931034483,0.5685562817874729,-1.2841909510748861,2.421303514649832,9,False
5,p95_response_min,3.5732758620689657,0.6055244875726896,-1.36769057436213,2.578739549507509,9,False
5,p95_response_min,3.6724137931034484,0.636696050392909,-1.4380973928018759,2.711489493587694,9,False
5,p95_response_min,3.771551724137931,0.661068543269221,-1.4931472371347838,2.8152843236732257,9,False
5,p95_response_min,3.8706896551724137,0.6776395392227167,-1.5305759381015114,2.885855016546945,9,False
5,p95_response_min,3.969827586206897,0.6854066112744869,-1.5481193264427175,2.9189325489916915,9,False
5,p95_response_min,4.0,0.6858702004533446,-1.5491664295133818,2.920906830420071,9,True
5,p95_response_min,4.068965517241379,0.6763067304977591,-1.5283531500082432,2.8809666110037613,9,False
5,p95_response_min,4.168103448275862,0.632986097467703,-1.434122714343864,2.70009490927927,9,False
5,p95_response_min,4.267241379310345,0.5621653123032673,-1.2802867152016917,2.404617339808226,9,False
5,p95_response_min,4.366379310344827,0.4720587061614754,-1.0850977826373307,2.0292151949602815,9,False
5,p95_response_min,4.4655172413793105,0.3708806101993481,-0.8671284977365163,1.6088897181352124,9,False
5,p95_response_min,4.564655172413794,0.26684535557390876,-0.6456858883742804,1.179376599522098,9,False
5,p95_response_min,4.663793103448276,0.16816727344218038,-0.44208661213561407,0.7784211590199749,9,False
5,p95_response_min,4.762931034482759,0.083060694961184,-0.28384517987908786,0.4499665698014559,9,False
5,p95_response_min,4.862068965517242,0.019739951287942727,-0.21126698930231108,0.25074689187819654,9,False
5,p95_response_min,4.961206896551724,-0.013580626420520318,-0.22186533921348603,0.19470408637244538,9,False
5,p95_response_min,5.0,-0.016670368061032823,-0.22548133842951373,0.19214060230744806,9,True
5,p95_response_min,5.060344827586207,-0.02060967315121102,-0.22718255206893376,0.18596320576651174,9,False
5,p95_response_min,5.1594827586206895,-0.04229047370519075,-0.24296562730550253,0.158384679895121,9,False
5,p95_response_min,5.258620689655173,-0.07905994886111695,-0.29516428630719915,0.13704438858496523,9,False
5,p95_response_min,5.357758620689656,-0.12652519335513168,-0.3995511483641067,0.14650076165384335,9,False
5,p95_response_min,5.456896551724138,-0.18029330192337664,-0.5445530646188088,0.1839664607720555,9,False
5,p95_response_min,5.556034482758621,-0.23597136930199505,-0.7078560714307199,0.23591333282672985,9,False
5,p95_response_min,5.655172413793103,-0.28916649022712826,-0.8696470160918062,0.29131403563754965,9,False
5,p95_response_min,5.754310344827586,-0.33548575943491904,-1.012978545281728,0.3420070264118899,9,False
5,p95_response_min,5.853448275862069,-0.37053627166150965,-1.122390188594937,0.38131764527191775,9,False
5,p95_response_min,5.952586206896552,-0.38992512164304166,-1.1831704630534836,0.40332021976740035,9,False
5,p95_response_min,6.0,-0.3923788831556624,-1.1908736039909802,0.40611583767965553,9,True
5,p95_response_min,6.051724137931035,-0.3913417444335811,-1.1885150194899854,0.40583153062282323,9,False
5,p95_response_min,6.150862068965518,-0.3838433139881788,-1.1714745083423888,0.40378788036603114,9,False
5,p95_response_min,6.25,-0.36972815986854957,-1.1394776889867861,0.4000213692496871,9,False
5,p95_response_min,6.349137931034483,-0.3497407141656627,-1.094380035171179,0.3948986068398536,9,False
5,p95_response_min,6.448275862068966,-0.32462540897048736,-1.0381137207612423,0.38886290282026764,9,False
5,p95_response_min,6.547413793103448,-0.295126676373993,-0.9726885128784972,0.3824351601305113,9,False
5,p95_response_min,6.6465517241379315,-0.26198894846714826,-0.9001985026303299,0.37622060569603333,9,False
5,p95_response_min,6.745689655172414,-0.22595665734092313,-0.8228318805709873,0.370918565889141,9,False
5,p95_response_min,6.844827586206897,-0.18777423508628602,-0.7428789130651985,0.3673304428926265,9,False
5,p95_response_min,6.94396551724138,-0.14818611379420646,-0.6627284321359238,0.36635620454751094,9,False
5,p95_response_min,7.043103448275862,-0.10793672555565413,-0.5848348431559166,0.36896139204460837,9,False
5,p95_response_min,7.142241379310345,-0.06777050246159742,-0.5116278750539173,0.37608687013072245,9,False
5,p95_response_min,7.241379310344827,-0.028431876603006292,-0.44533584701773254,0.38847209381172,9,False
5,p95_response_min,7.3405172413793105,0.009334719929150664,-0.3877204636832694,0.4063899035415707,9,False
5,p95_response_min,7.439655172413794,0.04478485504390401,-0.33979035825364073,0.42936006834144874,9,False
5,p95_response_min,7.538793103448276,0.0771740966502842,-0.30163266441496167,0.45598085771553004,9,False
5,p95_response_min,7.637931034482759,0.10575801265732267,-0.27248290783423845,0.48399893314888376,9,False
5,p95_response_min,7.737068965517242,0.1297921709740496,-0.25101720535708855,0.5106015473051877,9,False
5,p95_response_min,7.836206896551724,0.1485321395094961,-0.23572412663683204,0.5327884056558242,9,False
5,p95_response_min,7.935344827586207,0.16123348617269295,-0.22521836091922653,0.5476853332646124,9,False
5,p95_response_min,8.0,0.16590908701371396,-0.22042921094343207,0.55224738497086,9,True
5,p95_response_min,8.03448275862069,0.16744291762308036,-0.21809439079950485,0.5529802260456655,9,False
5,p95_response_min,8.133620689655173,0.17020949432818214,-0.20963679956963407,0.5500557882259983,9,False
5,p95_response_min,8.232758620689655,0.17071843367160744,-0.19885457747717095,0.5402914448203858,9,False
5,p95_response_min,8.331896551724139,0.1692005522540143,-0.1861022341679846,0.5245033386760132,9,False
5,p95_response_min,8.431034482758621,0.16588666667606092,-0.17175392879220044,0.5035272621443223,9,False
5,p95_response_min,8.530172413793103,0.1610075935384053,-0.15620607053194893,0.47822125760875955,9,False
5,p95_response_min,8.629310344827587,0.15479414944170544,-0.13988264071566275,0.44947093959907364,9,False
5,p95_response_min,8.72844827586207,0.14747715098661968,-0.1232436278876255,0.41819792986086485,9,False
5,p95_response_min,8.827586206896552,0.13928741477380596,-0.10679703127176793,0.38537186081937985,9,False
5,p95_response_min,8.926724137931036,0.13045575740392218,-0.09111417585247442,0.35202569066031875,9,False
5,p95_response_min,9.025862068965518,0.12121299547762682,-0.07684528425041845,0.3192712752056721,9,False
5,p95_response_min,9.125,0.11178994559557773,-0.06472457134989965,0.28830446254105513,9,False
5,p95_response_min,9.224137931034484,0.10241742435843287,-0.055537947793518144,0.2603727965103839,9,False
5,p95_response_min,9.323275862068966,0.09332624836685066,-0.050005340436974466,0.2366578371706758,9,False
5,p95_response_min,9.422413793103448,0.08474723422148897,-0.048537262814014825,0.21803173125699277,9,False
5,p95_response_min,9.52155172413793,0.07691119852300597,-0.05092648394815051,0.20474888099416244,9,False
5,p95_response_min,9.620689655172415,0.07004895787205956,-0.05619487943771331,0.19629279518183243,9,False
5,p95_response_min,9.719827586206897,0.06439132886930805,-0.06277946077931325,0.19156211851792937,9,False
5,p95_response_min,9.818965517241379,0.060169128115409455,-0.06894399384528896,0.18928225007610786,9,False
5,p95_response_min,9.918103448275863,0.057613172211021885,-0.07315051375436232,0.1883768581764061,9,False
5,p95_response_min,10.0,0.056922502834976164,-0.07434102408864973,0.18818602975860205,9,True
5,p95_response_min,10.017241379310345,0.056534713753451524,-0.07429664516638897,0.18736607267329203,9,False
5,p95_response_min,10.116379310344827,0.040435196298185594,-0.07481942428348662,0.1556898168798578,9,False
5,p95_response_min,10.215517241379311,0.004432883333550495,-0.09975274609965999,0.10861851276676097,9,False
5,p95_response_min,10.314655172413794,-0.04632880607623366,-0.19415790340259936,0.10150029125013205,9,False
5,p95_response_min,10.413793103448276,-0.10670645286694858,-0.34526750120136346,0.1318545954674663,9,False
5,p95_response_min,10.51293103448276,-0.1715566379743766,-0.5196396685776739,0.17652639262892067,9,False
5,p95_response_min,10.612068965517242,-0.2357359423342967,-0.6960260458446748,0.22455416117608132,9,False
5,p95_response_min,10.711206896551724,-0.29410094688249117,-0.8578187415048029,0.2696168477398205,9,False
5,p95_response_min,10.810344827586206,-0.34150823255474133,-0.9897565439953346,0.3067400788858519,9,False
5,p95_response_min,10.90948275862069,-0.37281438028682856,-1.0770509414591682,0.3314221808855111,9,False
5,p95_response_min,11.0,-0.3829746092256767,-1.1054041329153712,0.33945491446401765,9,True
5,p95_response_min,11.008620689655173,-0.3829583962760196,-1.105344924951516,0.33942813239947667,9,False
5,p95_response_min,11.107758620689655,-0.38041037660303967,-1.0960949459821179,0.33527419277603854,9,False
5,p95_response_min,11.206896551724139,-0.37340769394802353,-1.0709291291203367,0.3241137412242895,9,False
5,p95_response_min,11.306034482758621,-0.36179312491312987,-1.0297750948215905,0.30618884499533083,9,False
5,p95_response_min,11.405172413793103,-0.3454094461005172,-0.9728169748021172,0.2819980826010828,9,False
5,p95_response_min,11.504310344827587,-0.3240994341123433,-0.9006727094133834,0.25247384118869676,9,False
5,p95_response_min,11.60344827586207,-0.29770586555076767,-0.814774936090261,0.2193632049887257,9,False
5,p95_response_min,11.702586206896552,-0.26607151701794823,-0.7182135206481541,0.1860704866122576,9,False
5,p95_response_min,11.801724137931036,-0.22903916511604283,-0.617608396008364,0.15953006577627843,9,False
5,p95_response_min,11.900862068965518,-0.18645158644721121,-0.5266457857808395,0.15374261288641716,9,False
5,p95_response_min,12.0,-0.13815155761361117,-0.46804028548639975,0.19173717025917744,9,True
5,strict_4min_rate,0.5,-0.013888888888888888,-0.04591672410005786,0.01813894632228008,9,True
5,strict_4min_rate,0.5991379310344828,-0.010107282398485656,-0.03341471740506986,0.013200152608098547,9,False
5,strict_4min_rate,0.6982758620689655,-0.006394712704421999,-0.021140946644261745,0.008351521235417745,9,False
5,strict_4min_rate,0.7974137931034483,-0.003184228801918897,-0.010527073586580081,0.004158615982742286,9,False
5,strict_4min_rate,0.896551724137931,-0.0009088796861973279,-0.003004760000971431,0.0011870006285767747,9,False
5,strict_4min_rate,0.9956896551724138,-1.714352478271761e-06,-5.667656382363952e-06,2.2389514258204297e-06,9,False
5,strict_4min_rate,1.0,0.0,0.0,0.0,9,True
5,strict_4min_rate,1.0948275862068966,0.0,0.0,0.0,9,False
5,strict_4min_rate,1.1939655172413794,0.0,0.0,0.0,9,False
5,strict_4min_rate,1.293103448275862,0.0,0.0,0.0,9,False
5,strict_4min_rate,1.3922413793103448,0.0,0.0,0.0,9,False
5,strict_4min_rate,1.4913793103448276,0.0,0.0,0.0,9,False
5,strict_4min_rate,1.5905172413793105,0.0,0.0,0.0,9,False
5,strict_4min_rate,1.6896551724137931,0.0,0.0,0.0,9,False
5,strict_4min_rate,1.7887931034482758,0.0,0.0,0.0,9,False
5,strict_4min_rate,1.8879310344827587,0.0,0.0,0.0,9,False
5,strict_4min_rate,1.9870689655172415,0.0,0.0,0.0,9,False
5,strict_4min_rate,2.0,0.0,0.0,0.0,9,True
5,strict_4min_rate,2.086206896551724,0.0,0.0,0.0,9,False
5,strict_4min_rate,2.185344827586207,0.0,0.0,0.0,9,False
5,strict_4min_rate,2.2844827586206895,0.0,0.0,0.0,9,False
5,strict_4min_rate,2.3836206896551726,0.0,0.0,0.0,9,False
5,strict_4min_rate,2.4827586206896552,0.0,0.0,0.0,9,False
5,strict_4min_rate,2.581896551724138,0.0,0.0,0.0,9,False
5,strict_4min_rate,2.681034482758621,0.0,0.0,0.0,9,False
5,strict_4min_rate,2.7801724137931036,0.0,0.0,0.0,9,False
5,strict_4min_rate,2.8793103448275863,0.0,0.0,0.0,9,False
5,strict_4min_rate,2.978448275862069,0.0,0.0,0.0,9,False
5,strict_4min_rate,3.0775862068965516,0.0,0.0,0.0,9,False
5,strict_4min_rate,3.1767241379310347,0.0,0.0,0.0,9,False
5,strict_4min_rate,3.2758620689655173,0.0,0.0,0.0,9,False
5,strict_4min_rate,3.375,0.0,0.0,0.0,9,False
5,strict_4min_rate,3.474137931034483,0.0,0.0,0.0,9,False
5,strict_4min_rate,3.5732758620689657,0.0,0.0,0.0,9,False
5,strict_4min_rate,3.6724137931034484,0.0,0.0,0.0,9,False
5,strict_4min_rate,3.771551724137931,0.0,0.0,0.0,9,False
5,strict_4min_rate,3.8706896551724137,0.0,0.0,0.0,9,False
5,strict_4min_rate,3.969827586206897,0.0,0.0,0.0,9,False
5,strict_4min_rate,4.0,0.0,0.0,0.0,9,True
5,strict_4min_rate,4.068965517241379,0.00017671603367487197,-2.828285634897136e-05,0.0003817149236987153,9,False
5,strict_4min_rate,4.168103448275862,0.0009797650436112009,-0.000156327430235614,0.0021158575174580157,9,False
5,strict_4min_rate,4.267241379310345,0.002298788678502876,-0.0003655568969829024,0.004963134253988654,9,False
5,strict_4min_rate,4.366379310344827,0.003987343245778641,-0.0006317596021698903,0.008606446093727172,9,False
5,strict_4min_rate,4.4655172413793105,0.005898985052867289,-0.0009309526794699036,0.012728922785204481,9,False
5,strict_4min_rate,4.564655172413794,0.007887270407197564,-0.0012394976672377052,0.017014038481632833,9,False
5,strict_4min_rate,4.663793103448276,0.009805755616198212,-0.001534293884094191,0.021145805116490612,9,False
5,strict_4min_rate,4.762931034482759,0.011507996987298028,-0.0017931180154353368,0.024809111990031392,9,False
5,strict_4min_rate,4.862068965517242,0.012847550827925753,-0.001995256735389731,0.02769035839124124,9,False
5,strict_4min_rate,4.961206896551724,0.013677973445510146,-0.0021227745381041316,0.029478721429124423,9,False
5,strict_4min_rate,5.0,0.01383255453560727,-0.0021493812345225703,0.029814490305737112,9,True
5,strict_4min_rate,5.060344827586207,0.013934375879440427,-0.0021425405430246253,0.03001129230190548,9,False
5,strict_4min_rate,5.1594827586206895,0.013882748235301992,-0.0020148695638717348,0.029780366034475717,9,False
5,strict_4min_rate,5.258620689655173,0.013607957241624412,-0.0018489257675577478,0.02906484025080657,9,False
5,strict_4min_rate,5.357758620689656,0.013166340842365702,-0.0017739188636352772,0.02810660054836668,9,False
5,strict_4min_rate,5.456896551724138,0.012614236981483888,-0.0019024341165945063,0.027130908079562283,9,False
5,strict_4min_rate,5.556034482758621,0.012007983602936981,-0.002295591766028532,0.026311558971902495,9,False
5,strict_4min_rate,5.655172413793103,0.011403918650683008,-0.002930292348300346,0.02573812964966636,9,False
5,strict_4min_rate,5.754310344827586,0.010858380068679976,-0.00369085524199903,0.025407615379358983,9,False
5,strict_4min_rate,5.853448275862069,0.01042770580088591,-0.004395071245389775,0.025250482847161596,9,False
5,strict_4min_rate,5.952586206896552,0.010168233791258828,-0.004840725327369712,0.025177192909887368,9,False
5,strict_4min_rate,6.0,0.010121109767525702,-0.004909676060300995,0.0251518955953524,9,True
5,strict_4min_rate,6.051724137931035,0.010085523916917525,-0.004922114245849117,0.025093162079684168,9,False
5,strict_4min_rate,6.150862068965518,0.009938715782437837,-0.004929413087163747,0.024806844652039424,9,False
5,strict_4min_rate,6.25,0.00969770001366657,-0.004917387251849129,0.02431278727918227,9,False
5,strict_4min_rate,6.349137931034483,0.009373299792795602,-0.004890648750490454,0.023637248336081655,9,False
5,strict_4min_rate,6.448275862068966,0.00897633830201682,-0.004855437239108265,0.022808113843141905,9,False
5,strict_4min_rate,6.547413793103448,0.008517638723522113,-0.0048193539343742466,0.021854631381418473,9,False
5,strict_4min_rate,6.6465517241379315,0.008008024239503357,-0.0047911465329061285,0.020807195011912843,9,False
5,strict_4min_rate,6.745689655172414,0.007458318032152445,-0.004780464711260978,0.019697100775565867,9,False
5,strict_4min_rate,6.844827586206897,0.006879343283661252,-0.004797495456742268,0.018556182024064772,9,False
5,strict_4min_rate,6.94396551724138,0.0062819231762216675,-0.0048523724492502245,0.01741621880169356,9,False
5,strict_4min_rate,7.043103448275862,0.0056768808920255815,-0.0049542518528500985,0.01630801363690126,9,False
5,strict_4min_rate,7.142241379310345,0.005075039613264865,-0.005109987888546154,0.015260067115075885,9,False
5,strict_4min_rate,7.241379310344827,0.004487222522131417,-0.005322458296025892,0.014296903340288726,9,False
5,strict_4min_rate,7.3405172413793105,0.003924252800817108,-0.005588785676988412,0.013437291278622629,9,False
5,strict_4min_rate,7.439655172413794,0.003396953631513831,-0.005898903490604501,0.012692810753632162,9,False
5,strict_4min_rate,7.538793103448276,0.0029161481964134696,-0.006234976071962928,0.012067272464789867,9,False
5,strict_4min_rate,7.637931034482759,0.002492659677707903,-0.0065719824098240676,0.011557301765239874,9,False
5,strict_4min_rate,7.737068965517242,0.002137311257589024,-0.006879378797195428,0.011154001312373476,9,False
5,strict_4min_rate,7.836206896551724,0.0018609261182487094,-0.007123412013486465,0.010845264249983885,9,False
5,strict_4min_rate,7.935344827586207,0.0016743274418788458,-0.007269577843246557,0.010618232727004248,9,False
5,strict_4min_rate,8.0,0.001606160277300758,-0.007296349213379155,0.01050866976798067,9,True
5,strict_4min_rate,8.03448275862069,0.0015898030364341436,-0.007281805985848285,0.010461412058716571,9,False
5,strict_4min_rate,8.133620689655173,0.0016285430856750962,-0.007108757212521951,0.010365843383872144,9,False
5,strict_4min_rate,8.232758620689655,0.0017843290287617708,-0.006761069371133392,0.010329727428656933,9,False
5,strict_4min_rate,8.331896551724139,0.0020441001359612922,-0.006266373253590711,0.010354573525513297,9,False
5,strict_4min_rate,8.431034482758621,0.002394795677540768,-0.005654253463936816,0.010443844819018352,9,False
5,strict_4min_rate,8.530172413793103,0.0028233549237673193,-0.004955800424758839,0.010602510272293477,9,False
5,strict_4min_rate,8.629310344827587,0.0033167171449080737,-0.004202983039355093,0.01083641732917124,9,False
5,strict_4min_rate,8.72844827586207,0.0038618216112301313,-0.003427671162137144,0.011151314384597407,9,False
5,strict_4min_rate,8.827586206896552,0.004445607593000615,-0.002660195529355156,0.011551410715356385,9,False
5,strict_4min_rate,8.926724137931036,0.005055014360486659,-0.001927500052823365,0.012037528773796682,9,False
5,strict_4min_rate,9.025862068965518,0.005676981183955353,-0.00125121379025412,0.012605176158164826,9,False
5,strict_4min_rate,9.125,0.006298447333673828,-0.0006462121156739281,0.013243106783021583,9,False
5,strict_4min_rate,9.224137931034484,0.006906352079909214,-0.00012022064529313651,0.013932924805111564,9,False
5,strict_4min_rate,9.323275862068966,0.007487634692928604,0.0003253539863275175,0.01464991539952969,9,False
5,strict_4min_rate,9.422413793103448,0.008029234442999128,0.0006936863220572444,0.015364782563941012,9,False
5,strict_4min_rate,9.52155172413793,0.008518090600387903,0.0009904872598546664,0.01604569394092114,9,False
5,strict_4min_rate,9.620689655172415,0.008941142435362056,0.0012221711957456647,0.01666011367497845,9,False
5,strict_4min_rate,9.719827586206897,0.009285329218188684,0.0013944710306576739,0.017176187405719696,9,False
5,strict_4min_rate,9.818965517241379,0.009537590219134917,0.0015114743736231104,0.017563706064646724,9,False
5,strict_4min_rate,9.918103448275863,0.009684864708467874,0.0015749090270434918,0.017794820389892257,9,False
5,strict_4min_rate,10.0,0.009718059799013586,0.0015860820471580404,0.01785003755086913,9,True
5,strict_4min_rate,10.017241379310345,0.009707436105488649,0.0015882963408267153,0.01782657587015058,9,False
5,strict_4min_rate,10.116379310344827,0.009338792598884578,0.0017385179416750957,0.016939067256094058,9,False
5,strict_4min_rate,10.215517241379311,0.008530839246644188,0.002046728726207199,0.015014949767081176,9,False
5,strict_4min_rate,10.314655172413794,0.00740042977385197,0.0023249854497022606,0.012475874098001681,9,False
5,strict_4min_rate,10.413793103448276,0.006064417905592378,0.0021419669485902995,0.009986868862594457,9,False
5,strict_4min_rate,10.51293103448276,0.004639657366949848,0.0007420941037351771,0.00853722063016452,9,False
5,strict_4min_rate,10.612068965517242,0.003243001883008897,-0.001882154228356987,0.008368157994374781,9,False
5,strict_4min_rate,10.711206896551724,0.001991305178853961,-0.004808716458845167,0.008791326816553088,9,False
5,strict_4min_rate,10.810344827586206,0.0010014209795695056,-0.007346018404294093,0.009348860363433104,9,False
5,strict_4min_rate,10.90948275862069,0.0003902030102399844,-0.009054410671820171,0.00983481669230014,9,False
5,strict_4min_rate,11.0,0.0002619366893425765,-0.009595734444228022,0.010119607822913176,9,True
5,strict_4min_rate,11.008620689655173,0.00027213385786100156,-0.00959269511907191,0.010136962834793914,9,False
5,strict_4min_rate,11.107758620689655,0.00038004036800838776,-0.009500446329101143,0.010260527065117918,9,False
5,strict_4min_rate,11.206896551724139,0.00047906011407668935,-0.009287252531607856,0.010245372759761234,9,False
5,strict_4min_rate,11.306034482758621,0.0005811780267715515,-0.00893256935634766,0.010094925409890763,9,False
5,strict_4min_rate,11.405172413793103,0.0006983790367986278,-0.008419197188584266,0.00981595526218152,9,False
5,strict_4min_rate,11.504310344827587,0.0008426480748635704,-0.0077358015195867135,0.009421097669313854,9,False
5,strict_4min_rate,11.60344827586207,0.0010259700716720253,-0.006882116037771573,0.008934056181115623,9,False
5,strict_4min_rate,11.702586206896552,0.0012603299579296446,-0.005879846806054835,0.008400506721914124,9,False
5,strict_4min_rate,11.801724137931036,0.0015577126643420839,-0.004795532269520038,0.007910957598204206,9,False
5,strict_4min_rate,11.900862068965518,0.0019301031216149844,-0.003782837861458264,0.007643044104688233,9,False
5,strict_4min_rate,12.0,0.002389486260454,-0.0031206789371664625,0.007899651458074463,9,True
5,max_incident_queue,0.5,0.0,0.0,0.0,10,True
5,max_incident_queue,0.5991379310344828,0.0,0.0,0.0,10,False
5,max_incident_queue,0.6982758620689655,0.0,0.0,0.0,10,False
5,max_incident_queue,0.7974137931034483,0.0,0.0,0.0,10,False
5,max_incident_queue,0.896551724137931,0.0,0.0,0.0,10,False
5,max_incident_queue,0.9956896551724138,0.0,0.0,0.0,10,False
5,max_incident_queue,1.0,0.0,0.0,0.0,10,True
5,max_incident_queue,1.0948275862068966,0.0,0.0,0.0,10,False
5,max_incident_queue,1.1939655172413794,0.0,0.0,0.0,10,False
5,max_incident_queue,1.293103448275862,0.0,0.0,0.0,10,False
5,max_incident_queue,1.3922413793103448,0.0,0.0,0.0,10,False
5,max_incident_queue,1.4913793103448276,0.0,0.0,0.0,10,False
5,max_incident_queue,1.5905172413793105,0.0,0.0,0.0,10,False
5,max_incident_queue,1.6896551724137931,0.0,0.0,0.0,10,False
5,max_incident_queue,1.7887931034482758,0.0,0.0,0.0,10,False
5,max_incident_queue,1.8879310344827587,0.0,0.0,0.0,10,False
5,max_incident_queue,1.9870689655172415,0.0,0.0,0.0,10,False
5,max_incident_queue,2.0,0.0,0.0,0.0,10,True
5,max_incident_queue,2.086206896551724,0.000541355734142442,-0.0006832760174697637,0.0017659874857546478,10,False
5,max_incident_queue,2.185344827586207,0.002417275478315018,-0.0030509815594117564,0.007885532516041793,10,False
5,max_incident_queue,2.2844827586206895,0.005494200126081424,-0.006934544042980472,0.017922944295143323,10,False
5,max_incident_queue,2.3836206896551726,0.009625975641554603,-0.012149494104909182,0.03140144538801839,10,False
5,max_incident_queue,2.4827586206896552,0.014666447988847437,-0.018511362381931105,0.04784425835962598,10,False
5,max_incident_queue,2.581896551724138,0.02046946313207286,-0.025835679510779537,0.06677460577492525,10,False
5,max_incident_queue,2.681034482758621,0.026888867035343822,-0.03393797612818774,0.08771571019887539,10,False
5,max_incident_queue,2.7801724137931036,0.033778505662773184,-0.0426337828708889,0.11019079419643527,10,False
5,max_incident_queue,2.8793103448275863,0.04099222497847391,-0.05173863037561631,0.13372308033256414,10,False
5,max_incident_queue,2.978448275862069,0.048383870946558896,-0.061068049279103254,0.15783579117222105,10,False
5,max_incident_queue,3.0775862068965516,0.05580728953114109,-0.07043757021808297,0.18205214928036514,10,False
5,max_incident_queue,3.1767241379310347,0.06311632669633341,-0.07966272382928874,0.20589537722195556,10,False
5,max_incident_queue,3.2758620689655173,0.07016482840624874,-0.08855904074945381,0.2288886975619513,10,False
5,max_incident_queue,3.375,0.076806640625,-0.09694205161531136,0.2505553328653114,10,False
5,max_incident_queue,3.474137931034483,0.08289560931670018,-0.10462728706359473,0.2704185056969951,10,False
5,max_incident_queue,3.5732758620689657,0.0882855804454621,-0.11143027773103716,0.28800143862196137,10,False
5,max_incident_queue,3.6724137931034484,0.09283039997539874,-0.11716655425437184,0.3028273542051693,10,False
5,max_incident_queue,3.771551724137931,0.09638391387062302,-0.1216516472703321,0.31441947501157813,10,False
5,max_incident_queue,3.8706896551724137,0.09879996809524785,-0.1247010874156512,0.3223010236061469,10,False
5,max_incident_queue,3.969827586206897,0.09993240861338615,-0.12613040532706232,0.3259952225538346,10,False
5,max_incident_queue,4.0,0.1,-0.12621571627982048,0.3262157162798205,10,True
5,max_incident_queue,4.068965517241379,0.09863873057525936,-0.12449758032488585,0.3217750414754046,10,False
5,max_incident_queue,4.168103448275862,0.09247244851674935,-0.11671476325690344,0.30165966029040214,10,False
5,max_incident_queue,4.267241379310345,0.08239178010578535,-0.10399137541621162,0.2687749356277823,10,False
5,max_incident_queue,4.366379310344827,0.06956595762946413,-0.08780317170894456,0.22693508696787282,10,False
5,max_incident_queue,4.4655172413793105,0.0551642133748821,-0.06962590704123596,0.17995433379100018,10,False
5,max_incident_queue,4.564655172413794,0.04035577962913602,-0.05093533631921993,0.13164689557749198,10,False
5,max_incident_queue,4.663793103448276,0.026309888679322657,-0.03320721444903049,0.0858269918076758,10,False
5,max_incident_queue,4.762931034482759,0.014195772812538398,-0.01791729633680135,0.04630884196187815,10,False
5,max_incident_queue,4.862068965517242,0.005182664315880059,-0.006541336888666672,0.01690666552042679,10,False
5,max_incident_queue,4.961206896551724,0.0004397954764443046,-0.0005550910107604281,0.0014346819636490372,10,False
5,max_incident_queue,5.0,0.0,0.0,0.0,10,True
5,max_incident_queue,5.060344827586207,0.0,0.0,0.0,10,False
5,max_incident_queue,5.1594827586206895,0.0,0.0,0.0,10,False
5,max_incident_queue,5.258620689655173,0.0,0.0,0.0,10,False
5,max_incident_queue,5.357758620689656,0.0,0.0,0.0,10,False
5,max_incident_queue,5.456896551724138,0.0,0.0,0.0,10,False
5,max_incident_queue,5.556034482758621,0.0,0.0,0.0,10,False
5,max_incident_queue,5.655172413793103,0.0,0.0,0.0,10,False
5,max_incident_queue,5.754310344827586,0.0,0.0,0.0,10,False
5,max_incident_queue,5.853448275862069,0.0,0.0,0.0,10,False
5,max_incident_queue,5.952586206896552,0.0,0.0,0.0,10,False
5,max_incident_queue,6.0,0.0,0.0,0.0,10,True
5,max_incident_queue,6.051724137931035,0.00019719443191602935,-0.0002488903647067393,0.000643279228538798,10,False
5,max_incident_queue,6.150862068965518,0.0016211141709633558,-0.002046100862595073,0.0052883292045217845,10,False
5,max_incident_queue,6.25,0.004296875,-0.005423331558898535,0.014017081558898536,10,False
5,max_incident_queue,6.349137931034483,0.008078322883138929,-0.010196113090350442,0.0263527588566283,10,False
5,max_incident_queue,6.448275862068966,0.01281930378449304,-0.016179976093684025,0.041818583662670106,10,False
5,max_incident_queue,6.547413793103448,0.018373663668175208,-0.023190451205632477,0.05993777854198289,10,False
5,max_incident_queue,6.6465517241379315,0.024595248498298444,-0.03104306906292917,0.08023356605952606,10,False
5,max_incident_queue,6.745689655172414,0.031337904238975554,-0.039553360302307224,0.10222916878025834,10,False
5,max_incident_queue,6.844827586206897,0.03845547685431959,-0.04853685556050005,0.12544780926913923,10,False
5,max_incident_queue,6.94396551724138,0.0458018123084434,-0.057809085474240816,0.1494127100911276,10,False
5,max_incident_queue,7.043103448275862,0.053230756565459836,-0.0671855806802627,0.17364709381118237,10,False
5,max_incident_queue,7.142241379310345,0.06059615558948197,-0.07648187181529911,0.19767418299426306,10,False
5,max_incident_queue,7.241379310344827,0.06775185534462258,-0.0855134895160832,0.22101720020532836,10,False
5,max_incident_queue,7.3405172413793105,0.07455170179499468,-0.09409596441934831,0.24319936800933767,10,False
5,max_incident_queue,7.439655172413794,0.08084954090471118,-0.10204482716182771,0.26374390897125005,10,False
5,max_incident_queue,7.538793103448276,0.08649921863788491,-0.10917560838025443,0.2821740456560243,10,False
5,max_incident_queue,7.637931034482759,0.09135458095862892,-0.11530383871136199,0.2980130006286198,10,False
5,max_incident_queue,7.737068965517242,0.09526947383105602,-0.1202450487918835,0.31078399645399557,10,False
5,max_incident_queue,7.836206896551724,0.0980977432192792,-0.12381476925855231,0.3200102556971107,10,False
5,max_incident_queue,7.935344827586207,0.09969323508741135,-0.12582853074810152,0.3252150009229242,10,False
5,max_incident_queue,8.0,0.1,-0.12621571627982048,0.3262157162798205,10,True
5,max_incident_queue,8.03448275862069,0.09991184550412072,-0.12610445145141355,0.32592814245965496,10,False
5,max_incident_queue,8.133620689655173,0.09872055657455717,-0.12460085759600278,0.3220419707451171,10,False
5,max_incident_queue,8.232758620689655,0.09625200846180657,-0.12148516191378256,0.3139891788373957,10,False
5,max_incident_queue,8.331896551724139,0.09265235520175588,-0.1169418337680197,0.30224654417153146,10,False
5,max_incident_queue,8.431034482758621,0.08806775083029232,-0.11115534252198102,0.2872908441825657,10,False
5,max_incident_queue,8.530172413793103,0.08264434938330294,-0.10431015753893323,0.2695988563055391,10,False
5,max_incident_queue,8.629310344827587,0.07652830489667466,-0.09659074818214285,0.24964735797549215,10,False
5,max_incident_queue,8.72844827586207,0.06986577140629482,-0.08818158381487703,0.22791312662746668,10,False
5,max_incident_queue,8.827586206896552,0.06280290294805037,-0.07926713380040225,0.204872939696503,10,False
5,max_incident_queue,8.926724137931036,0.055485853557828244,-0.07003186750198516,0.18100357461764166,10,False
5,max_incident_queue,9.025862068965518,0.0480607772715158,-0.06066025428289285,0.15678180882592446,10,False
5,max_incident_queue,9.125,0.040673828125,-0.051336763506391846,0.13268441975639184,10,False
5,max_incident_queue,9.224137931034484,0.033471160154167776,-0.0422458645357487,0.10918818484408425,10,False
5,max_incident_queue,9.323275862068966,0.02659892739490647,-0.03357202673423059,0.08676988152404352,10,False
5,max_incident_queue,9.422413793103448,0.02020328388310304,-0.025499719465104025,0.0659062872313101,10,False
5,max_incident_queue,9.52155172413793,0.01443038365464453,-0.018213412091635725,0.04707417940092479,10,False
5,max_incident_queue,9.620689655172415,0.009426380745417972,-0.011897573977092374,0.030750335467928318,10,False
5,max_incident_queue,9.719827586206897,0.005337429191310639,-0.006736674484740952,0.01741153286736223,10,False
5,max_incident_queue,9.818965517241379,0.0023096830282094637,-0.002915182977848023,0.00753454903426695,10,False
5,max_incident_queue,9.918103448275863,0.0004892962920015175,-0.0006175688196803173,0.0015961614036833524,10,False
5,max_incident_queue,10.0,0.0,0.0,0.0,10,True
5,max_incident_queue,10.017241379310345,-8.815449587929357e-05,-0.00028757382016550236,0.0001112648284069152,10,False
5,max_incident_queue,10.116379310344827,-0.003747991538193436,-0.01222653744242478,0.004730554366037907,10,False
5,max_incident_queue,10.215517241379311,-0.01193224916970776,-0.0389248720972551,0.015060373757839578,10,False
5,max_incident_queue,10.314655172413794,-0.023471695103325335,-0.07656835830432829,0.029624968097677618,10,False
5,max_incident_queue,10.413793103448276,-0.03719709705194964,-0.12134277658331749,0.046948582479418216,10,False
5,max_incident_queue,10.51293103448276,-0.05193922272848432,-0.16943390745389647,0.06555546199692781,10,False
5,max_incident_queue,10.612068965517242,-0.06652883984583222,-0.2170275314357362,0.08396985174407176,10,False
5,max_incident_queue,10.711206896551724,-0.07979671611689695,-0.2603094290485103,0.10071599681471641,10,False
5,max_incident_queue,10.810344827586206,-0.09057361925458193,-0.2954653808118919,0.11431814230272799,10,False
5,max_incident_queue,10.90948275862069,-0.0976903169717906,-0.31868116724555373,0.12330053330197253,10,False
5,max_incident_queue,11.0,-0.1,-0.3262157162798205,0.12621571627982048,10,True
5,max_incident_queue,11.008620689655173,-0.09999256837098693,-0.3261914731380042,0.12620633639603035,10,False
5,max_incident_queue,11.107758620689655,-0.09883880796670631,-0.32242772537102726,0.12475010943761465,10,False
5,max_incident_queue,11.206896551724139,-0.09571938168846608,-0.3122516665936449,0.12081290321671276,10,False
5,max_incident_queue,11.306034482758621,-0.09063428953626633,-0.29566329680585757,0.11439471773332492,10,False
5,max_incident_queue,11.405172413793103,-0.08358353151010703,-0.2726626160076651,0.10549555298745106,10,False
5,max_incident_queue,11.504310344827587,-0.07456710760998801,-0.24324962419906693,0.09411540897909089,10,False
5,max_incident_queue,11.60344827586207,-0.06358501783590957,-0.207424321380064,0.08025428570824487,10,False
5,max_incident_queue,11.702586206896552,-0.0506372621878716,-0.16518670755065604,0.06391218317491282,10,False
5,max_incident_queue,11.801724137931036,-0.035723840665873786,-0.11653678271084195,0.04508910137909438,10,False
5,max_incident_queue,11.900862068965518,-0.01884475326991667,-0.06147454686062356,0.02378504032079022,10,False
5,max_incident_queue,12.0,0.0,0.0,0.0,10,True
6,mean_response_min,0.5,0.0,0.0,0.0,9,True
6,mean_response_min,0.5991379310344828,-0.019695253281606116,-0.06511258879288323,0.025722082229671005,9,False
6,mean_response_min,0.6982758620689655,-0.037821372450513174,-0.12503761372049346,0.049394868819467114,9,False
6,mean_response_min,0.7974137931034483,-0.052809223394022116,-0.1745875109175577,0.06896906412951345,9,False
6,mean_response_min,0.896551724137931,-0.06308967199943388,-0.20857471651880288,0.08239537251993512,9,False
6,mean_response_min,0.9956896551724138,-0.0670935841540494,-0.221811666658956,0.0876244983508572,9,False
6,mean_response_min,1.0,-0.06710104271048767,-0.22183632467738357,0.08763423925640823,9,True
6,mean_response_min,1.0948275862068966,-0.06599360505705493,-0.21665494764654314,0.08466773753243328,9,False
6,mean_response_min,1.1939655172413794,-0.06279454738646875,-0.20176271526739675,0.07617362049445925,9,False
6,mean_response_min,1.293103448275862,-0.058013798892024133,-0.17977239047805318,0.06374479269400493,9,False
6,mean_response_min,1.3922413793103448,-0.05216373829130902,-0.15350733853921544,0.049179861956597404,9,False
6,mean_response_min,1.4913793103448276,-0.045756744301911324,-0.12615689115213674,0.034643402548314085,9,False
6,mean_response_min,1.5905172413793105,-0.03930519564141902,-0.10159394089143566,0.02298354960859761,9,False
6,mean_response_min,1.6896551724137931,-0.03332147102742009,-0.0843396220413351,0.01769667998649492,9,False
6,mean_response_min,1.7887931034482758,-0.02831794917750245,-0.0769223185010369,0.020286420146031995,9,False
6,mean_response_min,1.8879310344827587,-0.024807008809254058,-0.07622250715645351,0.026608489537945396,9,False
6,mean_response_min,1.9870689655172415,-0.023301028640262882,-0.07694678094911668,0.03034472366859092,9,False
6,mean_response_min,2.0,-0.023279235594618777,-0.07696124914020168,0.03040277795096413,9,True
6,mean_response_min,2.086206896551724,-0.023385014054357767,-0.07671083281496756,0.02994080470625202,9,False
6,mean_response_min,2.185344827586207,-0.02375279529730774,-0.07586360427340741,0.028358013678791934,9,False
6,mean_response_min,2.2844827586206895,-0.024358596502201957,-0.07454636635852797,0.02582917335412406,9,False
6,mean_response_min,2.3836206896551726,-0.025175979867017362,-0.0729343722700489,0.022582412536014174,9,False
6,mean_response_min,2.4827586206896552,-0.026178507589730917,-0.07124840584826189,0.018891390668800054,9,False
6,mean_response_min,2.581896551724138,-0.02733974186831958,-0.06975887760510747,0.015079393868468311,9,False
6,mean_response_min,2.681034482758621,-0.02863324490076031,-0.06878189881572866,0.011515409014208042,9,False
6,mean_response_min,2.7801724137931036,-0.03003257888503005,-0.06865136162233794,0.008586203852277836,9,False
6,mean_response_min,2.8793103448275863,-0.03151130601910576,-0.06965213514119994,0.006629523102988415,9,False
6,mean_response_min,2.978448275862069,-0.03304298850096442,-0.07192759840514973,0.0058416214032208855,9,False
6,mean_response_min,3.0775862068965516,-0.03460118852858296,-0.07541917362325073,0.006216796566084808,9,False
6,mean_response_min,3.1767241379310347,-0.03615946829993835,-0.07988861021398236,0.007569673614105654,9,False
6,mean_response_min,3.2758620689655173,-0.03769139001300754,-0.08500048578025882,0.009617705754243734,9,False
6,mean_response_min,3.375,-0.039170515865767495,-0.0904014255239968,0.0120603937924618,9,False
6,mean_response_min,3.474137931034483,-0.04057040805619516,-0.09576325652577718,0.014622440413386853,9,False
6,mean_response_min,3.5732758620689657,-0.04186462878226749,-0.10079567569430148,0.017066418129766503,9,False
6,mean_response_min,3.6724137931034484,-0.043026740241961466,-0.10524421510902389,0.019190734625100958,9,False
6,mean_response_min,3.771551724137931,-0.04403030463325402,-0.10888417197308448,0.020823562706576433,9,False
6,mean_response_min,3.8706896551724137,-0.04484888415412211,-0.11151525599654652,0.0218174876883023,9,False
6,mean_response_min,3.969827586206897,-0.04545604100254271,-0.11295866714544214,0.022046585140356713,9,False
6,mean_response_min,4.0,-0.04559483231782075,-0.11313766210099235,0.021947997465350845,9,True
6,mean_response_min,4.068965517241379,-0.046016380229564106,-0.11273641936795314,0.020703658908824925,9,False
6,mean_response_min,4.168103448275862,-0.047018456794503054,-0.11057337753403362,0.016536463945027523,9,False
6,mean_response_min,4.267241379310345,-0.048375954341534626,-0.10851069145956697,0.011758782776497723,9,False
6,mean_response_min,4.366379310344827,-0.04996447745565183,-0.1091984029197404,0.009269448008436744,9,False
6,mean_response_min,4.4655172413793105,-0.05165963072184768,-0.11452356767720431,0.01120430623350896,9,False
6,mean_response_min,4.564655172413794,-0.05333701872511514,-0.12420835171400926,0.017534314263778987,9,False
6,mean_response_min,4.663793103448276,-0.05487224605044722,-0.1361748528191578,0.026430360718263372,9,False
6,mean_response_min,4.762931034482759,-0.056140917282836926,-0.1479156616934053,0.03563382712773145,9,False
6,mean_response_min,4.862068965517242,-0.0570186370072773,-0.15718882895876515,0.04315155494421055,9,False
6,mean_response_min,4.961206896551724,-0.05738100980876126,-0.1621026484702838,0.047340628852761274,9,False
6,mean_response_min,5.0,-0.05735553302758392,-0.16248589175444889,0.04777482569928106,9,True
6,mean_response_min,5.060344827586207,-0.057044051858269454,-0.16097577732006652,0.04688767360352761,9,False
6,mean_response_min,5.1594827586206895,-0.055791521463655847,-0.15331741812959798,0.0417343752022863,9,False
6,mean_response_min,5.258620689655173,-0.05380334281892058,-0.14074465425288468,0.03313796861504351,9,False
6,mean_response_min,5.357758620689656,-0.051292680420103105,-0.1252193218014846,0.022633960961278392,9,False
6,mean_response_min,5.456896551724138,-0.04847269876324292,-0.10906465564025655,0.012119258113770716,9,False
6,mean_response_min,5.556034482758621,-0.04555656234437946,-0.09514902096699354,0.004035896278234627,9,False
6,mean_response_min,5.655172413793103,-0.04275743565955221,-0.086503877034089,0.0009890057149845866,9,False
6,mean_response_min,5.754310344827586,-0.040288483204800586,-0.08415445848759122,0.0035774920779900465,9,False
6,mean_response_min,5.853448275862069,-0.0383628694761641,-0.08558152278941869,0.008855783837090493,9,False
6,mean_response_min,5.952586206896552,-0.03719375896968225,-0.08721599228695207,0.01282847434758757,9,False
6,mean_response_min,6.0,-0.036964289073709286,-0.08732528747601105,0.01339670932859248,9,True
6,mean_response_min,6.051724137931035,-0.03672637792997445,-0.0867187809939077,0.01326602513395881,9,False
6,mean_response_min,6.150862068965518,-0.035650622554441715,-0.0834807887783707,0.012179543669487265,9,False
6,mean_response_min,6.25,-0.03383551698148925,-0.07787024500263974,0.010199211039661246,9,False
6,mean_response_min,6.349137931034483,-0.03137051165065454,-0.07044629652131679,0.007705273220007712,9,False
6,mean_response_min,6.448275862068966,-0.028345057001475136,-0.0620386969183466,0.005348582915396329,9,False
6,mean_response_min,6.547413793103448,-0.024848603473488606,-0.053995057082866234,0.004297850135889021,9,False
6,mean_response_min,6.6465517241379315,-0.020970601506232422,-0.0483386652508761,0.006397462238411259,9,False
6,mean_response_min,6.745689655172414,-0.016800501539244197,-0.04681165290586572,0.013210649827377324,9,False
6,mean_response_min,6.844827586206897,-0.012427754012061386,-0.04922366336775299,0.024368155343630217,9,False
6,mean_response_min,6.94396551724138,-0.007941809364221572,-0.05416925824664887,0.03828563951820573,9,False
6,mean_response_min,7.043103448275862,-0.003432118035262314,-0.060476661225319105,0.05361242515479448,9,False
6,mean_response_min,7.142241379310345,0.0010118695352789309,-0.06743053563031284,0.0694542747008707,9,False
6,mean_response_min,7.241379310344827,0.005300702907864542,-0.07458476123094601,0.08518616704667509,9,False
6,mean_response_min,7.3405172413793105,0.009344931642957034,-0.08162669788266355,0.10031656116857762,9,False
6,mean_response_min,7.439655172413794,0.013055105301018876,-0.08831028808689888,0.11442049868893663,9,False
6,mean_response_min,7.538793103448276,0.01634177344251249,-0.09442443592741574,0.12710798281244073,9,False
6,mean_response_min,7.637931034482759,0.019115485627900393,-0.09977756034256066,0.13800853159836143,9,False
6,mean_response_min,7.737068965517242,0.021286791417645008,-0.10418969969508032,0.14676328253037033,9,False
6,mean_response_min,7.836206896551724,0.02276624037220877,-0.10748834316663554,0.1530208239110531,9,False
6,mean_response_min,7.935344827586207,0.023464382052054242,-0.10950625823565517,0.15643502233976364,9,False
6,mean_response_min,8.0,0.023456156503165855,-0.11005453419680436,0.15696684720313606,9,True
6,mean_response_min,8.03448275862069,0.023281724386597646,-0.11013690396329817,0.15670035273649346,9,False
6,mean_response_min,8.133620689655173,0.022071328144812347,-0.10996100943048139,0.1541036657201061,9,False
6,mean_response_min,8.232758620689655,0.01990228158175097,-0.10921539037246947,0.14901995353597142,9,False
6,mean_response_min,8.331896551724139,0.01689376508122646,-0.10796127813283073,0.14174880829528363,9,False
6,mean_response_min,8.431034482758621,0.013164959027051929,-0.10626754500792933,0.13259746306203318,9,False
6,mean_response_min,8.530172413793103,0.008835043803040355,-0.10421119487521084,0.12188128248129156,9,False
6,mean_response_min,8.629310344827587,0.004023199793004633,-0.10187879150479533,0.1099251910908046,9,False
6,mean_response_min,8.72844827586207,-0.001151392619242057,-0.09936886287508485,0.09706607763660073,9,False
6,mean_response_min,8.827586206896552,-0.006569553049886764,-0.09679534850160722,0.08365624240183368,9,False
6,mean_response_min,8.926724137931036,-0.012112101115116606,-0.09429197210496061,0.07006776987472739,9,False
6,mean_response_min,9.025862068965518,-0.017659856431118382,-0.09201673130493666,0.056697018442699906,9,False
6,mean_response_min,9.125,-0.023093638614079155,-0.09015390081070837,0.04396662358255007,9,False
6,mean_response_min,9.224137931034484,-0.028294267280186018,-0.08890727142608211,0.032318736865710074,9,False
6,mean_response_min,9.323275862068966,-0.0331425620456258,-0.08847326216184187,0.022188138070590273,9,False
6,mean_response_min,9.422413793103448,-0.03751934252658557,-0.08898192814077721,0.013943243087606076,9,False
6,mean_response_min,9.52155172413793,-0.041305428339252326,-0.09041143915995163,0.00780058248144698,9,False
6,mean_response_min,9.620689655172415,-0.04438163909981309,-0.09251972210074,0.0037564439011138276,9,False
6,mean_response_min,9.719827586206897,-0.046628794424454785,-0.09485193359276836,0.0015943447438587846,9,False
6,mean_response_min,9.818965517241379,-0.04792771392936443,-0.0968291596402237,0.0009737317814948535,9,False
6,mean_response_min,9.918103448275863,-0.048159217230729016,-0.09785896638657401,0.0015405319251159746,9,False
6,mean_response_min,10.0,-0.04746067582890598,-0.09761739945002668,0.0026960477922147105,9,True
6,mean_response_min,10.017241379310345,-0.04719104231854964,-0.0973804482489958,0.0029983636118965304,9,False
6,mean_response_min,10.116379310344827,-0.04446855483391246,-0.09386397629222848,0.004926866624403552,9,False
6,mean_response_min,10.215517241379311,-0.04004560812541499,-0.08750283993597133,0.0074116236851413456,9,False
6,mean_response_min,10.314655172413794,-0.034331293571893344,-0.07949135681180977,0.01082876966802309,9,False
6,mean_response_min,10.413793103448276,-0.027734702552183507,-0.07101587208623211,0.015546466981865091,9,False
6,mean_response_min,10.51293103448276,-0.02066492644512131,-0.06308515550155915,0.021755302611316526,9,False
6,mean_response_min,10.612068965517242,-0.01353105662954303,-0.05631692147356903,0.029254808214482973,9,False
6,mean_response_min,10.711206896551724,-0.006742184484284531,-0.05084432937413326,0.03735996040556419,9,False
6,mean_response_min,10.810344827586206,-0.0007074013881818318,-0.046445455492097124,0.04503065271573346,9,False
6,mean_response_min,10.90948275862069,0.004164201279929163,-0.042780768886159136,0.05110917144601746,9,False
6,mean_response_min,11.0,0.007249405024925733,-0.0398510609931673,0.05434987104301877,9,True
6,mean_response_min,11.008620689655173,0.007471139970917388,-0.03958529976110609,0.05452757970294087,9,False
6,mean_response_min,11.107758620689655,0.010040721944242843,-0.03617735034395245,0.056258794232438125,9,False
6,mean_response_min,11.206896551724139,0.012610895918780793,-0.03215340710407115,0.05737519894163273,9,False
6,mean_response_min,11.306034482758621,0.01513059129652918,-0.027581225849820735,0.0578424084428791,9,False
6,mean_response_min,11.405172413793103,0.017548737479486085,-0.022569260525306972,0.05766673548427914,9,False
6,mean_response_min,11.504310344827587,0.019814263869649584,-0.017292013253256664,0.056920540992555835,9,False
6,mean_response_min,11.60344827586207,0.021876099869017628,-0.012038730786137038,0.05579093052417229,9,False
6,mean_response_min,11.702586206896552,0.023683174879588285,-0.007296820806228892,0.05466317056540546,9,False
6,mean_response_min,11.801724137931036,0.025184418303359636,-0.003851042541064744,0.05421987914778402,9,False
6,mean_response_min,11.900862068965518,0.026328759542329647,-0.0027507434429051673,0.055408262527564464,9,False
6,mean_response_min,12.0,0.027065127998496388,-0.0048984975776697436,0.059028753574662515,9,True
6,p95_response_min,0.5,0.0,0.0,0.0,9,True
6,p95_response_min,0.5991379310344828,-0.06488492446799682,-0.21450982860360743,0.08473997966761379,9,False
6,p95_response_min,0.6982758620689655,-0.12460042324103589,-0.41192951448305387,0.16272866800098212,9,False
6,p95_response_min,0.7974137931034483,-0.17397707062415949,-0.5751689149141784,0.2272147736658595,9,False
6,p95_response_min,0.896551724137931,-0.20784544092240978,-0.6871378871728199,0.27144700532800037,9,False
6,p95_response_min,0.9956896551724138,-0.2210361084408291,-0.7307462885348175,0.2886740716531593,9,False
6,p95_response_min,1.0,-0.22106068024319273,-0.730827523015041,0.28870616252865555,9,True
6,p95_response_min,1.0948275862068966,-0.21547417121704815,-0.7123585010732516,0.2814101586391553,9,False
6,p95_response_min,1.1939655172413794,-0.19933640987536919,-0.6590069953447231,0.26033417559398464,9,False
6,p95_response_min,1.293103448275862,-0.17521975235234247,-0.579277225846294,0.22883772114160914,9,False
6,p95_response_min,1.3922413793103448,-0.14570891149544676,-0.4817142639400448,0.1902964409491513,9,False
6,p95_response_min,1.4913793103448276,-0.11338860015216093,-0.3748631809880558,0.14808598068373394,9,False
6,p95_response_min,1.5905172413793105,-0.0808435311699639,-0.2672690483524075,0.10558198601247973,9,False
6,p95_response_min,1.6896551724137931,-0.05065841739633455,-0.16747693739518069,0.06616010260251157,9,False
6,p95_response_min,1.7887931034482758,-0.025417971678751778,-0.08403191947845574,0.033195976120952195,9,False
6,p95_response_min,1.8879310344827587,-0.007706906864694416,-0.025479065964313114,0.010065252234924282,9,False
6,p95_response_min,1.9870689655172415,-0.00010993580164140069,-0.0003634482148334556,0.00014357661155065422,9,False
6,p95_response_min,2.0,0.0,0.0,0.0,9,True
6,p95_response_min,2.086206896551724,0.00013795844672646768,-0.001659202350121038,0.0019351192435739736,9,False
6,p95_response_min,2.185344827586207,0.0006160155869164073,-0.0074087127955957365,0.00864074396942855,9,False
6,p95_response_min,2.2844827586206895,0.0014001353778938966,-0.016839185744786062,0.019639456500573856,9,False
6,p95_response_min,2.3836206896551726,0.002453072100250933,-0.029502673379779604,0.03440881758028147,9,False
6,p95_response_min,2.4827586206896552,0.0037375800345794993,-0.04495122788266375,0.052426387951822744,9,False
6,p95_response_min,2.581896551724138,0.005216413461471586,-0.06273690143552604,0.07316972835846922,9,False
6,p95_response_min,2.681034482758621,0.006852326661519196,-0.08241174622045416,0.09611639954349255,9,False
6,p95_response_min,2.7801724137931036,0.008608073915314306,-0.10352781441953536,0.12074396225016397,9,False
6,p95_response_min,2.8793103448275863,0.010446409503448915,-0.12563715821485733,0.14652997722175515,9,False
6,p95_response_min,2.978448275862069,0.01233008770651501,-0.14829182978850752,0.17295200520153753,9,False
6,p95_response_min,3.0775862068965516,0.014221862805104587,-0.17104388132257345,0.19948760693278264,9,False
6,p95_response_min,3.1767241379310347,0.016084489079809663,-0.19344536499914278,0.2256143431587621,9,False
6,p95_response_min,3.2758620689655173,0.01788072081122216,-0.21504833300030282,0.2508097746227471,9,False
6,p95_response_min,3.375,0.019573312279934134,-0.23540483750814106,0.27455146206800934,9,False
6,p95_response_min,3.474137931034483,0.02112501776653751,-0.2540669307047454,0.29631696623782044,9,False
6,p95_response_min,3.5732758620689657,0.022498591551624383,-0.2705866647722028,0.3155838478754515,9,False
6,p95_response_min,3.6724137931034484,0.023656787915786626,-0.28451609189260113,0.3318296677241744,9,False
6,p95_response_min,3.771551724137931,0.024562361139616334,-0.2954072642480277,0.3445319865272604,9,False
6,p95_response_min,3.8706896551724137,0.025178065503705445,-0.3028122340205704,0.35316836502798127,9,False
6,p95_response_min,3.969827586206897,0.025466655288645928,-0.3062830533923163,0.3572163639696082,9,False
6,p95_response_min,4.0,0.025483880196633873,-0.3064902143780502,0.35745797477131797,9,True
6,p95_response_min,4.068965517241379,0.02510045480262371,-0.3023564522761053,0.35255736188135267,9,False
6,p95_response_min,4.168103448275862,0.023363613377339793,-0.28363161831795597,0.3303588450726355,9,False
6,p95_response_min,4.267241379310345,0.020524216423943878,-0.253021422686517,0.29406985553440473,9,False
6,p95_response_min,4.366379310344827,0.016911598710573312,-0.21407869259298654,0.24790189001413318,9,False
6,p95_response_min,4.4655172413793105,0.012855095005365445,-0.17035817055446015,0.19606836056519103,9,False
6,p95_response_min,4.564655172413794,0.008684040076457603,-0.1254190971785146,0.1427871773314298,9,False
6,p95_response_min,4.663793103448276,0.004727768691987207,-0.0828338321708177,0.09228936955479213,9,False
6,p95_response_min,4.762931034482759,0.001315615620091532,-0.04622529305400877,0.048856524294191836,9,False
6,p95_response_min,4.862068965517242,-0.0012230843710920097,-0.01952316465660549,0.01707699591442147,9,False
6,p95_response_min,4.961206896551724,-0.00255899651342611,-0.008920531027135113,0.003802538000282892,9,False
6,p95_response_min,5.0,-0.002682872618166835,-0.008869587969885585,0.003503842733551914,9,True
6,p95_response_min,5.060344827586207,-0.002654742689415068,-0.008776590309109242,0.003467104930279107,9,False
6,p95_response_min,5.1594827586206895,-0.002499923664002354,-0.008264757970886532,0.003264910642881824,9,False
6,p95_response_min,5.258620689655173,-0.00223735889872054,-0.007396717771105942,0.002921999973664862,9,False
6,p95_response_min,5.357758620689656,-0.0018984174064429096,-0.0062761757960438265,0.002479340983158007,9,False
6,p95_response_min,5.456896551724138,-0.0015144682000427486,-0.005006838131976537,0.0019779017318910393,9,False
6,p95_response_min,5.556034482758621,-0.0011168802923933311,-0.0036924108651803906,0.0014586502803937283,9,False
6,p95_response_min,5.655172413793103,-0.0007370226963679451,-0.002436600081931751,0.0009625546891958607,9,False
6,p95_response_min,5.754310344827586,-0.0004062644248398673,-0.0013431118685069436,0.0005305830188272088,9,False
6,p95_response_min,5.853448275862069,-0.000155974490682381,-0.0005156523111823153,0.00020370332981755324,9,False
6,p95_response_min,5.952586206896552,-1.752190676877069e-05,-5.792749623421776e-05,2.2883682696676383e-05,9,False
6,p95_response_min,6.0,0.0,0.0,0.0,9,True
6,p95_response_min,6.051724137931035,0.0005338455373220416,-0.00020934766360511988,0.001277038738249203,9,False
6,p95_response_min,6.150862068965518,0.0043886866239044205,-0.0017210245787915796,0.01049839782660042,9,False
6,p95_response_min,6.25,0.011632516805329665,-0.004561694431799665,0.027826728042458997,9,False
6,p95_response_min,6.349137931034483,0.021869667304027413,-0.008576195610599493,0.052315530218654316,9,False
6,p95_response_min,6.448275862068966,0.03470446934242712,-0.013609366503161094,0.08301830518801534,9,False
6,p95_response_min,6.547413793103448,0.04974125414295813,-0.019506045497454466,0.11898855378337073,9,False
6,p95_response_min,6.6465517241379315,0.06658435292805025,-0.026111070981449783,0.1592797768375503,9,False
6,p95_response_min,6.745689655172414,0.08483809692013262,-0.03326928134311703,0.2029454751833823,9,False
6,p95_response_min,6.844827586206897,0.10410681734163518,-0.04082551497042636,0.24903914965369672,9,False
6,p95_response_min,6.94396551724138,0.12399484541498716,-0.04862461025134772,0.29661430108132203,9,False
6,p95_response_min,7.043103448275862,0.14410651236261793,-0.056511405573851176,0.34472443029908706,9,False
6,p95_response_min,7.142241379310345,0.16404614940695741,-0.06433073932590691,0.3924230381398217,9,False
6,p95_response_min,7.241379310344827,0.18341808777043467,-0.07192744989548477,0.4387636254363541,9,False
6,p95_response_min,7.3405172413793105,0.20182665867547964,-0.07914637567055507,0.4827996930215144,9,False
6,p95_response_min,7.439655172413794,0.21887619334452152,-0.0858323550390877,0.5235847417281307,9,False
6,p95_response_min,7.538793103448276,0.23417102299998982,-0.09183022638905292,0.5601722723890326,9,False
6,p95_response_min,7.637931034482759,0.24731547886431418,-0.09698482810842055,0.5916157858370489,9,False
6,p95_response_min,7.737068965517242,0.25791389215992416,-0.10114099858516068,0.616968782905009,9,False
6,p95_response_min,7.836206896551724,0.265570594109249,-0.10414357620724346,0.6352847644257414,9,False
6,p95_response_min,7.935344827586207,0.2698899159347185,-0.10583739936263892,0.6456172312320759,9,False
6,p95_response_min,8.0,0.270720391105854,-0.10616307041279227,0.6476038526245003,9,True
6,p95_response_min,8.03448275862069,0.26989698697523035,-0.10707411466020439,0.646868088610665,9,False
6,p95_response_min,8.133620689655173,0.2587541362715668,-0.12007124583451395,0.6375795183776476,9,False
6,p95_response_min,8.232758620689655,0.23561738884843036,-0.15102189972895746,0.6222566774258182,9,False
6,p95_response_min,8.331896551724139,0.20180018228497343,-0.20525910500926942,0.6088594695792162,9,False
6,p95_response_min,8.431034482758621,0.15861595416035057,-0.2877293163088449,0.604961224629546,9,False
6,p95_response_min,8.530172413793103,0.10737814205371422,-0.4001009204085172,0.6148572045159456,9,False
6,p95_response_min,8.629310344827587,0.049400183544216505,-0.5401240943899281,0.6389244614783611,9,False
6,p95_response_min,8.72844827586207,-0.0140044837889874,-0.7030702950334217,0.6750613274554468,9,False
6,p95_response_min,8.827586206896552,-0.08152242236674527,-0.8833756217353544,0.720330777001864,9,False
6,p95_response_min,8.926724137931036,-0.15184019460990533,-1.0755204329096761,0.7718400436898654,9,False
6,p95_response_min,9.025862068965518,-0.223644362939312,-1.2742959808807872,0.8270072550021631,9,False
6,p95_response_min,9.125,-0.295621489775813,-1.474807025691345,0.8835640461397192,9,False
6,p95_response_min,9.224137931034484,-0.36645813754025713,-1.6724041048695422,0.9394878297890279,9,False
6,p95_response_min,9.323275862068966,-0.43484086865348814,-1.8626150221950701,0.9929332848880938,9,False
6,p95_response_min,9.422413793103448,-0.4994562455363545,-2.041092172537116,1.0421796814644073,9,False
6,p95_response_min,9.52155172413793,-0.5589908306097027,-2.2035756141897274,1.0855939529703218,9,False
6,p95_response_min,9.620689655172415,-0.6121311862943806,-2.345868210095156,1.1216058375063944,9,False
6,p95_response_min,9.719827586206897,-0.6575638750112337,-2.4638193854601926,1.1486916354377255,9,False
6,p95_response_min,9.818965517241379,-0.6939754591811094,-2.5533150651269385,1.1653641467647198,9,False
6,p95_response_min,9.918103448275863,-0.7200525012248549,-2.6102723674982298,1.17016736504852,9,False
6,p95_response_min,10.0,-0.7328663081302875,-2.629901305723223,1.164168689462648,9,True
6,p95_response_min,10.017241379310345,-0.7340509056276676,-2.6289633082572985,1.1608614970019633,9,False
6,p95_response_min,10.116379310344827,-0.7184946618812212,-2.5420743671483317,1.1050850433858894,9,False
6,p95_response_min,10.215517241379311,-0.6707166171916584,-2.338884549001778,0.9974513146184613,9,False
6,p95_response_min,10.314655172413794,-0.5988395857220407,-2.050957501438624,0.8532783299945425,9,False
6,p95_response_min,10.413793103448276,-0.510986381635427,-1.7108261085625158,0.6888533452916619,9,False
6,p95_response_min,10.51293103448276,-0.41527981909487566,-1.3530280392113512,0.5224684010215999,9,False
6,p95_response_min,10.612068965517242,-0.31984271226345,-1.0163888446208278,0.3767034200939277,9,False
6,p95_response_min,10.711206896551724,-0.23279787530420798,-0.746999740262626,0.28140398965421015,9,False
6,p95_response_min,10.810344827586206,-0.1622681223802097,-0.5878488504283095,0.26331260566789005,9,False
6,p95_response_min,10.90948275862069,-0.11637626765451414,-0.5319572698317501,0.2992047345227217,9,False
6,p95_response_min,11.0,-0.10288082002090536,-0.5233665281654573,0.3176048881236465,9,True
6,p95_response_min,11.008620689655173,-0.10307906300495867,-0.5233051078516223,0.317146981841705,9,False
6,p95_response_min,11.107758620689655,-0.10345987201400599,-0.5149148973848019,0.30799515335678995,9,False
6,p95_response_min,11.206896551724139,-0.10037861729681098,-0.49264231873938613,0.2918850841457642,9,False
6,p95_response_min,11.306034482758621,-0.09388139838541196,-0.4568640861032993,0.26910128933247546,9,False
6,p95_response_min,11.405172413793103,-0.08401431481184707,-0.4079669974686154,0.23993836784492129,9,False
6,p95_response_min,11.504310344827587,-0.07082346610815422,-0.3463508524111744,0.204703920194866,9,False
6,p95_response_min,11.60344827586207,-0.054354951806372065,-0.2724433898507296,0.16373348623798545,9,False
6,p95_response_min,11.702586206896552,-0.03465487143853854,-0.18676645850474372,0.11745671562766663,9,False
6,p95_response_min,11.801724137931036,-0.011769324536691403,-0.09042212106181065,0.06688347198842785,9,False
6,p95_response_min,11.900862068965518,0.014255589367130358,-0.007836574189453162,0.03634775292371388,9,False
6,p95_response_min,12.0,0.04337377074088897,-0.056646323946998436,0.14339386542877636,9,True
6,strict_4min_rate,0.5,0.0,0.0,0.0,9,True
6,strict_4min_rate,0.5991379310344828,0.0,0.0,0.0,9,False
6,strict_4min_rate,0.6982758620689655,0.0,0.0,0.0,9,False
6,strict_4min_rate,0.7974137931034483,0.0,0.0,0.0,9,False
6,strict_4min_rate,0.896551724137931,0.0,0.0,0.0,9,False
6,strict_4min_rate,0.9956896551724138,0.0,0.0,0.0,9,False
6,strict_4min_rate,1.0,0.0,0.0,0.0,9,True
6,strict_4min_rate,1.0948275862068966,0.00015599618883032184,-0.0002037316676884902,0.0005157240453491339,9,False
6,strict_4min_rate,1.1939655172413794,0.0006066227346344674,-0.0007922517999414738,0.0020054972692104085,9,False
6,strict_4min_rate,1.293103448275862,0.001280049850443608,-0.0016717503979468262,0.004231850098834042,9,False
6,strict_4min_rate,1.3922413793103448,0.002104102703720915,-0.0027479668319537794,0.006956172239395609,9,False
6,strict_4min_rate,1.4913793103448276,0.00300660646192956,-0.0039266404722115705,0.00993985339607069,9,False
6,strict_4min_rate,1.5905172413793105,0.003915386292532712,-0.005113510688969429,0.012944283274034855,9,False
6,strict_4min_rate,1.6896551724137931,0.004758267362993539,-0.0062143168524765825,0.01573085157846366,9,False
6,strict_4min_rate,1.7887931034482758,0.005463074840775215,-0.007134798332982268,0.018060948014532698,9,False
6,strict_4min_rate,1.8879310344827587,0.005957633893340909,-0.007780694500735722,0.019695962287417542,9,False
6,strict_4min_rate,1.9870689655172415,0.0061697696881537895,-0.008057744725986166,0.020397284102293745,9,False
6,strict_4min_rate,2.0,0.006172839506172843,-0.008061753921013373,0.02040743293335906,9,True
6,strict_4min_rate,2.086206896551724,0.0061851420599720024,-0.007959328509772367,0.020329612629716373,9,False
6,strict_4min_rate,2.185344827586207,0.006228395370439104,-0.007605442104330722,0.02006223284520893,9,False
6,strict_4min_rate,2.2844827586206895,0.006300629265060766,-0.00702994975826766,0.01963120828838919,9,False
6,strict_4min_rate,2.3836206896551726,0.006399590374346614,-0.00626910966885762,0.019068290417550846,9,False
6,strict_4min_rate,2.4827586206896552,0.006523025328806265,-0.005363672784069013,0.01840972344168154,9,False
6,strict_4min_rate,2.581896551724138,0.006668680758949347,-0.004359998047289052,0.017697359565187747,9,False
6,strict_4min_rate,2.681034482758621,0.006834303295285483,-0.003311706386994003,0.016980312977564967,9,False
6,strict_4min_rate,2.7801724137931036,0.007017639568324293,-0.002281420176360417,0.016316699313009005,9,False
6,strict_4min_rate,2.8793103448275863,0.007216436208575404,-0.0013411011445745172,0.015773973561725326,9,False
6,strict_4min_rate,2.978448275862069,0.0074284398465484375,-0.0005676140138799381,0.015424493706976813,9,False
6,strict_4min_rate,3.0775862068965516,0.007651397112753018,-2.912826146572213e-05,0.015331922486971758,9,False
6,strict_4min_rate,3.1767241379310347,0.00788305463769877,0.0002368401450063293,0.01552926913039121,9,False
6,strict_4min_rate,3.2758620689655173,0.00812115905189531,0.00024040158165055184,0.01600191652214007,9,False
6,strict_4min_rate,3.375,0.00836345698585227,3.531921270787802e-05,0.01669159475899666,9,False
6,strict_4min_rate,3.474137931034483,0.008607695070079267,-0.00030259538109150136,0.017517985521250036,9,False
6,strict_4min_rate,3.5732758620689657,0.008851619935085927,-0.000696763713155104,0.018400003583326958,9,False
6,strict_4min_rate,3.6724137931034484,0.009092978211381877,-0.0010808430216363522,0.019266799444400108,9,False
6,strict_4min_rate,3.771551724137931,0.009329516529476731,-0.0014013984172840267,0.02006043147623749,9,False
6,strict_4min_rate,3.8706896551724137,0.009558981519880118,-0.0016171728306617061,0.02073513587042194,9,False
6,strict_4min_rate,3.969827586206897,0.009779119813101662,-0.0016981186560092038,0.021256358282212527,9,False
6,strict_4min_rate,4.0,0.009843923637027081,-0.001692828025157191,0.021380675299211352,9,True
6,strict_4min_rate,4.068965517241379,0.009929816882776898,-0.0016365932958435914,0.021496227061397387,9,False
6,strict_4min_rate,4.168103448275862,0.009862711261470244,-0.0015358549924572255,0.021261277515397713,9,False
6,strict_4min_rate,4.267241379310345,0.009613959040604431,-0.0015827821687300469,0.02081070024993891,9,False
6,strict_4min_rate,4.366379310344827,0.009231567214804313,-0.0019669754057471314,0.02043010983535576,9,False
6,strict_4min_rate,4.4655172413793105,0.008763542778694726,-0.0028002707001287073,0.020327356257518157,9,False
6,strict_4min_rate,4.564655172413794,0.008257892726900525,-0.004048034938235398,0.02056382039203645,9,False
6,strict_4min_rate,4.663793103448276,0.007762624054046559,-0.005532627550548117,0.021057875658641236,9,False
6,strict_4min_rate,4.762931034482759,0.007325743754757673,-0.006998915679567217,0.021650403189082564,9,False
6,strict_4min_rate,4.862068965517242,0.006995258823658717,-0.008178347832952534,0.022168865480269966,9,False
6,strict_4min_rate,4.961206896551724,0.006819176255374536,-0.008823814884713881,0.022462167395462956,9,False
6,strict_4min_rate,5.0,0.0068027210884353696,-0.008884381872137177,0.022489824049007914,9,True
6,strict_4min_rate,5.060344827586207,0.006785329737227486,-0.0087219686856085,0.02229262816006347,9,False
6,strict_4min_rate,5.1594827586206895,0.006689612749517538,-0.007836663369477179,0.021215888868512254,9,False
6,strict_4min_rate,5.258620689655173,0.006527281870967252,-0.006375608434794997,0.0194301721767295,9,False
6,strict_4min_rate,5.357758620689656,0.006317731019163057,-0.004596715123455957,0.017232177161782068,9,False
6,strict_4min_rate,5.456896551724138,0.00608035411169138,-0.0028222257646845356,0.014982933988067295,9,False
6,strict_4min_rate,5.556034482758621,0.005834545066138647,-0.0014727504102936611,0.013141840542570955,9,False
6,strict_4min_rate,5.655172413793103,0.005599697800091288,-0.000984480221593786,0.012183875821776362,9,False
6,strict_4min_rate,5.754310344827586,0.005395206231135725,-0.0014072372983228547,0.012197649760594304,9,False
6,strict_4min_rate,5.853448275862069,0.005240464276858388,-0.002223053212018153,0.01270398176573493,9,False
6,strict_4min_rate,5.952586206896552,0.005154865854845707,-0.0028196526758061955,0.01312938438549761,9,False
6,strict_4min_rate,6.0,0.005144032921810698,-0.0029012762280895424,0.013189342071710939,9,True
6,strict_4min_rate,6.051724137931035,0.005121850553108227,-0.002904389285736537,0.01314809039195299,9,False
6,strict_4min_rate,6.150862068965518,0.004961602416855597,-0.002932682426981634,0.012855887260692828,9,False
6,strict_4min_rate,6.25,0.004660284691704984,-0.003014990946662863,0.01233556033007283,9,False
6,strict_4min_rate,6.349137931034483,0.004234152593063153,-0.0032016607368534223,0.011669965922979728,9,False
6,strict_4min_rate,6.448275862068966,0.00369946133633687,-0.003562953630898014,0.010961876303571753,9,False
6,strict_4min_rate,6.547413793103448,0.0030724661369329084,-0.0041781144963552435,0.010323046770221061,9,False
6,strict_4min_rate,6.6465517241379315,0.0023694222102580206,-0.005112763254512301,0.009851607675028342,9,False
6,strict_4min_rate,6.745689655172414,0.001606584771718989,-0.006392105893406516,0.009605275436844493,9,False
6,strict_4min_rate,6.844827586206897,0.0008002090367225626,-0.007989866676781683,0.009590284750226807,9,False
6,strict_4min_rate,6.94396551724138,-3.3449779324482474e-05,-0.009841146881883938,0.009774247323234972,9,False
6,strict_4min_rate,7.043103448275862,-0.000878136461015374,-0.011864614186215138,0.010108341264184391,9,False
6,strict_4min_rate,7.142241379310345,-0.001717595792943361,-0.013978266767886114,0.010543075181999392,9,False
6,strict_4min_rate,7.241379310344827,-0.0025355725597016616,-0.016105883657153132,0.011034738537749809,9,False
6,strict_4min_rate,7.3405172413793105,-0.003315811545883526,-0.01817797970004193,0.011546356608274879,9,False
6,strict_4min_rate,7.439655172413794,-0.004042057536082177,-0.020130752063443,0.012046636991278645,9,False
6,strict_4min_rate,7.538793103448276,-0.004698055314890846,-0.021904694884173292,0.012508584254391601,9,False
6,strict_4min_rate,7.637931034482759,-0.005267549666902777,-0.023443435826719095,0.012908336492913543,9,False
6,strict_4min_rate,7.737068965517242,-0.005734285376711197,-0.02469289220868638,0.013224321455263989,9,False
6,strict_4min_rate,7.836206896551724,-0.006082007228909342,-0.025600709411487597,0.01343669495366891,9,False
6,strict_4min_rate,7.935344827586207,-0.006294460008090442,-0.02611592859849356,0.013527008582312674,9,False
6,strict_4min_rate,8.0,-0.006352397466452664,-0.026216705642126047,0.013511910709220719,9,True
6,strict_4min_rate,8.03448275862069,-0.0063542083977775506,-0.026189205951567453,0.013480789156012352,9,False
6,strict_4min_rate,8.133620689655173,-0.006241175470356401,-0.025805098157812796,0.013322747217099994,9,False
6,strict_4min_rate,8.232758620689655,-0.0059667424040850455,-0.02500660693043196,0.013073122122261869,9,False
6,strict_4min_rate,8.331896551724139,-0.005548864286004409,-0.023844698156575674,0.012746969584566857,9,False
6,strict_4min_rate,8.431034482758621,-0.0050054962031554455,-0.022372664598626156,0.012361672192315265,9,False
6,strict_4min_rate,8.530172413793103,-0.004354593242579089,-0.020646270998723782,0.011937084513565604,9,False
6,strict_4min_rate,8.629310344827587,-0.003614110491316263,-0.018724219032694805,0.011495998050062281,9,False
6,strict_4min_rate,8.72844827586207,-0.00280200303640793,-0.01666892583639085,0.011064919763574991,9,False
6,strict_4min_rate,8.827586206896552,-0.0019362259648950204,-0.014547571017553315,0.010675119087763276,9,False
6,strict_4min_rate,8.926724137931036,-0.0010347343638184515,-0.012433164252913638,0.010363695525276734,9,False
6,strict_4min_rate,9.025862068965518,-0.0001154833202191962,-0.010404827947787224,0.010173861307348831,9,False
6,strict_4min_rate,9.125,0.0008035720788618229,-0.008545376677368465,0.01015252083509211,9,False
6,strict_4min_rate,9.224137931034484,0.001704476746383684,-0.006933053929819117,0.010342007422586485,9,False
6,strict_4min_rate,9.323275862068966,0.0025692755953054154,-0.005625491961786846,0.010764043152397677,9,False
6,strict_4min_rate,9.422413793103448,0.0033800135385860957,-0.00464118082914176,0.011401207906313951,9,False
6,strict_4min_rate,9.52155172413793,0.004118735489184789,-0.003952269737999948,0.012189740716369527,9,False
6,strict_4min_rate,9.620689655172415,0.004767486360060566,-0.0034969870142690165,0.013031959734390149,9,False
6,strict_4min_rate,9.719827586206897,0.0053083110641724595,-0.003202294841641146,0.013818916969986064,9,False
6,strict_4min_rate,9.818965517241379,0.005723254514479558,-0.003001915876231943,0.014448424905191059,9,False
6,strict_4min_rate,9.918103448275863,0.005994361623940913,-0.0028449542345374956,0.014833677482419321,9,False
6,strict_4min_rate,10.0,0.006097073034295618,-0.0027243470567256574,0.014918493125316894,9,True
6,strict_4min_rate,10.017241379310345,0.006099908946465693,-0.002698923560425512,0.014898741453356899,9,False
6,strict_4min_rate,10.116379310344827,0.005884975715946931,-0.002558978190897617,0.014328929622791479,9,False
6,strict_4min_rate,10.215517241379311,0.005336973936631929,-0.0024828504235692847,0.013156798296833142,9,False
6,strict_4min_rate,10.314655172413794,0.004539939299127475,-0.0025913188472931796,0.01167119744554813,9,False
6,strict_4min_rate,10.413793103448276,0.003577907494040326,-0.0030471611947134845,0.010202976182794136,9,False
6,strict_4min_rate,10.51293103448276,0.00253491421197723,-0.0039820738024126945,0.009051902226367155,9,False
6,strict_4min_rate,10.612068965517242,0.001494995143544992,-0.005364401452466836,0.00835439173955682,9,False
6,strict_4min_rate,10.711206896551724,0.0005421859793503576,-0.006955104229764067,0.008039476188464782,9,False
6,strict_4min_rate,10.810344827586206,-0.00023947758999990455,-0.008417385046222076,0.007938429866222266,9,False
6,strict_4min_rate,10.90948275862069,-0.0007659598738990396,-0.009423050888556826,0.007891131140758746,9,False
6,strict_4min_rate,11.0,-0.000952534633244067,-0.00969686797697577,0.007791798710487637,9,True
6,strict_4min_rate,11.008620689655173,-0.0009548747751421163,-0.009686765236553381,0.007777015686269148,9,False
6,strict_4min_rate,11.107758620689655,-0.0009891826699419454,-0.009527302247987415,0.007548936908103524,9,False
6,strict_4min_rate,11.206896551724139,-0.0010287912754986402,-0.00927112270392293,0.007213540152925649,9,False
6,strict_4min_rate,11.306034482758621,-0.0010617572479635603,-0.008896599271008613,0.006773084775081493,9,False
6,strict_4min_rate,11.405172413793103,-0.0010761372434880659,-0.008386565180872219,0.006234290693896086,9,False
6,strict_4min_rate,11.504310344827587,-0.0010599879182235162,-0.007730524319604247,0.005610548483157214,9,False
6,strict_4min_rate,11.60344827586207,-0.0010013659283212711,-0.006930149588758098,0.004927417732115556,9,False
6,strict_4min_rate,11.702586206896552,-0.0008883279299326909,-0.006012631716803885,0.004235975856938503,9,False
6,strict_4min_rate,11.801724137931036,-0.0007089305792091315,-0.0050627729987428455,0.0036449118403245827,9,False
6,strict_4min_rate,11.900862068965518,-0.00045123053230195897,-0.004285326856722411,0.003382865792118493,9,False
6,strict_4min_rate,12.0,-0.00010328444536253058,-0.004016485847142793,0.003809916956417732,9,True
6,max_incident_queue,0.5,0.0,0.0,0.0,10,True
6,max_incident_queue,0.5991379310344828,0.0,0.0,0.0,10,False
6,max_incident_queue,0.6982758620689655,0.0,0.0,0.0,10,False
6,max_incident_queue,0.7974137931034483,0.0,0.0,0.0,10,False
6,max_incident_queue,0.896551724137931,0.0,0.0,0.0,10,False
6,max_incident_queue,0.9956896551724138,0.0,0.0,0.0,10,False
6,max_incident_queue,1.0,0.0,0.0,0.0,10,True
6,max_incident_queue,1.0948275862068966,0.0,0.0,0.0,10,False
6,max_incident_queue,1.1939655172413794,0.0,0.0,0.0,10,False
6,max_incident_queue,1.293103448275862,0.0,0.0,0.0,10,False
6,max_incident_queue,1.3922413793103448,0.0,0.0,0.0,10,False
6,max_incident_queue,1.4913793103448276,0.0,0.0,0.0,10,False
6,max_incident_queue,1.5905172413793105,0.0,0.0,0.0,10,False
6,max_incident_queue,1.6896551724137931,0.0,0.0,0.0,10,False
6,max_incident_queue,1.7887931034482758,0.0,0.0,0.0,10,False
6,max_incident_queue,1.8879310344827587,0.0,0.0,0.0,10,False
6,max_incident_queue,1.9870689655172415,0.0,0.0,0.0,10,False
6,max_incident_queue,2.0,0.0,0.0,0.0,10,True
6,max_incident_queue,2.086206896551724,0.0,0.0,0.0,10,False
6,max_incident_queue,2.185344827586207,0.0,0.0,0.0,10,False
6,max_incident_queue,2.2844827586206895,0.0,0.0,0.0,10,False
6,max_incident_queue,2.3836206896551726,0.0,0.0,0.0,10,False
6,max_incident_queue,2.4827586206896552,0.0,0.0,0.0,10,False
6,max_incident_queue,2.581896551724138,0.0,0.0,0.0,10,False
6,max_incident_queue,2.681034482758621,0.0,0.0,0.0,10,False
6,max_incident_queue,2.7801724137931036,0.0,0.0,0.0,10,False
6,max_incident_queue,2.8793103448275863,0.0,0.0,0.0,10,False
6,max_incident_queue,2.978448275862069,0.0,0.0,0.0,10,False
6,max_incident_queue,3.0775862068965516,0.0,0.0,0.0,10,False
6,max_incident_queue,3.1767241379310347,0.0,0.0,0.0,10,False
6,max_incident_queue,3.2758620689655173,0.0,0.0,0.0,10,False
6,max_incident_queue,3.375,0.0,0.0,0.0,10,False
6,max_incident_queue,3.474137931034483,0.0,0.0,0.0,10,False
6,max_incident_queue,3.5732758620689657,0.0,0.0,0.0,10,False
6,max_incident_queue,3.6724137931034484,0.0,0.0,0.0,10,False
6,max_incident_queue,3.771551724137931,0.0,0.0,0.0,10,False
6,max_incident_queue,3.8706896551724137,0.0,0.0,0.0,10,False
6,max_incident_queue,3.969827586206897,0.0,0.0,0.0,10,False
6,max_incident_queue,4.0,0.0,0.0,0.0,10,True
6,max_incident_queue,4.068965517241379,0.0,0.0,0.0,10,False
6,max_incident_queue,4.168103448275862,0.0,0.0,0.0,10,False
6,max_incident_queue,4.267241379310345,0.0,0.0,0.0,10,False
6,max_incident_queue,4.366379310344827,0.0,0.0,0.0,10,False
6,max_incident_queue,4.4655172413793105,0.0,0.0,0.0,10,False
6,max_incident_queue,4.564655172413794,0.0,0.0,0.0,10,False
6,max_incident_queue,4.663793103448276,0.0,0.0,0.0,10,False
6,max_incident_queue,4.762931034482759,0.0,0.0,0.0,10,False
6,max_incident_queue,4.862068965517242,0.0,0.0,0.0,10,False
6,max_incident_queue,4.961206896551724,0.0,0.0,0.0,10,False
6,max_incident_queue,5.0,0.0,0.0,0.0,10,True
6,max_incident_queue,5.060344827586207,0.0,0.0,0.0,10,False
6,max_incident_queue,5.1594827586206895,0.0,0.0,0.0,10,False
6,max_incident_queue,5.258620689655173,0.0,0.0,0.0,10,False
6,max_incident_queue,5.357758620689656,0.0,0.0,0.0,10,False
6,max_incident_queue,5.456896551724138,0.0,0.0,0.0,10,False
6,max_incident_queue,5.556034482758621,0.0,0.0,0.0,10,False
6,max_incident_queue,5.655172413793103,0.0,0.0,0.0,10,False
6,max_incident_queue,5.754310344827586,0.0,0.0,0.0,10,False
6,max_incident_queue,5.853448275862069,0.0,0.0,0.0,10,False
6,max_incident_queue,5.952586206896552,0.0,0.0,0.0,10,False
6,max_incident_queue,6.0,0.0,0.0,0.0,10,True
6,max_incident_queue,6.051724137931035,0.0,0.0,0.0,10,False
6,max_incident_queue,6.150862068965518,0.0,0.0,0.0,10,False
6,max_incident_queue,6.25,0.0,0.0,0.0,10,False
6,max_incident_queue,6.349137931034483,0.0,0.0,0.0,10,False
6,max_incident_queue,6.448275862068966,0.0,0.0,0.0,10,False
6,max_incident_queue,6.547413793103448,0.0,0.0,0.0,10,False
6,max_incident_queue,6.6465517241379315,0.0,0.0,0.0,10,False
6,max_incident_queue,6.745689655172414,0.0,0.0,0.0,10,False
6,max_incident_queue,6.844827586206897,0.0,0.0,0.0,10,False
6,max_incident_queue,6.94396551724138,0.0,0.0,0.0,10,False
6,max_incident_queue,7.043103448275862,0.0,0.0,0.0,10,False
6,max_incident_queue,7.142241379310345,0.0,0.0,0.0,10,False
6,max_incident_queue,7.241379310344827,0.0,0.0,0.0,10,False
6,max_incident_queue,7.3405172413793105,0.0,0.0,0.0,10,False
6,max_incident_queue,7.439655172413794,0.0,0.0,0.0,10,False
6,max_incident_queue,7.538793103448276,0.0,0.0,0.0,10,False
6,max_incident_queue,7.637931034482759,0.0,0.0,0.0,10,False
6,max_incident_queue,7.737068965517242,0.0,0.0,0.0,10,False
6,max_incident_queue,7.836206896551724,0.0,0.0,0.0,10,False
6,max_incident_queue,7.935344827586207,0.0,0.0,0.0,10,False
6,max_incident_queue,8.0,0.0,0.0,0.0,10,True
6,max_incident_queue,8.03448275862069,0.0,0.0,0.0,10,False
6,max_incident_queue,8.133620689655173,0.0,0.0,0.0,10,False
6,max_incident_queue,8.232758620689655,0.0,0.0,0.0,10,False
6,max_incident_queue,8.331896551724139,0.0,0.0,0.0,10,False
6,max_incident_queue,8.431034482758621,0.0,0.0,0.0,10,False
6,max_incident_queue,8.530172413793103,0.0,0.0,0.0,10,False
6,max_incident_queue,8.629310344827587,0.0,0.0,0.0,10,False
6,max_incident_queue,8.72844827586207,0.0,0.0,0.0,10,False
6,max_incident_queue,8.827586206896552,0.0,0.0,0.0,10,False
6,max_incident_queue,8.926724137931036,0.0,0.0,0.0,10,False
6,max_incident_queue,9.025862068965518,0.0,0.0,0.0,10,False
6,max_incident_queue,9.125,0.0,0.0,0.0,10,False
6,max_incident_queue,9.224137931034484,0.0,0.0,0.0,10,False
6,max_incident_queue,9.323275862068966,0.0,0.0,0.0,10,False
6,max_incident_queue,9.422413793103448,0.0,0.0,0.0,10,False
6,max_incident_queue,9.52155172413793,0.0,0.0,0.0,10,False
6,max_incident_queue,9.620689655172415,0.0,0.0,0.0,10,False
6,max_incident_queue,9.719827586206897,0.0,0.0,0.0,10,False
6,max_incident_queue,9.818965517241379,0.0,0.0,0.0,10,False
6,max_incident_queue,9.918103448275863,0.0,0.0,0.0,10,False
6,max_incident_queue,10.0,0.0,0.0,0.0,10,True
6,max_incident_queue,10.017241379310345,0.0,0.0,0.0,10,False
6,max_incident_queue,10.116379310344827,0.0,0.0,0.0,10,False
6,max_incident_queue,10.215517241379311,0.0,0.0,0.0,10,False
6,max_incident_queue,10.314655172413794,0.0,0.0,0.0,10,False
6,max_incident_queue,10.413793103448276,0.0,0.0,0.0,10,False
6,max_incident_queue,10.51293103448276,0.0,0.0,0.0,10,False
6,max_incident_queue,10.612068965517242,0.0,0.0,0.0,10,False
6,max_incident_queue,10.711206896551724,0.0,0.0,0.0,10,False
6,max_incident_queue,10.810344827586206,0.0,0.0,0.0,10,False
6,max_incident_queue,10.90948275862069,0.0,0.0,0.0,10,False
6,max_incident_queue,11.0,0.0,0.0,0.0,10,True
6,max_incident_queue,11.008620689655173,0.0,0.0,0.0,10,False
6,max_incident_queue,11.107758620689655,0.0,0.0,0.0,10,False
6,max_incident_queue,11.206896551724139,0.0,0.0,0.0,10,False
6,max_incident_queue,11.306034482758621,0.0,0.0,0.0,10,False
6,max_incident_queue,11.405172413793103,0.0,0.0,0.0,10,False
6,max_incident_queue,11.504310344827587,0.0,0.0,0.0,10,False
6,max_incident_queue,11.60344827586207,0.0,0.0,0.0,10,False
6,max_incident_queue,11.702586206896552,0.0,0.0,0.0,10,False
6,max_incident_queue,11.801724137931036,0.0,0.0,0.0,10,False
6,max_incident_queue,11.900862068965518,0.0,0.0,0.0,10,False
6,max_incident_queue,12.0,0.0,0.0,0.0,10,True
7,mean_response_min,0.5,-0.04386160560928993,-0.12357862581287557,0.03585541459429572,9,True
7,mean_response_min,0.5991379310344828,0.0012573245219988927,-0.08366956076053986,0.08618420980453764,9,False
7,mean_response_min,0.6982758620689655,0.04202343508916441,-0.06602890435245103,0.15007577453077986,9,False
7,mean_response_min,0.7974137931034483,0.07540470976044168,-0.05829056734570594,0.20909998686658932,9,False
7,mean_response_min,0.896551724137931,0.09836913220406579,-0.0544636058025538,0.2512018702106854,9,False
7,mean_response_min,0.9956896551724138,0.10788468608827176,-0.05245464454939963,0.26822401672594315,9,False
7,mean_response_min,1.0,0.10794647791961667,-0.05239853733234784,0.2682914931715812,9,True
7,mean_response_min,1.0948275862068966,0.10364748651200774,-0.051612750618855244,0.25890772364287074,9,False
7,mean_response_min,1.1939655172413794,0.08935122278353297,-0.051953012944105675,0.2306554585111716,9,False
7,mean_response_min,1.293103448275862,0.06744730982311979,-0.05438729911931463,0.18928191876555422,9,False
7,mean_response_min,1.3922413793103448,0.0403832522929779,-0.06085014750100451,0.1416166520869603,9,False
7,mean_response_min,1.4913793103448276,0.010606554855316856,-0.07486932824827153,0.09608243795890523,9,False
7,mean_response_min,1.5905172413793105,-0.019435277827653554,-0.10032947186668492,0.061458916211377806,9,False
7,mean_response_min,1.6896551724137931,-0.04729474109372365,-0.13567570683637006,0.04108622464892276,9,False
7,mean_response_min,1.7887931034482758,-0.07052433028068383,-0.17220575790568776,0.03115709734432008,9,False
7,mean_response_min,1.8879310344827587,-0.08667654072632441,-0.20040051591477143,0.0270474344621226,9,False
7,mean_response_min,1.9870689655172415,-0.09330386776843566,-0.21289445660872103,0.02628672107184972,9,False
7,mean_response_min,2.0,-0.09333795070860479,-0.21306084751325888,0.026384946096049286,9,True
7,mean_response_min,2.086206896551724,-0.0915467256442637,-0.21068826499455046,0.02759481370602307,9,False
7,mean_response_min,2.185344827586207,-0.08640810335321611,-0.20286501795986278,0.030048811253430577,9,False
7,mean_response_min,2.2844827586206895,-0.07830980551029393,-0.19058264091174393,0.03396302989115607,9,False
7,mean_response_min,2.3836206896551726,-0.06760083816976836,-0.17517195384599688,0.039970277506460136,9,False
7,mean_response_min,2.4827586206896552,-0.05463020738591076,-0.15824896248281187,0.04898854771099034,9,False
7,mean_response_min,2.581896551724138,-0.03974691921299229,-0.1416046734708768,0.062110835044892225,9,False
7,mean_response_min,2.681034482758621,-0.02329997970528412,-0.12690173216239642,0.08030177275182816,9,False
7,mean_response_min,2.7801724137931036,-0.00563839491705764,-0.11523751017492945,0.10396072034081416,9,False
7,mean_response_min,2.8793103448275863,0.01288882909741596,-0.10689328924163281,0.13267094743646474,9,False
7,mean_response_min,2.978448275862069,0.03193268628386548,-0.10149290617942922,0.16535827874716016,9,False
7,mean_response_min,3.0775862068965516,0.051144170588019684,-0.09837176603300452,0.20066010720904387,9,False
7,mean_response_min,3.1767241379310347,0.07017427595560734,-0.09685627293046008,0.23720482484167477,9,False
7,mean_response_min,3.2758620689655173,0.08867399633235712,-0.09637812039073734,0.2737261130554516,9,False
7,mean_response_min,3.375,0.10629432566399782,-0.09648899743613154,0.3090776487641272,9,False
7,mean_response_min,3.474137931034483,0.12268625789625835,-0.09684046162737979,0.3422129774198965,9,False
7,mean_response_min,3.5732758620689657,0.13750078697486723,-0.09715956136933956,0.372161135319074,9,False
7,mean_response_min,3.6724137931034484,0.15038890684555334,-0.09722973185453701,0.39800754554564366,9,False
7,mean_response_min,3.771551724137931,0.1610016114540454,-0.09687843099609528,0.4188816539041861,9,False
7,mean_response_min,3.8706896551724137,0.16898989474607223,-0.09597098597816461,0.4339507754703091,9,False
7,mean_response_min,3.969827586206897,0.17400475066736257,-0.0944103596533242,0.4424198609880493,9,False
7,mean_response_min,4.0,0.1748876123543467,-0.09379628887885683,0.4435715135875502,9,True
7,mean_response_min,4.068965517241379,0.17175633881596228,-0.09242124140783539,0.43593391903976,9,False
7,mean_response_min,4.168103448275862,0.15240136024560863,-0.09359935934545147,0.39840207983666875,9,False
7,mean_response_min,4.267241379310345,0.11914556078118974,-0.10771399010373137,0.3460051116661108,9,False
7,mean_response_min,4.366379310344827,0.07601655251050674,-0.14910480999840914,0.3011379150194226,9,False
7,mean_response_min,4.4655172413793105,0.02704194752135952,-0.22579906168819625,0.2798829567309153,9,False
7,mean_response_min,4.564655172413794,-0.023750642098450892,-0.32871843575832027,0.28121715156141847,9,False
7,mean_response_min,4.663793103448276,-0.07233360426112344,-0.4397167615403372,0.29504955301809027,9,False
7,mean_response_min,4.762931034482759,-0.11467932687885835,-0.5416911557662578,0.3123325020085411,9,False
7,mean_response_min,4.862068965517242,-0.1467601978638544,-0.6202733087022216,0.32675291297451275,9,False
7,mean_response_min,4.961206896551724,-0.16454860512831104,-0.6629114189118839,0.3338142086552618,9,False
7,mean_response_min,5.0,-0.16674479738867573,-0.6673086911166078,0.3338190963392563,9,True
7,mean_response_min,5.060344827586207,-0.1644764885002067,-0.6602544988063526,0.3313015218059391,9,False
7,mean_response_min,5.1594827586206895,-0.14770526858601432,-0.6184755524449225,0.3230650152728938,9,False
7,mean_response_min,5.258620689655173,-0.11798370586096708,-0.548240899061571,0.3122734873396369,9,False
7,mean_response_min,5.357758620689656,-0.07906931930464885,-0.4610100946637479,0.30287145605445026,9,False
7,mean_response_min,5.456896551724138,-0.034719627896644206,-0.369412181270109,0.29997292547682064,9,False
7,mean_response_min,5.556034482758621,0.01130784938346363,-0.2866451163469115,0.30926081511383874,9,False
7,mean_response_min,5.655172413793103,0.055255593556090124,-0.22368143616960123,0.33419262328178145,9,False
7,mean_response_min,5.754310344827586,0.0933660856416519,-0.18453217282215922,0.371264344105463,9,False
7,mean_response_min,5.853448275862069,0.12188180666056454,-0.16515289859103038,0.40891651191215944,9,False
7,mean_response_min,5.952586206896552,0.13704523763324408,-0.15852832305495282,0.432618798321441,9,False
7,mean_response_min,6.0,0.13848004821980708,-0.15835993088430833,0.4353200273239225,9,True
7,mean_response_min,6.051724137931035,0.13730935223921859,-0.1593405393860351,0.43395924386447227,9,False
7,mean_response_min,6.150862068965518,0.13265890337645966,-0.16249129315529423,0.4278090999082136,9,False
7,mean_response_min,6.25,0.12510465955106007,-0.16716092196031115,0.41737024106243126,9,False
7,mean_response_min,6.349137931034483,0.11495496108701413,-0.17321493547110622,0.4031248576451345,9,False
7,mean_response_min,6.448275862068966,0.10251814830831643,-0.1805567149373474,0.3855930115539803,9,False
7,mean_response_min,6.547413793103448,0.08810256153896169,-0.18911404263611553,0.3653191657140389,9,False
7,mean_response_min,6.6465517241379315,0.07201654110294421,-0.1988270669145829,0.3428601491204713,9,False
7,mean_response_min,6.745689655172414,0.05456842732425879,-0.20963648450587632,0.3187733391543939,9,False
7,mean_response_min,6.844827586206897,0.03606656052689962,-0.22147114634279114,0.29360426739659035,9,False
7,mean_response_min,6.94396551724138,0.016819281034861418,-0.23423477598778453,0.26787333805750735,9,False
7,mean_response_min,7.043103448275862,-0.0028650708278611073,-0.24779207501625394,0.24206193336053172,9,False
7,mean_response_min,7.142241379310345,-0.022678154737273776,-0.26195514046158597,0.21659883098703844,9,False
7,mean_response_min,7.241379310344827,-0.04231163036938167,-0.2764716912290825,0.1918484304903192,9,False
7,mean_response_min,7.3405172413793105,-0.061457157400190594,-0.2910168678059769,0.1681025530055957,9,False
7,mean_response_min,7.439655172413794,-0.07980639550570592,-0.30519013305068415,0.1455773420392723,9,False
7,mean_response_min,7.538793103448276,-0.09705100436193287,-0.31851803656824046,0.12441602784437472,9,False
7,mean_response_min,7.637931034482759,-0.11288264364487723,-0.33046254380433493,0.10469725651458049,9,False
7,mean_response_min,7.737068965517242,-0.12699297303054427,-0.3404336843704207,0.08644773830933217,9,False
7,mean_response_min,7.836206896551724,-0.1390736521949395,-0.34780482283283276,0.06965751844295379,9,False
7,mean_response_min,7.935344827586207,-0.14881634081406844,-0.35192907181141153,0.054296390183274645,9,False
7,mean_response_min,8.0,-0.15376381134838407,-0.35255944458995264,0.0450318218931845,9,True
7,mean_response_min,8.03448275862069,-0.15609639275183645,-0.35229341086083255,0.04010062535715961,9,False
7,mean_response_min,8.133620689655173,-0.1628840127813608,-0.35041672057670636,0.02464869501398473,9,False
7,mean_response_min,8.232758620689655,-0.1697355941585318,-0.34782984520747695,0.008358656890413346,9,False
7,mean_response_min,8.331896551724139,-0.1765784342553681,-0.3459601314308842,-0.007196737079851967,9,False
7,mean_response_min,8.431034482758621,-0.183339830443888,-0.3464619517135549,-0.020217709174221055,9,False
7,mean_response_min,8.530172413793103,-0.18994708009611008,-0.35100228837163583,-0.028891871820584364,9,False
7,mean_response_min,8.629310344827587,-0.19632748058405303,-0.3608354876725749,-0.031819473495531186,9,False
7,mean_response_min,8.72844827586207,-0.20240832927973512,-0.37636699992424477,-0.028449658635225472,9,False
7,mean_response_min,8.827586206896552,-0.20811692355517505,-0.3970562429194521,-0.019177604190898034,9,False
7,mean_response_min,8.926724137931036,-0.21338056078239137,-0.42172622568859275,-0.005034895876189993,9,False
7,mean_response_min,9.025862068965518,-0.21812653833340245,-0.4489825304482716,0.01272945378146667,9,False
7,mean_response_min,9.125,-0.22228215358022693,-0.47748556203692516,0.03292125487647132,9,False
7,mean_response_min,9.224137931034484,-0.22577470389488333,-0.5060504895253214,0.05450108173555471,9,False
7,mean_response_min,9.323275862068966,-0.22853148664939013,-0.5336515272427661,0.07658855394398581,9,False
7,mean_response_min,9.422413793103448,-0.23047979921576595,-0.5593937709242331,0.09843417249270131,9,False
7,mean_response_min,9.52155172413793,-0.23154693896602924,-0.5824820882408359,0.11938821030877744,9,False
7,mean_response_min,9.620689655172415,-0.2316602032721985,-0.6021964538429432,0.13887604729854625,9,False
7,mean_response_min,9.719827586206897,-0.2307468895062922,-0.617875105934164,0.15638132692157955,9,False
7,mean_response_min,9.818965517241379,-0.22873429504032922,-0.6289046919657466,0.17143610188508823,9,False
7,mean_response_min,9.918103448275863,-0.2255497172463276,-0.634716552342913,0.18361711785025775,9,False
7,mean_response_min,10.0,-0.22198334947877463,-0.635209895299336,0.19124319634178677,9,True
7,mean_response_min,10.017241379310345,-0.22124479573603423,-0.6348993636333701,0.19240977216130162,9,False
7,mean_response_min,10.116379310344827,-0.22075303023403392,-0.6343105892535761,0.19280452878550824,9,False
7,mean_response_min,10.215517241379311,-0.22570315791084297,-0.638154987143255,0.1867486713215691,9,False
7,mean_response_min,10.314655172413794,-0.23477676070245096,-0.6501794273149033,0.18062590591000144,9,False
7,mean_response_min,10.413793103448276,-0.2466554205448482,-0.6730348063441401,0.1797239652544437,9,False
7,mean_response_min,10.51293103448276,-0.2600207193740247,-0.7066448674318788,0.18660342868382945,9,False
7,mean_response_min,10.612068965517242,-0.27355423912597016,-0.7476978487513355,0.20058937049939513,9,False
7,mean_response_min,10.711206896551724,-0.2859375617366748,-0.7904149717516646,0.21853984827831502,9,False
7,mean_response_min,10.810344827586206,-0.2958522691421284,-0.8278007256088702,0.2360961873246133,9,False
7,mean_response_min,10.90948275862069,-0.30197994327832145,-0.8526082660201023,0.2486483794634594,9,False
7,mean_response_min,11.0,-0.30314932594252336,-0.8583514166802608,0.25205276479521405,9,True
7,mean_response_min,11.008620689655173,-0.30304456163921684,-0.8579528929052183,0.25186376962678453,9,False
7,mean_response_min,11.107758620689655,-0.30440242301438186,-0.8520017338896235,0.24319688786085986,9,False
7,mean_response_min,11.206896551724139,-0.31018581836606457,-0.843738961274944,0.22336732454281488,9,False
7,mean_response_min,11.306034482758621,-0.31997824125237057,-0.8338263945192377,0.1938699120144965,9,False
7,mean_response_min,11.405172413793103,-0.33336318523140585,-0.8234284039033453,0.15670203344053363,9,False
7,mean_response_min,11.504310344827587,-0.3499241438612769,-0.8143052202968195,0.1144569325742657,9,False
7,mean_response_min,11.60344827586207,-0.36924461070008896,-0.8089458039905597,0.07045658259038179,9,False
7,mean_response_min,11.702586206896552,-0.3909080793059482,-0.8106468051015403,0.028830646489643952,9,False
7,mean_response_min,11.801724137931036,-0.414498043236961,-0.8233259808254136,-0.0056701056485082835,9,False
7,mean_response_min,11.900862068965518,-0.43959799605123245,-0.8508018723866287,-0.028394119715836164,9,False
7,mean_response_min,12.0,-0.4657914313068691,-0.8955977516605427,-0.035985110953195565,9,True
7,p95_response_min,0.5,0.19256208189427454,-0.25148687523744573,0.6366110390259948,9,True
7,p95_response_min,0.5991379310344828,0.19295042864313403,-0.1398119204342899,0.5257127777205579,9,False
7,p95_response_min,0.6982758620689655,0.1902199090799728,-0.1105877884619397,0.49102760662188527,9,False
7,p95_response_min,0.7974137931034483,0.18079969569931686,-0.16411559597568448,0.5257149873743182,9,False
7,p95_response_min,0.896551724137931,0.16111896099569234,-0.25200208471023566,0.5742400067016203,9,False
7,p95_response_min,0.9956896551724138,0.12760687746362528,-0.33878024811562013,0.5939940030428706,9,False
7,p95_response_min,1.0,0.12578090063810196,-0.342245086093913,0.5938068873701169,9,True
7,p95_response_min,1.0948275862068966,0.07473921744395677,-0.42832251884286116,0.5778009537307747,9,False
7,p95_response_min,1.1939655172413794,0.0025792864969888135,-0.5409555805419147,0.5461141535358923,9,False
7,p95_response_min,1.293103448275862,-0.08312976239700758,-0.6761454836482218,0.5098859588542067,9,False
7,p95_response_min,1.3922413793103448,-0.17663780364884107,-0.8295685144821277,0.4762929071844455,9,False
7,p95_response_min,1.4913793103448276,-0.2721947116693201,-0.9930688666497544,0.4486794433111142,9,False
7,p95_response_min,1.5905172413793105,-0.3640503608692534,-1.1557950840692781,0.42769436233077124,9,False
7,p95_response_min,1.6896551724137931,-0.4464546256594491,-1.3055402059974468,0.41263095467854854,9,False
7,p95_response_min,1.7887931034482758,-0.5136573804507159,-1.429713712074622,0.40239895117319024,9,False
7,p95_response_min,1.8879310344827587,-0.5599084996538622,-1.5159297781068342,0.39611277879910967,9,False
7,p95_response_min,1.9870689655172415,-0.5794578576796972,-1.5524293636584634,0.393513648299069,9,False
7,p95_response_min,2.0,-0.5797381668282657,-1.552951134886843,0.39347480123031153,9,True
7,p95_response_min,2.086206896551724,-0.5724095975839144,-1.529516280552959,0.38469708538513014,9,False
7,p95_response_min,2.185344827586207,-0.5469827887405675,-1.4485614326485263,0.35459585516739134,9,False
7,p95_response_min,2.2844827586206895,-0.5052115893605671,-1.3168757171013032,0.30645253838016895,9,False
7,p95_response_min,2.3836206896551726,-0.4490201974522725,-1.1430974356593735,0.24505704075482837,9,False
7,p95_response_min,2.4827586206896552,-0.38033281102404437,-0.9389040197280216,0.17823839767993288,9,False
7,p95_response_min,2.581896551724138,-0.3010736280842424,-0.7247619843498595,0.12261472818137475,9,False
7,p95_response_min,2.681034482758621,-0.21316684664122587,-0.5468894647056532,0.12055577142320151,9,False
7,p95_response_min,2.7801724137931036,-0.11853666470335557,-0.4788340829336015,0.24176075352689042,9,False
7,p95_response_min,2.8793103448275863,-0.019107280278991168,-0.5197318985868127,0.4815173380288304,9,False
7,p95_response_min,2.978448275862069,0.0831971086235078,-0.6110462169614234,0.777440434208439,9,False
7,p95_response_min,3.0775862068965516,0.18645230399578136,-0.7211218552827664,1.094026463274329,9,False
7,p95_response_min,3.1767241379310347,0.2887341078294697,-0.8368631023993083,1.4143313180582475,9,False
7,p95_response_min,3.2758620689655173,0.38811832211621256,-0.9514705283822908,1.727707172614716,9,False
7,p95_response_min,3.375,0.48268074884765,-1.0603781558180772,2.025739653513377,9,False
7,p95_response_min,3.474137931034483,0.5704971900154228,-1.1599299748077951,2.3009243548386404,9,False
7,p95_response_min,3.5732758620689657,0.6496434476111703,-1.2468900887039036,2.5461769839262445,9,False
7,p95_response_min,3.6724137931034484,0.718195323626533,-1.3182379210203583,2.754628568273424,9,False
7,p95_response_min,3.771551724137931,0.774228620053151,-1.3710741470616425,2.9195313871679445,9,False
7,p95_response_min,3.8706896551724137,0.8158191388826643,-1.4025749979093662,3.034213275674695,9,False
7,p95_response_min,3.969827586206897,0.8410426821067136,-1.4099705865866228,3.09205595080005,9,False
7,p95_response_min,4.0,0.8451774028403326,-1.4070203826378544,3.09737518831852,9,True
7,p95_response_min,4.068965517241379,0.8412474504971463,-1.3761530295144802,3.058647930508773,9,False
7,p95_response_min,4.168103448275862,0.800230215191782,-1.2719690115274818,2.872429441911046,9,False
7,p95_response_min,4.267241379310345,0.7260988822306689,-1.1343481148794612,2.586545879340799,9,False
7,p95_response_min,4.366379310344827,0.6284265571794729,-1.0205130786560574,2.2773661930150033,9,False
7,p95_response_min,4.4655172413793105,0.5167863456038568,-1.000968277790397,2.034540968998111,9,False
7,p95_response_min,4.564655172413794,0.40075135306948667,-1.1273046406399687,1.928807346778942,9,False
7,p95_response_min,4.663793103448276,0.28989468514202793,-1.381313309872007,1.9611026801560627,9,False
7,p95_response_min,4.762931034482759,0.1937894473871443,-1.6829145169231685,2.070493411697457,9,False
7,p95_response_min,4.862068965517242,0.1220087453705007,-1.9431388492963062,2.1871563400373075,9,False
7,p95_response_min,4.961206896551724,0.08412568465776202,-2.089400494095501,2.2576518634110245,9,False
7,p95_response_min,5.0,0.08060638940326549,-2.103242453936522,2.264455232743053,9,True
7,p95_response_min,5.060344827586207,0.06575104520102197,-2.0970613838725978,2.228563474274642,9,False
7,p95_response_min,5.1594827586206895,-0.016008490411638456,-2.066526316974334,2.0345093361510567,9,False
7,p95_response_min,5.258620689655173,-0.15466827864154997,-2.030497010220859,1.721160452937759,9,False
7,p95_response_min,5.357758620689656,-0.333662423157108,-2.021884775014635,1.3545599287004193,9,False
7,p95_response_min,5.456896551724138,-0.5364250276267053,-2.081667051044586,1.0088169957911752,9,False
7,p95_response_min,5.556034482758621,-0.7463901957187411,-2.2428552363242122,0.7500748448867303,9,False
7,p95_response_min,5.655172413793103,-0.9469920311016075,-2.499941523933032,0.6059574617298168,9,False
7,p95_response_min,5.754310344827586,-1.1216646374437031,-2.798428816934123,0.5550995420467166,9,False
7,p95_response_min,5.853448275862069,-1.2538421184134216,-3.0618147681082366,0.5541305312813936,9,False
7,p95_response_min,5.952586206896552,-1.326958577679158,-3.2187605642885817,0.5648434089302659,9,False
7,p95_response_min,6.0,-1.3362118523115492,-3.2391232085511055,0.5666995039280074,9,True
7,p95_response_min,6.051724137931035,-1.3337442286046746,-3.23287573283515,0.5653872756258005,9,False
7,p95_response_min,6.150862068965518,-1.315901218535301,-3.187743828341453,0.5559413912708511,9,False
7,p95_response_min,6.25,-1.2823073091763435,-3.1028850678866196,0.5382704495339323,9,False
7,p95_response_min,6.349137931034483,-1.234727773116507,-2.9828841108166455,0.5134285645836316,9,False
7,p95_response_min,6.448275862068966,-1.1749278829444976,-2.8323275851533145,0.48247181926431937,9,False
7,p95_response_min,6.547413793103448,-1.1046729112490221,-2.6558034724756583,0.4464576499776143,9,False
7,p95_response_min,6.6465517241379315,-1.0257281306187847,-2.4579007210120216,0.4064444597744523,9,False
7,p95_response_min,6.745689655172414,-0.939858813642493,-2.24320899783122,0.3634913705462339,9,False
7,p95_response_min,6.844827586206897,-0.8488302329088513,-2.0163185298657575,0.31865806404805497,9,False
7,p95_response_min,6.94396551724138,-0.7544076610065661,-1.781820004189759,0.27300468217662666,9,False
7,p95_response_min,7.043103448275862,-0.6583563705243443,-1.544304508324501,0.22759176727581243,9,False
7,p95_response_min,7.142241379310345,-0.5624416340508896,-1.3083634929822954,0.18348022488051619,9,False
7,p95_response_min,7.241379310344827,-0.4684287241749103,-1.0785887263706175,0.14173127802079688,9,False
7,p95_response_min,7.3405172413793105,-0.37808291348511003,-0.8595721535233647,0.10340632655314463,9,False
7,p95_response_min,7.439655172413794,-0.29316947457019576,-0.6559053701994244,0.06956642105903293,9,False
7,p95_response_min,7.538793103448276,-0.21545368001887374,-0.47217762154144205,0.04127026150369453,9,False
7,p95_response_min,7.637931034482759,-0.14670080241984862,-0.31296763726480203,0.019566032425104796,9,False
7,p95_response_min,7.737068965517242,-0.08867611436182758,-0.18280483698042282,0.00545260825676766,9,False
7,p95_response_min,7.836206896551724,-0.04314488843351567,-0.08593447419364703,-0.00035530267338430843,9,False
7,p95_response_min,7.935344827586207,-0.011872397223618793,-0.024512541337755656,0.0007677468905180687,9,False
7,p95_response_min,8.0,0.0,0.0,0.0,9,True
7,p95_response_min,8.03448275862069,0.00459986835813145,-0.0024171226440355955,0.011616859360298496,9,False
7,p95_response_min,8.133620689655173,0.01967651870551577,-0.010387880656123977,0.04974091806715552,9,False
7,p95_response_min,8.232758620689655,0.03732274410041968,-0.01986197357402758,0.09450746177486694,9,False
7,p95_response_min,8.331896551724139,0.05731033758889169,-0.030800921221420696,0.14542159639920407,9,False
7,p95_response_min,8.431034482758621,0.07941109221697919,-0.04315029390494636,0.20197247833890475,9,False
7,p95_response_min,8.530172413793103,0.10339680103073058,-0.05684723918994443,0.2636408412514056,9,False
7,p95_response_min,8.629310344827587,0.1290392570761945,-0.0718249006689256,0.32990341482131463,9,False
7,p95_response_min,8.72844827586207,0.15611025339941817,-0.08801520722607867,0.400235714024915,9,False
7,p95_response_min,8.827586206896552,0.18438158304645003,-0.1053507772206374,0.47411394331353746,9,False
7,p95_response_min,8.926724137931036,0.2136250390633388,-0.1237663340337532,0.5510164121604308,9,False
7,p95_response_min,9.025862068965518,0.24361241449613155,-0.14319985592003023,0.6304246849122933,9,False
7,p95_response_min,9.125,0.27411550239087684,-0.1635935928539044,0.7118245976356581,9,False
7,p95_response_min,9.224137931034484,0.3049060957936234,-0.1848950345511452,0.794707226138392,9,False
7,p95_response_min,9.323275862068966,0.33575598775041826,-0.20705788724433705,0.8785698627451736,9,False
7,p95_response_min,9.422413793103448,0.36643697130730996,-0.23004310220241558,0.9629170448170354,9,False
7,p95_response_min,9.52155172413793,0.3967208395103467,-0.25381999127535876,1.0472616702960522,9,False
7,p95_response_min,9.620689655172415,0.4263793854055771,-0.2783674611572133,1.1311262319683675,9,False
7,p95_response_min,9.719827586206897,0.4551844020390483,-0.30367539705676494,1.2140442011348616,9,False
7,p95_response_min,9.818965517241379,0.48290768245680865,-0.32974622714912777,1.295561592062745,9,False
7,p95_response_min,9.918103448275863,0.5093210197049071,-0.35659670098937957,1.3752387403991937,9,False
7,p95_response_min,10.0,0.5299905565747783,-0.3793885355046236,1.4393696486541803,9,True
7,p95_response_min,10.017241379310345,0.5342274401680894,-0.3844630257047996,1.4529179060409785,9,False
7,p95_response_min,10.116379310344827,0.5586543913733657,-0.42172615351566844,1.5390349362623998,9,False
7,p95_response_min,10.215517241379311,0.5827939256614212,-0.47184209250806486,1.6374299438309072,9,False
7,p95_response_min,10.314655172413794,0.6060968898303231,-0.5330096526614244,1.7452034323220706,9,False
7,p95_response_min,10.413793103448276,0.6280141306781404,-0.6022959490995956,1.8583242104558764,9,False
7,p95_response_min,10.51293103448276,0.6479964950029412,-0.6756034390704891,1.9715964290763717,9,False
7,p95_response_min,10.612068965517242,0.6654948296027934,-0.7479395061735654,2.078929165379152,9,False
7,p95_response_min,10.711206896551724,0.6799599812757653,-0.813748453950218,2.173668416501749,9,False
7,p95_response_min,10.810344827586206,0.6908427968199253,-0.8671994190724945,2.2488850127123454,9,False
7,p95_response_min,10.90948275862069,0.6975941230333419,-0.9024159627248168,2.2976042087915007,9,False
7,p95_response_min,11.0,0.6996844587396644,-0.9137907964520904,2.3131597139314195,9,True
7,p95_response_min,11.008620689655173,0.6996182630971043,-0.9137043446691743,2.312940870863383,9,False
7,p95_response_min,11.107758620689655,0.6895632284853277,-0.900572427886573,2.279698884857228,9,False
7,p95_response_min,11.206896551724139,0.6631913424351679,-0.8661306356519314,2.1925133205222673,9,False
7,p95_response_min,11.306034482758621,0.6216291915945249,-0.8118502947860722,2.055108677975122,9,False
7,p95_response_min,11.405172413793103,0.5660033626112974,-0.7392027321098172,1.8712094573324118,9,False
7,p95_response_min,11.504310344827587,0.4974404421333831,-0.6496592744439869,1.644540158710753,9,False
7,p95_response_min,11.60344827586207,0.41706701680868374,-0.5446912486094064,1.378825282226774,9,False
7,p95_response_min,11.702586206896552,0.3260096732850968,-0.4257699814268956,1.0777893279970892,9,False
7,p95_response_min,11.801724137931036,0.22539499821051973,-0.29436679971727436,0.7451567961383139,9,False
7,p95_response_min,11.900862068965518,0.11634957823285504,-0.1519530303013693,0.38465218676707935,9,False
7,p95_response_min,12.0,0.0,0.0,0.0,9,True
7,strict_4min_rate,0.5,0.0,0.0,0.0,9,True
7,strict_4min_rate,0.5991379310344828,-0.002802032433250656,-0.009263530811302859,0.0036594659448015467,9,False
7,strict_4min_rate,0.6982758620689655,-0.005314468954583349,-0.017569656340266714,0.0069407184311000136,9,False
7,strict_4min_rate,0.7974137931034483,-0.007351717137474805,-0.024304807257343033,0.009601372982393426,9,False
7,strict_4min_rate,0.896551724137931,-0.00872818455540174,-0.02885541423298329,0.011399045122179806,9,False
7,strict_4min_rate,0.9956896551724138,-0.009258278781840887,-0.030607907937638963,0.012091350373957187,9,False
7,strict_4min_rate,1.0,-0.009259259259259257,-0.030611149400038562,0.01209263088152005,9,True
7,strict_4min_rate,1.0948275862068966,-0.009041978853388451,-0.029591042623593702,0.011507084916816799,9,False
7,strict_4min_rate,1.1939655172413794,-0.00841432045030411,-0.02666718306331841,0.009838542162710191,9,False
7,strict_4min_rate,1.293103448275862,-0.0074763326818556635,-0.022388854091186208,0.007436188727474881,9,False
7,strict_4min_rate,1.3922413793103448,-0.006328544779076559,-0.01743169007218022,0.0047746005140271025,9,False
7,strict_4min_rate,1.4913793103448276,-0.005071485973000234,-0.012867649539618284,0.0027246775936178164,9,False
7,strict_4min_rate,1.5905172413793105,-0.0038056854946601293,-0.010623276500658939,0.0030119055113386793,9,False
7,strict_4min_rate,1.6896551724137931,-0.002631672575089695,-0.011397412124512526,0.006134066974333137,9,False
7,strict_4min_rate,1.7887931034482758,-0.001649976445322359,-0.013245349666326362,0.009945396775681643,9,False
7,strict_4min_rate,1.8879310344827587,-0.000961126336391574,-0.014832159984646587,0.01290990731186344,9,False
7,strict_4min_rate,1.9870689655172415,-0.0006656514793307789,-0.015555015947994466,0.014223712989332907,9,False
7,strict_4min_rate,2.0,-0.0006613756613756683,-0.015565620502853242,0.014242869180101906,9,True
7,strict_4min_rate,2.086206896551724,-0.0007029587335582177,-0.015561410026123138,0.014155492559006702,9,False
7,strict_4min_rate,2.185344827586207,-0.000846603591222145,-0.015546431385320737,0.013853224202876446,9,False
7,strict_4min_rate,2.2844827586206895,-0.001081281124194947,-0.015522279789373917,0.013359717540984022,9,False
7,strict_4min_rate,2.3836206896551726,-0.0013949925802531067,-0.015492088251939483,0.012702103091433268,9,False
7,strict_4min_rate,2.4827586206896552,-0.001775739207173099,-0.01546008994236901,0.011908611528022814,9,False
7,strict_4min_rate,2.581896551724138,-0.0022115222527314057,-0.015431340883855713,0.011008296378392901,9,False
7,strict_4min_rate,2.681034482758621,-0.0026903429647045073,-0.01541144390993034,0.010030757980521325,9,False
7,strict_4min_rate,2.7801724137931036,-0.0032002025908688817,-0.015406212451078479,0.009005807269340717,9,False
7,strict_4min_rate,2.8793103448275863,-0.0037291023790010074,-0.015421213066676539,0.007963008308674524,9,False
7,strict_4min_rate,2.978448275862069,-0.004265043576877366,-0.015461130878335682,0.006931043724580951,9,False
7,strict_4min_rate,3.0775862068965516,-0.004796027432274437,-0.015528924350668282,0.005936869486119407,9,False
7,strict_4min_rate,3.1767241379310347,-0.005310055192968701,-0.015624787841428857,0.005004677455491454,9,False
7,strict_4min_rate,3.2758620689655173,-0.005795128106736636,-0.015745025844381227,0.004154769630907956,9,False
7,strict_4min_rate,3.375,-0.006239247421354721,-0.01588104255474548,0.0034025477120360375,9,False
7,strict_4min_rate,3.474137931034483,-0.0066304143845994385,-0.016018715330327567,0.002757886561128688,9,False
7,strict_4min_rate,3.5732758620689657,-0.006956630244247262,-0.016138393546803517,0.002225133058308991,9,False
7,strict_4min_rate,3.6724137931034484,-0.007205896248074679,-0.016215629141112065,0.0018038366449627079,9,False
7,strict_4min_rate,3.771551724137931,-0.007366213643858162,-0.01622256170850465,0.0014901344207883275,9,False
7,strict_4min_rate,3.8706896551724137,-0.0074255836793741935,-0.016129755940822197,0.00127858858207381,9,False
7,strict_4min_rate,3.969827586206897,-0.007372007602399259,-0.015908299029681335,0.001164283824882817,9,False
7,strict_4min_rate,4.0,-0.0073314540756401125,-0.015811267765438546,0.0011483596141583204,9,True
7,strict_4min_rate,4.068965517241379,-0.007139615316394417,-0.01539103842541592,0.0011118077926270875,9,False
7,strict_4min_rate,4.168103448275862,-0.006600465637901469,-0.014226293201033696,0.0010253619252307573,9,False
7,strict_4min_rate,4.267241379310345,-0.005819598678632988,-0.012544162308155827,0.0009049649508898507,9,False
7,strict_4min_rate,4.366379310344827,-0.004873735513058069,-0.010507254992776622,0.0007597839666604852,9,False
7,strict_4min_rate,4.4655172413793105,-0.0038395972156457813,-0.008279630985975568,0.0006004365546840051,9,False
7,strict_4min_rate,4.564655172413794,-0.002793904860865224,-0.006026161133713953,0.0004383514119835046,9,False
7,strict_4min_rate,4.663793103448276,-0.0018133795231854895,-0.003912198193601431,0.0002854391472304522,9,False
7,strict_4min_rate,4.762931034482759,-0.0009747422770756501,-0.0021033956724940653,0.00015391111834276501,9,False
7,strict_4min_rate,4.862068965517242,-0.00035471419700480153,-0.0007656025605526657,5.617416654306258e-05,9,False
7,strict_4min_rate,4.961206896551724,-3.001635744203314e-05,-6.479933263300395e-05,4.766617748937668e-06,9,False
7,strict_4min_rate,5.0,0.0,0.0,0.0,9,True
7,strict_4min_rate,5.060344827586207,-2.295923753342182e-05,-0.00019189708975709627,0.00014597861469025261,9,False
7,strict_4min_rate,5.1594827586206895,-0.0001493202678264694,-0.001248043398476878,0.000949402862823939,9,False
7,strict_4min_rate,5.258620689655173,-0.0003636217993805977,-0.003039210904621702,0.002311967305860506,9,False
7,strict_4min_rate,5.357758620689656,-0.0006402609014489098,-0.005351406095017184,0.004070884292119365,9,False
7,strict_4min_rate,5.456896551724138,-0.0009536346432845048,-0.007970635456488922,0.006063366169919912,9,False
7,strict_4min_rate,5.556034482758621,-0.001278140094140493,-0.010682905475862583,0.008126625287581598,9,False
7,strict_4min_rate,5.655172413793103,-0.001588174323269972,-0.01327422263996375,0.010097873993423809,9,False
7,strict_4min_rate,5.754310344827586,-0.001858134399926048,-0.015530593435618087,0.011814324635765991,9,False
7,strict_4min_rate,5.853448275862069,-0.0020624173933618266,-0.017238024349651205,0.01311318956292755,9,False
7,strict_4min_rate,5.952586206896552,-0.0021754203728304067,-0.018182521868888694,0.013831681123227881,9,False
7,strict_4min_rate,6.0,-0.0021897214975539234,-0.01830205302538731,0.013922610030279461,9,True
7,strict_4min_rate,6.051724137931035,-0.0021886845531938516,-0.018272384852639177,0.013895015746251474,9,False
7,strict_4min_rate,6.150862068965518,-0.0021814368663922784,-0.01805886636721424,0.013695992634429683,9,False
7,strict_4min_rate,6.25,-0.0021684444467365525,-0.017661197249280662,0.013324308355807559,9,False
7,strict_4min_rate,6.349137931034483,-0.0021510976277493055,-0.017107757326571944,0.012805562071073334,9,False
7,strict_4min_rate,6.448275862068966,-0.002130786742953161,-0.01642960191126874,0.012168028425362416,9,False
7,strict_4min_rate,6.547413793103448,-0.002108902125870752,-0.01566050973754534,0.011442705485803836,9,False
7,strict_4min_rate,6.6465517241379315,-0.002086834110024702,-0.014837182005485164,0.01066351378543576,9,False
7,strict_4min_rate,6.745689655172414,-0.002065973028937639,-0.013999412577843434,0.009867466519968155,9,False
7,strict_4min_rate,6.844827586206897,-0.0020477092161321933,-0.013189905195541,0.009094486763276613,9,False
7,strict_4min_rate,6.94396551724138,-0.00203343300513099,-0.012453167370416504,0.008386301360154523,9,False
7,strict_4min_rate,7.043103448275862,-0.0020245347294566597,-0.011832668237457147,0.007783598778543828,9,False
7,strict_4min_rate,7.142241379310345,-0.0020224047226318283,-0.01136558283227749,0.007320773387013835,9,False
7,strict_4min_rate,7.241379310344827,-0.0020284333181791233,-0.011075553946728416,0.00701868731037017,9,False
7,strict_4min_rate,7.3405172413793105,-0.002044010849621174,-0.010965980664565774,0.006877958965323425,9,False
7,strict_4min_rate,7.439655172413794,-0.002070527650480605,-0.011017611098419259,0.00687655579745805,9,False
7,strict_4min_rate,7.538793103448276,-0.002109374054280049,-0.011192368717252595,0.006973620608692496,9,False
7,strict_4min_rate,7.637931034482759,-0.0021619403945421305,-0.011441411410870288,0.007117530621786026,9,False
7,strict_4min_rate,7.737068965517242,-0.002229617004789477,-0.011713434833354349,0.007254200823775394,9,False
7,strict_4min_rate,7.836206896551724,-0.0023137942185447163,-0.011960617909281594,0.007333029472192162,9,False
7,strict_4min_rate,7.935344827586207,-0.0024158623693304767,-0.012142023975567531,0.007310299236906577,9,False
7,strict_4min_rate,8.0,-0.002492729538845043,-0.012209223769065667,0.00722376469137558,9,True
7,strict_4min_rate,8.03448275862069,-0.0025333404998640896,-0.012222188954664922,0.007155507954936743,9,False
7,strict_4min_rate,8.133620689655173,-0.0026217938677917407,-0.012149449836837762,0.0069058621012542815,9,False
7,strict_4min_rate,8.232758620689655,-0.002671122958150491,-0.011933415926707039,0.006591170010406057,9,False
7,strict_4min_rate,8.331896551724139,-0.0026850000245346025,-0.011603820246707117,0.006233820197637911,9,False
7,strict_4min_rate,8.431034482758621,-0.002667097320538336,-0.011195344994151892,0.005861150353075221,9,False
7,strict_4min_rate,8.530172413793103,-0.0026210870997559537,-0.010747565331259552,0.005505391131747643,9,False
7,strict_4min_rate,8.629310344827587,-0.0025506416157817183,-0.010304361463319082,0.005203078231755645,9,False
7,strict_4min_rate,8.72844827586207,-0.0024594331222098924,-0.009911825969349992,0.004992959724930206,9,False
7,strict_4min_rate,8.827586206896552,-0.002351133872634739,-0.00961364608418897,0.004911378338919492,9,False
7,strict_4min_rate,8.926724137931036,-0.0022294161206505157,-0.00944393739202457,0.004985105150723538,9,False
7,strict_4min_rate,9.025862068965518,-0.002097952119851491,-0.009419833408206063,0.005223929168503082,9,False
7,strict_4min_rate,9.125,-0.001960414123831924,-0.009537906146738993,0.005617077899075144,9,False
7,strict_4min_rate,9.224137931034484,-0.001820474386186074,-0.009776780341087008,0.00613583156871486,9,False
7,strict_4min_rate,9.323275862068966,-0.00168180516050821,-0.010104058246934876,0.006740447925918456,9,False
7,strict_4min_rate,9.422413793103448,-0.00154807870039259,-0.010483522835729201,0.007387365434944021,9,False
7,strict_4min_rate,9.52155172413793,-0.0014229672594334778,-0.010880040504992772,0.008034105986125818,9,False
7,strict_4min_rate,9.620689655172415,-0.0013101430912251313,-0.011261927976284825,0.008641641793834563,9,False
7,strict_4min_rate,9.719827586206897,-0.001213278449361815,-0.01160168044508043,0.0091751235463568,9,False
7,strict_4min_rate,9.818965517241379,-0.0011360455874377974,-0.011875988826528568,0.009603897651652975,9,False
7,strict_4min_rate,9.918103448275863,-0.0010821167590473286,-0.012065659209549037,0.009901425691454378,9,False
7,strict_4min_rate,10.0,-0.001057753242478521,-0.01214777820776625,0.010032271722809207,9,True
7,strict_4min_rate,10.017241379310345,-0.0010512340192559296,-0.012146608496708726,0.010044140458196866,9,False
7,strict_4min_rate,10.116379310344827,-0.000889653681262063,-0.011757857206739488,0.009978549844215362,9,False
7,strict_4min_rate,10.215517241379311,-0.0005504318755682839,-0.010851720631676356,0.009750856880539789,9,False
7,strict_4min_rate,10.314655172413794,-8.018405035512663e-05,-0.009630670976724659,0.009470302876014405,9,False
7,strict_4min_rate,10.413793103448276,0.00047447434619689175,-0.008313078849225894,0.009262027541619677,9,False
7,strict_4min_rate,10.51293103448276,0.0010669278659072622,-0.007113502407395518,0.009247358139210043,9,False
7,strict_4min_rate,10.612068965517242,0.0016505610605954417,-0.006198451374394466,0.00949957349558535,9,False
7,strict_4min_rate,10.711206896551724,0.0021787584820809206,-0.00563122662823066,0.009988743592392501,9,False
7,strict_4min_rate,10.810344827586206,0.0026049046821831753,-0.005358521133087819,0.010568330497454169,9,False
7,strict_4min_rate,10.90948275862069,0.002882384212721691,-0.005262625673014745,0.011027394098458126,9,False
7,strict_4min_rate,11.0,0.002966366285512135,-0.005236307266785372,0.011169039837809642,9,True
7,strict_4min_rate,11.008620689655173,0.0029654367800703812,-0.005234519442507654,0.011165393002648417,9,False
7,strict_4min_rate,11.107758620689655,0.0029462484301518246,-0.005166984719094568,0.011059481579398216,9,False
7,strict_4min_rate,11.206896551724139,0.0029063695880086654,-0.005020674858311125,0.010833414034328455,9,False
7,strict_4min_rate,11.306034482758621,0.002838537624828079,-0.004810001995831955,0.010487077245488113,9,False
7,strict_4min_rate,11.405172413793103,0.0027354899117972356,-0.004555916429178502,0.010026896252772973,9,False
7,strict_4min_rate,11.504310344827587,0.0025899638201033045,-0.004290067790531118,0.009469995430737727,9,False
7,strict_4min_rate,11.60344827586207,0.002394696720933465,-0.004061537520500382,0.00885093096236731,9,False
7,strict_4min_rate,11.702586206896552,0.0021424259854748847,-0.003946169681257492,0.008231021652207262,9,False
7,strict_4min_rate,11.801724137931036,0.0018258889849147313,-0.004054115123959189,0.007705893093788651,9,False
7,strict_4min_rate,11.900862068965518,0.0014378230904401879,-0.004521057186024558,0.007396703366904934,9,False
7,strict_4min_rate,12.0,0.0009709656732384213,-0.005467597312018385,0.007409528658495228,9,True
7,max_incident_queue,0.5,0.0,0.0,0.0,10,True
7,max_incident_queue,0.5991379310344828,0.0,0.0,0.0,10,False
7,max_incident_queue,0.6982758620689655,0.0,0.0,0.0,10,False
7,max_incident_queue,0.7974137931034483,0.0,0.0,0.0,10,False
7,max_incident_queue,0.896551724137931,0.0,0.0,0.0,10,False
7,max_incident_queue,0.9956896551724138,0.0,0.0,0.0,10,False
7,max_incident_queue,1.0,0.0,0.0,0.0,10,True
7,max_incident_queue,1.0948275862068966,0.0,0.0,0.0,10,False
7,max_incident_queue,1.1939655172413794,0.0,0.0,0.0,10,False
7,max_incident_queue,1.293103448275862,0.0,0.0,0.0,10,False
7,max_incident_queue,1.3922413793103448,0.0,0.0,0.0,10,False
7,max_incident_queue,1.4913793103448276,0.0,0.0,0.0,10,False
7,max_incident_queue,1.5905172413793105,0.0,0.0,0.0,10,False
7,max_incident_queue,1.6896551724137931,0.0,0.0,0.0,10,False
7,max_incident_queue,1.7887931034482758,0.0,0.0,0.0,10,False
7,max_incident_queue,1.8879310344827587,0.0,0.0,0.0,10,False
7,max_incident_queue,1.9870689655172415,0.0,0.0,0.0,10,False
7,max_incident_queue,2.0,0.0,0.0,0.0,10,True
7,max_incident_queue,2.086206896551724,0.000541355734142442,-0.0006832760174697637,0.0017659874857546478,10,False
7,max_incident_queue,2.185344827586207,0.002417275478315018,-0.0030509815594117564,0.007885532516041793,10,False
7,max_incident_queue,2.2844827586206895,0.005494200126081424,-0.006934544042980472,0.017922944295143323,10,False
7,max_incident_queue,2.3836206896551726,0.009625975641554603,-0.012149494104909182,0.03140144538801839,10,False
7,max_incident_queue,2.4827586206896552,0.014666447988847437,-0.018511362381931105,0.04784425835962598,10,False
7,max_incident_queue,2.581896551724138,0.02046946313207286,-0.025835679510779537,0.06677460577492525,10,False
7,max_incident_queue,2.681034482758621,0.026888867035343822,-0.03393797612818774,0.08771571019887539,10,False
7,max_incident_queue,2.7801724137931036,0.033778505662773184,-0.0426337828708889,0.11019079419643527,10,False
7,max_incident_queue,2.8793103448275863,0.04099222497847391,-0.05173863037561631,0.13372308033256414,10,False
7,max_incident_queue,2.978448275862069,0.048383870946558896,-0.061068049279103254,0.15783579117222105,10,False
7,max_incident_queue,3.0775862068965516,0.05580728953114109,-0.07043757021808297,0.18205214928036514,10,False
7,max_incident_queue,3.1767241379310347,0.06311632669633341,-0.07966272382928874,0.20589537722195556,10,False
7,max_incident_queue,3.2758620689655173,0.07016482840624874,-0.08855904074945381,0.2288886975619513,10,False
7,max_incident_queue,3.375,0.076806640625,-0.09694205161531136,0.2505553328653114,10,False
7,max_incident_queue,3.474137931034483,0.08289560931670018,-0.10462728706359473,0.2704185056969951,10,False
7,max_incident_queue,3.5732758620689657,0.0882855804454621,-0.11143027773103716,0.28800143862196137,10,False
7,max_incident_queue,3.6724137931034484,0.09283039997539874,-0.11716655425437184,0.3028273542051693,10,False
7,max_incident_queue,3.771551724137931,0.09638391387062302,-0.1216516472703321,0.31441947501157813,10,False
7,max_incident_queue,3.8706896551724137,0.09879996809524785,-0.1247010874156512,0.3223010236061469,10,False
7,max_incident_queue,3.969827586206897,0.09993240861338615,-0.12613040532706232,0.3259952225538346,10,False
7,max_incident_queue,4.0,0.1,-0.12621571627982048,0.3262157162798205,10,True
7,max_incident_queue,4.068965517241379,0.0972774611505187,-0.12622195921386553,0.3207768815149029,10,False
7,max_incident_queue,4.168103448275862,0.0849448970334987,-0.1268116787727808,0.2967014728397782,10,False
7,max_incident_queue,4.267241379310345,0.0647835602115707,-0.13008849432761008,0.2596556147507515,10,False
7,max_incident_queue,4.366379310344827,0.03913191525892825,-0.13950885199003163,0.21777268250788814,10,False
7,max_incident_queue,4.4655172413793105,0.010328426749764197,-0.15900075807153222,0.1796576115710606,10,False
7,max_incident_queue,4.564655172413794,-0.019288440741727954,-0.19039051401236856,0.15181363252891267,10,False
7,max_incident_queue,4.663793103448276,-0.047380222641354684,-0.23050715367350966,0.13574670839080027,10,False
7,max_incident_queue,4.762931034482759,-0.0716084543749232,-0.27183894515936163,0.1286220364095152,10,False
7,max_incident_queue,4.862068965517242,-0.08963467136823988,-0.3057433720551872,0.1264740293187074,10,False
7,max_incident_queue,4.961206896551724,-0.09912040904711139,-0.324453950976198,0.1262131328819752,10,False
7,max_incident_queue,5.0,-0.1,-0.3262157162798205,0.12621571627982048,10,True
7,max_incident_queue,5.060344827586207,-0.1,-0.32359272775761744,0.12359272775761743,10,False
7,max_incident_queue,5.1594827586206895,-0.1,-0.3096370416284904,0.10963704162849039,10,False
7,max_incident_queue,5.258620689655173,-0.1,-0.2882163536998881,0.08821635369988809,10,False
7,max_incident_queue,5.357758620689656,-0.1,-0.26626824402941085,0.06626824402941084,10,False
7,max_incident_queue,5.456896551724138,-0.1,-0.252370687383082,0.05237068738308201,10,False
7,max_incident_queue,5.556034482758621,-0.1,-0.25342906245230623,0.05342906245230619,10,False
7,max_incident_queue,5.655172413793103,-0.1,-0.2688652389958939,0.06886523899589389,10,False
7,max_incident_queue,5.754310344827586,-0.1,-0.291208957597756,0.09120895759775599,10,False
7,max_incident_queue,5.853448275862069,-0.1,-0.31200617123493257,0.11200617123493259,10,False
7,max_incident_queue,5.952586206896552,-0.1,-0.3245789378284185,0.1245789378284185,10,False
7,max_incident_queue,6.0,-0.1,-0.3262157162798205,0.12621571627982048,10,True
7,max_incident_queue,6.051724137931035,-0.09980280556808398,-0.3255724370512817,0.12596682591511377,10,False
7,max_incident_queue,6.150862068965518,-0.09837888582903663,-0.32092738707529866,0.12416961541722539,10,False
7,max_incident_queue,6.25,-0.095703125,-0.3121986347209219,0.12079238472092191,10,False
7,max_incident_queue,6.349137931034483,-0.09192167711686107,-0.29986295742319213,0.11601960318947001,10,False
7,max_incident_queue,6.448275862068966,-0.08718069621550696,-0.2843971326171504,0.11003574018613647,10,False
7,max_incident_queue,6.547413793103448,-0.08162633633182478,-0.26627793773783753,0.10302526507418797,10,False
7,max_incident_queue,6.6465517241379315,-0.07540475150170156,-0.24598215022029443,0.09517264721689131,10,False
7,max_incident_queue,6.745689655172414,-0.06866209576102444,-0.22398654749956212,0.08666235597751323,10,False
7,max_incident_queue,6.844827586206897,-0.06154452314568041,-0.20076790701068126,0.07767886071932045,10,False
7,max_incident_queue,6.94396551724138,-0.0541981876915566,-0.17680300618869285,0.06840663080557965,10,False
7,max_incident_queue,7.043103448275862,-0.04676924343454017,-0.15256862246863812,0.059030135599557776,10,False
7,max_incident_queue,7.142241379310345,-0.03940384441051804,-0.12854153328555742,0.049733844464521344,10,False
7,max_incident_queue,7.241379310344827,-0.032248144655377425,-0.1051985160744921,0.04070222676373725,10,False
7,max_incident_queue,7.3405172413793105,-0.025448298205005316,-0.08301634827048279,0.032119751860472154,10,False
7,max_incident_queue,7.439655172413794,-0.01915045909528882,-0.062471807308570444,0.024170889117992804,10,False
7,max_incident_queue,7.538793103448276,-0.013500781362115088,-0.04404167062379624,0.017040107899566063,10,False
7,max_incident_queue,7.637931034482759,-0.008645419041371083,-0.028202715651200666,0.010911877568458498,10,False
7,max_incident_queue,7.737068965517242,-0.004730526168943983,-0.015431719825824964,0.005970667487936999,10,False
7,max_incident_queue,7.836206896551724,-0.0019022567807208013,-0.006205460582709815,0.0024009470212682125,10,False
7,max_incident_queue,7.935344827586207,-0.0003067649125886529,-0.0010007153568962392,0.0003871855317189334,10,False
7,max_incident_queue,8.0,0.0,0.0,0.0,10,True
7,max_incident_queue,8.03448275862069,-0.0002644634876378807,-0.0005690815371640465,4.015456188828512e-05,10,False
7,max_incident_queue,8.133620689655173,-0.0038383302763284775,-0.008259449776247431,0.0005827892235904762,10,False
7,max_incident_queue,8.232758620689655,-0.011243974614580309,-0.024195167411012956,0.001707218181852337,10,False
7,max_incident_queue,8.331896551724139,-0.022042934394732365,-0.04743273674941787,0.003346867959953141,10,False
7,max_incident_queue,8.431034482758621,-0.03579674750912302,-0.07702866009941811,0.005435165081172068,10,False
7,max_incident_queue,8.530172413793103,-0.05206695185009119,-0.1120394397689708,0.007905536068788403,10,False
7,max_incident_queue,8.629310344827587,-0.070415085309976,-0.15152157806603345,0.010691407446081436,10,False
7,max_incident_queue,8.72844827586207,-0.09040268578111557,-0.1945315772985614,0.013726205736330266,10,False
7,max_incident_queue,8.827586206896552,-0.1115912911558489,-0.24012593977451205,0.01694335746281425,10,False
7,max_incident_queue,8.926724137931036,-0.13354243932651527,-0.2873611678018432,0.02027628914881266,10,False
7,max_incident_queue,9.025862068965518,-0.15581766818545256,-0.3352937636885097,0.02365842731760459,10,False
7,max_incident_queue,9.125,-0.177978515625,-0.38298022974246937,0.02702319849246934,10,False
7,max_incident_queue,9.224137931034484,-0.19958651953749668,-0.42947706827167964,0.03030402919668626,10,False
7,max_incident_queue,9.323275862068966,-0.22020321781528057,-0.4738407815840957,0.03343434595353456,10,False
7,max_incident_queue,9.422413793103448,-0.2393901483506909,-0.5151278719876751,0.03634757528629329,10,False
7,max_incident_queue,9.52155172413793,-0.2567088490360664,-0.5523948417903746,0.03897714371824185,10,False
7,max_incident_queue,9.620689655172415,-0.2717208577637461,-0.5846981933001516,0.04125647777265945,10,False
7,max_incident_queue,9.719827586206897,-0.2839877124260681,-0.6110944288249616,0.04311900397282542,10,False
7,max_incident_queue,9.818965517241379,-0.2930709509153716,-0.6306400506727621,0.04449814884201886,10,False
7,max_incident_queue,9.918103448275863,-0.29853211112399547,-0.6423915611515101,0.04532733890351909,10,False
7,max_incident_queue,10.0,-0.3,-0.6455502144136438,0.045550214413643764,10,True
7,max_incident_queue,10.017241379310345,-0.3,-0.6454053835951868,0.045405383595186866,10,False
7,max_incident_queue,10.116379310344827,-0.3,-0.6397973871888138,0.039797387188813926,10,False
7,max_incident_queue,10.215517241379311,-0.3,-0.630263449256913,0.0302634492569131,10,False
7,max_incident_queue,10.314655172413794,-0.3,-0.6244120815487955,0.02441208154879554,10,False
7,max_incident_queue,10.413793103448276,-0.3,-0.6295051623508687,0.029505162350868752,10,False
7,max_incident_queue,10.51293103448276,-0.3,-0.6488491728202224,0.04884917282022244,10,False
7,max_incident_queue,10.612068965517242,-0.3,-0.6800197972326996,0.08001979723269964,10,False
7,max_incident_queue,10.711206896551724,-0.3,-0.7165122226111483,0.11651222261114835,10,False
7,max_incident_queue,10.810344827586206,-0.3,-0.7505398221743085,0.1505398221743085,10,False
7,max_incident_queue,10.90948275862069,-0.3,-0.7747269065943014,0.17472690659430146,10,False
7,max_incident_queue,11.0,-0.3,-0.7828291119331836,0.18282911193318369,10,True
7,max_incident_queue,11.008620689655173,-0.299981452960351,-0.7827646832471331,0.18280177732643116,10,False
7,max_incident_queue,11.107758620689655,-0.29715958414269755,-0.7729524072248828,0.17863323893948774,10,False
7,max_incident_queue,11.206896551724139,-0.28974127680511697,-0.7472191530720245,0.1677365994617906,10,False
7,max_incident_queue,11.306034482758621,-0.27801883901938373,-0.7068721347350312,0.15083445669626372,10,False
7,max_incident_queue,11.405172413793103,-0.26228457885727174,-0.6535255541663223,0.1289563964517788,10,False
7,max_incident_queue,11.504310344827587,-0.24283080439055493,-0.5892941890363379,0.10363258025522804,10,False
7,max_incident_queue,11.60344827586207,-0.2199498236910081,-0.5172930924932065,0.07739344511119031,10,False
7,max_incident_queue,11.702586206896552,-0.19393394483040513,-0.442837844635832,0.054969954975021745,10,False
7,max_incident_queue,11.801724137931036,-0.16507547588051957,-0.37591121397429816,0.04576026221325902,10,False
7,max_incident_queue,11.900862068965518,-0.13366672491312664,-0.33279043190462576,0.0654569820783725,10,False
7,max_incident_queue,12.0,-0.1,-0.3262157162798205,0.12621571627982048,10,True
8,mean_response_min,0.5,0.0,0.0,0.0,10,True
8,mean_response_min,0.5991379310344828,-0.007242673681656033,-0.02362673982842427,0.009141392465112207,10,False
8,mean_response_min,0.6982758620689655,-0.013908318666166649,-0.04537112135931551,0.017554484026982214,10,False
8,mean_response_min,0.7974137931034483,-0.019419906256386434,-0.06335078629514068,0.024510973782367808,10,False
8,mean_response_min,0.896551724137931,-0.023200407755169968,-0.07568337633836672,0.029282560828026785,10,False
8,mean_response_min,0.9956896551724138,-0.024672794465371833,-0.08048653319146062,0.031140944260716955,10,False
8,mean_response_min,1.0,-0.024675537252664092,-0.0804954805946721,0.031144406089343917,10,True
8,mean_response_min,1.0948275862068966,-0.024051952310125583,-0.078461248507757,0.030357343887505838,10,False
8,mean_response_min,1.1939655172413794,-0.0222506010670048,-0.07258495764729508,0.02808375551328548,10,False
8,mean_response_min,1.293103448275862,-0.01955861857394218,-0.06380328767542348,0.02468605052753913,10,False
8,mean_response_min,1.3922413793103448,-0.016264519179510432,-0.05305741774090874,0.020528379381887875,10,False
8,mean_response_min,1.4913793103448276,-0.012656817232282258,-0.04128852699251731,0.015974892527952797,10,False
8,mean_response_min,1.5905172413793105,-0.00902402708083037,-0.02943779457901577,0.011389740417355028,10,False
8,mean_response_min,1.6896551724137931,-0.005654663073727484,-0.018446399649170622,0.007137073501715655,10,False
8,mean_response_min,1.7887931034482758,-0.0028372395595462952,-0.00925552135174837,0.003581042232655779,10,False
8,mean_response_min,1.8879310344827587,-0.0008602708868595155,-0.002806338835515533,0.0010857970617965016,10,False
8,mean_response_min,1.9870689655172415,-1.2271404239860838e-05,-4.0031249238654295e-05,1.548844075893262e-05,10,False
8,mean_response_min,2.0,0.0,0.0,0.0,10,True
8,mean_response_min,2.086206896551724,-0.0003728842379007924,-0.0012164069875626197,0.00047063851176103486,10,False
8,mean_response_min,2.185344827586207,-0.0016650122418221235,-0.005431531610806737,0.00210150712716249,10,False
8,mean_response_min,2.2844827586206895,-0.00378438889196148,-0.012345271330726102,0.004776493546803142,10,False
8,mean_response_min,2.3836206896551726,-0.0066303437181441955,-0.021629223251958166,0.008368535815669776,10,False
8,mean_response_min,2.4827586206896552,-0.010102206250195565,-0.03295498447914025,0.012750571978749122,10,False
8,mean_response_min,2.581896551724138,-0.014099306017940915,-0.0459941521169098,0.017795540081027964,10,False
8,mean_response_min,2.681034482758621,-0.018520972551205595,-0.060418323269904275,0.02337637816749308,10,False
8,mean_response_min,2.7801724137931036,-0.023266535379814875,-0.07589909504276095,0.0293660242831312,10,False
8,mean_response_min,2.8793103448275863,-0.028235324033594095,-0.09210806454011727,0.03563741647292909,10,False
8,mean_response_min,2.978448275862069,-0.033326668042368585,-0.10871682886661073,0.04206349278187356,10,False
8,mean_response_min,3.0775862068965516,-0.038439896935963655,-0.1253969851268786,0.0485171912549513,10,False
8,mean_response_min,3.1767241379310347,-0.04347434024420466,-0.14182013042555847,0.05487144993714915,10,False
8,mean_response_min,3.2758620689655173,-0.04832932749691685,-0.15765786186728753,0.06099920687345383,10,False
8,mean_response_min,3.375,-0.05290418822392558,-0.17258177655670326,0.0667734001088521,10,False
8,mean_response_min,3.474137931034483,-0.0570982519550562,-0.18626347159844314,0.07206696768833075,10,False
8,mean_response_min,3.5732758620689657,-0.060810848220133974,-0.1983745440971445,0.07675284765687657,10,False
8,mean_response_min,3.6724137931034484,-0.06394130654898425,-0.20858659115744474,0.08070397805947624,10,False
8,mean_response_min,3.771551724137931,-0.06638895647143235,-0.21657120988398126,0.08379329694111655,10,False
8,mean_response_min,3.8706896551724137,-0.0680531275173036,-0.22199999738139148,0.0858937423467843,10,False
8,mean_response_min,3.969827586206897,-0.06883314921642328,-0.22454455075431282,0.08687825232146626,10,False
8,mean_response_min,4.0,-0.06887970596478041,-0.22469642618444263,0.08693701425488182,10,True
8,mean_response_min,4.068965517241379,-0.0691713984963556,-0.2225829363732333,0.08424013938052209,10,False
8,mean_response_min,4.168103448275862,-0.07049270814407371,-0.2136894463181185,0.07270403002997108,10,False
8,mean_response_min,4.267241379310345,-0.0726527916920638,-0.20207150840744048,0.05676592502331289,10,False
8,mean_response_min,4.366379310344827,-0.07540110628699784,-0.19421821169297013,0.04341599911897445,10,False
8,mean_response_min,4.4655172413793105,-0.0784871090755479,-0.1969285199170011,0.03995430176590531,10,False
8,mean_response_min,4.564655172413794,-0.08166025720438594,-0.21242013648777194,0.049099622079000066,10,False
8,mean_response_min,4.663793103448276,-0.08467000782018395,-0.23623503213575842,0.0668950164953905,10,False
8,mean_response_min,4.762931034482759,-0.08726581806961403,-0.26149007574501903,0.08695843960579097,10,False
8,mean_response_min,4.862068965517242,-0.08919714509934813,-0.28216933132749905,0.10377504112880277,10,False
8,mean_response_min,4.961206896551724,-0.09021344605605826,-0.29353016328963094,0.11310327117751444,10,False
8,mean_response_min,5.0,-0.09030768534004405,-0.29459786258775117,0.11398249190766307,10,True
8,mean_response_min,5.060344827586207,-0.08875506122826016,-0.2910598781751256,0.11354975571860523,10,False
8,mean_response_min,5.1594827586206895,-0.0802098653289083,-0.2717546482955124,0.1113349176376958,10,False
8,mean_response_min,5.258620689655173,-0.06571767130030423,-0.239773175508444,0.10833783290783552,10,False
8,mean_response_min,5.357758620689656,-0.04700988366109104,-0.20036121484976718,0.10634144752758509,10,False
8,mean_response_min,5.456896551724138,-0.025817906929911972,-0.15940808803201542,0.10777227417219147,10,False
8,mean_response_min,5.556034482758621,-0.0038731456254096743,-0.1231343411251588,0.11538804987433944,10,False
8,mean_response_min,5.655172413793103,0.017092995733772497,-0.09647983734591073,0.13066582881345573,10,False
8,mean_response_min,5.754310344827586,0.03534911262899182,-0.08060963940796304,0.15130786466594667,10,False
8,mean_response_min,5.853448275862069,0.04916380054160513,-0.07295605123809036,0.1712836523213006,10,False
8,mean_response_min,5.952586206896552,0.05680565495296932,-0.07013586396865035,0.183747173874589,10,False
8,mean_response_min,6.0,0.0577727720464285,-0.06984347151021195,0.18538901560306895,10,True
8,mean_response_min,6.051724137931035,0.05775485636161435,-0.06981355716553403,0.18532326988876272,10,False
8,mean_response_min,6.150862068965518,0.05762280661011384,-0.06959899399402186,0.18484460721424956,10,False
8,mean_response_min,6.25,0.05736765544753397,-0.06920808855128208,0.18394339944635002,10,False
8,mean_response_min,6.349137931034483,0.056995730920642716,-0.06868755191699705,0.1826790137582825,10,False
8,mean_response_min,6.448275862068966,0.056513361076208135,-0.06809168483254405,0.18111840698496032,10,False
8,mean_response_min,6.547413793103448,0.05592687396099823,-0.06747789145036986,0.17933163937236632,10,False
8,mean_response_min,6.6465517241379315,0.055242597621781,-0.06690254814259958,0.17738774338616156,10,False
8,mean_response_min,6.745689655172414,0.05446686010532453,-0.06641711838810171,0.17535083859875078,10,False
8,mean_response_min,6.844827586206897,0.05360598945839677,-0.0660645192087215,0.17327649812551504,10,False
8,mean_response_min,6.94396551724138,0.0526663137277658,-0.06587584565989013,0.17120847311542173,10,False
8,mean_response_min,7.043103448275862,0.05165416096019959,-0.06586763316184398,0.16917595508224315,10,False
8,mean_response_min,7.142241379310345,0.05057585920246618,-0.06603986674552317,0.1671915851504555,10,False
8,mean_response_min,7.241379310344827,0.04943773650133361,-0.06637492102430897,0.1652503940269762,10,False
8,mean_response_min,7.3405172413793105,0.04824612090356984,-0.06683753788815983,0.16332977969529952,10,False
8,mean_response_min,7.439655172413794,0.047007340455942966,-0.06737584033091554,0.16139052124280148,10,False
8,mean_response_min,7.538793103448276,0.04572772320522096,-0.0679232724016025,0.1593787188120444,10,False
8,mean_response_min,7.637931034482759,0.04441359719817184,-0.06840128016772881,0.1572284745640725,10,False
8,mean_response_min,7.737068965517242,0.04307129048156364,-0.06872252990627314,0.15486511086940044,10,False
8,mean_response_min,7.836206896551724,0.04170713110216441,-0.0687945055338846,0.1522087677382134,10,False
8,mean_response_min,7.935344827586207,0.040327447106742104,-0.06852343440095045,0.14917832861443464,10,False
8,mean_response_min,8.0,0.039422303247887314,-0.06811837383725117,0.1469629803330258,10,True
8,mean_response_min,8.03448275862069,0.03882879267496797,-0.06790502562899203,0.14556261097892798,10,False
8,mean_response_min,8.133620689655173,0.035953244147275874,-0.06797495044667354,0.1398814387412253,10,False
8,mean_response_min,8.232758620689655,0.03148921570530254,-0.06950584949061671,0.13248428090122177,10,False
8,mean_response_min,8.331896551724139,0.02562386394087285,-0.07353030257027261,0.12477803045201831,10,False
8,mean_response_min,8.431034482758621,0.01854434544581201,-0.08141251199714714,0.11850120288877114,10,False
8,mean_response_min,8.530172413793103,0.010437816811944908,-0.09438568798139436,0.11526132160528417,10,False
8,mean_response_min,8.629310344827587,0.001491434631096382,-0.11299881129828382,0.11598168056047659,10,False
8,mean_response_min,8.72844827586207,-0.008107644504908256,-0.13689954517841582,0.12068425616859932,10,False
8,mean_response_min,8.827586206896552,-0.01817226400424419,-0.16509906577072164,0.12875453776223328,10,False
8,mean_response_min,8.926724137931036,-0.02851526727508657,-0.19637739706995655,0.1393468625197834,10,False
8,mean_response_min,9.025862068965518,-0.03894949772561008,-0.22953471649445903,0.15163572104323889,10,False
8,mean_response_min,9.125,-0.049287798763989886,-0.26347472448015585,0.16489912695217607,10,False
8,mean_response_min,9.224137931034484,-0.05934301379840114,-0.29720568353247706,0.17851965593567476,10,False
8,mean_response_min,9.323275862068966,-0.06892798623701854,-0.3298178816684455,0.1919619091944084,10,False
8,mean_response_min,9.422413793103448,-0.07785555948801727,-0.3604606530489769,0.20474953407294239,10,False
8,mean_response_min,9.52155172413793,-0.08593857695957233,-0.3883247743088305,0.21644762038968582,10,False
8,mean_response_min,9.620689655172415,-0.09298988205985882,-0.4126302781371841,0.2266505140174665,10,False
8,mean_response_min,9.719827586206897,-0.09882231819705155,-0.43261845736392684,0.23497382096982372,10,False
8,mean_response_min,9.818965517241379,-0.1032487287793256,-0.4475469266695482,0.24104946911089697,10,False
8,mean_response_min,9.918103448275863,-0.106081957214856,-0.4566870062938062,0.24452309186409424,10,False
8,mean_response_min,10.0,-0.10708780727719862,-0.45936273364355495,0.2451871190891577,10,True
8,mean_response_min,10.017241379310345,-0.10725103251104773,-0.4593417034259745,0.24483963840387907,10,False
8,mean_response_min,10.116379310344827,-0.11126187376344802,-0.4571874269774273,0.23466367945053124,10,False
8,mean_response_min,10.215517241379311,-0.11957608182016236,-0.4605315042371553,0.22137934059683054,10,False
8,mean_response_min,10.314655172413794,-0.13090899323799116,-0.4857719177165506,0.22395393124056828,10,False
8,mean_response_min,10.413793103448276,-0.14397594457373541,-0.5433609085779123,0.25540901943044153,10,False
8,mean_response_min,10.51293103448276,-0.15749227238419614,-0.6289731907153582,0.31398864594696596,10,False
8,mean_response_min,10.612068965517242,-0.17017331322617366,-0.7284517297140163,0.3881051032616689,10,False
8,mean_response_min,10.711206896551724,-0.18073440365646903,-0.8260607343078532,0.4645919269949151,10,False
8,mean_response_min,10.810344827586206,-0.18789088023188302,-0.9075092108092575,0.5317274503454914,10,False
8,mean_response_min,10.90948275862069,-0.1903580795092165,-0.9599924211712941,0.5792762621528612,10,False
8,mean_response_min,11.0,-0.1874259433043644,-0.9726143834661205,0.5977624968573918,10,True
8,mean_response_min,11.008620689655173,-0.1868676205898272,-0.9718645077853021,0.5981292666056477,10,False
8,mean_response_min,11.107758620689655,-0.1789002939199645,-0.9541065226186077,0.5963059347786787,10,False
8,mean_response_min,11.206896551724139,-0.16814791572559568,-0.9194744421796213,0.5831786107284298,10,False
8,mean_response_min,11.306034482758621,-0.15469777231259477,-0.8679012894457869,0.5585057448205974,10,False
8,mean_response_min,11.405172413793103,-0.13863714998683538,-0.7993514309270875,0.5220771309534167,10,False
8,mean_response_min,11.504310344827587,-0.12005333505419089,-0.7138202802029435,0.4737136100945617,10,False
8,mean_response_min,11.60344827586207,-0.09903361382053569,-0.6113473445445244,0.4132801169034531,10,False
8,mean_response_min,11.702586206896552,-0.07566527259174326,-0.49206416720124135,0.3407336220177548,10,False
8,mean_response_min,11.801724137931036,-0.05003559767368678,-0.35637827007397566,0.25630707472660214,10,False
8,mean_response_min,11.900862068965518,-0.022231875372241028,-0.20601274885911675,0.1615489981146347,10,False
8,mean_response_min,12.0,0.0076586080067208686,-0.05985300880799041,0.07517022482143215,10,True
8,p95_response_min,0.5,0.0,0.0,0.0,10,True
8,p95_response_min,0.5991379310344828,0.0,0.0,0.0,10,False
8,p95_response_min,0.6982758620689655,0.0,0.0,0.0,10,False
8,p95_response_min,0.7974137931034483,0.0,0.0,0.0,10,False
8,p95_response_min,0.896551724137931,0.0,0.0,0.0,10,False
8,p95_response_min,0.9956896551724138,0.0,0.0,0.0,10,False
8,p95_response_min,1.0,0.0,0.0,0.0,10,True
8,p95_response_min,1.0948275862068966,0.0,0.0,0.0,10,False
8,p95_response_min,1.1939655172413794,0.0,0.0,0.0,10,False
8,p95_response_min,1.293103448275862,0.0,0.0,0.0,10,False
8,p95_response_min,1.3922413793103448,0.0,0.0,0.0,10,False
8,p95_response_min,1.4913793103448276,0.0,0.0,0.0,10,False
8,p95_response_min,1.5905172413793105,0.0,0.0,0.0,10,False
8,p95_response_min,1.6896551724137931,0.0,0.0,0.0,10,False
8,p95_response_min,1.7887931034482758,0.0,0.0,0.0,10,False
8,p95_response_min,1.8879310344827587,0.0,0.0,0.0,10,False
8,p95_response_min,1.9870689655172415,0.0,0.0,0.0,10,False
8,p95_response_min,2.0,0.0,0.0,0.0,10,True
8,p95_response_min,2.086206896551724,0.0,0.0,0.0,10,False
8,p95_response_min,2.185344827586207,0.0,0.0,0.0,10,False
8,p95_response_min,2.2844827586206895,0.0,0.0,0.0,10,False
8,p95_response_min,2.3836206896551726,0.0,0.0,0.0,10,False
8,p95_response_min,2.4827586206896552,0.0,0.0,0.0,10,False
8,p95_response_min,2.581896551724138,0.0,0.0,0.0,10,False
8,p95_response_min,2.681034482758621,0.0,0.0,0.0,10,False
8,p95_response_min,2.7801724137931036,0.0,0.0,0.0,10,False
8,p95_response_min,2.8793103448275863,0.0,0.0,0.0,10,False
8,p95_response_min,2.978448275862069,0.0,0.0,0.0,10,False
8,p95_response_min,3.0775862068965516,0.0,0.0,0.0,10,False
8,p95_response_min,3.1767241379310347,0.0,0.0,0.0,10,False
8,p95_response_min,3.2758620689655173,0.0,0.0,0.0,10,False
8,p95_response_min,3.375,0.0,0.0,0.0,10,False
8,p95_response_min,3.474137931034483,0.0,0.0,0.0,10,False
8,p95_response_min,3.5732758620689657,0.0,0.0,0.0,10,False
8,p95_response_min,3.6724137931034484,0.0,0.0,0.0,10,False
8,p95_response_min,3.771551724137931,0.0,0.0,0.0,10,False
8,p95_response_min,3.8706896551724137,0.0,0.0,0.0,10,False
8,p95_response_min,3.969827586206897,0.0,0.0,0.0,10,False
8,p95_response_min,4.0,0.0,0.0,0.0,10,True
8,p95_response_min,4.068965517241379,-0.01238329840877951,-0.040396265603267686,0.015629668785708664,10,False
8,p95_response_min,4.168103448275862,-0.06847719827564859,-0.22338338284325993,0.08642898629196276,10,False
8,p95_response_min,4.267241379310345,-0.16017978324827986,-0.52253162725884,0.20217206076228023,10,False
8,p95_response_min,4.366379310344827,-0.27685469284053543,-0.9031435193040496,0.3494341336229787,10,False
8,p95_response_min,4.4655172413793105,-0.4078655665662806,-1.3305215794329401,0.514790446300379,10,False
8,p95_response_min,4.564655172413794,-0.5425760439393776,-1.7699683280995544,0.6848162402207991,10,False
8,p95_response_min,4.663793103448276,-0.6703497644736889,-2.186786285757934,0.8460867568105561,10,False
8,p95_response_min,4.762931034482759,-0.7805503676830796,-2.5462779728621303,0.9851772374959711,10,False
8,p95_response_min,4.862068965517242,-0.862541493081412,-2.813745909866186,1.088662923703362,10,False
8,p95_response_min,4.961206896551724,-0.905686780182549,-2.9544926172241457,1.1431190568590477,10,False
8,p95_response_min,5.0,-0.9096875448545966,-2.967543740355735,1.148168650646542,10,True
8,p95_response_min,5.060344827586207,-0.8976466092712515,-2.934563042651981,1.1392698241094776,10,False
8,p95_response_min,5.1594827586206895,-0.8313767680455226,-2.753344661393959,1.0905911253029137,10,False
8,p95_response_min,5.258620689655173,-0.7189866708962112,-2.447380772001317,1.0094074302088945,10,False
8,p95_response_min,5.357758620689656,-0.5739037341048673,-2.0559293762388737,0.9081219080291393,10,False
8,p95_response_min,5.456896551724138,-0.40955537395304137,-1.6201102407128005,0.8009994928067179,10,False
8,p95_response_min,5.556034482758621,-0.23936900672227965,-1.1844955200751621,0.7057575066306029,10,False
8,p95_response_min,5.655172413793103,-0.07677204869413405,-0.799393533207467,0.645849435819199,10,False
8,p95_response_min,5.754310344827586,0.06480808384984918,-0.5172639811882205,0.6468801488879188,10,False
8,p95_response_min,5.853448275862069,0.17194397462811958,-0.3633233676903843,0.7072113169466235,10,False
8,p95_response_min,5.952586206896552,0.23120820735912745,-0.30692011378987955,0.7693365285081344,10,False
8,p95_response_min,6.0,0.2387084094592442,-0.3012875288191518,0.7787043477376402,10,True
8,p95_response_min,6.051724137931035,0.23823768976727525,-0.30069340658826305,0.7771687861228135,10,False
8,p95_response_min,6.150862068965518,0.23483867360621918,-0.2964033139941192,0.7660806612065576,10,False
8,p95_response_min,6.25,0.2284514074902923,-0.2883415803152039,0.7452443952957886,10,False
8,p95_response_min,6.349137931034483,0.21942477339392114,-0.2769485494345106,0.7157980962223529,10,False
8,p95_response_min,6.448275862068966,0.20810765329153216,-0.26266456523503257,0.678879871818097,10,False
8,p95_response_min,6.547413793103448,0.19484892915755214,-0.24592997159976443,0.6356278299148688,10,False
8,p95_response_min,6.6465517241379315,0.17999748296640733,-0.22718511241169886,0.5871800783445136,10,False
8,p95_response_min,6.745689655172414,0.16390219669252462,-0.20687033155383008,0.5346747249388794,10,False
8,p95_response_min,6.844827586206897,0.1469119523103301,-0.18542597290915142,0.47924987752981163,10,False
8,p95_response_min,6.94396551724138,0.12937563179425063,-0.16329238036065655,0.42204364394915783,10,False
8,p95_response_min,7.043103448275862,0.11164211711871282,-0.1409098977913395,0.3641941320287651,10,False
8,p95_response_min,7.142241379310345,0.0940602902581429,-0.11871886908419328,0.3068394496004791,10,False
8,p95_response_min,7.241379310344827,0.07697903318696775,-0.09715963812221207,0.25111770449614756,10,False
8,p95_response_min,7.3405172413793105,0.0607472278796136,-0.07667254878838911,0.1981670045476163,10,False
8,p95_response_min,7.439655172413794,0.045713756310507135,-0.05769794496571821,0.14912545758673248,10,False
8,p95_response_min,7.538793103448276,0.032227500454075034,-0.040676170537193204,0.10513117144534327,10,False
8,p95_response_min,7.637931034482759,0.020637342284743586,-0.026047569385807386,0.06732225395529456,10,False
8,p95_response_min,7.737068965517242,0.011292163776939469,-0.014252485394554582,0.03683681294843352,10,False
8,p95_response_min,7.836206896551724,0.004540846905089246,-0.005731262446428452,0.014812956256606944,10,False
8,p95_response_min,7.935344827586207,0.0007322736436194077,-0.0009242444244225752,0.0023887917116613908,10,False
8,p95_response_min,8.0,0.0,0.0,0.0,10,True
8,p95_response_min,8.03448275862069,0.0,0.0,0.0,10,False
8,p95_response_min,8.133620689655173,0.0,0.0,0.0,10,False
8,p95_response_min,8.232758620689655,0.0,0.0,0.0,10,False
8,p95_response_min,8.331896551724139,0.0,0.0,0.0,10,False
8,p95_response_min,8.431034482758621,0.0,0.0,0.0,10,False
8,p95_response_min,8.530172413793103,0.0,0.0,0.0,10,False
8,p95_response_min,8.629310344827587,0.0,0.0,0.0,10,False
8,p95_response_min,8.72844827586207,0.0,0.0,0.0,10,False
8,p95_response_min,8.827586206896552,0.0,0.0,0.0,10,False
8,p95_response_min,8.926724137931036,0.0,0.0,0.0,10,False
8,p95_response_min,9.025862068965518,0.0,0.0,0.0,10,False
8,p95_response_min,9.125,0.0,0.0,0.0,10,False
8,p95_response_min,9.224137931034484,0.0,0.0,0.0,10,False
8,p95_response_min,9.323275862068966,0.0,0.0,0.0,10,False
8,p95_response_min,9.422413793103448,0.0,0.0,0.0,10,False
8,p95_response_min,9.52155172413793,0.0,0.0,0.0,10,False
8,p95_response_min,9.620689655172415,0.0,0.0,0.0,10,False
8,p95_response_min,9.719827586206897,0.0,0.0,0.0,10,False
8,p95_response_min,9.818965517241379,0.0,0.0,0.0,10,False
8,p95_response_min,9.918103448275863,0.0,0.0,0.0,10,False
8,p95_response_min,10.0,0.0,0.0,0.0,10,True
8,p95_response_min,10.017241379310345,0.0,0.0,0.0,10,False
8,p95_response_min,10.116379310344827,0.0,0.0,0.0,10,False
8,p95_response_min,10.215517241379311,0.0,0.0,0.0,10,False
8,p95_response_min,10.314655172413794,0.0,0.0,0.0,10,False
8,p95_response_min,10.413793103448276,0.0,0.0,0.0,10,False
8,p95_response_min,10.51293103448276,0.0,0.0,0.0,10,False
8,p95_response_min,10.612068965517242,0.0,0.0,0.0,10,False
8,p95_response_min,10.711206896551724,0.0,0.0,0.0,10,False
8,p95_response_min,10.810344827586206,0.0,0.0,0.0,10,False
8,p95_response_min,10.90948275862069,0.0,0.0,0.0,10,False
8,p95_response_min,11.0,0.0,0.0,0.0,10,True
8,p95_response_min,11.008620689655173,0.0,0.0,0.0,10,False
8,p95_response_min,11.107758620689655,0.0,0.0,0.0,10,False
8,p95_response_min,11.206896551724139,0.0,0.0,0.0,10,False
8,p95_response_min,11.306034482758621,0.0,0.0,0.0,10,False
8,p95_response_min,11.405172413793103,0.0,0.0,0.0,10,False
8,p95_response_min,11.504310344827587,0.0,0.0,0.0,10,False
8,p95_response_min,11.60344827586207,0.0,0.0,0.0,10,False
8,p95_response_min,11.702586206896552,0.0,0.0,0.0,10,False
8,p95_response_min,11.801724137931036,0.0,0.0,0.0,10,False
8,p95_response_min,11.900862068965518,0.0,0.0,0.0,10,False
8,p95_response_min,12.0,0.0,0.0,0.0,10,True
8,strict_4min_rate,0.5,0.0,0.0,0.0,10,True
8,strict_4min_rate,0.5991379310344828,0.0,0.0,0.0,10,False
8,strict_4min_rate,0.6982758620689655,0.0,0.0,0.0,10,False
8,strict_4min_rate,0.7974137931034483,0.0,0.0,0.0,10,False
8,strict_4min_rate,0.896551724137931,0.0,0.0,0.0,10,False
8,strict_4min_rate,0.9956896551724138,0.0,0.0,0.0,10,False
8,strict_4min_rate,1.0,0.0,0.0,0.0,10,True
8,strict_4min_rate,1.0948275862068966,0.0,0.0,0.0,10,False
8,strict_4min_rate,1.1939655172413794,0.0,0.0,0.0,10,False
8,strict_4min_rate,1.293103448275862,0.0,0.0,0.0,10,False
8,strict_4min_rate,1.3922413793103448,0.0,0.0,0.0,10,False
8,strict_4min_rate,1.4913793103448276,0.0,0.0,0.0,10,False
8,strict_4min_rate,1.5905172413793105,0.0,0.0,0.0,10,False
8,strict_4min_rate,1.6896551724137931,0.0,0.0,0.0,10,False
8,strict_4min_rate,1.7887931034482758,0.0,0.0,0.0,10,False
8,strict_4min_rate,1.8879310344827587,0.0,0.0,0.0,10,False
8,strict_4min_rate,1.9870689655172415,0.0,0.0,0.0,10,False
8,strict_4min_rate,2.0,0.0,0.0,0.0,10,True
8,strict_4min_rate,2.086206896551724,0.0,0.0,0.0,10,False
8,strict_4min_rate,2.185344827586207,0.0,0.0,0.0,10,False
8,strict_4min_rate,2.2844827586206895,0.0,0.0,0.0,10,False
8,strict_4min_rate,2.3836206896551726,0.0,0.0,0.0,10,False
8,strict_4min_rate,2.4827586206896552,0.0,0.0,0.0,10,False
8,strict_4min_rate,2.581896551724138,0.0,0.0,0.0,10,False
8,strict_4min_rate,2.681034482758621,0.0,0.0,0.0,10,False
8,strict_4min_rate,2.7801724137931036,0.0,0.0,0.0,10,False
8,strict_4min_rate,2.8793103448275863,0.0,0.0,0.0,10,False
8,strict_4min_rate,2.978448275862069,0.0,0.0,0.0,10,False
8,strict_4min_rate,3.0775862068965516,0.0,0.0,0.0,10,False
8,strict_4min_rate,3.1767241379310347,0.0,0.0,0.0,10,False
8,strict_4min_rate,3.2758620689655173,0.0,0.0,0.0,10,False
8,strict_4min_rate,3.375,0.0,0.0,0.0,10,False
8,strict_4min_rate,3.474137931034483,0.0,0.0,0.0,10,False
8,strict_4min_rate,3.5732758620689657,0.0,0.0,0.0,10,False
8,strict_4min_rate,3.6724137931034484,0.0,0.0,0.0,10,False
8,strict_4min_rate,3.771551724137931,0.0,0.0,0.0,10,False
8,strict_4min_rate,3.8706896551724137,0.0,0.0,0.0,10,False
8,strict_4min_rate,3.969827586206897,0.0,0.0,0.0,10,False
8,strict_4min_rate,4.0,0.0,0.0,0.0,10,True
8,strict_4min_rate,4.068965517241379,0.0,0.0,0.0,10,False
8,strict_4min_rate,4.168103448275862,0.0,0.0,0.0,10,False
8,strict_4min_rate,4.267241379310345,0.0,0.0,0.0,10,False
8,strict_4min_rate,4.366379310344827,0.0,0.0,0.0,10,False
8,strict_4min_rate,4.4655172413793105,0.0,0.0,0.0,10,False
8,strict_4min_rate,4.564655172413794,0.0,0.0,0.0,10,False
8,strict_4min_rate,4.663793103448276,0.0,0.0,0.0,10,False
8,strict_4min_rate,4.762931034482759,0.0,0.0,0.0,10,False
8,strict_4min_rate,4.862068965517242,0.0,0.0,0.0,10,False
8,strict_4min_rate,4.961206896551724,0.0,0.0,0.0,10,False
8,strict_4min_rate,5.0,0.0,0.0,0.0,10,True
8,strict_4min_rate,5.060344827586207,-1.839474295645242e-05,-6.0006542493223094e-05,2.3217056580318252e-05,10,False
8,strict_4min_rate,5.1594827586206895,-0.0001196341098374085,-0.00039026526832108935,0.00015099704864627233,10,False
8,strict_4min_rate,5.258620689655173,-0.00029133064733669875,-0.0009503663579520495,0.000367705063278652,10,False
8,strict_4min_rate,5.357758620689656,-0.000512971508312276,-0.0016733936801522902,0.0006474506635277381,10,False
8,strict_4min_rate,5.456896551724138,-0.0007640438456220915,-0.002492431103687991,0.0009643434124438084,10,False
8,strict_4min_rate,5.556034482758621,-0.0010240348121241033,-0.0033405624973253576,0.001292492873077151,10,False
8,strict_4min_rate,5.655172413793103,-0.0012724315606762603,-0.004150871729830561,0.0016060086084780404,10,False
8,strict_4min_rate,5.754310344827586,-0.0014887212441365213,-0.004856442669969808,0.0018790001816967655,10,False
8,strict_4min_rate,5.853448275862069,-0.0016523910153628369,-0.005390359186509278,0.0020855771557836034,10,False
8,strict_4min_rate,5.952586206896552,-0.0017429280272131594,-0.005685705148215151,0.002199849093788833,10,False
8,strict_4min_rate,6.0,-0.0017543859649122805,-0.005723082741751236,0.0022143108119266753,10,True
8,strict_4min_rate,6.051724137931035,-0.0017596906104492029,-0.005718407483855102,0.002199026262956696,10,False
8,strict_4min_rate,6.150862068965518,-0.001797994884131178,-0.005687618994101295,0.002091629225838939,10,False
8,strict_4min_rate,6.25,-0.0018699744152046785,-0.005644636186841332,0.0019046873564319748,10,False
8,strict_4min_rate,6.349137931034483,-0.001971697574634147,-0.0056199582870385114,0.0016765631377702178,10,False
8,strict_4min_rate,6.448275862068966,-0.002099232733384024,-0.005654700298400126,0.0014562348316320781,10,False
8,strict_4min_rate,6.547413793103448,-0.0022486482624187497,-0.005795057675728101,0.0012977611508906022,10,False
8,strict_4min_rate,6.6465517241379315,-0.002416012532702767,-0.006080151128896656,0.0012481260634911225,10,False
8,strict_4min_rate,6.745689655172414,-0.002597393915200514,-0.006527367982575961,0.0013325801521749336,10,False
8,strict_4min_rate,6.844827586206897,-0.0027888607808764358,-0.007126577778781262,0.00154885621702839,10,False
8,strict_4min_rate,6.94396551724138,-0.0029864815006949716,-0.007847642753124976,0.0018746797517350325,10,False
8,strict_4min_rate,7.043103448275862,-0.00318632444562056,-0.008652574403738527,0.0022799255124974073,10,False
8,strict_4min_rate,7.142241379310345,-0.003384457986617648,-0.00950370252404313,0.002734786550807834,10,False
8,strict_4min_rate,7.241379310344827,-0.00357695049465067,-0.010366734871872407,0.0032128338825710666,10,False
8,strict_4min_rate,7.3405172413793105,-0.003759870340684072,-0.011211016126340642,0.0036912754449724976,10,False
8,strict_4min_rate,7.439655172413794,-0.003929285895682294,-0.0120088602449511,0.0041502884535865115,10,False
8,strict_4min_rate,7.538793103448276,-0.004081265530609775,-0.012734789232823042,0.004572258171603494,10,False
8,strict_4min_rate,7.637931034482759,-0.0042118776164309585,-0.01336492660043459,0.004941171367572674,10,False
8,strict_4min_rate,7.737068965517242,-0.004317190524110284,-0.013876574688333247,0.00524219364011268,10,False
8,strict_4min_rate,7.836206896551724,-0.004393272624612196,-0.014247948255219568,0.005461403005995174,10,False
8,strict_4min_rate,7.935344827586207,-0.00443619228890113,-0.014458036455241168,0.005585651877438908,10,False
8,strict_4min_rate,8.0,-0.0044444444444444505,-0.01449847627910315,0.005609587390214249,10,True
8,strict_4min_rate,8.03448275862069,-0.004439810991573576,-0.014483049739787899,0.005603427756640748,10,False
8,strict_4min_rate,8.133620689655173,-0.004377196135057504,-0.014274663932103845,0.005520271661988836,10,False
8,strict_4min_rate,8.232758620689655,-0.004247447774229934,-0.013843369676922495,0.005348474128462626,10,False
8,strict_4min_rate,8.331896551724139,-0.004058247852370288,-0.013215820991969607,0.0050993252872290305,10,False
8,strict_4min_rate,8.431034482758621,-0.003817278312757996,-0.012419263018318256,0.004784706392802265,10,False
8,strict_4min_rate,8.530172413793103,-0.003532221098672483,-0.011481687986818426,0.004417245789473462,10,False
8,strict_4min_rate,8.629310344827587,-0.0032107581533931647,-0.010432158388792391,0.004010642082006061,10,False
8,strict_4min_rate,8.72844827586207,-0.0028605714201994812,-0.009301402141196694,0.003580259300797732,10,False
8,strict_4min_rate,8.827586206896552,-0.0024893428423708496,-0.008122891215343587,0.003144205530601887,10,False
8,strict_4min_rate,8.926724137931036,-0.0021047543631866885,-0.006934799110564945,0.0027252903841915683,10,False
8,strict_4min_rate,9.025862068965518,-0.001714487925926438,-0.005783460565096024,0.002354484713243148,10,False
8,strict_4min_rate,9.125,-0.0013262254738695162,-0.004728673850663415,0.002076222902924382,10,False
8,strict_4min_rate,9.224137931034484,-0.0009476489502953415,-0.0038475690308975765,0.0019522711303068937,10,False
8,strict_4min_rate,9.323275862068966,-0.0005864402984833512,-0.0032211974627775536,0.0020483168658108515,10,False
8,strict_4min_rate,9.422413793103448,-0.00025028146171296537,-0.002884601084457856,0.0023840381610319254,10,False
8,strict_4min_rate,9.52155172413793,5.3145616736391225e-05,-0.0027869824007510503,0.0028932736342238328,10,False
8,strict_4min_rate,9.620689655172415,0.0003161589935852988,-0.0028317736831164363,0.0034640916702870336,10,False
8,strict_4min_rate,9.719827586206897,0.0005310767255543199,-0.0029349036380797036,0.003997057089188343,10,False
8,strict_4min_rate,9.818965517241379,0.0006902168693640404,-0.003040314242008884,0.004420747980736965,10,False
8,strict_4min_rate,9.918103448275863,0.0007858974817350293,-0.003113247308418961,0.0046850422718890195,10,False
8,strict_4min_rate,10.0,0.0008116151866151916,-0.003133923443780734,0.004757153817011118,10,True
8,strict_4min_rate,10.017241379310345,0.0008056857991188416,-0.003136998350692876,0.00474836994893056,10,False
8,strict_4min_rate,10.116379310344827,0.0005595203394797883,-0.0032898084688596234,0.0044088491478192,10,False
8,strict_4min_rate,10.215517241379311,9.036392141997764e-06,-0.0038193018386597365,0.003837374622943732,10,False
8,strict_4min_rate,10.314655172413794,-0.0007671219393319183,-0.004994412115541761,0.0034601682368779244,10,False
8,strict_4min_rate,10.413793103448276,-0.0016903105513793753,-0.0068802357041695995,0.0034996146014108494,10,False
8,strict_4min_rate,10.51293103448276,-0.0026818853404377988,-0.009240627609319096,0.003876856928443499,10,False
8,strict_4min_rate,10.612068965517242,-0.0036632022029445613,-0.0117503777510917,0.004423973345202578,10,False
8,strict_4min_rate,10.711206896551724,-0.004555617035337091,-0.014113219427305666,0.005001985356631483,10,False
8,strict_4min_rate,10.810344827586206,-0.005280485734052794,-0.01606657446236729,0.0055056029942617025,10,False
8,strict_4min_rate,10.90948275862069,-0.005759164195529085,-0.017368161009692497,0.005849832618634325,10,False
8,strict_4min_rate,11.0,-0.0059145165179647794,-0.01779218582977741,0.0059631527938478505,10,True
8,strict_4min_rate,11.008620689655173,-0.005914076973039247,-0.017790863580533223,0.005962709634454727,10,False
8,strict_4min_rate,11.107758620689655,-0.005845837623350334,-0.017585584385373224,0.005893909138672558,10,False
8,strict_4min_rate,11.206896551724139,-0.005661338640858081,-0.017030570265125812,0.005707892983409651,10,False
8,strict_4min_rate,11.306034482758621,-0.005360580025562496,-0.01612582121979101,0.005404661168666018,10,False
8,strict_4min_rate,11.405172413793103,-0.004943561777463577,-0.014871337249368798,0.004984213694441644,10,False
8,strict_4min_rate,11.504310344827587,-0.004410283896561312,-0.013267118353859159,0.004446550560736534,10,False
8,strict_4min_rate,11.60344827586207,-0.003760746382855723,-0.011313164533262142,0.003791671767550696,10,False
8,strict_4min_rate,11.702586206896552,-0.002994949236346799,-0.009009475787577725,0.0030195773148841273,10,False
8,strict_4min_rate,11.801724137931036,-0.002112892457034524,-0.006356052116805855,0.0021302672027368073,10,False
8,strict_4min_rate,11.900862068965518,-0.0011145760449189294,-0.0033528935209466296,0.0011237414311087706,10,False
8,strict_4min_rate,12.0,0.0,0.0,0.0,10,True
8,max_incident_queue,0.5,0.0,0.0,0.0,10,True
8,max_incident_queue,0.5991379310344828,0.0,0.0,0.0,10,False
8,max_incident_queue,0.6982758620689655,0.0,0.0,0.0,10,False
8,max_incident_queue,0.7974137931034483,0.0,0.0,0.0,10,False
8,max_incident_queue,0.896551724137931,0.0,0.0,0.0,10,False
8,max_incident_queue,0.9956896551724138,0.0,0.0,0.0,10,False
8,max_incident_queue,1.0,0.0,0.0,0.0,10,True
8,max_incident_queue,1.0948275862068966,0.0,0.0,0.0,10,False
8,max_incident_queue,1.1939655172413794,0.0,0.0,0.0,10,False
8,max_incident_queue,1.293103448275862,0.0,0.0,0.0,10,False
8,max_incident_queue,1.3922413793103448,0.0,0.0,0.0,10,False
8,max_incident_queue,1.4913793103448276,0.0,0.0,0.0,10,False
8,max_incident_queue,1.5905172413793105,0.0,0.0,0.0,10,False
8,max_incident_queue,1.6896551724137931,0.0,0.0,0.0,10,False
8,max_incident_queue,1.7887931034482758,0.0,0.0,0.0,10,False
8,max_incident_queue,1.8879310344827587,0.0,0.0,0.0,10,False
8,max_incident_queue,1.9870689655172415,0.0,0.0,0.0,10,False
8,max_incident_queue,2.0,0.0,0.0,0.0,10,True
8,max_incident_queue,2.086206896551724,0.0,0.0,0.0,10,False
8,max_incident_queue,2.185344827586207,0.0,0.0,0.0,10,False
8,max_incident_queue,2.2844827586206895,0.0,0.0,0.0,10,False
8,max_incident_queue,2.3836206896551726,0.0,0.0,0.0,10,False
8,max_incident_queue,2.4827586206896552,0.0,0.0,0.0,10,False
8,max_incident_queue,2.581896551724138,0.0,0.0,0.0,10,False
8,max_incident_queue,2.681034482758621,0.0,0.0,0.0,10,False
8,max_incident_queue,2.7801724137931036,0.0,0.0,0.0,10,False
8,max_incident_queue,2.8793103448275863,0.0,0.0,0.0,10,False
8,max_incident_queue,2.978448275862069,0.0,0.0,0.0,10,False
8,max_incident_queue,3.0775862068965516,0.0,0.0,0.0,10,False
8,max_incident_queue,3.1767241379310347,0.0,0.0,0.0,10,False
8,max_incident_queue,3.2758620689655173,0.0,0.0,0.0,10,False
8,max_incident_queue,3.375,0.0,0.0,0.0,10,False
8,max_incident_queue,3.474137931034483,0.0,0.0,0.0,10,False
8,max_incident_queue,3.5732758620689657,0.0,0.0,0.0,10,False
8,max_incident_queue,3.6724137931034484,0.0,0.0,0.0,10,False
8,max_incident_queue,3.771551724137931,0.0,0.0,0.0,10,False
8,max_incident_queue,3.8706896551724137,0.0,0.0,0.0,10,False
8,max_incident_queue,3.969827586206897,0.0,0.0,0.0,10,False
8,max_incident_queue,4.0,0.0,0.0,0.0,10,True
8,max_incident_queue,4.068965517241379,0.0,0.0,0.0,10,False
8,max_incident_queue,4.168103448275862,0.0,0.0,0.0,10,False
8,max_incident_queue,4.267241379310345,0.0,0.0,0.0,10,False
8,max_incident_queue,4.366379310344827,0.0,0.0,0.0,10,False
8,max_incident_queue,4.4655172413793105,0.0,0.0,0.0,10,False
8,max_incident_queue,4.564655172413794,0.0,0.0,0.0,10,False
8,max_incident_queue,4.663793103448276,0.0,0.0,0.0,10,False
8,max_incident_queue,4.762931034482759,0.0,0.0,0.0,10,False
8,max_incident_queue,4.862068965517242,0.0,0.0,0.0,10,False
8,max_incident_queue,4.961206896551724,0.0,0.0,0.0,10,False
8,max_incident_queue,5.0,0.0,0.0,0.0,10,True
8,max_incident_queue,5.060344827586207,0.0,0.0,0.0,10,False
8,max_incident_queue,5.1594827586206895,0.0,0.0,0.0,10,False
8,max_incident_queue,5.258620689655173,0.0,0.0,0.0,10,False
8,max_incident_queue,5.357758620689656,0.0,0.0,0.0,10,False
8,max_incident_queue,5.456896551724138,0.0,0.0,0.0,10,False
8,max_incident_queue,5.556034482758621,0.0,0.0,0.0,10,False
8,max_incident_queue,5.655172413793103,0.0,0.0,0.0,10,False
8,max_incident_queue,5.754310344827586,0.0,0.0,0.0,10,False
8,max_incident_queue,5.853448275862069,0.0,0.0,0.0,10,False
8,max_incident_queue,5.952586206896552,0.0,0.0,0.0,10,False
8,max_incident_queue,6.0,0.0,0.0,0.0,10,True
8,max_incident_queue,6.051724137931035,0.0,0.0,0.0,10,False
8,max_incident_queue,6.150862068965518,0.0,0.0,0.0,10,False
8,max_incident_queue,6.25,0.0,0.0,0.0,10,False
8,max_incident_queue,6.349137931034483,0.0,0.0,0.0,10,False
8,max_incident_queue,6.448275862068966,0.0,0.0,0.0,10,False
8,max_incident_queue,6.547413793103448,0.0,0.0,0.0,10,False
8,max_incident_queue,6.6465517241379315,0.0,0.0,0.0,10,False
8,max_incident_queue,6.745689655172414,0.0,0.0,0.0,10,False
8,max_incident_queue,6.844827586206897,0.0,0.0,0.0,10,False
8,max_incident_queue,6.94396551724138,0.0,0.0,0.0,10,False
8,max_incident_queue,7.043103448275862,0.0,0.0,0.0,10,False
8,max_incident_queue,7.142241379310345,0.0,0.0,0.0,10,False
8,max_incident_queue,7.241379310344827,0.0,0.0,0.0,10,False
8,max_incident_queue,7.3405172413793105,0.0,0.0,0.0,10,False
8,max_incident_queue,7.439655172413794,0.0,0.0,0.0,10,False
8,max_incident_queue,7.538793103448276,0.0,0.0,0.0,10,False
8,max_incident_queue,7.637931034482759,0.0,0.0,0.0,10,False
8,max_incident_queue,7.737068965517242,0.0,0.0,0.0,10,False
8,max_incident_queue,7.836206896551724,0.0,0.0,0.0,10,False
8,max_incident_queue,7.935344827586207,0.0,0.0,0.0,10,False
8,max_incident_queue,8.0,0.0,0.0,0.0,10,True
8,max_incident_queue,8.03448275862069,0.0,-0.00029727677675402505,0.00029727677675402505,10,False
8,max_incident_queue,8.133620689655173,0.0,-0.00431457084248509,0.00431457084248509,10,False
8,max_incident_queue,8.232758620689655,0.0,-0.012639069994809135,0.012639069994809135,10,False
8,max_incident_queue,8.331896551724139,0.0,-0.024777909970086432,0.024777909970086432,10,False
8,max_incident_queue,8.431034482758621,0.0,-0.040238226504676525,0.040238226504676525,10,False
8,max_incident_queue,8.530172413793103,0.0,-0.05852715533493962,0.05852715533493962,10,False
8,max_incident_queue,8.629310344827587,0.0,-0.07915183219723612,0.07915183219723612,10,False
8,max_incident_queue,8.72844827586207,0.0,-0.1016193928279253,0.1016193928279253,10,False
8,max_incident_queue,8.827586206896552,0.0,-0.12543697296336745,0.12543697296336745,10,False
8,max_incident_queue,8.926724137931036,0.0,-0.1501117083399231,0.1501117083399231,10,False
8,max_incident_queue,9.025862068965518,0.0,-0.17515073469395137,0.17515073469395137,10,False
8,max_incident_queue,9.125,0.0,-0.2000611877618127,0.2000611877618127,10,False
8,max_incident_queue,9.224137931034484,0.0,-0.22435020327986746,0.22435020327986746,10,False
8,max_incident_queue,9.323275862068966,0.0,-0.24752491698447485,0.24752491698447485,10,False
8,max_incident_queue,9.422413793103448,0.0,-0.26909246461199526,0.26909246461199526,10,False
8,max_incident_queue,9.52155172413793,0.0,-0.28855998189878884,0.28855998189878884,10,False
8,max_incident_queue,9.620689655172415,0.0,-0.30543460458121574,0.30543460458121574,10,False
8,max_incident_queue,9.719827586206897,0.0,-0.3192234683956353,0.3192234683956353,10,False
8,max_incident_queue,9.818965517241379,0.0,-0.3294337090784081,0.3294337090784081,10,False
8,max_incident_queue,9.918103448275863,0.0,-0.33557246236589394,0.33557246236589394,10,False
8,max_incident_queue,10.0,0.0,-0.33722247945365624,0.33722247945365624,10,True
8,max_incident_queue,10.017241379310345,-0.0001763089917585826,-0.3372504843343384,0.33689786635082125,10,False
8,max_incident_queue,10.116379310344827,-0.007495983076386876,-0.33901387275983685,0.3240219066070631,10,False
8,max_incident_queue,10.215517241379311,-0.023864498339415525,-0.34741246662298136,0.29968346994415035,10,False
8,max_incident_queue,10.314655172413794,-0.04694339020665068,-0.3703150937530839,0.27642831333978257,10,False
8,max_incident_queue,10.413793103448276,-0.07439419410389927,-0.4142106877183187,0.2654222995105202,10,False
8,max_incident_queue,10.51293103448276,-0.10387844545696864,-0.478781125143277,0.27102423422933974,10,False
8,max_incident_queue,10.612068965517242,-0.13305767969166443,-0.5561362861298923,0.29002092674656343,10,False
8,max_incident_queue,10.711206896551724,-0.1595934322337939,-0.6346987733538464,0.3155119088862586,10,False
8,max_incident_queue,10.810344827586206,-0.18114723850916387,-0.7026186370277794,0.3403241600094516,10,False
8,max_incident_queue,10.90948275862069,-0.1953806339435812,-0.7490059050014302,0.3582446371142678,10,False
8,max_incident_queue,11.0,-0.2,-0.7642811372151657,0.3642811372151657,10,True
8,max_incident_queue,11.008620689655173,-0.19998145296035097,-0.7642176853935552,0.36425477947285323,10,False
8,max_incident_queue,11.107758620689655,-0.19715958414269755,-0.7544718156824853,0.3601526473970903,10,False
8,max_incident_queue,11.206896551724139,-0.189741276805117,-0.7285112682048515,0.3490287145946175,10,False
8,max_incident_queue,11.306034482758621,-0.1780188390193837,-0.6868777330469442,0.33084005500817676,10,False
8,max_incident_queue,11.405172413793103,-0.16228457885727177,-0.6301086714457026,0.30553951373115906,10,False
8,max_incident_queue,11.504310344827587,-0.14283080439055496,-0.5587311048092551,0.2730694960281453,10,False
8,max_incident_queue,11.60344827586207,-0.11994982369100812,-0.47325750951548673,0.23335786213347046,10,False
8,max_incident_queue,11.702586206896552,-0.09393394483040515,-0.37418292668373565,0.18631503702292532,10,False
8,max_incident_queue,11.801724137931036,-0.06507547588051957,-0.2619828074177931,0.13183185565675395,10,False
8,max_incident_queue,11.900862068965518,-0.03366672491312665,-0.13711132511821655,0.06977787529196323,10,False
8,max_incident_queue,12.0,0.0,0.0,0.0,10,True
9,mean_response_min,0.5,0.0,0.0,0.0,9,True
9,mean_response_min,0.5991379310344828,0.028151236936101984,-0.036765631849661445,0.09306810572186541,9,False
9,mean_response_min,0.6982758620689655,0.054059645838488574,-0.07060212101273874,0.1787214126897159,9,False
9,mean_response_min,0.7974137931034483,0.07548239867344436,-0.09858032480264778,0.2495451221495365,9,False
9,mean_response_min,0.896551724137931,0.09017666740725398,-0.11777110053280442,0.29812443534731237,9,False
9,mean_response_min,0.9956896551724138,0.09589962400620199,-0.1252453055166245,0.31704455352902844,9,False
9,mean_response_min,1.0,0.09591028482820274,-0.12525922859424216,0.31707979825064764,9,True
9,mean_response_min,1.0948275862068966,0.09191988802189571,-0.12412756197099795,0.30796733801478937,9,False
9,mean_response_min,1.1939655172413794,0.08039281968325877,-0.12105124504065366,0.2818368844071712,9,False
9,mean_response_min,1.293103448275862,0.06316649234568336,-0.11710977505112186,0.24344275974248858,9,False
9,mean_response_min,1.3922413793103448,0.04208714483981149,-0.11377433031425907,0.19794861999388205,9,False
9,mean_response_min,1.4913793103448276,0.019001015996285182,-0.11301078106051107,0.15101281305308142,9,False
9,mean_response_min,1.5905172413793105,-0.004245655354253481,-0.11718660249398469,0.10869529178547774,9,False
9,mean_response_min,1.6896551724137931,-0.0258066303811624,-0.12795306831846118,0.07633980755613638,9,False
9,mean_response_min,1.7887931034482758,-0.043835670253799586,-0.14372656562171454,0.05605522511411537,9,False
9,mean_response_min,1.8879310344827587,-0.056486536141522964,-0.1587915796827869,0.045818507399740985,9,False
9,mean_response_min,1.9870689655172415,-0.06191298921369051,-0.16621969479873497,0.042393716371353946,9,False
9,mean_response_min,2.0,-0.061991515439946535,-0.16633121722910182,0.04234818634920874,9,True
9,mean_response_min,2.086206896551724,-0.06171996136238714,-0.16546962510449786,0.0420297023797236,9,False
9,mean_response_min,2.185344827586207,-0.06077896522329351,-0.16248563346178116,0.04092770301519413,9,False
9,mean_response_min,2.2844827586206895,-0.05923552274776944,-0.15759699841753624,0.03912595292199736,9,False
9,mean_response_min,2.3836206896551726,-0.0571629475111477,-0.15104488081476974,0.03671898579247436,9,False
9,mean_response_min,2.4827586206896552,-0.05463455308876114,-0.1430740255794907,0.03380491940196842,9,False
9,mean_response_min,2.581896551724138,-0.051723653055942544,-0.133933565471872,0.03048625935998691,9,False
9,mean_response_min,2.681034482758621,-0.04850356098802471,-0.12387853934804216,0.02687141737199273,9,False
9,mean_response_min,2.7801724137931036,-0.045047590460340486,-0.11317243996277356,0.023077259042092582,9,False
9,mean_response_min,2.8793103448275863,-0.04142905504822263,-0.10209134073475368,0.01923323063830843,9,False
9,mean_response_min,2.978448275862069,-0.037721268327003975,-0.09093043397439385,0.015487897320385899,9,False
9,mean_response_min,3.0775862068965516,-0.03399754387201732,-0.08001391796415755,0.012018830220122914,9,False
9,mean_response_min,3.1767241379310347,-0.03033119525859545,-0.06970802596532244,0.009045635448131549,9,False
9,mean_response_min,3.2758620689655173,-0.026795536062071208,-0.06043097897178404,0.00683990684764162,9,False
9,mean_response_min,3.375,-0.023463879857777387,-0.052635117139406065,0.005707357423851287,9,False
9,mean_response_min,3.474137931034483,-0.02040954022104676,-0.04670848255714481,0.005889402115051293,9,False
9,mean_response_min,3.5732758620689657,-0.01770583072721219,-0.0427775624655354,0.007365901011111023,9,False
9,mean_response_min,3.6724137931034484,-0.015426064951606446,-0.040572673276982815,0.009720543373769926,9,False
9,mean_response_min,3.771551724137931,-0.013643556469562362,-0.03955819396965328,0.012271081030528559,9,False
9,mean_response_min,3.8706896551724137,-0.012431618856412715,-0.039197513723527005,0.014334276010701573,9,False
9,mean_response_min,3.969827586206897,-0.011863565687490295,-0.039112384140215596,0.015385252765235008,9,False
9,mean_response_min,4.0,-0.011829660594248873,-0.03910890684264854,0.015449585654150796,9,True
9,mean_response_min,4.068965517241379,-0.01164275606122473,-0.03836165342476434,0.015076141302314876,9,False
9,mean_response_min,4.168103448275862,-0.010801274481740045,-0.03498763294666736,0.013385083983187272,9,False
9,mean_response_min,4.267241379310345,-0.009438100036077021,-0.02951746152446644,0.010641261452312398,9,False
9,mean_response_min,4.366379310344827,-0.0077245361714685995,-0.02269907305027513,0.007250000707337932,9,False
9,mean_response_min,4.4655172413793105,-0.005831886335147671,-0.015523691430466276,0.0038599187601709344,9,False
9,mean_response_min,4.564655172413794,-0.003931453974347172,-0.010186047030283366,0.002323139081589023,9,False
9,mean_response_min,4.663793103448276,-0.002194542536300042,-0.01015963962640367,0.005770554553803587,9,False
9,mean_response_min,4.762931034482759,-0.0007924554682391733,-0.012946393720423478,0.01136148278394513,9,False
9,mean_response_min,4.862068965517242,0.00010350378260249763,-0.01586601316089968,0.016073020726104677,9,False
9,mean_response_min,4.961206896551724,0.00032203176899204866,-0.018129834597360596,0.01877389813534469,9,False
9,mean_response_min,5.0,0.00018596850727102697,-0.018761498801392742,0.019133435815934793,9,True
9,mean_response_min,5.060344827586207,-0.000578357276414635,-0.020011896882024666,0.018855182329195395,9,False
9,mean_response_min,5.1594827586206895,-0.00356394102844286,-0.023879123042556436,0.016751240985670716,9,False
9,mean_response_min,5.258620689655173,-0.008281412966013233,-0.03056207952668648,0.013999253594660015,9,False
9,mean_response_min,5.357758620689656,-0.014249146923847081,-0.040420665701631185,0.011922371853937025,9,False
9,mean_response_min,5.456896551724138,-0.020985516736665693,-0.052883179625012655,0.010912146151681273,9,False
9,mean_response_min,5.556034482758621,-0.02800889623919053,-0.06672270505311205,0.010704912574730992,9,False
9,mean_response_min,5.655172413793103,-0.034837659266142844,-0.08056497150712892,0.010889652974843234,9,False
9,mean_response_min,5.754310344827586,-0.04099017965224408,-0.093092143185036,0.01111178388054785,9,False
9,mean_response_min,5.853448275862069,-0.04598483123221554,-0.10306926850467105,0.011099606040239962,9,False
9,mean_response_min,5.952586206896552,-0.049339987840778546,-0.10933978428335026,0.010659808601793157,9,False
9,mean_response_min,6.0,-0.05022442695214253,-0.11071337846690696,0.010264524562621911,9,True
9,mean_response_min,6.051724137931035,-0.050994704326649154,-0.11163505458178524,0.009645645928486928,9,False
9,mean_response_min,6.150862068965518,-0.05294153487387296,-0.1139594475999918,0.00807637785224588,9,False
9,mean_response_min,6.25,-0.055444904133514945,-0.1176452488141145,0.006755440547084608,9,False
9,mean_response_min,6.349137931034483,-0.05843130631316757,-0.12350413552992093,0.006641522903585793,9,False
9,mean_response_min,6.448275862068966,-0.06182723562042326,-0.1321612760923791,0.00850680485153256,9,False
9,mean_response_min,6.547413793103448,-0.06555918626287444,-0.14382932560355655,0.012710953077807674,9,False
9,mean_response_min,6.6465517241379315,-0.06955365244811357,-0.1582906976019824,0.019183392705755253,9,False
9,mean_response_min,6.745689655172414,-0.07373712838373304,-0.17505332288488062,0.02757906611741455,9,False
9,mean_response_min,6.844827586206897,-0.07803610827732538,-0.19352214176136126,0.037449925206710505,9,False
9,mean_response_min,6.94396551724138,-0.08237708633648294,-0.21309992569096914,0.04834575301800326,9,False
9,mean_response_min,7.043103448275862,-0.08668655676879819,-0.23322442521383116,0.05985131167623478,9,False
9,mean_response_min,7.142241379310345,-0.09089101378186358,-0.2533733117978346,0.07159128423410747,9,False
9,mean_response_min,7.241379310344827,-0.09491695158327149,-0.2730580545185063,0.08322415135196334,9,False
9,mean_response_min,7.3405172413793105,-0.09869086438061442,-0.2918159786485519,0.0944342498873231,9,False
9,mean_response_min,7.439655172413794,-0.10213924638148482,-0.3092034961764225,0.10492500341345286,9,False
9,mean_response_min,7.538793103448276,-0.10518859179347505,-0.3247910549633202,0.11441387137637014,9,False
9,mean_response_min,7.637931034482759,-0.10776539482417763,-0.3381596084369215,0.12262881878856621,9,False
9,mean_response_min,7.737068965517242,-0.10979614968118492,-0.3488982825994578,0.12930598323708797,9,False
9,mean_response_min,7.836206896551724,-0.11120735057208939,-0.35660298436700033,0.13418828322282153,9,False
9,mean_response_min,7.935344827586207,-0.1119254917044835,-0.36087581446934086,0.13702483106037383,9,False
9,mean_response_min,8.0,-0.11198544708391228,-0.3616267618605935,0.13765586769276894,9,True
9,mean_response_min,8.03448275862069,-0.11183743389482276,-0.3612598253674597,0.13758495757781422,9,False
9,mean_response_min,8.133620689655173,-0.11046056922976605,-0.3568568395509656,0.13593570109143352,9,False
9,mean_response_min,8.232758620689655,-0.10778801885971953,-0.3478938131504465,0.13231777543100742,9,False
9,mean_response_min,8.331896551724139,-0.10396795445145579,-0.33489295273962105,0.1269570438367095,9,False
9,mean_response_min,8.431034482758621,-0.09914854767174758,-0.31837731009359616,0.12008021475010097,9,False
9,mean_response_min,8.530172413793103,-0.09347797018736755,-0.29887073108136464,0.11191479070662953,9,False
9,mean_response_min,8.629310344827587,-0.0871043936650882,-0.2768979388857726,0.1026891515555962,9,False
9,mean_response_min,8.72844827586207,-0.08017598977168237,-0.25298477104532086,0.0926327915019561,9,False
9,mean_response_min,8.827586206896552,-0.07284093017392265,-0.2276586392379221,0.08197677889007679,9,False
9,mean_response_min,8.926724137931036,-0.06524738653858156,-0.2014493627528723,0.0709545896757092,9,False
9,mean_response_min,9.025862068965518,-0.05754353053243198,-0.17489069012771238,0.05980362906284842,9,False
9,mean_response_min,9.125,-0.049877533822246495,-0.14852318391362945,0.04876811626913646,9,False
9,mean_response_min,9.224137931034484,-0.042397568074797554,-0.12290000246858707,0.03810486631899196,9,False
9,mean_response_min,9.323275862068966,-0.03525180495685811,-0.09859931511450867,0.028095705200792458,9,False
9,mean_response_min,9.422413793103448,-0.028588416135200682,-0.07625309391240583,0.01907626164200446,9,False
9,mean_response_min,9.52155172413793,-0.022555573276597938,-0.05661829084976379,0.011507144296567916,9,False
9,mean_response_min,9.620689655172415,-0.0173014480478224,-0.040743826859211504,0.006140930763566706,9,False
9,mean_response_min,9.719827586206897,-0.012974212115646904,-0.030113801634253038,0.00416537740295923,9,False
9,mean_response_min,9.818965517241379,-0.009722037146844031,-0.0253931062413158,0.005949031947627739,9,False
9,mean_response_min,9.918103448275863,-0.007693094808186449,-0.02428583104800761,0.00889964143163471,9,False
9,mean_response_min,10.0,-0.007044919453558822,-0.02415641951875896,0.010066580611641316,9,True
9,mean_response_min,10.017241379310345,-0.007078809224343036,-0.02418525098746367,0.010027632538777597,9,False
9,mean_response_min,10.116379310344827,-0.009634788518297504,-0.02765719377165163,0.008387616735056624,9,False
9,mean_response_min,10.215517241379311,-0.015584093364622215,-0.04372836135786737,0.012560174628622942,9,False
9,mean_response_min,10.314655172413794,-0.02405827375350313,-0.07253038715060008,0.02441383964359382,9,False
9,mean_response_min,10.413793103448276,-0.034188879675126516,-0.10867083720051428,0.04029307785026125,9,False
9,mean_response_min,10.51293103448276,-0.04510746111967876,-0.1480374876209667,0.05782256538160916,9,False
9,mean_response_min,10.612068965517242,-0.055945568077345666,-0.187177883113711,0.07528674695901968,9,False
9,mean_response_min,10.711206896551724,-0.06583475053831361,-0.22284013496658106,0.09117063388995383,9,False
9,mean_response_min,10.810344827586206,-0.07390655849276875,-0.2518421274275887,0.1040290104420512,9,False
9,mean_response_min,10.90948275862069,-0.07929254193089735,-0.2710309001919786,0.11244581633018391,9,False
9,mean_response_min,11.0,-0.08112805204040867,-0.2773198432784307,0.11506373919761335,9,True
9,mean_response_min,11.008620689655173,-0.08113525966933616,-0.2773088179464481,0.11503829860777584,9,False
9,mean_response_min,11.107758620689655,-0.0804222944556375,-0.27426900465150716,0.11342441574023218,9,False
9,mean_response_min,11.206896551724139,-0.07823761695406209,-0.2658652574236362,0.10939002351551205,9,False
9,mean_response_min,11.306034482758621,-0.07457067179392118,-0.2520926078581932,0.10295126427035087,9,False
9,mean_response_min,11.405172413793103,-0.06941090360452606,-0.23294720410527622,0.0941253968962241,9,False
9,mean_response_min,11.504310344827587,-0.06274775701518791,-0.20842698937710713,0.08293147534673133,9,False
9,mean_response_min,11.60344827586207,-0.05457067665521816,-0.1785336825852867,0.0693923292748504,9,False
9,mean_response_min,11.702586206896552,-0.04486910715392803,-0.14327898285550936,0.0535407685476533,9,False
9,mean_response_min,11.801724137931036,-0.03363249314062858,-0.10270986041319491,0.035444874131937754,9,False
9,mean_response_min,11.900862068965518,-0.020850279244631457,-0.0570884627902378,0.015387904300974888,9,False
9,mean_response_min,12.0,-0.006511910095247764,-0.015577985934164318,0.0025541657436687903,9,True
9,p95_response_min,0.5,0.0,0.0,0.0,9,True
9,p95_response_min,0.5991379310344828,0.0255752510235441,-0.033401383595633174,0.08455188564272137,9,False
9,p95_response_min,0.6982758620689655,0.04911290454843791,-0.06414165643214739,0.16236746552902323,9,False
9,p95_response_min,0.7974137931034483,0.06857536307603113,-0.08955970775042371,0.22671043390248596,9,False
9,p95_response_min,0.896551724137931,0.08192502910767348,-0.1069944267913432,0.27084448500669017,9,False
9,p95_response_min,0.9956896551724138,0.08712430514471464,-0.1137847027957869,0.2880333130852162,9,False
9,p95_response_min,1.0,0.08713399044555617,-0.1137973518387366,0.2880653327298489,9,True
9,p95_response_min,1.0948275862068966,0.07971422061303511,-0.11789452676238087,0.2773229679884511,9,False
9,p95_response_min,1.1939655172413794,0.05818483954603029,-0.13284693601327824,0.24921661510533882,9,False
9,p95_response_min,1.293103448275862,0.025812116151797904,-0.16439984905821933,0.21602408136181514,9,False
9,p95_response_min,1.3922413793103448,-0.014121316333473823,-0.217883212627349,0.18964057996040135,9,False
9,p95_response_min,1.4913793103448276,-0.05833282467359677,-0.2920185436828776,0.1753528943356841,9,False
9,p95_response_min,1.5905172413793105,-0.10353977563238254,-0.3782980559775904,0.17121850471282535,9,False
9,p95_response_min,1.6896551724137931,-0.1464595359736428,-0.46564325956225205,0.17272418761496644,9,False
9,p95_response_min,1.7887931034482758,-0.18380947246118953,-0.5434714247528319,0.1758524798304529,9,False
9,p95_response_min,1.8879310344827587,-0.21230695185883441,-0.6022919830417008,0.17767807932403196,9,False
9,p95_response_min,1.9870689655172415,-0.22866934093038913,-0.6336131401912787,0.17627445833050046,9,False
9,p95_response_min,2.0,-0.2297370567241429,-0.6352682334490505,0.17579412000076472,9,True
9,p95_response_min,2.086206896551724,-0.23573293958703878,-0.642637643689553,0.17117176451547544,9,False
9,p95_response_min,2.185344827586207,-0.24207069677904924,-0.6478248544216879,0.16368346086358943,9,False
9,p95_response_min,2.2844827586206895,-0.24783722023904473,-0.6508712312304087,0.15519679075231926,9,False
9,p95_response_min,2.3836206896551726,-0.25305882435304583,-0.6533058982787281,0.14718824957263638,9,False
9,p95_response_min,2.4827586206896552,-0.25776182350707333,-0.6566629406640525,0.1411392936499058,9,False
9,p95_response_min,2.581896551724138,-0.261972532087148,-0.6623510302810289,0.13840596610673295,9,False
9,p95_response_min,2.681034482758621,-0.26571726447929034,-0.6714948313125103,0.14006030235392963,9,False
9,p95_response_min,2.7801724137931036,-0.26902233506952117,-0.6847875012723761,0.14674283113333375,9,False
9,p95_response_min,2.8793103448275863,-0.2719140582438611,-0.7024064353305792,0.15857831884285706,9,False
9,p95_response_min,2.978448275862069,-0.2744187483883309,-0.7240245557458422,0.17518705896918035,9,False
9,p95_response_min,3.0775862068965516,-0.27656271988895115,-0.7489062718414905,0.19578083206358826,9,False
9,p95_response_min,3.1767241379310347,-0.27837228713174267,-0.7760439440235342,0.21929936976004882,9,False
9,p95_response_min,3.2758620689655173,-0.27987376450272605,-0.8042885587216856,0.24454102971623348,9,False
9,p95_response_min,3.375,-0.28109346638792204,-0.8324484821977229,0.2702615494218789,9,False
9,p95_response_min,3.474137931034483,-0.2820577071733512,-0.8593519159621196,0.29523650161541715,9,False
9,p95_response_min,3.5732758620689657,-0.2827928012450345,-0.8838808216821371,0.31829521919206816,9,False
9,p95_response_min,3.6724137931034484,-0.28332506298899235,-0.9049870981208548,0.3383369721428701,9,False
9,p95_response_min,3.771551724137931,-0.2836808067912455,-0.9217002949333899,0.35433868135089885,9,False
9,p95_response_min,3.8706896551724137,-0.28388634703781485,-0.9331337580351236,0.3653610639594939,9,False
9,p95_response_min,3.969827586206897,-0.2839679981147208,-0.938494532853533,0.3705585366240914,9,False
9,p95_response_min,4.0,-0.2839722698973388,-0.9388134985639156,0.370868958769238,9,True
9,p95_response_min,4.068965517241379,-0.28183671494707957,-0.9272772332736023,0.36360380337944326,9,False
9,p95_response_min,4.168103448275862,-0.272163072143228,-0.8753503822221014,0.3310242379356454,9,False
9,p95_response_min,4.267241379310345,-0.25634855303650717,-0.7918863847436475,0.27918927867063315,9,False
9,p95_response_min,4.366379310344827,-0.23622744535374846,-0.6893502775385747,0.21689538683107784,9,False
9,p95_response_min,4.4655172413793105,-0.2136340368217825,-0.5822703122920331,0.15500223864846807,9,False
9,p95_response_min,4.564655172413794,-0.19040261516744053,-0.48846989608796176,0.10766466575308073,9,False
9,p95_response_min,4.663793103448276,-0.1683674681175537,-0.4272558391580015,0.09052090292289411,9,False
9,p95_response_min,4.762931034482759,-0.14936288339895287,-0.4063362770476751,0.10761051024976936,9,False
9,p95_response_min,4.862068965517242,-0.13522314873846916,-0.4109316811512922,0.14048538367435384,9,False
9,p95_response_min,4.961206896551724,-0.12778255186293372,-0.4192236951005307,0.16365859137466324,9,False
9,p95_response_min,5.0,-0.1270926021808558,-0.4201686683637672,0.16598346400205563,9,True
9,p95_response_min,5.060344827586207,-0.1263010914239483,-0.4161507417481424,0.16354855890024583,9,False
9,p95_response_min,5.1594827586206895,-0.12205462781345962,-0.3942169816096988,0.1501077259827796,9,False
9,p95_response_min,5.258620689655173,-0.11513426892357506,-0.3577471779675649,0.12747864012041477,9,False
9,p95_response_min,5.357758620689656,-0.10667719698221452,-0.31258526125375585,0.0992308672893268,9,False
9,p95_response_min,5.456896551724138,-0.09782059421729791,-0.26595952303186493,0.0703183345972691,9,False
9,p95_response_min,5.556034482758621,-0.08970164285674492,-0.2277720681128528,0.04836878239936296,9,False
9,p95_response_min,5.655172413793103,-0.08345752512847558,-0.2101408677705906,0.04322581751363945,9,False
9,p95_response_min,5.754310344827586,-0.08022542326040955,-0.21855900674112938,0.05810816022031029,9,False
9,p95_response_min,5.853448275862069,-0.08114251948046677,-0.24571208222979163,0.08342704326885808,9,False
9,p95_response_min,5.952586206896552,-0.08734599601656709,-0.28218936486776935,0.1074973728346352,9,False
9,p95_response_min,6.0,-0.09251367581920276,-0.30139175999018786,0.11636440835178231,9,True
9,p95_response_min,6.051724137931035,-0.09960711894825584,-0.3248487061965328,0.12563446830002106,9,False
9,p95_response_min,6.150862068965518,-0.11641081805149128,-0.38045987957239297,0.1476382434694104,9,False
9,p95_response_min,6.25,-0.13699881430549363,-0.4486384833625562,0.1746408547515689,9,False
9,p95_response_min,6.349137931034483,-0.16085736285362653,-0.5276799781016513,0.2059652523943983,9,False
9,p95_response_min,6.448275862068966,-0.18747271883925318,-0.6158794701675551,0.24093403248904868,9,False
9,p95_response_min,6.547413793103448,-0.21633113740573656,-0.7115319016334596,0.2788696268219865,9,False
9,p95_response_min,6.6465517241379315,-0.24691887369644064,-0.8129321559101863,0.3190944085173051,9,False
9,p95_response_min,6.745689655172414,-0.2787221828547281,-0.9183751063338994,0.36093074062444314,9,False
9,p95_response_min,6.844827586206897,-0.31122732002396286,-1.026155635091678,0.4037009950437523,9,False
9,p95_response_min,6.94396551724138,-0.3439205403475081,-1.134568638702696,0.44672755800767994,9,False
9,p95_response_min,7.043103448275862,-0.3762880989687265,-1.2419090280637628,0.4893328301263098,9,False
9,p95_response_min,7.142241379310345,-0.4078162510309825,-1.346471726650634,0.530839224588669,9,False
9,p95_response_min,7.241379310344827,-0.4379912516776383,-1.4465516683653616,0.570569165010085,9,False
9,p95_response_min,7.3405172413793105,-0.4662993560520582,-1.540443795587171,0.6078450834830545,9,False
9,p95_response_min,7.439655172413794,-0.4922268192976051,-1.626443057594098,0.6419894189988877,9,False
9,p95_response_min,7.538793103448276,-0.5152598965576421,-1.7028444093738164,0.672324616258532,9,False
9,p95_response_min,7.637931034482759,-0.534884842975533,-1.767942810797594,0.6981731248465283,9,False
9,p95_response_min,7.737068965517242,-0.5505879136946407,-1.8200332261323826,0.7188573987431014,9,False
9,p95_response_min,7.836206896551724,-0.5618553638583287,-1.8574106238894759,0.7336998961728184,9,False
9,p95_response_min,7.935344827586207,-0.5681734486099607,-1.878369977049143,0.7420230798292217,9,False
9,p95_response_min,8.0,-0.5693827656794075,-1.8823817778501057,0.7436162464912908,9,True
9,p95_response_min,8.03448275862069,-0.5687563838415414,-1.8802366761627933,0.7427239084797107,9,False
9,p95_response_min,8.133620689655173,-0.5602916794417658,-1.8512488509291236,0.730665492045592,9,False
9,p95_response_min,8.232758620689655,-0.5427514089393667,-1.7911833071542995,0.7056804892755663,9,False
9,p95_response_min,8.331896551724139,-0.5171740699480764,-1.7036007701479257,0.6692526302517731,9,False
9,p95_response_min,8.431034482758621,-0.48459816008162904,-1.5920644479802721,0.6228681278170142,9,False
9,p95_response_min,8.530172413793103,-0.44606217695375733,-1.4601408842002708,0.568016530292756,9,False
9,p95_response_min,8.629310344827587,-0.40260461817819343,-1.3114017828898075,0.5061925465334205,9,False
9,p95_response_min,8.72844827586207,-0.3552639813686718,-1.149427723122484,0.4388997603851404,9,False
9,p95_response_min,8.827586206896552,-0.30507876413892504,-0.977816099111676,0.36765857083382597,9,False
9,p95_response_min,8.926724137931036,-0.2530874641026851,-0.8001998462881361,0.2940249180827659,9,False
9,p95_response_min,9.025862068965518,-0.20032857887368677,-0.6202985824711095,0.21964142472373593,9,False
9,p95_response_min,9.125,-0.14784060606566238,-0.44209267467971103,0.1464114625483863,9,False
9,p95_response_min,9.224137931034484,-0.09666204329234396,-0.2706764359613586,0.07735234937667071,9,False
9,p95_response_min,9.323275862068966,-0.04783138816746633,-0.12078802277627057,0.025125246441337908,9,False
9,p95_response_min,9.422413793103448,-0.002387138304761708,-0.08798909877257943,0.08321482216305601,9,False
9,p95_response_min,9.52155172413793,0.038632208682036824,-0.1346478978397597,0.21191231520383333,9,False
9,p95_response_min,9.620689655172415,0.0741881551791968,-0.1822035888695855,0.3305798992279791,9,False
9,p95_response_min,9.719827586206897,0.10324220357298419,-0.22229288297361322,0.4287772901195816,9,False
9,p95_response_min,9.818965517241379,0.12475585624966667,-0.25230406096520486,0.5018157734645382,9,False
9,p95_response_min,9.918103448275863,0.1376906155955106,-0.2704317142789296,0.5458129454699507,9,False
9,p95_response_min,10.0,0.14116731077240313,-0.2753125861705424,0.5576472077153487,9,True
9,p95_response_min,10.017241379310345,0.14050870290362555,-0.27572584072384637,0.5567432465310975,9,False
9,p95_response_min,10.116379310344827,0.11316582662182714,-0.29548690480016904,0.5218185580438234,9,False
9,p95_response_min,10.215517241379311,0.05202071516206614,-0.35877858106999105,0.4628200113941233,9,False
9,p95_response_min,10.314655172413794,-0.03419122238472136,-0.4904853521611382,0.4221029073916954,9,False
9,p95_response_min,10.413793103448276,-0.13673457692760255,-0.6948114105334833,0.42134225667827824,9,False
9,p95_response_min,10.51293103448276,-0.2468739393756456,-0.9472371369030252,0.453489258151734,9,False
9,p95_response_min,10.612068965517242,-0.35587390063791235,-1.214490977316102,0.5027431760402772,9,False
9,p95_response_min,10.711206896551724,-0.45499905162347165,-1.4657517406853193,0.555753637438376,9,False
9,p95_response_min,10.810344827586206,-0.5355139832413893,-1.6733688064254815,0.6023408399427028,9,False
9,p95_response_min,10.90948275862069,-0.5886832864007322,-1.8116871327351847,0.6343205599337202,9,False
9,p95_response_min,11.0,-0.6059390758143959,-1.8567452824156871,0.6448671307868954,9,True
9,p95_response_min,11.008620689655173,-0.6059147090600607,-1.856621307138142,0.6447918890180206,9,False
9,p95_response_min,11.107758620689655,-0.6020247637478906,-1.8373220242335144,0.6332724967377332,9,False
9,p95_response_min,11.206896551724139,-0.5911148863075361,-1.7850698414744515,0.6028400688593795,9,False
9,p95_response_min,11.306034482758621,-0.5726416539054329,-1.700021512484076,0.5547382046732103,9,False
9,p95_response_min,11.405172413793103,-0.5460616437080156,-1.5827295912041488,0.49060630378811754,9,False
9,p95_response_min,11.504310344827587,-0.5108314328817183,-1.4344015966865726,0.41273873092313607,9,False
9,p95_response_min,11.60344827586207,-0.4664075985929776,-1.2575999351726475,0.32478473798669233,9,False
9,p95_response_min,11.702586206896552,-0.4122467180082276,-1.0581997721116316,0.2337063360951765,9,False
9,p95_response_min,11.801724137931036,-0.347805368293902,-0.8513903966524163,0.15577966006461225,9,False
9,p95_response_min,11.900862068965518,-0.27254012661643817,-0.6785749551180696,0.1334947018851933,9,False
9,p95_response_min,12.0,-0.18590757014226986,-0.6146111956561027,0.24279605537156293,9,True
9,strict_4min_rate,0.5,0.0,0.0,0.0,9,True
9,strict_4min_rate,0.5991379310344828,-0.004658989716610469,-0.015402639268987897,0.006084659835766958,9,False
9,strict_4min_rate,0.6982758620689655,-0.008946794580174385,-0.029578139878878737,0.011684550718529967,9,False
9,strict_4min_rate,0.7974137931034483,-0.012492229737645195,-0.04129936317057547,0.016314903695285078,9,False
9,strict_4min_rate,0.896551724137931,-0.014924110335976345,-0.04933917048498103,0.019490949813028336,9,False
9,strict_4min_rate,0.9956896551724138,-0.015871251522121283,-0.05247042316299837,0.020727920118755804,9,False
9,strict_4min_rate,1.0,-0.01587301587301588,-0.05247625611435186,0.020730224368320102,9,True
9,strict_4min_rate,1.0948275862068966,-0.015324096952921215,-0.05104652229821894,0.020398328392376507,9,False
9,strict_4min_rate,1.1939655172413794,-0.01373843361881339,-0.04693627283678792,0.019459405599161136,9,False
9,strict_4min_rate,1.293103448275862,-0.011368780309048896,-0.040862025138132384,0.01812446452003459,9,False
9,strict_4min_rate,1.3922413793103448,-0.008469105607291154,-0.03358767824466547,0.01664946703008316,9,False
9,strict_4min_rate,1.4913793103448276,-0.005293378097203588,-0.025944517880606085,0.015357761686198911,9,False
9,strict_4min_rate,1.5905172413793105,-0.0020955663624496416,-0.018857958328031117,0.014666825603131836,9,False
9,strict_4min_rate,1.6896551724137931,0.0008703610133072589,-0.013279379936180648,0.015020101962795164,9,False
9,strict_4min_rate,1.7887931034482758,0.0033504354464036798,-0.009791516021184068,0.01649238691399143,9,False
9,strict_4min_rate,1.8879310344827587,0.005090688353176197,-0.00814478050385498,0.01832615721020737,9,False
9,strict_4min_rate,1.9870689655172415,0.005837151149961372,-0.007643834210835565,0.01931813651075831,9,False
9,strict_4min_rate,2.0,0.005847953216374278,-0.007637451083065311,0.019333357515813866,9,True
9,strict_4min_rate,2.086206896551724,0.0058162949863074685,-0.007596105303684811,0.019228695276299747,9,False
9,strict_4min_rate,2.185344827586207,0.005706592077291528,-0.0074528328508660655,0.018866017005449123,9,False
9,strict_4min_rate,2.2844827586206895,0.00552665496338706,-0.007217834236030127,0.018271144162804245,9,False
9,strict_4min_rate,2.3836206896551726,0.005285030664236581,-0.006902271902173795,0.017472333230646956,9,False
9,strict_4min_rate,2.4827586206896552,0.004990266199482614,-0.00651730829229387,0.0164978406912591,9,False
9,strict_4min_rate,2.581896551724138,0.004650908588767677,-0.006074105849387157,0.015375923026922509,9,False
9,strict_4min_rate,2.681034482758621,0.004275504851734286,-0.005583827016450451,0.014134836719919022,9,False
9,strict_4min_rate,2.7801724137931036,0.0038726020080249654,-0.005057634236480561,0.012802838252530492,9,False
9,strict_4min_rate,2.8793103448275863,0.003450747077282233,-0.004506689952474285,0.011408184107038751,9,False
9,strict_4min_rate,2.978448275862069,0.003018487079148607,-0.003942156607428424,0.009979130765725638,9,False
9,strict_4min_rate,3.0775862068965516,0.002584369033266607,-0.00337519664433978,0.008543934710872994,9,False
9,strict_4min_rate,3.1767241379310347,0.002156939959278752,-0.002816972506205155,0.007130852424762659,9,False
9,strict_4min_rate,3.2758620689655173,0.001744746876827563,-0.0022786466360213507,0.005768140389676477,9,False
9,strict_4min_rate,3.375,0.001356336805555558,-0.0017713814767851665,0.004484055087896282,9,False
9,strict_4min_rate,3.474137931034483,0.0010002567651052534,-0.0013063394714934028,0.00330685300170391,9,False
9,strict_4min_rate,3.5732758620689657,0.0006850537751191767,-0.0008946830631428697,0.002264790613381223,9,False
9,strict_4min_rate,3.6724137931034484,0.00041927485523983996,-0.000547574694730359,0.001386124405210039,9,False
9,strict_4min_rate,3.771551724137931,0.00021146702510976525,-0.00027617680925267664,0.0006991108594722071,9,False
9,strict_4min_rate,3.8706896551724137,7.017730437147245e-05,-9.16518497066244e-05,0.0002320064584495693,9,False
9,strict_4min_rate,3.969827586206897,3.952712667474385e-06,-5.162259088995435e-06,1.3067684423944205e-05,9,False
9,strict_4min_rate,4.0,0.0,0.0,0.0,9,True
9,strict_4min_rate,4.068965517241379,0.0,0.0,0.0,9,False
9,strict_4min_rate,4.168103448275862,0.0,0.0,0.0,9,False
9,strict_4min_rate,4.267241379310345,0.0,0.0,0.0,9,False
9,strict_4min_rate,4.366379310344827,0.0,0.0,0.0,9,False
9,strict_4min_rate,4.4655172413793105,0.0,0.0,0.0,9,False
9,strict_4min_rate,4.564655172413794,0.0,0.0,0.0,9,False
9,strict_4min_rate,4.663793103448276,0.0,0.0,0.0,9,False
9,strict_4min_rate,4.762931034482759,0.0,0.0,0.0,9,False
9,strict_4min_rate,4.862068965517242,0.0,0.0,0.0,9,False
9,strict_4min_rate,4.961206896551724,0.0,0.0,0.0,9,False
9,strict_4min_rate,5.0,0.0,0.0,0.0,9,True
9,strict_4min_rate,5.060344827586207,4.818915106762243e-05,-9.949040040620977e-05,0.00019586870254145465,9,False
9,strict_4min_rate,5.1594827586206895,0.0003134083583251796,-0.0006470569074078402,0.0012738736240581992,9,False
9,strict_4min_rate,5.258620689655173,0.0007632059120571665,-0.0015757003412739386,0.003102112165388272,9,False
9,strict_4min_rate,5.357758620689656,0.001343843812657103,-0.0027744742549426953,0.005462161880256901,9,False
9,strict_4min_rate,5.456896551724138,0.0020015840605185024,-0.004132432201352293,0.008135600322389297,9,False
9,strict_4min_rate,5.556034482758621,0.0026826886560348995,-0.005538627733440944,0.010904005045510742,9,False
9,strict_4min_rate,5.655172413793103,0.0033334195995998015,-0.006882114404146827,0.013548953603346429,9,False
9,strict_4min_rate,5.754310344827586,0.003900038891606742,-0.008051945766408154,0.01585202354962164,9,False
9,strict_4min_rate,5.853448275862069,0.004328808532449239,-0.008937175373163114,0.017594792438061592,9,False
9,strict_4min_rate,5.952586206896552,0.004565990522520806,-0.009426856777349887,0.0185588378223915,9,False
9,strict_4min_rate,6.0,0.004596007157817831,-0.009488828548970379,0.018680842864606043,9,True
9,strict_4min_rate,6.051724137931035,0.004586944087612152,-0.009470117107417748,0.018644005282642054,9,False
9,strict_4min_rate,6.150862068965518,0.004521500634483955,-0.009335003804704603,0.018378005073672515,9,False
9,strict_4min_rate,6.25,0.004398522475255346,-0.009081105447256809,0.017878150397767502,9,False
9,strict_4min_rate,6.349137931034483,0.004224726859877129,-0.008722290340957086,0.017171744060711345,9,False
9,strict_4min_rate,6.448275862068966,0.004006831038300118,-0.008272426791688162,0.0162860888682884,9,False
9,strict_4min_rate,6.547413793103448,0.0037515522604751237,-0.00774538310533277,0.015248487626283018,9,False
9,strict_4min_rate,6.6465517241379315,0.0034656077763529514,-0.007155027587773628,0.01408624314047953,9,False
9,strict_4min_rate,6.745689655172414,0.0031557148358844164,-0.0065152285448934685,0.0128266582166623,9,False
9,strict_4min_rate,6.844827586206897,0.0028285906890203236,-0.005839854282575007,0.011497035660615655,9,False
9,strict_4min_rate,6.94396551724138,0.002490952585711484,-0.0051427731067009725,0.01012467827812394,9,False
9,strict_4min_rate,7.043103448275862,0.002149517775908712,-0.004437853323154103,0.008736888874971527,9,False
9,strict_4min_rate,7.142241379310345,0.0018110035095628102,-0.0037389632378171046,0.0073609702569427254,9,False
9,strict_4min_rate,7.241379310344827,0.0014821270366245955,-0.003059971156572719,0.00602422522982191,9,False
9,strict_4min_rate,7.3405172413793105,0.0011696056070448705,-0.0024147453853036608,0.004753956599393401,9,False
9,strict_4min_rate,7.439655172413794,0.0008801564707744509,-0.0018171542298926616,0.003577467171441563,9,False
9,strict_4min_rate,7.538793103448276,0.0006204968777641458,-0.0012810659962224499,0.0025220597517507416,9,False
9,strict_4min_rate,7.637931034482759,0.0003973440779647609,-0.0008203489901757422,0.0016150371461052641,9,False
9,strict_4min_rate,7.737068965517242,0.00021741532132711126,-0.00044887151763527177,0.0008837021602894943,9,False
9,strict_4min_rate,7.836206896551724,8.742785780200445e-05,-0.0001805018844837618,0.0003553576000877707,9,False
9,strict_4min_rate,7.935344827586207,1.4098937340248055e-05,-2.9108396603935382e-05,5.730627128443149e-05,9,False
9,strict_4min_rate,8.0,0.0,0.0,0.0,9,True
9,strict_4min_rate,8.03448275862069,0.0,0.0,0.0,9,False
9,strict_4min_rate,8.133620689655173,0.0,0.0,0.0,9,False
9,strict_4min_rate,8.232758620689655,0.0,0.0,0.0,9,False
9,strict_4min_rate,8.331896551724139,0.0,0.0,0.0,9,False
9,strict_4min_rate,8.431034482758621,0.0,0.0,0.0,9,False
9,strict_4min_rate,8.530172413793103,0.0,0.0,0.0,9,False
9,strict_4min_rate,8.629310344827587,0.0,0.0,0.0,9,False
9,strict_4min_rate,8.72844827586207,0.0,0.0,0.0,9,False
9,strict_4min_rate,8.827586206896552,0.0,0.0,0.0,9,False
9,strict_4min_rate,8.926724137931036,0.0,0.0,0.0,9,False
9,strict_4min_rate,9.025862068965518,0.0,0.0,0.0,9,False
9,strict_4min_rate,9.125,0.0,0.0,0.0,9,False
9,strict_4min_rate,9.224137931034484,0.0,0.0,0.0,9,False
9,strict_4min_rate,9.323275862068966,0.0,0.0,0.0,9,False
9,strict_4min_rate,9.422413793103448,0.0,0.0,0.0,9,False
9,strict_4min_rate,9.52155172413793,0.0,0.0,0.0,9,False
9,strict_4min_rate,9.620689655172415,0.0,0.0,0.0,9,False
9,strict_4min_rate,9.719827586206897,0.0,0.0,0.0,9,False
9,strict_4min_rate,9.818965517241379,0.0,0.0,0.0,9,False
9,strict_4min_rate,9.918103448275863,0.0,0.0,0.0,9,False
9,strict_4min_rate,10.0,0.0,0.0,0.0,9,True
9,strict_4min_rate,10.017241379310345,1.185967440562138e-06,-3.3028826096887607e-06,5.674817490813037e-06,9,False
9,strict_4min_rate,10.116379310344827,5.042279338635408e-05,-0.0001404259187155926,0.00024127150548830078,9,False
9,strict_4min_rate,10.215517241379311,0.00016052793299759508,-0.0004470653241675225,0.0007681211901627127,9,False
9,strict_4min_rate,10.314655172413794,0.0003157713726304016,-0.0008794134978985183,0.0015109562431593216,9,False
9,strict_4min_rate,10.413793103448276,0.0005004230986408959,-0.001393662838841635,0.0023945090361234267,9,False
9,strict_4min_rate,10.51293103448276,0.0006987530973852018,-0.0019460057459299348,0.0033435119407003383,9,False
9,strict_4min_rate,10.612068965517242,0.0008950313552194332,-0.0024926346180964487,0.004282697328535315,9,False
9,strict_4min_rate,10.711206896551724,0.001073527858499713,-0.0029897418542742366,0.005136797571273662,9,False
9,strict_4min_rate,10.810344827586206,0.001218512593582163,-0.003393519853396352,0.005830545040560678,9,False
9,strict_4min_rate,10.90948275862069,0.0013142555468229056,-0.0036601610143958494,0.006288672108041661,9,False
9,strict_4min_rate,11.0,0.0013453283678078495,-0.0037466978589625927,0.006437354594578292,9,True
9,strict_4min_rate,11.008620689655173,0.0013452113635560898,-0.0037464394551144104,0.0064368621822265895,9,False
9,strict_4min_rate,11.107758620689655,0.0013271346113604423,-0.003706737027275429,0.006361006249996313,9,False
9,strict_4min_rate,11.206896551724139,0.0012785838892860532,-0.0036039046573105296,0.0061610724358826365,9,False
9,strict_4min_rate,11.306034482758621,0.0012000068983618174,-0.003450503468692765,0.005850517265416399,9,False
9,strict_4min_rate,11.405172413793103,0.0010918513396166291,-0.003268020902392282,0.00545172358162554,9,False
9,strict_4min_rate,11.504310344827587,0.0009545649140793789,-0.0030900327651950986,0.004999162593353856,9,False
9,strict_4min_rate,11.60344827586207,0.0007885953227789659,-0.002967374417762326,0.004544565063320257,9,False
9,strict_4min_rate,11.702586206896552,0.0005943902667442814,-0.0029719527974491713,0.004160733330937734,9,False
9,strict_4min_rate,11.801724137931036,0.00037239744700421517,-0.003188399532233984,0.003933194426242415,9,False
9,strict_4min_rate,11.900862068965518,0.00012306456458766914,-0.0036828623476718304,0.003928991476847169,9,False
9,strict_4min_rate,12.0,-0.0001531606794764668,-0.0044699996366935,0.004163678277740566,9,True
9,max_incident_queue,0.5,0.0,0.0,0.0,10,True
9,max_incident_queue,0.5991379310344828,0.0,0.0,0.0,10,False
9,max_incident_queue,0.6982758620689655,0.0,0.0,0.0,10,False
9,max_incident_queue,0.7974137931034483,0.0,0.0,0.0,10,False
9,max_incident_queue,0.896551724137931,0.0,0.0,0.0,10,False
9,max_incident_queue,0.9956896551724138,0.0,0.0,0.0,10,False
9,max_incident_queue,1.0,0.0,0.0,0.0,10,True
9,max_incident_queue,1.0948275862068966,0.0,0.0,0.0,10,False
9,max_incident_queue,1.1939655172413794,0.0,0.0,0.0,10,False
9,max_incident_queue,1.293103448275862,0.0,0.0,0.0,10,False
9,max_incident_queue,1.3922413793103448,0.0,0.0,0.0,10,False
9,max_incident_queue,1.4913793103448276,0.0,0.0,0.0,10,False
9,max_incident_queue,1.5905172413793105,0.0,0.0,0.0,10,False
9,max_incident_queue,1.6896551724137931,0.0,0.0,0.0,10,False
9,max_incident_queue,1.7887931034482758,0.0,0.0,0.0,10,False
9,max_incident_queue,1.8879310344827587,0.0,0.0,0.0,10,False
9,max_incident_queue,1.9870689655172415,0.0,0.0,0.0,10,False
9,max_incident_queue,2.0,0.0,0.0,0.0,10,True
9,max_incident_queue,2.086206896551724,0.0,0.0,0.0,10,False
9,max_incident_queue,2.185344827586207,0.0,0.0,0.0,10,False
9,max_incident_queue,2.2844827586206895,0.0,0.0,0.0,10,False
9,max_incident_queue,2.3836206896551726,0.0,0.0,0.0,10,False
9,max_incident_queue,2.4827586206896552,0.0,0.0,0.0,10,False
9,max_incident_queue,2.581896551724138,0.0,0.0,0.0,10,False
9,max_incident_queue,2.681034482758621,0.0,0.0,0.0,10,False
9,max_incident_queue,2.7801724137931036,0.0,0.0,0.0,10,False
9,max_incident_queue,2.8793103448275863,0.0,0.0,0.0,10,False
9,max_incident_queue,2.978448275862069,0.0,0.0,0.0,10,False
9,max_incident_queue,3.0775862068965516,0.0,0.0,0.0,10,False
9,max_incident_queue,3.1767241379310347,0.0,0.0,0.0,10,False
9,max_incident_queue,3.2758620689655173,0.0,0.0,0.0,10,False
9,max_incident_queue,3.375,0.0,0.0,0.0,10,False
9,max_incident_queue,3.474137931034483,0.0,0.0,0.0,10,False
9,max_incident_queue,3.5732758620689657,0.0,0.0,0.0,10,False
9,max_incident_queue,3.6724137931034484,0.0,0.0,0.0,10,False
9,max_incident_queue,3.771551724137931,0.0,0.0,0.0,10,False
9,max_incident_queue,3.8706896551724137,0.0,0.0,0.0,10,False
9,max_incident_queue,3.969827586206897,0.0,0.0,0.0,10,False
9,max_incident_queue,4.0,0.0,0.0,0.0,10,True
9,max_incident_queue,4.068965517241379,0.0,0.0,0.0,10,False
9,max_incident_queue,4.168103448275862,0.0,0.0,0.0,10,False
9,max_incident_queue,4.267241379310345,0.0,0.0,0.0,10,False
9,max_incident_queue,4.366379310344827,0.0,0.0,0.0,10,False
9,max_incident_queue,4.4655172413793105,0.0,0.0,0.0,10,False
9,max_incident_queue,4.564655172413794,0.0,0.0,0.0,10,False
9,max_incident_queue,4.663793103448276,0.0,0.0,0.0,10,False
9,max_incident_queue,4.762931034482759,0.0,0.0,0.0,10,False
9,max_incident_queue,4.862068965517242,0.0,0.0,0.0,10,False
9,max_incident_queue,4.961206896551724,0.0,0.0,0.0,10,False
9,max_incident_queue,5.0,0.0,0.0,0.0,10,True
9,max_incident_queue,5.060344827586207,0.0,0.0,0.0,10,False
9,max_incident_queue,5.1594827586206895,0.0,0.0,0.0,10,False
9,max_incident_queue,5.258620689655173,0.0,0.0,0.0,10,False
9,max_incident_queue,5.357758620689656,0.0,0.0,0.0,10,False
9,max_incident_queue,5.456896551724138,0.0,0.0,0.0,10,False
9,max_incident_queue,5.556034482758621,0.0,0.0,0.0,10,False
9,max_incident_queue,5.655172413793103,0.0,0.0,0.0,10,False
9,max_incident_queue,5.754310344827586,0.0,0.0,0.0,10,False
9,max_incident_queue,5.853448275862069,0.0,0.0,0.0,10,False
9,max_incident_queue,5.952586206896552,0.0,0.0,0.0,10,False
9,max_incident_queue,6.0,0.0,0.0,0.0,10,True
9,max_incident_queue,6.051724137931035,-0.00019719443191602935,-0.000643279228538798,0.0002488903647067393,10,False
9,max_incident_queue,6.150862068965518,-0.0016211141709633558,-0.0052883292045217845,0.002046100862595073,10,False
9,max_incident_queue,6.25,-0.004296875,-0.014017081558898536,0.005423331558898535,10,False
9,max_incident_queue,6.349137931034483,-0.008078322883138929,-0.0263527588566283,0.010196113090350442,10,False
9,max_incident_queue,6.448275862068966,-0.01281930378449304,-0.041818583662670106,0.016179976093684025,10,False
9,max_incident_queue,6.547413793103448,-0.018373663668175208,-0.05993777854198289,0.023190451205632477,10,False
9,max_incident_queue,6.6465517241379315,-0.024595248498298444,-0.08023356605952606,0.03104306906292917,10,False
9,max_incident_queue,6.745689655172414,-0.031337904238975554,-0.10222916878025834,0.039553360302307224,10,False
9,max_incident_queue,6.844827586206897,-0.03845547685431959,-0.12544780926913923,0.04853685556050005,10,False
9,max_incident_queue,6.94396551724138,-0.0458018123084434,-0.1494127100911276,0.057809085474240816,10,False
9,max_incident_queue,7.043103448275862,-0.053230756565459836,-0.17364709381118237,0.0671855806802627,10,False
9,max_incident_queue,7.142241379310345,-0.06059615558948197,-0.19767418299426306,0.07648187181529911,10,False
9,max_incident_queue,7.241379310344827,-0.06775185534462258,-0.22101720020532836,0.0855134895160832,10,False
9,max_incident_queue,7.3405172413793105,-0.07455170179499468,-0.24319936800933767,0.09409596441934831,10,False
9,max_incident_queue,7.439655172413794,-0.08084954090471118,-0.26374390897125005,0.10204482716182771,10,False
9,max_incident_queue,7.538793103448276,-0.08649921863788491,-0.2821740456560243,0.10917560838025443,10,False
9,max_incident_queue,7.637931034482759,-0.09135458095862892,-0.2980130006286198,0.11530383871136199,10,False
9,max_incident_queue,7.737068965517242,-0.09526947383105602,-0.31078399645399557,0.1202450487918835,10,False
9,max_incident_queue,7.836206896551724,-0.0980977432192792,-0.3200102556971107,0.12381476925855231,10,False
9,max_incident_queue,7.935344827586207,-0.09969323508741135,-0.3252150009229242,0.12582853074810152,10,False
9,max_incident_queue,8.0,-0.1,-0.3262157162798205,0.12621571627982048,10,True
9,max_incident_queue,8.03448275862069,-0.09991184550412072,-0.32592814245965496,0.12610445145141355,10,False
9,max_incident_queue,8.133620689655173,-0.09872055657455717,-0.3220419707451171,0.12460085759600278,10,False
9,max_incident_queue,8.232758620689655,-0.09625200846180657,-0.3139891788373957,0.12148516191378256,10,False
9,max_incident_queue,8.331896551724139,-0.09265235520175588,-0.30224654417153146,0.1169418337680197,10,False
9,max_incident_queue,8.431034482758621,-0.08806775083029232,-0.2872908441825657,0.11115534252198102,10,False
9,max_incident_queue,8.530172413793103,-0.08264434938330294,-0.2695988563055391,0.10431015753893323,10,False
9,max_incident_queue,8.629310344827587,-0.07652830489667466,-0.24964735797549215,0.09659074818214285,10,False
9,max_incident_queue,8.72844827586207,-0.06986577140629482,-0.22791312662746668,0.08818158381487703,10,False
9,max_incident_queue,8.827586206896552,-0.06280290294805037,-0.204872939696503,0.07926713380040225,10,False
9,max_incident_queue,8.926724137931036,-0.055485853557828244,-0.18100357461764166,0.07003186750198516,10,False
9,max_incident_queue,9.025862068965518,-0.0480607772715158,-0.15678180882592446,0.06066025428289285,10,False
9,max_incident_queue,9.125,-0.040673828125,-0.13268441975639184,0.051336763506391846,10,False
9,max_incident_queue,9.224137931034484,-0.033471160154167776,-0.10918818484408425,0.0422458645357487,10,False
9,max_incident_queue,9.323275862068966,-0.02659892739490647,-0.08676988152404352,0.03357202673423059,10,False
9,max_incident_queue,9.422413793103448,-0.02020328388310304,-0.0659062872313101,0.025499719465104025,10,False
9,max_incident_queue,9.52155172413793,-0.01443038365464453,-0.04707417940092479,0.018213412091635725,10,False
9,max_incident_queue,9.620689655172415,-0.009426380745417972,-0.030750335467928318,0.011897573977092374,10,False
9,max_incident_queue,9.719827586206897,-0.005337429191310639,-0.01741153286736223,0.006736674484740952,10,False
9,max_incident_queue,9.818965517241379,-0.0023096830282094637,-0.00753454903426695,0.002915182977848023,10,False
9,max_incident_queue,9.918103448275863,-0.0004892962920015175,-0.0015961614036833524,0.0006175688196803173,10,False
9,max_incident_queue,10.0,0.0,0.0,0.0,10,True
9,max_incident_queue,10.017241379310345,0.0,-0.00029727677675402505,0.00029727677675402505,10,False
9,max_incident_queue,10.116379310344827,0.0,-0.012639069994809135,0.012639069994809135,10,False
9,max_incident_queue,10.215517241379311,0.0,-0.04023822650467682,0.04023822650467682,10,False
9,max_incident_queue,10.314655172413794,0.0,-0.07915183219723612,0.07915183219723612,10,False
9,max_incident_queue,10.413793103448276,0.0,-0.12543697296336745,0.12543697296336745,10,False
9,max_incident_queue,10.51293103448276,0.0,-0.17515073469395182,0.17515073469395182,10,False
9,max_incident_queue,10.612068965517242,0.0,-0.22435020327986746,0.22435020327986746,10,False
9,max_incident_queue,10.711206896551724,0.0,-0.26909246461199526,0.26909246461199526,10,False
9,max_incident_queue,10.810344827586206,0.0,-0.3054346045812154,0.3054346045812154,10,False
9,max_incident_queue,10.90948275862069,0.0,-0.32943370907840824,0.32943370907840824,10,False
9,max_incident_queue,11.0,0.0,-0.33722247945365624,0.33722247945365624,10,True
9,max_incident_queue,11.008620689655173,0.0,-0.33719741833003464,0.33719741833003464,10,False
9,max_incident_queue,11.107758620689655,0.0,-0.33330667888776494,0.33330667888776494,10,False
9,max_incident_queue,11.206896551724139,0.0,-0.3227872722475544,0.3227872722475544,10,False
9,max_incident_queue,11.306034482758621,0.0,-0.3056391984094031,0.3056391984094031,10,False
9,max_incident_queue,11.405172413793103,0.0,-0.281862457373311,0.281862457373311,10,False
9,max_incident_queue,11.504310344827587,0.0,-0.2514570491392776,0.2514570491392776,10,False
9,max_incident_queue,11.60344827586207,0.0,-0.21442297370730382,0.21442297370730382,10,False
9,max_incident_queue,11.702586206896552,0.0,-0.17076023107738939,0.17076023107738939,10,False
9,max_incident_queue,11.801724137931036,0.0,-0.12046882124953312,0.12046882124953312,10,False
9,max_incident_queue,11.900862068965518,0.0,-0.06354874422373696,0.06354874422373696,10,False
9,max_incident_queue,12.0,0.0,0.0,0.0,10,True
10,mean_response_min,0.5,0.0,0.0,0.0,9,True
10,mean_response_min,0.5991379310344828,0.0,0.0,0.0,9,False
10,mean_response_min,0.6982758620689655,0.0,0.0,0.0,9,False
10,mean_response_min,0.7974137931034483,0.0,0.0,0.0,9,False
10,mean_response_min,0.896551724137931,0.0,0.0,0.0,9,False
10,mean_response_min,0.9956896551724138,0.0,0.0,0.0,9,False
10,mean_response_min,1.0,0.0,0.0,0.0,9,True
10,mean_response_min,1.0948275862068966,0.0002874233908003644,-0.00037537613693967896,0.0009502229185404077,9,False
10,mean_response_min,1.1939655172413794,0.0011181303543693958,-0.0014602828665037303,0.003696543575242522,9,False
10,mean_response_min,1.293103448275862,0.0023604423877466156,-0.003082747519308275,0.007803632294801506,9,False
10,mean_response_min,1.3922413793103448,0.003882045451147526,-0.0050699674122491895,0.012834058314544242,9,False
10,mean_response_min,1.4913793103448276,0.005550625504787632,-0.007249139862222358,0.01835039087179762,9,False
10,mean_response_min,1.5905172413793105,0.0072338685088824285,-0.009447462186123643,0.0239151992038885,9,False
10,mean_response_min,1.6896551724137931,0.008799460423647416,-0.011492131700848925,0.02909105254814376,9,False
10,mean_response_min,1.7887931034482758,0.0101150872092981,-0.013210345723294084,0.033440520141890286,9,False
10,mean_response_min,1.8879310344827587,0.011048434826049974,-0.014429301570354984,0.03652617122245493,9,False
10,mean_response_min,1.9870689655172415,0.011467189234118547,-0.014976196558927513,0.037910575027164606,9,False
10,mean_response_min,2.0,0.011476944234864265,-0.014988936630240339,0.037942825099968866,9,True
10,mean_response_min,2.086206896551724,0.011503872796911804,-0.01502410544362953,0.038031851037453136,9,False
10,mean_response_min,2.185344827586207,0.011532974062112707,-0.015062111816321578,0.03812805994054699,9,False
10,mean_response_min,2.2844827586206895,0.01156012211469026,-0.0150975672852506,0.03821781151463112,9,False
10,mean_response_min,2.3836206896551726,0.011585362531363464,-0.015130531373800082,0.03830125643652701,9,False
10,mean_response_min,2.4827586206896552,0.011608740888851336,-0.01516106360535353,0.0383785453830562,9,False
10,mean_response_min,2.581896551724138,0.011630302763872877,-0.015189223503294415,0.03844982903104017,9,False
10,mean_response_min,2.681034482758621,0.0116500937331471,-0.01521507059100625,0.03851525805730045,9,False
10,mean_response_min,2.7801724137931036,0.011668159373393014,-0.015238664391872525,0.03857498313865855,9,False
10,mean_response_min,2.8793103448275863,0.011684545261329627,-0.015260064429276734,0.03862915495193599,9,False
10,mean_response_min,2.978448275862069,0.011699296973675949,-0.015279330226602371,0.03867792417395427,9,False
10,mean_response_min,3.0775862068965516,0.011712460087150987,-0.015296521307232936,0.03872144148153491,9,False
10,mean_response_min,3.1767241379310347,0.011724080178473751,-0.015311697194551908,0.03875985755149941,9,False
10,mean_response_min,3.2758620689655173,0.01173420282436325,-0.015324917411942807,0.03879332306066931,9,False
10,mean_response_min,3.375,0.011742873601538494,-0.015336241482789108,0.038821988685866095,9,False
10,mean_response_min,3.474137931034483,0.01175013808671849,-0.015345728930474308,0.038846005103911285,9,False
10,mean_response_min,3.5732758620689657,0.011756041856622247,-0.015353439278381915,0.038865522991626406,9,False
10,mean_response_min,3.6724137931034484,0.011760630487968774,-0.01535943204989541,0.038880693025832955,9,False
10,mean_response_min,3.771551724137931,0.011763949557477081,-0.015363766768398283,0.038891665883352446,9,False
10,mean_response_min,3.8706896551724137,0.01176604464186618,-0.01536650295727405,0.03889859224100641,9,False
10,mean_response_min,3.969827586206897,0.011766961317855072,-0.015367700139906189,0.03890162277561633,9,False
10,mean_response_min,4.0,0.011767013355310003,-0.015367768101037512,0.03890179481165752,9,True
10,mean_response_min,4.068965517241379,0.011339287183286143,-0.015881691143430222,0.03856026551000251,9,False
10,mean_response_min,4.168103448275862,0.009401771969493409,-0.018599626093036403,0.03740317003202322,9,False
10,mean_response_min,4.267241379310345,0.006234312514003938,-0.024289633218585658,0.03675825824659353,9,False
10,mean_response_min,4.366379310344827,0.002204294759142769,-0.03326389890258714,0.03767248842087268,9,False
10,mean_response_min,4.4655172413793105,-0.0023208953527651737,-0.04485495539626021,0.04021316469072986,9,False
10,mean_response_min,4.564655172413794,-0.006973871879394853,-0.057764602273006345,0.043816858514216635,9,False
10,mean_response_min,4.663793103448276,-0.011387248878421234,-0.07056118442745457,0.04778668667061211,9,False
10,mean_response_min,4.762931034482759,-0.015193640407519391,-0.08187168082171088,0.05148440000667211,9,False
10,mean_response_min,4.862068965517242,-0.01802566052436429,-0.09040209591187114,0.05435077486314256,9,False
10,mean_response_min,4.961206896551724,-0.019515923286630925,-0.09492190534063402,0.055890058767372165,9,False
10,mean_response_min,5.0,-0.019654111974479232,-0.09534196894663433,0.056033744997675855,9,True
10,mean_response_min,5.060344827586207,-0.019092559486537035,-0.0943402508735374,0.05615513190046332,9,False
10,mean_response_min,5.1594827586206895,-0.016001936340332566,-0.0889628250394162,0.05695895235875108,9,False
10,mean_response_min,5.258620689655173,-0.01076040521200732,-0.08041595518299918,0.058895144758984545,9,False
10,mean_response_min,5.357758620689656,-0.0039941798178749766,-0.07059551728472184,0.06260715764897189,9,False
10,mean_response_min,5.456896551724138,0.0036705261257507873,-0.06133868375016178,0.06867973600166336,9,False
10,mean_response_min,5.556034482758621,0.011607498902556444,-0.05398513625755348,0.07720013406266636,9,False
10,mean_response_min,5.655172413793103,0.01919052479622825,-0.04902847580844934,0.08740952540090584,9,False
10,mean_response_min,5.754310344827586,0.025793390090452686,-0.046190024118460335,0.09777680429936571,9,False
10,mean_response_min,5.853448275862069,0.030789881068916076,-0.0448289536975084,0.10640871583534055,9,False
10,mean_response_min,5.952586206896552,0.033553784015304726,-0.04432958482517959,0.11143715285578903,9,False
10,mean_response_min,6.0,0.03390357055142869,-0.04427820333835204,0.11208534444120942,9,True
10,mean_response_min,6.051724137931035,0.03376820582443987,-0.04411013319920046,0.1116465448480802,9,False
10,mean_response_min,6.150862068965518,0.03279075172060284,-0.04289654010255287,0.10847804354375856,9,False
10,mean_response_min,6.25,0.030953967433183613,-0.04061613565282342,0.10252407051919064,9,False
10,mean_response_min,6.349137931034483,0.028358180851635897,-0.03739373305676259,0.09411009476003439,9,False
10,mean_response_min,6.448275862068966,0.025103719865413484,-0.033354335930606605,0.08356177566143357,9,False
10,mean_response_min,6.547413793103448,0.021290912363970165,-0.028623310227623554,0.07120513495556388,9,False
10,mean_response_min,6.6465517241379315,0.017020086236759633,-0.023326854088772556,0.057367026562291826,9,False
10,mean_response_min,6.745689655172414,0.012391569373235732,-0.017593532330607536,0.042376671077079,9,False
10,mean_response_min,6.844827586206897,0.007505689662852132,-0.011561290247281008,0.02657266957298527,9,False
10,mean_response_min,6.94396551724138,0.0024627749950626447,-0.005445123016492297,0.010370673006617585,9,False
10,mean_response_min,7.043103448275862,-0.002636846740678914,-0.006903164982169651,0.001629471500811823,9,False
10,mean_response_min,7.142241379310345,-0.007692847654918896,-0.02293823446756159,0.007552539157723796,9,False
10,mean_response_min,7.241379310344827,-0.012604899858203435,-0.03881052114895338,0.013600721432546509,9,False
10,mean_response_min,7.3405172413793105,-0.017272675461078843,-0.053923611717520796,0.01937826079536311,9,False
10,mean_response_min,7.439655172413794,-0.02159584657409134,-0.06792956941230019,0.02473787626411752,9,False
10,mean_response_min,7.538793103448276,-0.025474085307787123,-0.08049741632738114,0.0295492457118069,9,False
10,mean_response_min,7.637931034482759,-0.028807063772712478,-0.09129977597043148,0.03368564842500653,9,False
10,mean_response_min,7.737068965517242,-0.031494454079413585,-0.10001042705902685,0.037021518900199675,9,False
10,mean_response_min,7.836206896551724,-0.03343592833843677,-0.10630362077444115,0.039431764097567615,9,False
10,mean_response_min,7.935344827586207,-0.03453115866032821,-0.10985384338469117,0.04079152606403475,9,False
10,mean_response_min,8.0,-0.03474173838227489,-0.11053645051331655,0.04105297374876678,9,True
10,mean_response_min,8.03448275862069,-0.034694429308041286,-0.1104275502707031,0.04103869165462053,9,False
10,mean_response_min,8.133620689655173,-0.034055753013544375,-0.1089573827046022,0.04084587667751346,9,False
10,mean_response_min,8.232758620689655,-0.032734233445995714,-0.10591873088961684,0.04045026399762541,9,False
10,mean_response_min,8.331896551724139,-0.03081042596263868,-0.10150690130866691,0.03988604938338955,9,False
10,mean_response_min,8.431034482758621,-0.028364885920716763,-0.09592367221820236,0.03919390037676884,9,False
10,mean_response_min,8.530172413793103,-0.025478168677473337,-0.08937779198608245,0.038421454631135776,9,False
10,mean_response_min,8.629310344827587,-0.022230829590151765,-0.08208620096897655,0.03762454178867301,9,False
10,mean_response_min,8.72844827586207,-0.01870342401599557,-0.07427589305120473,0.03686904501921359,9,False
10,mean_response_min,8.827586206896552,-0.01497650731224811,-0.06618619914716747,0.03623318452267125,9,False
10,mean_response_min,8.926724137931036,-0.011130634836152719,-0.05807080953915772,0.035809539866852286,9,False
10,mean_response_min,9.025862068965518,-0.00724636194495296,-0.050197779252704605,0.03570505536279868,9,False
10,mean_response_min,9.125,-0.0034042439958921655,-0.04284387205673393,0.03603538406494959,9,False
10,mean_response_min,9.224137931034484,0.00031516365378631315,-0.03627760763244491,0.03690793494001753,9,False
10,mean_response_min,9.323275862068966,0.0038313056468389367,-0.03072660401454025,0.03838921530821812,9,False
10,mean_response_min,9.422413793103448,0.00706362662602235,-0.026334677908248248,0.040461931160292945,9,False
10,mean_response_min,9.52155172413793,0.00993157123409315,-0.023130645257509748,0.042993787725696044,9,False
10,mean_response_min,9.620689655172415,0.012354584113807956,-0.021034134773009243,0.04574330300062516,9,False
10,mean_response_min,9.719827586206897,0.01425210990792328,-0.019899506868760058,0.048403726684606616,9,False
10,mean_response_min,9.818965517241379,0.015543593259195758,-0.019572099237570417,0.05065928575596193,9,False
10,mean_response_min,9.918103448275863,0.01614847881038198,-0.019932456378252094,0.05222941399901605,9,False
10,mean_response_min,10.0,0.016073061336905486,-0.020706137049329425,0.05285225972314039,9,True
10,mean_response_min,10.017241379310345,0.015975096966040773,-0.020930868221645523,0.052881062153727065,9,False
10,mean_response_min,10.116379310344827,0.014560923808045155,-0.022918884137835743,0.05204073175392605,9,False
10,mean_response_min,10.215517241379311,0.011926094977580683,-0.026333858192249364,0.050186048147410726,9,False
10,mean_response_min,10.314655172413794,0.008386614426649177,-0.03152060570861333,0.04829383456191168,9,False
10,mean_response_min,10.413793103448276,0.004258486107252322,-0.038552813979001045,0.04706978619350569,9,False
10,mean_response_min,10.51293103448276,-0.00014228602860824767,-0.04704410470677259,0.046759532649556096,9,False
10,mean_response_min,10.612068965517242,-0.004499698028930634,-0.056211587687185184,0.04721219162932392,9,False
10,mean_response_min,10.711206896551724,-0.008497745941713203,-0.06506972377783896,0.04807423189441255,9,False
10,mean_response_min,10.810344827586206,-0.011820425814954235,-0.07258678456034388,0.04894593293043542,9,False
10,mean_response_min,10.90948275862069,-0.014151733696652033,-0.07776171144819068,0.049458244054886615,9,False
10,mean_response_min,11.0,-0.015146527129617246,-0.07964426432518044,0.04935121006594596,9,True
10,mean_response_min,11.008620689655173,-0.015180931139843201,-0.07966840646453943,0.04930654418485303,9,False
10,mean_response_min,11.107758620689655,-0.015460462748392249,-0.07941131469633696,0.04849038919955247,9,False
10,mean_response_min,11.206896551724139,-0.015523817029675488,-0.0781535105598007,0.04710587650044972,9,False
10,mean_response_min,11.306034482758621,-0.015367361952184074,-0.07587086242251258,0.045136138518144436,9,False
10,mean_response_min,11.405172413793103,-0.014987465484409188,-0.0725394084658937,0.042564477497075315,9,False
10,mean_response_min,11.504310344827587,-0.014380495594841987,-0.06813562867386126,0.039374637484177286,9,False
10,mean_response_min,11.60344827586207,-0.01354282025197366,-0.06263700434117496,0.035551363837227644,9,False
10,mean_response_min,11.702586206896552,-0.012470807424295365,-0.05602323993643395,0.03108162508784322,9,False
10,mean_response_min,11.801724137931036,-0.011160825080298255,-0.04827924422113356,0.025957594060537055,9,False
10,mean_response_min,11.900862068965518,-0.009609241188473542,-0.03940370540916286,0.02018522303221578,9,False
10,mean_response_min,12.0,-0.007812423717312377,-0.02944077874573306,0.013815931311108304,9,True
10,p95_response_min,0.5,0.0,0.0,0.0,9,True
10,p95_response_min,0.5991379310344828,0.0,0.0,0.0,9,False
10,p95_response_min,0.6982758620689655,0.0,0.0,0.0,9,False
10,p95_response_min,0.7974137931034483,0.0,0.0,0.0,9,False
10,p95_response_min,0.896551724137931,0.0,0.0,0.0,9,False
10,p95_response_min,0.9956896551724138,0.0,0.0,0.0,9,False
10,p95_response_min,1.0,0.0,0.0,0.0,9,True
10,p95_response_min,1.0948275862068966,0.002790560480372045,-0.003644483526903214,0.009225604487647305,9,False
10,p95_response_min,1.1939655172413794,0.010851658892817265,-0.014172311387844406,0.03587562917347893,9,False
10,p95_response_min,1.293103448275862,0.022898357660772282,-0.029905349794352592,0.07570206511589715,9,False
10,p95_response_min,1.3922413793103448,0.03763954680991703,-0.04915740378096241,0.12443649740079647,9,False
10,p95_response_min,1.4913793103448276,0.05378411636593147,-0.07024227838220855,0.17781051111407148,9,False
10,p95_response_min,1.5905172413793105,0.07004095635449548,-0.0914737786326256,0.23155569134161655,9,False
10,p95_response_min,1.6896551724137931,0.08511895680128895,-0.11116570956674812,0.281403623169326,9,False
10,p95_response_min,1.7887931034482758,0.09772700773199183,-0.12763187621911082,0.3230858916830945,9,False
10,p95_response_min,1.8879310344827587,0.10657399917228405,-0.13918608362424828,0.3523340819688164,9,False
10,p95_response_min,1.9870689655172415,0.11036882114784552,-0.14414213681669524,0.3648797791123863,9,False
10,p95_response_min,2.0,0.11042373603333171,-0.14421385588422447,0.3650613279508879,9,True
10,p95_response_min,2.086206896551724,0.10982595080646095,-0.14343314590596729,0.3630850475188892,9,False
10,p95_response_min,2.185344827586207,0.10775449013995868,-0.14072780970960252,0.3562367899895199,9,False
10,p95_response_min,2.2844827586206895,0.10435683498896459,-0.13629045803240653,0.3450041280103357,9,False
10,p95_response_min,2.3836206896551726,0.09979437410026865,-0.13033186524506238,0.32992061344559964,9,False
10,p95_response_min,2.4827586206896552,0.09422849622066093,-0.12306280571825329,0.31151979815957515,9,False
10,p95_response_min,2.581896551724138,0.08782059009693143,-0.11469405382266244,0.2903352340165253,9,False
10,p95_response_min,2.681034482758621,0.0807320444758701,-0.10543638392897298,0.26690047288071317,9,False
10,p95_response_min,2.7801724137931036,0.07312424810426704,-0.09550057040786814,0.24174906661640222,9,False
10,p95_response_min,2.8793103448275863,0.06515858972891223,-0.08509738763003105,0.2154145670878555,9,False
10,p95_response_min,2.978448275862069,0.05699645809659564,-0.07443760996614485,0.18843052615933614,9,False
10,p95_response_min,3.0775862068965516,0.048799241954107314,-0.06373201178689276,0.16133049569510738,9,False
10,p95_response_min,3.1767241379310347,0.04072833004823725,-0.05319136746295793,0.13464802755943242,9,False
10,p95_response_min,3.2758620689655173,0.03294511112577546,-0.04302645136502352,0.10891667361657444,9,False
10,p95_response_min,3.375,0.025610973933511985,-0.033448037863772755,0.08466998573079673,9,False
10,p95_response_min,3.474137931034483,0.018887307218236775,-0.02466690132988872,0.06244151576636227,9,False
10,p95_response_min,3.5732758620689657,0.01293549972673992,-0.01689381613405469,0.04276481558753453,9,False
10,p95_response_min,3.6724137931034484,0.00791694020581134,-0.010339556646953728,0.02617343705857641,9,False
10,p95_response_min,3.771551724137931,0.003993017402241166,-0.005214897239269159,0.01320093204375149,9,False
10,p95_response_min,3.8706896551724137,0.0013251200628192875,-0.0017306122816839937,0.004380852407322569,9,False
10,p95_response_min,3.969827586206897,7.463693433574904e-05,-9.747614488145003e-05,0.0002467500135529481,9,False
10,p95_response_min,4.0,0.0,0.0,0.0,9,True
10,p95_response_min,4.068965517241379,0.0,0.0,0.0,9,False
10,p95_response_min,4.168103448275862,0.0,0.0,0.0,9,False
10,p95_response_min,4.267241379310345,0.0,0.0,0.0,9,False
10,p95_response_min,4.366379310344827,0.0,0.0,0.0,9,False
10,p95_response_min,4.4655172413793105,0.0,0.0,0.0,9,False
10,p95_response_min,4.564655172413794,0.0,0.0,0.0,9,False
10,p95_response_min,4.663793103448276,0.0,0.0,0.0,9,False
10,p95_response_min,4.762931034482759,0.0,0.0,0.0,9,False
10,p95_response_min,4.862068965517242,0.0,0.0,0.0,9,False
10,p95_response_min,4.961206896551724,0.0,0.0,0.0,9,False
10,p95_response_min,5.0,0.0,0.0,0.0,9,True
10,p95_response_min,5.060344827586207,0.0008887746675781983,-0.0011607433911218347,0.002938292726278231,9,False
10,p95_response_min,5.1594827586206895,0.005780334438675007,-0.00754914067977261,0.019109809557122624,9,False
10,p95_response_min,5.258620689655173,0.01407615751168681,-0.018383519918048152,0.04653583494142177,9,False
10,p95_response_min,5.357758620689656,0.024785129254410492,-0.03236948129782985,0.08193973980665084,9,False
10,p95_response_min,5.456896551724138,0.03691613503464284,-0.048212625010998926,0.1220448950802846,9,False
10,p95_response_min,5.556034482758621,0.049478060220180975,-0.06461855124943709,0.16357467168979906,9,False
10,p95_response_min,5.655172413793103,0.061479790178821624,-0.08029286020502552,0.20325244056266878,9,False
10,p95_response_min,5.754310344827586,0.07193021027836187,-0.0939411520696458,0.23780157262636953,9,False
10,p95_response_min,5.853448275862069,0.07983820588659857,-0.10426902703517929,0.2639454388083764,9,False
10,p95_response_min,5.952586206896552,0.08421266237132856,-0.10998208529350735,0.2784074100361645,9,False
10,p95_response_min,6.0,0.08476627297593314,-0.11070510303241382,0.2802376489842801,9,True
10,p95_response_min,6.051724137931035,0.08343060727125919,-0.10905575750642112,0.2759169720489395,9,False
10,p95_response_min,6.150862068965518,0.07378590917722946,-0.09714724955608312,0.24471906791054204,9,False
10,p95_response_min,6.25,0.05566206085895612,-0.07477817867405553,0.18610230039196776,9,False
10,p95_response_min,6.349137931034483,0.030049013865462222,-0.04321727398628982,0.10331530171721426,9,False
10,p95_response_min,6.448275862068966,-0.00206328025422872,-0.007692875232162952,0.0035663147237055127,9,False
10,p95_response_min,6.547413793103448,-0.03968486995109295,-0.12271267865420082,0.04334293875201492,9,False
10,p95_response_min,6.6465517241379315,-0.08182580367610777,-0.2589734658916195,0.09532185853940396,9,False
10,p95_response_min,6.745689655172414,-0.127496129880249,-0.4067198512633188,0.15172759150282078,9,False
10,p95_response_min,6.844827586206897,-0.17570589701449416,-0.5626992700904647,0.21128747606147638,9,False
10,p95_response_min,6.94396551724138,-0.22546515352981938,-0.7236987658297791,0.2727684587701403,9,False
10,p95_response_min,7.043103448275862,-0.27578394787720084,-0.8865119007555128,0.3349440050011111,9,False
10,p95_response_min,7.142241379310345,-0.325672328507616,-1.0479340856453365,0.39658942863010443,9,False
10,p95_response_min,7.241379310344827,-0.37414034387204076,-1.2047614200485246,0.4564807323044431,9,False
10,p95_response_min,7.3405172413793105,-0.4201980424214524,-1.353790307878291,0.5133942230353862,9,False
10,p95_response_min,7.439655172413794,-0.4628554726068272,-1.4918173045792666,0.5661063593656122,9,False
10,p95_response_min,7.538793103448276,-0.5011226828791415,-1.6156390482229237,0.6133936824646407,9,False
10,p95_response_min,7.637931034482759,-0.5340097216893724,-1.7220522255245203,0.6540327821457754,9,False
10,p95_response_min,7.737068965517242,-0.5605266374884962,-1.80785355405283,0.6868002790758377,9,False
10,p95_response_min,7.836206896551724,-0.5796834787274897,-1.8698397727290876,0.7104728152741083,9,False
10,p95_response_min,7.935344827586207,-0.5904902938573293,-1.9048076371090763,0.7238270493944177,9,False
10,p95_response_min,8.0,-0.5925681181100774,-1.91153090252363,0.7263946663034752,9,True
10,p95_response_min,8.03448275862069,-0.5919520233054141,-1.9097809606263525,0.7258769140155243,9,False
10,p95_response_min,8.133620689655173,-0.5836236936906457,-1.886134608990802,0.7188872216095105,9,False
10,p95_response_min,8.232758620689655,-0.5663581018368018,-1.837152722737871,0.7044365190642674,9,False
10,p95_response_min,8.331896551724139,-0.5411679688619464,-1.7657775405603924,0.6834416028364996,9,False
10,p95_response_min,8.431034482758621,-0.5090660158841449,-1.674974146896371,0.6568421151280812,9,False
10,p95_response_min,8.530172413793103,-0.4710649640214608,-1.567732580517483,0.6256026524745615,9,False
10,p95_response_min,8.629310344827587,-0.4281775343919581,-1.447073429385888,0.5907183606019719,9,False
10,p95_response_min,8.72844827586207,-0.3814164481137021,-1.3160577306766565,0.5532248344492523,9,False
10,p95_response_min,8.827586206896552,-0.3317944263047567,-1.177802881774788,0.5142140291652748,9,False
10,p95_response_min,8.926724137931036,-0.2803241900831852,-1.0355073641306927,0.47485898396432225,9,False
10,p95_response_min,9.025862068965518,-0.22801846056705363,-0.8924882622842516,0.4364513411501443,9,False
10,p95_response_min,9.125,-0.17588995887442546,-0.752235723210473,0.40045580546162207,9,False
10,p95_response_min,9.224137931034484,-0.12495140612336421,-0.6184831864898614,0.368580374243133,9,False
10,p95_response_min,9.323275862068966,-0.07621552343193581,-0.4952671536999705,0.34283610683609883,9,False
10,p95_response_min,9.422413793103448,-0.030695031918203657,-0.3868712890907824,0.32548122525437506,9,False
10,p95_response_min,9.52155172413793,0.010597347299767959,-0.297385868080962,0.31858056268049795,9,False
10,p95_response_min,9.620689655172415,0.046648893103915144,-0.22954016177875933,0.3228379479865896,9,False
10,p95_response_min,9.719827586206897,0.07644688437617247,-0.18313914177334972,0.3360329105256947,9,False
10,p95_response_min,9.818965517241379,0.09897859999847641,-0.15475262651457078,0.3527098265115236,9,False
10,p95_response_min,9.918103448275863,0.11323131885276243,-0.13964253631748197,0.36610517402300685,9,False
10,p95_response_min,10.0,0.11804127609765963,-0.1346645999658479,0.37074715216116716,9,True
10,p95_response_min,10.017241379310345,0.11823912985991611,-0.1341515504036436,0.37062981012347584,9,False
10,p95_response_min,10.116379310344827,0.1155390359094252,-0.12732183442790063,0.358399906246751,9,False
10,p95_response_min,10.215517241379311,0.10732520354853368,-0.11588890514867665,0.330539312245744,9,False
10,p95_response_min,10.314655172413794,0.09501165768712622,-0.10343761443083388,0.2934609298050863,9,False
10,p95_response_min,10.413793103448276,0.08001242323508694,-0.0947345845569499,0.2547594310271238,9,False
10,p95_response_min,10.51293103448276,0.06374152510229988,-0.0953155651715672,0.22279861537616696,9,False
10,p95_response_min,10.612068965517242,0.047612988198649925,-0.10879746574250498,0.20402344213980483,9,False
10,p95_response_min,10.711206896551724,0.033040837434021086,-0.1328445047539377,0.19892617962197987,9,False
10,p95_response_min,10.810344827586206,0.021439097718297693,-0.15967759973922618,0.20255579517582156,9,False
10,p95_response_min,10.90948275862069,0.014221793961363844,-0.18056024857732594,0.2090038365000536,9,False
10,p95_response_min,11.0,0.012660348911845531,-0.18841161089146563,0.2137323087151567,9,True
10,p95_response_min,11.008620689655173,0.01279385191451173,-0.18848155412296042,0.2140692579519839,9,False
10,p95_response_min,11.107758620689655,0.016820276425663146,-0.18506162094005507,0.21870217379138135,9,False
10,p95_response_min,11.206896551724139,0.0251614289492091,-0.1746079122717023,0.22493077017012053,9,False
10,p95_response_min,11.306034482758621,0.03743066575456979,-0.1585740112075828,0.2334353427167224,9,False
10,p95_response_min,11.405172413793103,0.05324134311116578,-0.1388668693320807,0.2453495555544123,9,False
10,p95_response_min,11.504310344827587,0.07220681728841793,-0.1177543965998146,0.26216803117665044,9,False
10,p95_response_min,11.60344827586207,0.09394044455574603,-0.09763901458380538,0.28551990369529745,9,False
10,p95_response_min,11.702586206896552,0.11805558118257085,-0.08064064763046745,0.31675180999560915,9,False
10,p95_response_min,11.801724137931036,0.14416558343831337,-0.06813268103318884,0.35646384790981556,9,False
10,p95_response_min,11.900862068965518,0.17188380759239308,-0.0605373700888244,0.4043049852736106,9,False
10,p95_response_min,12.0,0.20082360991423098,-0.05751257202356175,0.4591597918520237,9,True
10,strict_4min_rate,0.5,0.0,0.0,0.0,9,True
10,strict_4min_rate,0.5991379310344828,0.0,0.0,0.0,9,False
10,strict_4min_rate,0.6982758620689655,0.0,0.0,0.0,9,False
10,strict_4min_rate,0.7974137931034483,0.0,0.0,0.0,9,False
10,strict_4min_rate,0.896551724137931,0.0,0.0,0.0,9,False
10,strict_4min_rate,0.9956896551724138,0.0,0.0,0.0,9,False
10,strict_4min_rate,1.0,0.0,0.0,0.0,9,True
10,strict_4min_rate,1.0948275862068966,0.0,0.0,0.0,9,False
10,strict_4min_rate,1.1939655172413794,0.0,0.0,0.0,9,False
10,strict_4min_rate,1.293103448275862,0.0,0.0,0.0,9,False
10,strict_4min_rate,1.3922413793103448,0.0,0.0,0.0,9,False
10,strict_4min_rate,1.4913793103448276,0.0,0.0,0.0,9,False
10,strict_4min_rate,1.5905172413793105,0.0,0.0,0.0,9,False
10,strict_4min_rate,1.6896551724137931,0.0,0.0,0.0,9,False
10,strict_4min_rate,1.7887931034482758,0.0,0.0,0.0,9,False
10,strict_4min_rate,1.8879310344827587,0.0,0.0,0.0,9,False
10,strict_4min_rate,1.9870689655172415,0.0,0.0,0.0,9,False
10,strict_4min_rate,2.0,0.0,0.0,0.0,9,True
10,strict_4min_rate,2.086206896551724,-1.4670887104131198e-05,-4.8502013433371214e-05,1.9160239225108814e-05,9,False
10,strict_4min_rate,2.185344827586207,-6.55088205505424e-05,-0.0002165724316324408,8.555479053135601e-05,9,False
10,strict_4min_rate,2.2844827586206895,-0.00014889431235993,-0.0004922452123703093,0.0001944565876504493,9,False
10,strict_4min_rate,2.3836206896551726,-0.0002608665485516149,-0.0008624258882480771,0.00034069279114484736,9,False
10,strict_4min_rate,2.4827586206896552,-0.0003974647151449164,-0.0013140199918668396,0.0005190905615770068,9,False
10,strict_4min_rate,2.581896551724138,-0.0005547279981591552,-0.001833933055827696,0.0007244770595093855,9,False
10,strict_4min_rate,2.681034482758621,-0.0007286955836136526,-0.0024090706127317487,0.0009516794455044433,9,False
10,strict_4min_rate,2.7801724137931036,-0.0009154066575277275,-0.003026338195180091,0.001195524880124636,9,False
10,strict_4min_rate,2.8793103448275863,-0.0011109004059207004,-0.003672641335773822,0.001450840523932421,9,False
10,strict_4min_rate,2.978448275862069,-0.0013112160148118926,-0.004334885567114043,0.0017124535374902585,9,False
10,strict_4min_rate,3.0775862068965516,-0.0015123926702206236,-0.004999976421801852,0.0019751910813606043,9,False
10,strict_4min_rate,3.1767241379310347,-0.0017104695581662147,-0.005654819432438348,0.002233880316105919,9,False
10,strict_4min_rate,3.2758620689655173,-0.0019014858646679844,-0.006286320131624625,0.002483348402288656,9,False
10,strict_4min_rate,3.375,-0.0020814807757452546,-0.0068813840519617855,0.0027184225004712763,9,False
10,strict_4min_rate,3.474137931034483,-0.0022464934774173457,-0.00742691672605093,0.0029339297712162385,9,False
10,strict_4min_rate,3.5732758620689657,-0.002392563155703577,-0.007909823686493154,0.0031246973750860005,9,False
10,strict_4min_rate,3.6724137931034484,-0.002515728996623269,-0.008317010465889556,0.0032855524726430165,9,False
10,strict_4min_rate,3.771551724137931,-0.0026120301861957424,-0.008635382596841231,0.0034113222244497466,9,False
10,strict_4min_rate,3.8706896551724137,-0.002677505910440318,-0.008851845611949287,0.003496833791068651,9,False
10,strict_4min_rate,3.969827586206897,-0.0027081953553763144,-0.00895330504381481,0.0035369143330621806,9,False
10,strict_4min_rate,4.0,-0.002710027100270999,-0.008959360800011277,0.003539306599469279,9,True
10,strict_4min_rate,4.068965517241379,-0.0026296915610781227,-0.008892355142430001,0.003632972020273756,9,False
10,strict_4min_rate,4.168103448275862,-0.00226578741030346,-0.008647743627163385,0.004116168806556464,9,False
10,strict_4min_rate,4.267241379310345,-0.0016708751045534955,-0.008442281237513158,0.005100531028406167,9,False
10,strict_4min_rate,4.366379310344827,-0.0009139570797299495,-0.008472728702348149,0.006644814542888251,9,False
10,strict_4min_rate,4.4655172413793105,-6.403577173452244e-05,-0.008791291525669124,0.00866321998220008,9,False
10,strict_4min_rate,4.564655172413794,0.000809886383531065,-0.009326616838185964,0.010946389605248096,9,False
10,strict_4min_rate,4.663793103448276,0.0016388069501650946,-0.009960222584871874,0.013237836485202062,9,False
10,strict_4min_rate,4.762931034482759,0.0023537234922658646,-0.010572787018042065,0.015280234002573792,9,False
10,strict_4min_rate,4.862068965517242,0.002885633573931654,-0.011057341138143592,0.0168286082860069,9,False
10,strict_4min_rate,4.961206896551724,0.00316553475926075,-0.011320211641827602,0.0176512811603491,9,False
10,strict_4min_rate,5.0,0.003191489361702123,-0.011344831972218678,0.017727810695622924,9,True
10,strict_4min_rate,5.060344827586207,0.003092083166475996,-0.01136621765980263,0.01755038399275462,9,False
10,strict_4min_rate,5.1594827586206895,0.0025449801005313992,-0.011506577757983381,0.01659653795904618,9,False
10,strict_4min_rate,5.258620689655173,0.001617122637847058,-0.011839649720879496,0.015073894996573613,9,False
10,strict_4min_rate,5.357758620689656,0.00041936332430922814,-0.012469086539240119,0.013307813187858574,9,False
10,strict_4min_rate,5.456896551724138,-0.000937445294195821,-0.013488207506757877,0.011613316918366236,9,False
10,strict_4min_rate,5.556034482758621,-0.002342450671781862,-0.014912126575892649,0.010227225232328925,9,False
10,strict_4min_rate,5.655172413793103,-0.0036848002625626186,-0.016621442309287523,0.009251841784162287,9,False
10,strict_4min_rate,5.754310344827586,-0.00485364152065186,-0.018366415655208003,0.008659132613904285,9,False
10,strict_4min_rate,5.853448275862069,-0.0057381219001633186,-0.019827549305362475,0.00835130550503584,9,False
10,strict_4min_rate,5.952586206896552,-0.006227388855210739,-0.020682140241418637,0.008227362530997158,9,False
10,strict_4min_rate,6.0,-0.0062893081761006275,-0.020792478837762043,0.00821386248556079,9,True
10,strict_4min_rate,6.051724137931035,-0.006276906010571317,-0.020751477227236657,0.008197665206094024,9,False
10,strict_4min_rate,6.150862068965518,-0.006187351310002303,-0.020455409016828525,0.008080706396823917,9,False
10,strict_4min_rate,6.25,-0.006019064465408803,-0.019899052012701954,0.007860923081884349,9,False
10,strict_4min_rate,6.349137931034483,-0.005781237554519562,-0.019112795261839288,0.007550320152800164,9,False
10,strict_4min_rate,6.448275862068966,-0.0054830626550633295,-0.0181270278112229,0.00716090250109624,9,False
10,strict_4min_rate,6.547413793103448,-0.005133731844768853,-0.016972138707835142,0.006704675018297435,9,False
10,strict_4min_rate,6.6465517241379315,-0.0047424372013648766,-0.01567851699865835,0.006193642595928597,9,False
10,strict_4min_rate,6.745689655172414,-0.004318370802580154,-0.014276551730674922,0.005639810125514615,9,False
10,strict_4min_rate,6.844827586206897,-0.0038707247261434213,-0.012796631950867162,0.005055182498580319,9,False
10,strict_4min_rate,6.94396551724138,-0.0034086910497834336,-0.01126914670621746,0.004451764606650592,9,False
10,strict_4min_rate,7.043103448275862,-0.00294146185122894,-0.009724485043708177,0.0038415613412502974,9,False
10,strict_4min_rate,7.142241379310345,-0.0024782292082086805,-0.008193036010321644,0.0032365775939042817,9,False
10,strict_4min_rate,7.241379310344827,-0.0020281851984514094,-0.006705188653040241,0.0026488182561374223,9,False
10,strict_4min_rate,7.3405172413793105,-0.001600521899685869,-0.005291332018846309,0.002090288219474572,9,False
10,strict_4min_rate,7.439655172413794,-0.0012044313896408061,-0.003981855154722205,0.0015729923754405925,9,False
10,strict_4min_rate,7.538793103448276,-0.0008491057460449739,-0.0028071471076503017,0.0011089356155603541,9,False
10,strict_4min_rate,7.637931034482759,-0.0005437370466271128,-0.001797596924612935,0.0007101228313587094,9,False
10,strict_4min_rate,7.737068965517242,-0.00029751736911597413,-0.0009835936525924747,0.00038855891436052637,9,False
10,strict_4min_rate,7.836206896551724,-0.00011963879124030075,-0.0003955263385712622,0.00015624875609066073,9,False
10,strict_4min_rate,7.935344827586207,-1.9293390728847897e-05,-6.378402953168086e-05,2.519724807398507e-05,9,False
10,strict_4min_rate,8.0,0.0,0.0,0.0,9,True
10,strict_4min_rate,8.03448275862069,-2.782206088051839e-06,-7.0292739366916355e-06,1.4648617605879577e-06,9,False
10,strict_4min_rate,8.133620689655173,-4.0379963064607054e-05,-0.00010202041579650395,2.126048966728984e-05,9,False
10,strict_4min_rate,8.232758620689655,-0.00011828874717639773,-0.0002988578060776159,6.228031172482048e-05,9,False
10,strict_4min_rate,8.331896551724139,-0.00023189585382586207,-0.0005858873964532183,0.00012209568880149424,9,False
10,strict_4min_rate,8.431034482758621,-0.0003765885784154315,-0.0009514551385964851,0.0001982779817656221,9,False
10,strict_4min_rate,8.530172413793103,-0.0005477542163475437,-0.0013839069841806056,0.0002883985514855181,9,False
10,strict_4min_rate,8.629310344827587,-0.0007407800630246379,-0.0018715888848787729,0.000390028758829497,9,False
10,strict_4min_rate,8.72844827586207,-0.0009510534138491432,-0.0024028467923641553,0.0005007399646658689,9,False
10,strict_4min_rate,8.827586206896552,-0.001173961564223498,-0.0029660266583099444,0.0006181035298629483,9,False
10,strict_4min_rate,8.926724137931036,-0.001404891809550143,-0.0035494744343893365,0.0007396908152890503,9,False
10,strict_4min_rate,9.025862068965518,-0.001639231445231505,-0.004141536072275494,0.0008630731818124841,9,False
10,strict_4min_rate,9.125,-0.0018723677666700243,-0.004730557523641613,0.000985821990301565,9,False
10,strict_4min_rate,9.224137931034484,-0.0020996880692681404,-0.0053048847401608885,0.001105508601624608,9,False
10,strict_4min_rate,9.323275862068966,-0.002316579648428281,-0.005852863673506484,0.0012197043766499216,9,False
10,strict_4min_rate,9.422413793103448,-0.002518429799552886,-0.006362840275351594,0.001325980676245821,9,False
10,strict_4min_rate,9.52155172413793,-0.0027006258180443904,-0.006823160497369401,0.0014219088612806205,9,False
10,strict_4min_rate,9.620689655172415,-0.002858554999305234,-0.007222170291233103,0.0015050602926226344,9,False
10,strict_4min_rate,9.719827586206897,-0.0029876046387378465,-0.007548215608615865,0.0015730063311401713,9,False
10,strict_4min_rate,9.818965517241379,-0.0030831620317446663,-0.00778964240119088,0.0016233183377015476,9,False
10,strict_4min_rate,9.918103448275863,-0.0031406144737281282,-0.007934796620631332,0.001653567673175076,9,False
10,strict_4min_rate,10.0,-0.0031560569433252755,-0.007973812187998374,0.001661698301347823,9,True
10,strict_4min_rate,10.017241379310345,-0.0031524898145093103,-0.007967062451715107,0.0016620828226964852,9,False
10,strict_4min_rate,10.116379310344827,-0.0030038078748675246,-0.007694705193043358,0.0016870894433083086,9,False
10,strict_4min_rate,10.215517241379311,-0.002669188526870945,-0.007151642897501765,0.0018132658437598754,9,False
10,strict_4min_rate,10.314655172413794,-0.0021933822891879434,-0.006563853997767342,0.0021770894193914557,9,False
10,strict_4min_rate,10.413793103448276,-0.0016211396804868715,-0.006152622279461613,0.0029103429184878698,9,False
10,strict_4min_rate,10.51293103448276,-0.000997211219436076,-0.006021881466666048,0.004027459027793896,9,False
10,strict_4min_rate,10.612068965517242,-0.00036634742470393846,-0.006124484103366519,0.0053917892539586424,9,False
10,strict_4min_rate,10.711206896551724,0.0002267011850411947,-0.006342481849984197,0.006795884220066586,9,False
10,strict_4min_rate,10.810344827586206,0.0007371840911309667,-0.0065589560283001395,0.008033324210562073,9,False
10,strict_4min_rate,10.90948275862069,0.0011203507748970248,-0.006677940564854337,0.008918642114648387,9,False
10,strict_4min_rate,11.0,0.0013210576590858187,-0.006636218966132462,0.0092783342843041,9,True
10,strict_4min_rate,11.008620689655173,0.0013322958410611875,-0.00662349169750475,0.009288083379627124,9,False
10,strict_4min_rate,11.107758620689655,0.001465819531360828,-0.006434763406637131,0.009366402469358787,9,False
10,strict_4min_rate,11.206896551724139,0.0016044842563313314,-0.006165109894190725,0.009374078406853389,9,False
10,strict_4min_rate,11.306034482758621,0.0017443474927052649,-0.005811167125188022,0.009299862110598552,9,False
10,strict_4min_rate,11.405172413793103,0.0018814667172152091,-0.005370856218787318,0.009133789653217737,9,False
10,strict_4min_rate,11.504310344827587,0.0020118994065937384,-0.004843771179508415,0.008867569992695893,9,False
10,strict_4min_rate,11.60344827586207,0.0021317030375734244,-0.004232087640977348,0.008495493716124196,9,False
10,strict_4min_rate,11.702586206896552,0.0022369350868868434,-0.003542536967988338,0.008016407141762025,9,False
10,strict_4min_rate,11.801724137931036,0.0023236530312665715,-0.0027907958441537807,0.007438101906686924,9,False
10,strict_4min_rate,11.900862068965518,0.002387914347445181,-0.0020117723845121194,0.006787601079402481,9,False
10,strict_4min_rate,12.0,0.002425776512155247,-0.0012843108839622726,0.006135863908272767,9,True
10,max_incident_queue,0.5,0.0,0.0,0.0,10,True
10,max_incident_queue,0.5991379310344828,0.0,0.0,0.0,10,False
10,max_incident_queue,0.6982758620689655,0.0,0.0,0.0,10,False
10,max_incident_queue,0.7974137931034483,0.0,0.0,0.0,10,False
10,max_incident_queue,0.896551724137931,0.0,0.0,0.0,10,False
10,max_incident_queue,0.9956896551724138,0.0,0.0,0.0,10,False
10,max_incident_queue,1.0,0.0,0.0,0.0,10,True
10,max_incident_queue,1.0948275862068966,0.0,0.0,0.0,10,False
10,max_incident_queue,1.1939655172413794,0.0,0.0,0.0,10,False
10,max_incident_queue,1.293103448275862,0.0,0.0,0.0,10,False
10,max_incident_queue,1.3922413793103448,0.0,0.0,0.0,10,False
10,max_incident_queue,1.4913793103448276,0.0,0.0,0.0,10,False
10,max_incident_queue,1.5905172413793105,0.0,0.0,0.0,10,False
10,max_incident_queue,1.6896551724137931,0.0,0.0,0.0,10,False
10,max_incident_queue,1.7887931034482758,0.0,0.0,0.0,10,False
10,max_incident_queue,1.8879310344827587,0.0,0.0,0.0,10,False
10,max_incident_queue,1.9870689655172415,0.0,0.0,0.0,10,False
10,max_incident_queue,2.0,0.0,0.0,0.0,10,True
10,max_incident_queue,2.086206896551724,0.0,0.0,0.0,10,False
10,max_incident_queue,2.185344827586207,0.0,0.0,0.0,10,False
10,max_incident_queue,2.2844827586206895,0.0,0.0,0.0,10,False
10,max_incident_queue,2.3836206896551726,0.0,0.0,0.0,10,False
10,max_incident_queue,2.4827586206896552,0.0,0.0,0.0,10,False
10,max_incident_queue,2.581896551724138,0.0,0.0,0.0,10,False
10,max_incident_queue,2.681034482758621,0.0,0.0,0.0,10,False
10,max_incident_queue,2.7801724137931036,0.0,0.0,0.0,10,False
10,max_incident_queue,2.8793103448275863,0.0,0.0,0.0,10,False
10,max_incident_queue,2.978448275862069,0.0,0.0,0.0,10,False
10,max_incident_queue,3.0775862068965516,0.0,0.0,0.0,10,False
10,max_incident_queue,3.1767241379310347,0.0,0.0,0.0,10,False
10,max_incident_queue,3.2758620689655173,0.0,0.0,0.0,10,False
10,max_incident_queue,3.375,0.0,0.0,0.0,10,False
10,max_incident_queue,3.474137931034483,0.0,0.0,0.0,10,False
10,max_incident_queue,3.5732758620689657,0.0,0.0,0.0,10,False
10,max_incident_queue,3.6724137931034484,0.0,0.0,0.0,10,False
10,max_incident_queue,3.771551724137931,0.0,0.0,0.0,10,False
10,max_incident_queue,3.8706896551724137,0.0,0.0,0.0,10,False
10,max_incident_queue,3.969827586206897,0.0,0.0,0.0,10,False
10,max_incident_queue,4.0,0.0,0.0,0.0,10,True
10,max_incident_queue,4.068965517241379,0.0,0.0,0.0,10,False
10,max_incident_queue,4.168103448275862,0.0,0.0,0.0,10,False
10,max_incident_queue,4.267241379310345,0.0,0.0,0.0,10,False
10,max_incident_queue,4.366379310344827,0.0,0.0,0.0,10,False
10,max_incident_queue,4.4655172413793105,0.0,0.0,0.0,10,False
10,max_incident_queue,4.564655172413794,0.0,0.0,0.0,10,False
10,max_incident_queue,4.663793103448276,0.0,0.0,0.0,10,False
10,max_incident_queue,4.762931034482759,0.0,0.0,0.0,10,False
10,max_incident_queue,4.862068965517242,0.0,0.0,0.0,10,False
10,max_incident_queue,4.961206896551724,0.0,0.0,0.0,10,False
10,max_incident_queue,5.0,0.0,0.0,0.0,10,True
10,max_incident_queue,5.060344827586207,0.0,0.0,0.0,10,False
10,max_incident_queue,5.1594827586206895,0.0,0.0,0.0,10,False
10,max_incident_queue,5.258620689655173,0.0,0.0,0.0,10,False
10,max_incident_queue,5.357758620689656,0.0,0.0,0.0,10,False
10,max_incident_queue,5.456896551724138,0.0,0.0,0.0,10,False
10,max_incident_queue,5.556034482758621,0.0,0.0,0.0,10,False
10,max_incident_queue,5.655172413793103,0.0,0.0,0.0,10,False
10,max_incident_queue,5.754310344827586,0.0,0.0,0.0,10,False
10,max_incident_queue,5.853448275862069,0.0,0.0,0.0,10,False
10,max_incident_queue,5.952586206896552,0.0,0.0,0.0,10,False
10,max_incident_queue,6.0,0.0,0.0,0.0,10,True
10,max_incident_queue,6.051724137931035,0.0,0.0,0.0,10,False
10,max_incident_queue,6.150862068965518,0.0,0.0,0.0,10,False
10,max_incident_queue,6.25,0.0,0.0,0.0,10,False
10,max_incident_queue,6.349137931034483,0.0,0.0,0.0,10,False
10,max_incident_queue,6.448275862068966,0.0,0.0,0.0,10,False
10,max_incident_queue,6.547413793103448,0.0,0.0,0.0,10,False
10,max_incident_queue,6.6465517241379315,0.0,0.0,0.0,10,False
10,max_incident_queue,6.745689655172414,0.0,0.0,0.0,10,False
10,max_incident_queue,6.844827586206897,0.0,0.0,0.0,10,False
10,max_incident_queue,6.94396551724138,0.0,0.0,0.0,10,False
10,max_incident_queue,7.043103448275862,0.0,0.0,0.0,10,False
10,max_incident_queue,7.142241379310345,0.0,0.0,0.0,10,False
10,max_incident_queue,7.241379310344827,0.0,0.0,0.0,10,False
10,max_incident_queue,7.3405172413793105,0.0,0.0,0.0,10,False
10,max_incident_queue,7.439655172413794,0.0,0.0,0.0,10,False
10,max_incident_queue,7.538793103448276,0.0,0.0,0.0,10,False
10,max_incident_queue,7.637931034482759,0.0,0.0,0.0,10,False
10,max_incident_queue,7.737068965517242,0.0,0.0,0.0,10,False
10,max_incident_queue,7.836206896551724,0.0,0.0,0.0,10,False
10,max_incident_queue,7.935344827586207,0.0,0.0,0.0,10,False
10,max_incident_queue,8.0,0.0,0.0,0.0,10,True
10,max_incident_queue,8.03448275862069,0.0,0.0,0.0,10,False
10,max_incident_queue,8.133620689655173,0.0,0.0,0.0,10,False
10,max_incident_queue,8.232758620689655,0.0,0.0,0.0,10,False
10,max_incident_queue,8.331896551724139,0.0,0.0,0.0,10,False
10,max_incident_queue,8.431034482758621,0.0,0.0,0.0,10,False
10,max_incident_queue,8.530172413793103,0.0,0.0,0.0,10,False
10,max_incident_queue,8.629310344827587,0.0,0.0,0.0,10,False
10,max_incident_queue,8.72844827586207,0.0,0.0,0.0,10,False
10,max_incident_queue,8.827586206896552,0.0,0.0,0.0,10,False
10,max_incident_queue,8.926724137931036,0.0,0.0,0.0,10,False
10,max_incident_queue,9.025862068965518,0.0,0.0,0.0,10,False
10,max_incident_queue,9.125,0.0,0.0,0.0,10,False
10,max_incident_queue,9.224137931034484,0.0,0.0,0.0,10,False
10,max_incident_queue,9.323275862068966,0.0,0.0,0.0,10,False
10,max_incident_queue,9.422413793103448,0.0,0.0,0.0,10,False
10,max_incident_queue,9.52155172413793,0.0,0.0,0.0,10,False
10,max_incident_queue,9.620689655172415,0.0,0.0,0.0,10,False
10,max_incident_queue,9.719827586206897,0.0,0.0,0.0,10,False
10,max_incident_queue,9.818965517241379,0.0,0.0,0.0,10,False
10,max_incident_queue,9.918103448275863,0.0,0.0,0.0,10,False
10,max_incident_queue,10.0,0.0,0.0,0.0,10,True
10,max_incident_queue,10.017241379310345,0.0,0.0,0.0,10,False
10,max_incident_queue,10.116379310344827,0.0,0.0,0.0,10,False
10,max_incident_queue,10.215517241379311,0.0,0.0,0.0,10,False
10,max_incident_queue,10.314655172413794,0.0,0.0,0.0,10,False
10,max_incident_queue,10.413793103448276,0.0,0.0,0.0,10,False
10,max_incident_queue,10.51293103448276,0.0,0.0,0.0,10,False
10,max_incident_queue,10.612068965517242,0.0,0.0,0.0,10,False
10,max_incident_queue,10.711206896551724,0.0,0.0,0.0,10,False
10,max_incident_queue,10.810344827586206,0.0,0.0,0.0,10,False
10,max_incident_queue,10.90948275862069,0.0,0.0,0.0,10,False
10,max_incident_queue,11.0,0.0,0.0,0.0,10,True
10,max_incident_queue,11.008620689655173,0.0,0.0,0.0,10,False
10,max_incident_queue,11.107758620689655,0.0,0.0,0.0,10,False
10,max_incident_queue,11.206896551724139,0.0,0.0,0.0,10,False
10,max_incident_queue,11.306034482758621,0.0,0.0,0.0,10,False
10,max_incident_queue,11.405172413793103,0.0,0.0,0.0,10,False
10,max_incident_queue,11.504310344827587,0.0,0.0,0.0,10,False
10,max_incident_queue,11.60344827586207,0.0,0.0,0.0,10,False
10,max_incident_queue,11.702586206896552,0.0,0.0,0.0,10,False
10,max_incident_queue,11.801724137931036,0.0,0.0,0.0,10,False
10,max_incident_queue,11.900862068965518,0.0,0.0,0.0,10,False
10,max_incident_queue,12.0,0.0,0.0,0.0,10,True
