incident_zone,duration_hours,start_hour,metric,mean_difference_B_E_minus_B_N,ci95_low,ci95_high,replications
1,0.5,17.75,calls,0.0,0.0,0.0,10
1,1.0,17.5,calls,0.0,0.0,0.0,10
1,2.0,17.0,calls,0.0,0.0,0.0,10
1,4.0,16.0,calls,0.0,0.0,0.0,10
1,5.0,15.483333333333333,calls,0.0,0.0,0.0,10
1,6.0,14.983333333333333,calls,0.0,0.0,0.0,10
1,8.0,13.883333333333333,calls,0.0,0.0,0.0,10
1,10.0,10.266666666666666,calls,0.0,0.0,0.0,10
1,11.0,8.7,calls,0.0,0.0,0.0,10
1,12.0,8.05,calls,0.0,0.0,0.0,10
2,0.5,17.75,calls,0.0,0.0,0.0,10
2,1.0,17.5,calls,0.0,0.0,0.0,10
2,2.0,17.0,calls,0.0,0.0,0.0,10
2,4.0,16.0,calls,0.0,0.0,0.0,10
2,5.0,15.483333333333333,calls,0.0,0.0,0.0,10
2,6.0,14.983333333333333,calls,0.0,0.0,0.0,10
2,8.0,13.883333333333333,calls,0.0,0.0,0.0,10
2,10.0,10.266666666666666,calls,0.0,0.0,0.0,10
2,11.0,8.7,calls,0.0,0.0,0.0,10
2,12.0,8.05,calls,0.0,0.0,0.0,10
3,0.5,17.75,calls,0.0,0.0,0.0,10
3,1.0,17.5,calls,0.0,0.0,0.0,10
3,2.0,17.0,calls,0.0,0.0,0.0,10
3,4.0,16.0,calls,0.0,0.0,0.0,10
3,5.0,15.483333333333333,calls,0.0,0.0,0.0,10
3,6.0,14.983333333333333,calls,0.0,0.0,0.0,10
3,8.0,13.883333333333333,calls,0.0,0.0,0.0,10
3,10.0,10.266666666666666,calls,0.0,0.0,0.0,10
3,11.0,8.7,calls,0.0,0.0,0.0,10
3,12.0,8.05,calls,0.0,0.0,0.0,10
4,0.5,17.75,calls,0.0,0.0,0.0,10
4,1.0,17.5,calls,0.0,0.0,0.0,10
4,2.0,17.0,calls,0.0,0.0,0.0,10
4,4.0,16.0,calls,0.0,0.0,0.0,10
4,5.0,15.483333333333333,calls,0.0,0.0,0.0,10
4,6.0,14.983333333333333,calls,0.0,0.0,0.0,10
4,8.0,13.883333333333333,calls,0.0,0.0,0.0,10
4,10.0,10.266666666666666,calls,0.0,0.0,0.0,10
4,11.0,8.7,calls,0.0,0.0,0.0,10
4,12.0,8.05,calls,0.0,0.0,0.0,10
5,0.5,17.75,calls,0.0,0.0,0.0,10
5,1.0,17.5,calls,0.0,0.0,0.0,10
5,2.0,17.0,calls,0.0,0.0,0.0,10
5,4.0,16.0,calls,0.0,0.0,0.0,10
5,5.0,15.483333333333333,calls,0.0,0.0,0.0,10
5,6.0,14.983333333333333,calls,0.0,0.0,0.0,10
5,8.0,13.883333333333333,calls,0.0,0.0,0.0,10
5,10.0,10.266666666666666,calls,0.0,0.0,0.0,10
5,11.0,8.7,calls,0.0,0.0,0.0,10
5,12.0,8.05,calls,0.0,0.0,0.0,10
6,0.5,17.75,calls,0.0,0.0,0.0,10
6,1.0,17.5,calls,0.0,0.0,0.0,10
6,2.0,17.0,calls,0.0,0.0,0.0,10
6,4.0,16.0,calls,0.0,0.0,0.0,10
6,5.0,15.483333333333333,calls,0.0,0.0,0.0,10
6,6.0,14.983333333333333,calls,0.0,0.0,0.0,10
6,8.0,13.883333333333333,calls,0.0,0.0,0.0,10
6,10.0,10.266666666666666,calls,0.0,0.0,0.0,10
6,11.0,8.7,calls,0.0,0.0,0.0,10
6,12.0,8.05,calls,0.0,0.0,0.0,10
7,0.5,17.75,calls,0.0,0.0,0.0,10
7,1.0,17.5,calls,0.0,0.0,0.0,10
7,2.0,17.0,calls,0.0,0.0,0.0,10
7,4.0,16.0,calls,0.0,0.0,0.0,10
7,5.0,15.483333333333333,calls,0.0,0.0,0.0,10
7,6.0,14.983333333333333,calls,0.0,0.0,0.0,10
7,8.0,13.883333333333333,calls,0.0,0.0,0.0,10
7,10.0,10.266666666666666,calls,0.0,0.0,0.0,10
7,11.0,8.7,calls,0.0,0.0,0.0,10
7,12.0,8.05,calls,0.0,0.0,0.0,10
8,0.5,17.75,calls,0.0,0.0,0.0,10
8,1.0,17.5,calls,0.0,0.0,0.0,10
8,2.0,17.0,calls,0.0,0.0,0.0,10
8,4.0,16.0,calls,0.0,0.0,0.0,10
8,5.0,15.483333333333333,calls,0.0,0.0,0.0,10
8,6.0,14.983333333333333,calls,0.0,0.0,0.0,10
8,8.0,13.883333333333333,calls,0.0,0.0,0.0,10
8,10.0,10.266666666666666,calls,0.0,0.0,0.0,10
8,11.0,8.7,calls,0.0,0.0,0.0,10
8,12.0,8.05,calls,0.0,0.0,0.0,10
9,0.5,17.75,calls,0.0,0.0,0.0,10
9,1.0,17.5,calls,0.0,0.0,0.0,10
9,2.0,17.0,calls,0.0,0.0,0.0,10
9,4.0,16.0,calls,0.0,0.0,0.0,10
9,5.0,15.483333333333333,calls,0.0,0.0,0.0,10
9,6.0,14.983333333333333,calls,0.0,0.0,0.0,10
9,8.0,13.883333333333333,calls,0.0,0.0,0.0,10
9,10.0,10.266666666666666,calls,0.0,0.0,0.0,10
9,11.0,8.7,calls,0.0,0.0,0.0,10
9,12.0,8.05,calls,0.0,0.0,0.0,10
10,0.5,17.75,calls,0.0,0.0,0.0,10
10,1.0,17.5,calls,0.0,0.0,0.0,10
10,2.0,17.0,calls,0.0,0.0,0.0,10
10,4.0,16.0,calls,0.0,0.0,0.0,10
10,5.0,15.483333333333333,calls,0.0,0.0,0.0,10
10,6.0,14.983333333333333,calls,0.0,0.0,0.0,10
10,8.0,13.883333333333333,calls,0.0,0.0,0.0,10
10,10.0,10.266666666666666,calls,0.0,0.0,0.0,10
10,11.0,8.7,calls,0.0,0.0,0.0,10
10,12.0,8.05,calls,0.0,0.0,0.0,10
1,0.5,17.75,mean_response_min,-0.019798035858007258,-0.06458430448353407,0.024988232767519557,10
1,1.0,17.5,mean_response_min,0.013897540196506597,-0.007177688006576888,0.034972768399590085,10
1,2.0,17.0,mean_response_min,0.015248019380949173,-0.019245396880150856,0.049741435642049206,10
1,4.0,16.0,mean_response_min,0.014159434279027928,-0.07385729672845426,0.1021761652865101,10
1,5.0,15.483333333333333,mean_response_min,-0.008042505516852927,-0.026235916978645853,0.01015090594494,10
1,6.0,14.983333333333333,mean_response_min,-0.03392721623262318,-0.12424272529466893,0.056388292829422565,10
1,8.0,13.883333333333333,mean_response_min,-0.1917857143298555,-0.609555237306378,0.22598380864666692,10
1,10.0,10.266666666666666,mean_response_min,-0.10068968581984591,-0.2688883375360924,0.06750896589640057,10
1,11.0,8.7,mean_response_min,-0.16471935445836863,-0.413146676590884,0.08370796767414673,10
1,12.0,8.05,mean_response_min,-0.0512512107956681,-0.1320604257996791,0.029558004208342918,10
2,0.5,17.75,mean_response_min,0.0,0.0,0.0,9
2,1.0,17.5,mean_response_min,-0.03187439257562259,-0.10397927805040916,0.04023049289916397,10
2,2.0,17.0,mean_response_min,-0.12220747795031021,-0.26414084016156714,0.019725884260946694,10
2,4.0,16.0,mean_response_min,0.05309349496036351,-0.11660441413673042,0.22279140405745743,10
2,5.0,15.483333333333333,mean_response_min,-0.0035615162245060004,-0.011013170647463027,0.003890138198451027,10
2,6.0,14.983333333333333,mean_response_min,-0.0012937747799423248,-0.006772795588826944,0.004185246028942293,10
2,8.0,13.883333333333333,mean_response_min,0.015079037422740615,-0.2084670287702778,0.23862510361575903,10
2,10.0,10.266666666666666,mean_response_min,-0.033626297318062104,-0.18619920858662808,0.11894661395050388,10
2,11.0,8.7,mean_response_min,-0.03091756781464907,-0.09112819542312935,0.029293059793831205,10
2,12.0,8.05,mean_response_min,0.1340577801916761,-0.18476586827952948,0.4528814286628817,10
3,0.5,17.75,mean_response_min,-0.14709470206769304,-0.48629569330241795,0.19210628916703187,9
3,1.0,17.5,mean_response_min,0.0077311088416624155,-0.006476991884190134,0.021939209567514967,10
3,2.0,17.0,mean_response_min,0.0005830891116776371,-0.000735950098853572,0.0019021283222088463,10
3,4.0,16.0,mean_response_min,0.07813052187158469,-0.07594212036986335,0.2322031641130327,10
3,5.0,15.483333333333333,mean_response_min,-0.0008549620414825653,-0.0027890205475429265,0.0010790964645777958,10
3,6.0,14.983333333333333,mean_response_min,-0.048451637883785995,-0.16309641281799656,0.06619313705042457,10
3,8.0,13.883333333333333,mean_response_min,-0.09506967333344356,-0.2734072611256092,0.08326791445872207,10
3,10.0,10.266666666666666,mean_response_min,-0.004172685967748002,-0.014838405183443787,0.006493033247947783,10
3,11.0,8.7,mean_response_min,-0.169658163339738,-0.45910316070652696,0.11978683402705098,10
3,12.0,8.05,mean_response_min,-0.06618128211427923,-0.33675921220524274,0.20439664797668425,10
4,0.5,17.75,mean_response_min,0.0,0.0,0.0,9
4,1.0,17.5,mean_response_min,0.0,0.0,0.0,10
4,2.0,17.0,mean_response_min,0.050604228427564735,-0.06387048937772735,0.16507894623285682,10
4,4.0,16.0,mean_response_min,0.06332424530500277,-0.08937344896453678,0.21602193957454233,10
4,5.0,15.483333333333333,mean_response_min,-0.00038581681102929367,-0.01700290583967777,0.016231272217619185,10
4,6.0,14.983333333333333,mean_response_min,-0.012968462235249945,-0.057558663557673286,0.031621739087173396,10
4,8.0,13.883333333333333,mean_response_min,-0.1713119411123513,-0.49023864119151805,0.14761475896681545,10
4,10.0,10.266666666666666,mean_response_min,-0.0323012233797841,-0.057829045819489944,-0.006773400940078254,10
4,11.0,8.7,mean_response_min,0.13182549005466865,-0.13910196471195335,0.40275294482129065,10
4,12.0,8.05,mean_response_min,-0.07778374071880903,-0.18059736310204288,0.025029881664424825,10
5,0.5,17.75,mean_response_min,0.0944262872887553,-0.12332112167109097,0.3121736962486016,9
5,1.0,17.5,mean_response_min,0.03349760306948095,-0.019694199697906464,0.08668940583686836,10
5,2.0,17.0,mean_response_min,-0.019467486528719748,-0.07435012105108042,0.03541514799364093,10
5,4.0,16.0,mean_response_min,0.01764861039345673,-0.1923206247696774,0.22761784555659084,10
5,5.0,15.483333333333333,mean_response_min,-0.058045068961803635,-0.1385909567757177,0.022500818852110423,10
5,6.0,14.983333333333333,mean_response_min,0.003835853130025946,-0.07476673976366913,0.08243844602372102,10
5,8.0,13.883333333333333,mean_response_min,0.003948135405061759,-0.14567295326699348,0.15356922407711698,10
5,10.0,10.266666666666666,mean_response_min,-0.007860792547642336,-0.09154901408407333,0.07582742898878865,10
5,11.0,8.7,mean_response_min,-0.04941540791108947,-0.10020730294742988,0.0013764871252509442,10
5,12.0,8.05,mean_response_min,-0.013358244917482321,-0.06310798573046009,0.03639149589549545,10
6,0.5,17.75,mean_response_min,0.0,0.0,0.0,9
6,1.0,17.5,mean_response_min,-0.0603909384394389,-0.1970047323983211,0.07622285551944327,10
6,2.0,17.0,mean_response_min,-0.020951312035156898,-0.0683464726255073,0.026443848555193515,10
6,4.0,16.0,mean_response_min,-0.041035349086038675,-0.10118965688498963,0.01911895871291227,10
6,5.0,15.483333333333333,mean_response_min,-0.05161997972482553,-0.14477151780338257,0.04153155835373151,10
6,6.0,14.983333333333333,mean_response_min,-0.033267860166338356,-0.0782398496044942,0.011704129271817493,10
6,8.0,13.883333333333333,mean_response_min,0.021110540852849267,-0.09615456259661426,0.13837564430231278,10
6,10.0,10.266666666666666,mean_response_min,-0.057357633031346555,-0.1067336825708679,-0.007981583491825206,10
6,11.0,8.7,mean_response_min,-0.000181094480822086,-0.044795601078311376,0.04443341211666721,10
6,12.0,8.05,mean_response_min,0.018120885893293172,-0.016461445961448024,0.05270321774803437,10
7,0.5,17.75,mean_response_min,-0.04386160560928993,-0.12357862581287557,0.03585541459429572,9
7,1.0,17.5,mean_response_min,0.11014285789628228,-0.03063482258074704,0.25092053837331163,10
7,2.0,17.0,mean_response_min,-0.0840041556377443,-0.1911524558286805,0.0231441445531919,10
7,4.0,16.0,mean_response_min,0.14761432347808395,-0.0960738169860487,0.39130246394221657,10
7,5.0,15.483333333333333,mean_response_min,-0.15007031764980816,-0.5908920399821663,0.29075140468255,10
7,6.0,14.983333333333333,mean_response_min,0.28112814720058343,-0.13356015197398075,0.6958164463751476,10
7,8.0,13.883333333333333,mean_response_min,-0.13838743021354638,-0.3162491872349791,0.03947432680788629,10
7,10.0,10.266666666666666,mean_response_min,-0.23730936535201738,-0.6015365540005502,0.12691782329651544,10
7,11.0,8.7,mean_response_min,-0.4237907750474312,-0.9821729497741467,0.1345913996792844,10
7,12.0,8.05,mean_response_min,-0.3965845417920704,-0.804910571433013,0.01174148784887219,10
8,0.5,17.75,mean_response_min,0.0,0.0,0.0,10
8,1.0,17.5,mean_response_min,-0.024675537252664092,-0.0804954805946721,0.031144406089343917,10
8,2.0,17.0,mean_response_min,0.0,0.0,0.0,10
8,4.0,16.0,mean_response_min,-0.06887970596478041,-0.22469642618444263,0.08693701425488182,10
8,5.0,15.483333333333333,mean_response_min,-0.09030768534004405,-0.29459786258775117,0.11398249190766307,10
8,6.0,14.983333333333333,mean_response_min,0.0577727720464285,-0.06984347151021195,0.18538901560306895,10
8,8.0,13.883333333333333,mean_response_min,0.039422303247887314,-0.06811837383725117,0.1469629803330258,10
8,10.0,10.266666666666666,mean_response_min,-0.10708780727719862,-0.45936273364355495,0.2451871190891577,10
8,11.0,8.7,mean_response_min,-0.1874259433043644,-0.9726143834661205,0.5977624968573918,10
8,12.0,8.05,mean_response_min,0.0076586080067208686,-0.05985300880799041,0.07517022482143215,10
9,0.5,17.75,mean_response_min,0.0,0.0,0.0,9
9,1.0,17.5,mean_response_min,0.08631925634538247,-0.10894846768373885,0.2815869803745038,10
9,2.0,17.0,mean_response_min,-0.05579236389595188,-0.14840995634052623,0.036825228548622455,10
9,4.0,16.0,mean_response_min,-0.010646694534823985,-0.03473119083690057,0.013437801767252597,10
9,5.0,15.483333333333333,mean_response_min,0.00016737165654392427,-0.016457574321818245,0.01679231763490609,10
9,6.0,14.983333333333333,mean_response_min,-0.04520198425692827,-0.09947867668203798,0.009074708168181442,10
9,8.0,13.883333333333333,mean_response_min,-0.10078690237552106,-0.32128731977065556,0.11971351501961346,10
9,10.0,10.266666666666666,mean_response_min,-0.006340427508202939,-0.021438749202985975,0.008757894186580096,10
9,11.0,8.7,mean_response_min,-0.0730152468363678,-0.24613343954026184,0.10010294586752623,10
9,12.0,8.05,mean_response_min,-0.005860719085722987,-0.013950725623484234,0.00222928745203826,10
10,0.5,17.75,mean_response_min,0.0,0.0,0.0,9
10,1.0,17.5,mean_response_min,0.0,0.0,0.0,10
10,2.0,17.0,mean_response_min,0.010329249811377839,-0.013037136635762545,0.03369563625851822,10
10,4.0,16.0,mean_response_min,0.010590312019779002,-0.013366638172031993,0.03454726221159,10
10,5.0,15.483333333333333,mean_response_min,-0.01768870077703131,-0.0842474270783255,0.04887002552426289,10
10,6.0,14.983333333333333,mean_response_min,0.03051321349628582,-0.038512470974327986,0.09953889796689962,10
10,8.0,13.883333333333333,mean_response_min,-0.0312675645440474,-0.09823415315361891,0.03569902406552411,10
10,10.0,10.266666666666666,mean_response_min,0.014465755203214936,-0.018009249038997414,0.046940759445427284,10
10,11.0,8.7,mean_response_min,-0.013631874416655521,-0.0703271309260041,0.043063382092693045,10
10,12.0,8.05,mean_response_min,-0.014563626528317908,-0.03892291881804347,0.009795665761407649,10
1,0.5,17.75,p95_response_min,-0.007333098928968518,-0.023921721196642494,0.00925552333870546,10
1,1.0,17.5,p95_response_min,0.03359487183357572,-0.04240200811803525,0.1095917517851867,10
1,2.0,17.0,p95_response_min,-0.04329652286651253,-0.1412400621932501,0.054647016460225045,10
1,4.0,16.0,p95_response_min,-0.05855483327850593,-0.19101506879593277,0.0739054022389209,10
1,5.0,15.483333333333333,p95_response_min,0.0,0.0,0.0,10
1,6.0,14.983333333333333,p95_response_min,0.0,0.0,0.0,10
1,8.0,13.883333333333333,p95_response_min,0.0,0.0,0.0,10
1,10.0,10.266666666666666,p95_response_min,0.0,0.0,0.0,10
1,11.0,8.7,p95_response_min,0.0,0.0,0.0,10
1,12.0,8.05,p95_response_min,0.0,0.0,0.0,10
2,0.5,17.75,p95_response_min,0.0,0.0,0.0,9
2,1.0,17.5,p95_response_min,0.0650609258650082,-0.08211711359880311,0.2122389653288195,10
2,2.0,17.0,p95_response_min,0.44057338146557007,-0.22102405634801808,1.1021708192791582,10
2,4.0,16.0,p95_response_min,0.2637360476729954,-0.3868051962593996,0.9142772916053904,10
2,5.0,15.483333333333333,p95_response_min,0.0,0.0,0.0,10
2,6.0,14.983333333333333,p95_response_min,0.0,0.0,0.0,10
2,8.0,13.883333333333333,p95_response_min,0.0,0.0,0.0,10
2,10.0,10.266666666666666,p95_response_min,-0.005971278171478467,-1.9282973907252394,1.9163548343822825,10
2,11.0,8.7,p95_response_min,0.31725488058502177,-0.2576240770707762,0.8921338382408197,10
2,12.0,8.05,p95_response_min,0.8487121722512263,-0.9627930894496812,2.660217433952134,10
3,0.5,17.75,p95_response_min,0.0770174579561959,-0.10058511857370482,0.2546200344860966,9
3,1.0,17.5,p95_response_min,0.0,0.0,0.0,10
3,2.0,17.0,p95_response_min,0.0,0.0,0.0,10
3,4.0,16.0,p95_response_min,0.28615634656710115,-0.36117428249983213,0.9334869756340345,10
3,5.0,15.483333333333333,p95_response_min,0.0,0.0,0.0,10
3,6.0,14.983333333333333,p95_response_min,-0.46559918094385183,-1.5188577031089636,0.5876593412212601,10
3,8.0,13.883333333333333,p95_response_min,0.0,0.0,0.0,10
3,10.0,10.266666666666666,p95_response_min,0.0,0.0,0.0,10
3,11.0,8.7,p95_response_min,-0.7351210231027965,-2.939936399709267,1.469694353503674,10
3,12.0,8.05,p95_response_min,-3.1329716969177297,-9.537094934186692,3.2711515403512332,10
4,0.5,17.75,p95_response_min,0.0,0.0,0.0,9
4,1.0,17.5,p95_response_min,0.0,0.0,0.0,10
4,2.0,17.0,p95_response_min,0.05319283383547333,-0.06713771623497738,0.17352338390592403,10
4,4.0,16.0,p95_response_min,0.44420380701611306,-0.45359347369010217,1.3420010877223283,10
4,5.0,15.483333333333333,p95_response_min,0.0,0.0,0.0,10
4,6.0,14.983333333333333,p95_response_min,-0.22030401769716218,-0.5530428640306163,0.11243482863629195,10
4,8.0,13.883333333333333,p95_response_min,-0.7602892719919379,-2.3743129735590323,0.8537344295751566,10
4,10.0,10.266666666666666,p95_response_min,-0.04611368796232958,-0.18485136532501517,0.09262398940035603,10
4,11.0,8.7,p95_response_min,0.9507450084156813,-1.059235812899784,2.960725829731147,10
4,12.0,8.05,p95_response_min,-0.12881872824345902,-0.4478633722403833,0.19022591575346526,10
5,0.5,17.75,p95_response_min,0.0550038096102414,-0.07183520280295791,0.1818428220234407,9
5,1.0,17.5,p95_response_min,0.1554634649251204,-0.08836922967473365,0.39929615952497444,10
5,2.0,17.0,p95_response_min,0.0,0.0,0.0,10
5,4.0,16.0,p95_response_min,0.6172831804080101,-1.3499115107663089,2.584477871582329,10
5,5.0,15.483333333333333,p95_response_min,-0.015003331254929541,-0.19825712483956814,0.16825046232970908,10
5,6.0,14.983333333333333,p95_response_min,-0.35314099484009615,-1.059356829890068,0.3530748402098756,10
5,8.0,13.883333333333333,p95_response_min,0.16548233347993319,-0.1735001126028181,0.5044647795626844,10
5,10.0,10.266666666666666,p95_response_min,0.05123025255147855,-0.06466063020980964,0.16712113531276673,10
5,11.0,8.7,p95_response_min,-0.3446771483031091,-0.9844445135841449,0.29509021697792676,10
5,12.0,8.05,p95_response_min,-0.12433640185225006,-0.4154697283987956,0.16679692469429544,10
6,0.5,17.75,p95_response_min,0.0,0.0,0.0,9
6,1.0,17.5,p95_response_min,-0.19895461221887345,-0.6490212133215373,0.2511119888837904,10
6,2.0,17.0,p95_response_min,0.0,0.0,0.0,10
6,4.0,16.0,p95_response_min,0.022935492176970485,-0.2684023644209505,0.3142733487748915,10
6,5.0,15.483333333333333,p95_response_min,-0.002414585356350152,-0.007876756915405302,0.003047586202704999,10
6,6.0,14.983333333333333,p95_response_min,0.0,0.0,0.0,10
6,8.0,13.883333333333333,p95_response_min,0.24364835199526863,-0.0926598263595041,0.5799565303500414,10
6,10.0,10.266666666666666,p95_response_min,-0.6595796773172589,-2.332312583615961,1.0131532289814429,10
6,11.0,8.7,p95_response_min,0.01848054940294839,-0.44139997976329226,0.4783610785691891,10
6,12.0,8.05,p95_response_min,0.1267258311050341,-0.08125234107822549,0.3347040032882937,10
7,0.5,17.75,p95_response_min,0.19256208189427454,-0.25148687523744573,0.6366110390259948,9
7,1.0,17.5,p95_response_min,0.1599705105413503,-0.25790479866138083,0.5778458197440814,10
7,2.0,17.0,p95_response_min,-0.5217643501454392,-1.3856932797239694,0.342164579433091,10
7,4.0,16.0,p95_response_min,0.8296669092434555,-1.146768654633005,2.8061024731199162,10
7,5.0,15.483333333333333,p95_response_min,0.07254575046293894,-1.8436943504572298,1.9887858513831078,10
7,6.0,14.983333333333333,p95_response_min,-0.17610848112097396,-3.2865556596620458,2.934338697420098,10
7,8.0,13.883333333333333,p95_response_min,0.0,0.0,0.0,10
7,10.0,10.266666666666666,p95_response_min,-0.1901214081853361,-2.00404496245731,1.6238021460866374,10
7,11.0,8.7,p95_response_min,-0.1742378468360787,-2.6058062312214614,2.257330537549304,10
7,12.0,8.05,p95_response_min,0.0,0.0,0.0,10
8,0.5,17.75,p95_response_min,0.0,0.0,0.0,10
8,1.0,17.5,p95_response_min,0.0,0.0,0.0,10
8,2.0,17.0,p95_response_min,0.0,0.0,0.0,10
8,4.0,16.0,p95_response_min,0.0,0.0,0.0,10
8,5.0,15.483333333333333,p95_response_min,-0.9096875448545966,-2.967543740355735,1.148168650646542,10
8,6.0,14.983333333333333,p95_response_min,0.2387084094592442,-0.3012875288191518,0.7787043477376402,10
8,8.0,13.883333333333333,p95_response_min,0.0,0.0,0.0,10
8,10.0,10.266666666666666,p95_response_min,0.0,0.0,0.0,10
8,11.0,8.7,p95_response_min,0.0,0.0,0.0,10
8,12.0,8.05,p95_response_min,0.0,0.0,0.0,10
9,0.5,17.75,p95_response_min,0.0,0.0,0.0,9
9,1.0,17.5,p95_response_min,0.07842059140100055,-0.09897911114764416,0.2558202939496452,10
9,2.0,17.0,p95_response_min,-0.2067633510517286,-0.5663599130314404,0.1528332109279832,10
9,4.0,16.0,p95_response_min,-0.2555750429076049,-0.8337259568535019,0.3225758710382921,10
9,5.0,15.483333333333333,p95_response_min,-0.11438334196277022,-0.37313643828864734,0.1443697543631069,10
9,6.0,14.983333333333333,p95_response_min,-0.08326230823728249,-0.26772719995919125,0.10120258348462625,10
9,8.0,13.883333333333333,p95_response_min,-0.5124444891114667,-1.6716744606914378,0.6467854824685043,10
9,10.0,10.266666666666666,p95_response_min,0.1270505796951628,-0.23977003579655792,0.49387119518688355,10
9,11.0,8.7,p95_response_min,-0.5453451682329563,-1.6513548594322551,0.5606645229663424,10
9,12.0,8.05,p95_response_min,-0.16731681312804286,-0.5458137404022139,0.21118011414612808,10
10,0.5,17.75,p95_response_min,0.0,0.0,0.0,9
10,1.0,17.5,p95_response_min,0.0,0.0,0.0,10
10,2.0,17.0,p95_response_min,0.09938136242999854,-0.12543489843966704,0.3241976232996641,10
10,4.0,16.0,p95_response_min,0.0,0.0,0.0,10
10,5.0,15.483333333333333,p95_response_min,0.0,0.0,0.0,10
10,6.0,14.983333333333333,p95_response_min,0.07628964567833982,-0.09628952274025371,0.24886881409693334,10
10,8.0,13.883333333333333,p95_response_min,-0.5333113062990696,-1.6983335815558958,0.6317109689577564,10
10,10.0,10.266666666666666,p95_response_min,0.10623714848789367,-0.1170942377707288,0.32956853474651615,10
10,11.0,8.7,p95_response_min,0.011394314020660979,-0.16505355290421345,0.18784218094553543,10
10,12.0,8.05,p95_response_min,0.18074124892280788,-0.05043586704492964,0.4119183648905454,10
1,0.5,17.75,strict_4min_rate,0.0,0.0,0.0,10
1,1.0,17.5,strict_4min_rate,0.0,0.0,0.0,10
1,2.0,17.0,strict_4min_rate,-0.003846153846153849,-0.012546758318454643,0.004854450626146946,10
1,4.0,16.0,strict_4min_rate,0.0,0.0,0.0,10
1,5.0,15.483333333333333,strict_4min_rate,0.0018867924528301826,-0.00238142860905321,0.006155013514713575,10
1,6.0,14.983333333333333,strict_4min_rate,0.0030158730158729996,-0.0015402470744203594,0.007571993106166359,10
1,8.0,13.883333333333333,strict_4min_rate,0.004511332098906448,-0.0033173426212696087,0.012340006819082504,10
1,10.0,10.266666666666666,strict_4min_rate,-0.0018547008547008497,-0.004662492683333984,0.0009530909739322842,10
1,11.0,8.7,strict_4min_rate,0.0009526068990511422,-0.00469008512151874,0.006595298919621025,10
1,12.0,8.05,strict_4min_rate,0.0007301204605126177,-0.0066430314497621665,0.008103272370787402,10
2,0.5,17.75,strict_4min_rate,0.0,0.0,0.0,9
2,1.0,17.5,strict_4min_rate,0.009090909090909089,-0.011474156025438218,0.029655974207256394,10
2,2.0,17.0,strict_4min_rate,0.01816666666666667,-0.005721248032457878,0.042054581365791224,10
2,4.0,16.0,strict_4min_rate,0.004869594554949244,-0.00634132417733836,0.01608051328723685,10
2,5.0,15.483333333333333,strict_4min_rate,0.0,0.0,0.0,10
2,6.0,14.983333333333333,strict_4min_rate,0.0,0.0,0.0,10
2,8.0,13.883333333333333,strict_4min_rate,0.00517815517815517,-0.0037890312352331663,0.014145341591543506,10
2,10.0,10.266666666666666,strict_4min_rate,0.005593375640681719,-0.0018505837589021384,0.013037335040265576,10
2,11.0,8.7,strict_4min_rate,0.002913165266106449,-0.0017977322417047905,0.007624062773917689,10
2,12.0,8.05,strict_4min_rate,-0.0008409610983981741,-0.004336816673322088,0.0026548944765257395,10
3,0.5,17.75,strict_4min_rate,0.037037037037037035,-0.048370523526080206,0.12244459760015428,9
3,1.0,17.5,strict_4min_rate,0.0,0.0,0.0,10
3,2.0,17.0,strict_4min_rate,0.0,0.0,0.0,10
3,4.0,16.0,strict_4min_rate,0.0016949152542372892,-0.0021392494284715345,0.005529079936946113,10
3,5.0,15.483333333333333,strict_4min_rate,0.0017857142857142904,-0.002253852076425372,0.005825280647853953,10
3,6.0,14.983333333333333,strict_4min_rate,0.00161290322580645,-0.0020357373593519416,0.005261543810964842,10
3,8.0,13.883333333333333,strict_4min_rate,0.0026584507042253596,-0.0013596633026075528,0.0066765647110582724,10
3,10.0,10.266666666666666,strict_4min_rate,0.002144003668883282,-0.001094056121116238,0.005382063458882802,10
3,11.0,8.7,strict_4min_rate,0.004831214541226506,0.0011695526593471063,0.008492876423105904,10
3,12.0,8.05,strict_4min_rate,0.001834862385321101,-0.0023158847023820274,0.005985609473024229,10
4,0.5,17.75,strict_4min_rate,0.0,0.0,0.0,9
4,1.0,17.5,strict_4min_rate,0.0,0.0,0.0,10
4,2.0,17.0,strict_4min_rate,-0.010526315789473684,-0.03433849645050741,0.013285864871560046,10
4,4.0,16.0,strict_4min_rate,0.0017968391369925952,-0.00876747943805525,0.012361157712040442,10
4,5.0,15.483333333333333,strict_4min_rate,0.0,0.0,0.0,10
4,6.0,14.983333333333333,strict_4min_rate,-0.002511961722488032,-0.010017661586246776,0.0049937381412707114,10
4,8.0,13.883333333333333,strict_4min_rate,-0.0027580976420418955,-0.02305960644470547,0.017543411160621677,10
4,10.0,10.266666666666666,strict_4min_rate,0.0024540800963565148,-0.0012470168759368665,0.006155177068649896,10
4,11.0,8.7,strict_4min_rate,0.0010486365816623933,-0.008905651037465566,0.011002924200790354,10
4,12.0,8.05,strict_4min_rate,0.013264424675800102,-0.0002887440966087909,0.026817593448208995,10
5,0.5,17.75,strict_4min_rate,-0.013888888888888888,-0.04591672410005786,0.01813894632228008,9
5,1.0,17.5,strict_4min_rate,0.0,0.0,0.0,10
5,2.0,17.0,strict_4min_rate,0.0,0.0,0.0,10
5,4.0,16.0,strict_4min_rate,0.0,0.0,0.0,10
5,5.0,15.483333333333333,strict_4min_rate,0.012449299082046544,-0.0019184617668687887,0.026817059930961874,10
5,6.0,14.983333333333333,strict_4min_rate,0.011282911834251392,-0.002164728310558136,0.02473055197906092,10
5,8.0,13.883333333333333,strict_4min_rate,0.0014455442495706823,-0.006374144194470936,0.0092652326936123,10
5,10.0,10.266666666666666,strict_4min_rate,0.008746253819112227,0.001280102941043592,0.01621240469718086,10
5,11.0,8.7,strict_4min_rate,0.002645381574625183,-0.007546844460306325,0.01283760760955669,10
5,12.0,8.05,strict_4min_rate,0.0021505376344086004,-0.0027143164791359224,0.007015391747953123,10
6,0.5,17.75,strict_4min_rate,0.0,0.0,0.0,9
6,1.0,17.5,strict_4min_rate,0.0,0.0,0.0,10
6,2.0,17.0,strict_4min_rate,0.005555555555555558,-0.007011984237767806,0.018123095348878925,10
6,4.0,16.0,strict_4min_rate,0.008859531273324372,-0.0015050957655641777,0.01922415831221292,10
6,5.0,15.483333333333333,strict_4min_rate,0.006122448979591832,-0.007727492833458393,0.019972390792642056,10
6,6.0,14.983333333333333,strict_4min_rate,0.004629629629629628,-0.002524757121004957,0.011784016380264212,10
6,8.0,13.883333333333333,strict_4min_rate,-0.005717157719807397,-0.02320564421986152,0.011771328780246722,10
6,10.0,10.266666666666666,strict_4min_rate,0.008304267139316757,-0.0009065575279809564,0.01751509180661447,10
6,11.0,8.7,strict_4min_rate,0.0003927188300803408,-0.007861218984829721,0.008646656644990404,10
6,12.0,8.05,strict_4min_rate,0.0010698346968481432,-0.0032697071845706168,0.005409376578266903,10
7,0.5,17.75,strict_4min_rate,0.0,0.0,0.0,9
7,1.0,17.5,strict_4min_rate,-0.008333333333333331,-0.027184643023318363,0.0105179763566517,10
7,2.0,17.0,strict_4min_rate,-0.0005952380952381015,-0.013673381127339613,0.01248290493686341,10
7,4.0,16.0,strict_4min_rate,-0.004159284277832191,-0.014496265411612988,0.006177696855948604,10
7,5.0,15.483333333333333,strict_4min_rate,0.0,0.0,0.0,10
7,6.0,14.983333333333333,strict_4min_rate,-0.0036948872788330105,-0.018236426916433526,0.010846652358767507,10
7,8.0,13.883333333333333,strict_4min_rate,-0.002243456584960539,-0.010787534371081597,0.006300621201160519,10
7,10.0,10.266666666666666,strict_4min_rate,-0.0009519779182306689,-0.010685532691246011,0.008781576854784675,10
7,11.0,8.7,strict_4min_rate,0.0017081911954224607,-0.006031342062652725,0.009447724453497647,10
7,12.0,8.05,strict_4min_rate,-3.323876541561077e-06,-0.006067355755834596,0.006060708002751474,10
8,0.5,17.75,strict_4min_rate,0.0,0.0,0.0,10
8,1.0,17.5,strict_4min_rate,0.0,0.0,0.0,10
8,2.0,17.0,strict_4min_rate,0.0,0.0,0.0,10
8,4.0,16.0,strict_4min_rate,0.0,0.0,0.0,10
8,5.0,15.483333333333333,strict_4min_rate,0.0,0.0,0.0,10
8,6.0,14.983333333333333,strict_4min_rate,-0.0017543859649122805,-0.005723082741751236,0.0022143108119266753,10
8,8.0,13.883333333333333,strict_4min_rate,-0.0044444444444444505,-0.01449847627910315,0.005609587390214249,10
8,10.0,10.266666666666666,strict_4min_rate,0.0008116151866151916,-0.003133923443780734,0.004757153817011118,10
8,11.0,8.7,strict_4min_rate,-0.0059145165179647794,-0.01779218582977741,0.0059631527938478505,10
8,12.0,8.05,strict_4min_rate,0.0,0.0,0.0,10
9,0.5,17.75,strict_4min_rate,0.0,0.0,0.0,9
9,1.0,17.5,strict_4min_rate,-0.01428571428571429,-0.046602245182831514,0.018030816611402933,10
9,2.0,17.0,strict_4min_rate,0.00526315789473685,-0.006642932435780036,0.017169248225253737,10
9,4.0,16.0,strict_4min_rate,0.0,0.0,0.0,10
9,5.0,15.483333333333333,strict_4min_rate,0.0,0.0,0.0,10
9,6.0,14.983333333333333,strict_4min_rate,0.004136406442036047,-0.008265571268655441,0.016538384152727535,10
9,8.0,13.883333333333333,strict_4min_rate,0.0,0.0,0.0,10
9,10.0,10.266666666666666,strict_4min_rate,0.0,0.0,0.0,10
9,11.0,8.7,strict_4min_rate,0.0012107955310270645,-0.0032674048420191725,0.005688995904073301,10
9,12.0,8.05,strict_4min_rate,-0.0001378446115288201,-0.003925685275820494,0.003649996052762854,10
10,0.5,17.75,strict_4min_rate,0.0,0.0,0.0,9
10,1.0,17.5,strict_4min_rate,0.0,0.0,0.0,10
10,2.0,17.0,strict_4min_rate,0.0,0.0,0.0,10
10,4.0,16.0,strict_4min_rate,-0.002439024390243899,-0.00795648088487366,0.0030784321043858622,10
10,5.0,15.483333333333333,strict_4min_rate,0.0028723404255319106,-0.009902540266700463,0.015647221117764284,10
10,6.0,14.983333333333333,strict_4min_rate,-0.005660377358490565,-0.01846504054414078,0.00714428582715965,10
10,8.0,13.883333333333333,strict_4min_rate,0.0,0.0,0.0,10
10,10.0,10.266666666666666,strict_4min_rate,-0.002840451248992748,-0.007127514690205395,0.0014466121922198988,10
10,11.0,8.7,strict_4min_rate,0.001188951893177237,-0.0057993170335633925,0.008177220819917867,10
10,12.0,8.05,strict_4min_rate,0.004405421083161942,-0.001130994196034591,0.009941836362358476,10
1,0.5,17.75,mean_wait_min,0.0,0.0,0.0,10
1,1.0,17.5,mean_wait_min,0.0,0.0,0.0,10
1,2.0,17.0,mean_wait_min,0.0,0.0,0.0,10
1,4.0,16.0,mean_wait_min,0.009403666335258442,-0.04011429270890618,0.05892162537942307,10
1,5.0,15.483333333333333,mean_wait_min,0.0,0.0,0.0,10
1,6.0,14.983333333333333,mean_wait_min,-0.0382215617177323,-0.1210154105812408,0.04457228714577619,10
1,8.0,13.883333333333333,mean_wait_min,-0.18056442583001697,-0.5339392193641382,0.1728103677041043,10
1,10.0,10.266666666666666,mean_wait_min,-0.09304221979390662,-0.24161839503947577,0.05553395545166254,10
1,11.0,8.7,mean_wait_min,-0.18855076881491256,-0.428896123384788,0.0517945857549629,10
1,12.0,8.05,mean_wait_min,-0.03946446559945258,-0.14762984884501465,0.0687009176461095,10
2,0.5,17.75,mean_wait_min,0.0,0.0,0.0,9
2,1.0,17.5,mean_wait_min,0.0,0.0,0.0,10
2,2.0,17.0,mean_wait_min,0.0,0.0,0.0,10
2,4.0,16.0,mean_wait_min,0.08421791145952469,-0.10629624018454407,0.27473206310359344,10
2,5.0,15.483333333333333,mean_wait_min,0.0,0.0,0.0,10
2,6.0,14.983333333333333,mean_wait_min,0.007034281334741865,-0.008878368571782161,0.022946931241265893,10
2,8.0,13.883333333333333,mean_wait_min,0.04442532586651673,-0.21898052522394693,0.30783117695698037,10
2,10.0,10.266666666666666,mean_wait_min,-0.007443737443646731,-0.22234961807998763,0.20746214319269415,10
2,11.0,8.7,mean_wait_min,-0.015939381455683854,-0.07999604521944098,0.04811728230807327,10
2,12.0,8.05,mean_wait_min,0.09108512824191602,-0.231997521710524,0.414167778194356,10
3,0.5,17.75,mean_wait_min,0.0,0.0,0.0,9
3,1.0,17.5,mean_wait_min,0.0,0.0,0.0,10
3,2.0,17.0,mean_wait_min,0.0,0.0,0.0,10
3,4.0,16.0,mean_wait_min,0.092077933883645,-0.11621682378690205,0.30037269155419205,10
3,5.0,15.483333333333333,mean_wait_min,-0.012148959788906488,-0.03963181619592867,0.015333896618115692,10
3,6.0,14.983333333333333,mean_wait_min,-0.03644357375852718,-0.11888466517434414,0.04599751765728978,10
3,8.0,13.883333333333333,mean_wait_min,-0.039343964025090016,-0.13398497121587752,0.05529704316569748,10
3,10.0,10.266666666666666,mean_wait_min,0.004680656220016744,-0.005907723774690101,0.01526903621472359,10
3,11.0,8.7,mean_wait_min,-0.14885215777794217,-0.4091811706166447,0.11147685506076041,10
3,12.0,8.05,mean_wait_min,-0.055270186745626046,-0.25960230297400255,0.14906192948275043,10
4,0.5,17.75,mean_wait_min,0.0,0.0,0.0,9
4,1.0,17.5,mean_wait_min,0.0,0.0,0.0,10
4,2.0,17.0,mean_wait_min,0.0,0.0,0.0,10
4,4.0,16.0,mean_wait_min,0.0357911323551968,-0.04517403406677022,0.11675629877716381,10
4,5.0,15.483333333333333,mean_wait_min,0.0,0.0,0.0,10
4,6.0,14.983333333333333,mean_wait_min,0.0,0.0,0.0,10
4,8.0,13.883333333333333,mean_wait_min,-0.24152640867039726,-0.5263457976256057,0.04329298028481121,10
4,10.0,10.266666666666666,mean_wait_min,0.0,0.0,0.0,10
4,11.0,8.7,mean_wait_min,0.09503718047633053,-0.12857590862915166,0.31865026958181275,10
4,12.0,8.05,mean_wait_min,-0.02930436458558955,-0.07845466531266557,0.019845936141486477,10
5,0.5,17.75,mean_wait_min,0.0,0.0,0.0,9
5,1.0,17.5,mean_wait_min,0.0,0.0,0.0,10
5,2.0,17.0,mean_wait_min,0.0,0.0,0.0,10
5,4.0,16.0,mean_wait_min,0.08633327851749463,-0.1089661658687082,0.28163272290369745,10
5,5.0,15.483333333333333,mean_wait_min,-0.015198827858116817,-0.0442492036776584,0.01385154796142477,10
5,6.0,14.983333333333333,mean_wait_min,0.027210884662292555,-0.03434441298258836,0.08876618230717348,10
5,8.0,13.883333333333333,mean_wait_min,-0.00080846951166898,-0.13162717086950598,0.130010231846168,10
5,10.0,10.266666666666666,mean_wait_min,-0.005365936304884217,-0.017504527552096978,0.0067726549423285445,10
5,11.0,8.7,mean_wait_min,-0.02391807869929779,-0.07079839647742378,0.022962239078828203,10
5,12.0,8.05,mean_wait_min,0.0,0.0,0.0,10
6,0.5,17.75,mean_wait_min,0.0,0.0,0.0,9
6,1.0,17.5,mean_wait_min,0.0,0.0,0.0,10
6,2.0,17.0,mean_wait_min,0.0,0.0,0.0,10
6,4.0,16.0,mean_wait_min,0.0,0.0,0.0,10
6,5.0,15.483333333333333,mean_wait_min,0.0,0.0,0.0,10
6,6.0,14.983333333333333,mean_wait_min,0.0,0.0,0.0,10
6,8.0,13.883333333333333,mean_wait_min,-0.022639363937874087,-0.0799840145466742,0.03470528667092603,10
6,10.0,10.266666666666666,mean_wait_min,0.01970924937390863,-0.024876170270654807,0.06429466901847207,10
6,11.0,8.7,mean_wait_min,0.00077719889787182,-0.0009809471558677877,0.002535344951611428,10
6,12.0,8.05,mean_wait_min,0.005611273828839902,-0.007082309455492391,0.018304857113172195,10
7,0.5,17.75,mean_wait_min,0.0,0.0,0.0,9
7,1.0,17.5,mean_wait_min,0.0,0.0,0.0,10
7,2.0,17.0,mean_wait_min,0.01365785015997883,-0.009358395156511429,0.03667409547646909,10
7,4.0,16.0,mean_wait_min,0.10981849801771855,-0.12987761322420727,0.3495146092596444,10
7,5.0,15.483333333333333,mean_wait_min,-0.11964278348141826,-0.5769875656962649,0.3377019987334284,10
7,6.0,14.983333333333333,mean_wait_min,0.19978633948065422,-0.17535896239625082,0.5749316413575593,10
7,8.0,13.883333333333333,mean_wait_min,-0.16957538544148232,-0.34978594936769697,0.010635178484732333,10
7,10.0,10.266666666666666,mean_wait_min,-0.2591083437901133,-0.7215625597642813,0.20334587218405464,10
7,11.0,8.7,mean_wait_min,-0.4473705416403838,-1.0243920169351663,0.12965093365439884,10
7,12.0,8.05,mean_wait_min,-0.41211746758316037,-0.7921811317661229,-0.032053803400197756,10
8,0.5,17.75,mean_wait_min,0.0,0.0,0.0,10
8,1.0,17.5,mean_wait_min,0.0021535065649611164,-0.0027180637360986306,0.007025076866020863,10
8,2.0,17.0,mean_wait_min,0.0,0.0,0.0,10
8,4.0,16.0,mean_wait_min,-0.04848940608874273,-0.15818006339222299,0.061201251214737525,10
8,5.0,15.483333333333333,mean_wait_min,-0.08824639979471179,-0.287873625181473,0.11138082559204947,10
8,6.0,14.983333333333333,mean_wait_min,0.022709162385479188,-0.028662531965980127,0.07408085673693851,10
8,8.0,13.883333333333333,mean_wait_min,0.05901529389909328,-0.041831060244409204,0.15986164804259578,10
8,10.0,10.266666666666666,mean_wait_min,-0.08386092927314408,-0.46026912351434324,0.29254726496805505,10
8,11.0,8.7,mean_wait_min,-0.22747087048542128,-0.9943601400028803,0.5394183990320378,10
8,12.0,8.05,mean_wait_min,0.01971045077328739,-0.024877686625486096,0.06429858817206088,10
9,0.5,17.75,mean_wait_min,0.0,0.0,0.0,9
9,1.0,17.5,mean_wait_min,0.0,0.0,0.0,10
9,2.0,17.0,mean_wait_min,0.0,0.0,0.0,10
9,4.0,16.0,mean_wait_min,0.0,0.0,0.0,10
9,5.0,15.483333333333333,mean_wait_min,0.0,0.0,0.0,10
9,6.0,14.983333333333333,mean_wait_min,-0.013759293289953201,-0.044884977160862115,0.01736639058095571,10
9,8.0,13.883333333333333,mean_wait_min,-0.07998188080532893,-0.2825172824280431,0.12255352081738523,10
9,10.0,10.266666666666666,mean_wait_min,0.0,0.0,0.0,10
9,11.0,8.7,mean_wait_min,-0.04742057417040403,-0.23430593093768348,0.1394647825968754,10
9,12.0,8.05,mean_wait_min,0.0,0.0,0.0,10
10,0.5,17.75,mean_wait_min,0.0,0.0,0.0,9
10,1.0,17.5,mean_wait_min,0.0,0.0,0.0,10
10,2.0,17.0,mean_wait_min,0.0,0.0,0.0,10
10,4.0,16.0,mean_wait_min,0.0,0.0,0.0,10
10,5.0,15.483333333333333,mean_wait_min,0.0,0.0,0.0,10
10,6.0,14.983333333333333,mean_wait_min,0.0088101431994286,-0.011119785344436696,0.028740071743293898,10
10,8.0,13.883333333333333,mean_wait_min,-0.016940392044626384,-0.055262221248987685,0.021381437159734916,10
10,10.0,10.266666666666666,mean_wait_min,0.0,0.0,0.0,10
10,11.0,8.7,mean_wait_min,0.0,0.0,0.0,10
10,12.0,8.05,mean_wait_min,0.0,0.0,0.0,10
1,0.5,17.75,mean_delay_penalty_yuan_per_call,-3.9596071716014194,-12.91686089670671,4.997646553503872,10
1,1.0,17.5,mean_delay_penalty_yuan_per_call,2.779508039301311,-1.4355376013153625,6.994553679917985,10
1,2.0,17.0,mean_delay_penalty_yuan_per_call,2.280373106958996,-2.8781892508006925,7.438935464718684,10
1,4.0,16.0,mean_delay_penalty_yuan_per_call,2.831886855805533,-14.771459345690882,20.435233057301947,10
1,5.0,15.483333333333333,mean_delay_penalty_yuan_per_call,-1.2311426128045924,-4.016180692786597,1.5538954671774128,10
1,6.0,14.983333333333333,mean_delay_penalty_yuan_per_call,-6.182268643349562,-23.73198517091176,11.367447884212634,10
1,8.0,13.883333333333333,mean_delay_penalty_yuan_per_call,-37.4548764461897,-119.90585478785125,44.99610189547185,10
1,10.0,10.266666666666666,mean_delay_penalty_yuan_per_call,-20.508877334908902,-53.97881792492041,12.961063255102609,10
1,11.0,8.7,mean_delay_penalty_yuan_per_call,-32.75334951186505,-81.67313781343356,16.16643878970344,10
1,12.0,8.05,mean_delay_penalty_yuan_per_call,-10.071839762065064,-27.062659482393503,6.918979958263375,10
2,0.5,17.75,mean_delay_penalty_yuan_per_call,0.0,0.0,0.0,9
2,1.0,17.5,mean_delay_penalty_yuan_per_call,-4.556696696942703,-14.864660768630559,5.751267374745153,10
2,2.0,17.0,mean_delay_penalty_yuan_per_call,-20.80816225672867,-45.217470680769125,3.601146167311782,10
2,4.0,16.0,mean_delay_penalty_yuan_per_call,11.592617903062564,-21.23124970044199,44.41648550656711,10
2,5.0,15.483333333333333,mean_delay_penalty_yuan_per_call,-0.7123032449012043,-2.20263412949262,0.778027639690211,10
2,6.0,14.983333333333333,mean_delay_penalty_yuan_per_call,-0.25875495598845644,-1.354559117765409,0.8370492057884961,10
2,8.0,13.883333333333333,mean_delay_penalty_yuan_per_call,4.0514385201786585,-42.06316774333204,50.16604478368935,10
2,10.0,10.266666666666666,mean_delay_penalty_yuan_per_call,-5.606584335475992,-36.18201070191794,24.968842030965952,10
2,11.0,8.7,mean_delay_penalty_yuan_per_call,-5.600880509708486,-16.797658763974685,5.595897744557713,10
2,12.0,8.05,mean_delay_penalty_yuan_per_call,26.6433638186561,-37.40989227668665,90.69661991399884,10
3,0.5,17.75,mean_delay_penalty_yuan_per_call,-22.01153300613119,-72.7702191404527,28.747153128190316,9
3,1.0,17.5,mean_delay_penalty_yuan_per_call,1.546221768332515,-1.2953983768380297,4.38784191350306,10
3,2.0,17.0,mean_delay_penalty_yuan_per_call,0.11661782233549048,-0.14719001977066773,0.3804256644416487,10
3,4.0,16.0,mean_delay_penalty_yuan_per_call,15.965087425164484,-15.60809290353438,47.53826775386335,10
3,5.0,15.483333333333333,mean_delay_penalty_yuan_per_call,0.18615044884629697,-0.2349511223694545,0.6072520200620485,10
3,6.0,14.983333333333333,mean_delay_penalty_yuan_per_call,-9.367746931596162,-31.567536933011603,12.832043069819278,10
3,8.0,13.883333333333333,mean_delay_penalty_yuan_per_call,-18.482244525843907,-53.554817240556105,16.590328188868295,10
3,10.0,10.266666666666666,mean_delay_penalty_yuan_per_call,-0.4057364597734022,-1.963186806776946,1.1517138872301413,10
3,11.0,8.7,mean_delay_penalty_yuan_per_call,-32.966259013869795,-91.01277356874786,25.080255541008263,10
3,12.0,8.05,mean_delay_penalty_yuan_per_call,-12.869283945791357,-66.2068306462453,40.46826275466258,10
4,0.5,17.75,mean_delay_penalty_yuan_per_call,0.0,0.0,0.0,9
4,1.0,17.5,mean_delay_penalty_yuan_per_call,0.0,0.0,0.0,10
4,2.0,17.0,mean_delay_penalty_yuan_per_call,8.015582527618212,-10.116924901233466,26.14808995646989,10
4,4.0,16.0,mean_delay_penalty_yuan_per_call,13.02421688839907,-17.626908511499234,43.67534228829737,10
4,5.0,15.483333333333333,mean_delay_penalty_yuan_per_call,-0.07716336220586299,-3.400581167935538,3.246254443523812,10
4,6.0,14.983333333333333,mean_delay_penalty_yuan_per_call,-3.096084791547645,-11.789695021676986,5.597525438581696,10
4,8.0,13.883333333333333,mean_delay_penalty_yuan_per_call,-34.81400775087859,-96.51036466587951,26.88234916412233,10
4,10.0,10.266666666666666,mean_delay_penalty_yuan_per_call,-5.984364114188094,-10.854041449682576,-1.1146867786936125,10
4,11.0,8.7,mean_delay_penalty_yuan_per_call,26.57482532726629,-28.19759171411345,81.34724236864602,10
4,12.0,8.05,mean_delay_penalty_yuan_per_call,-12.75365698684991,-31.75088055541884,6.243566581719017,10
5,0.5,17.75,mean_delay_penalty_yuan_per_call,16.107479679973267,-21.036435069762156,53.25139442970869,9
5,1.0,17.5,mean_delay_penalty_yuan_per_call,6.699520613896118,-3.938839939581264,17.3378811673735,10
5,2.0,17.0,mean_delay_penalty_yuan_per_call,-3.8934973057439377,-14.870024210215988,7.083029598728113,10
5,4.0,16.0,mean_delay_penalty_yuan_per_call,3.5297220786914125,-38.46412495393539,45.52356911131822,10
5,5.0,15.483333333333333,mean_delay_penalty_yuan_per_call,-9.119153975951496,-23.10889591511981,4.870587963216817,10
5,6.0,14.983333333333333,mean_delay_penalty_yuan_per_call,3.0237529928554236,-12.201522135485622,18.249028121196467,10
5,8.0,13.883333333333333,mean_delay_penalty_yuan_per_call,1.0787359309264388,-27.562184252934152,29.71965611478703,10
5,10.0,10.266666666666666,mean_delay_penalty_yuan_per_call,0.1770922542940241,-16.02219991048006,16.37638441906811,10
5,11.0,8.7,mean_delay_penalty_yuan_per_call,-9.354005267292916,-18.018956852802276,-0.6890536817835571,10
5,12.0,8.05,mean_delay_penalty_yuan_per_call,-2.241541456614681,-11.259567330915825,6.776484417686462,10
6,0.5,17.75,mean_delay_penalty_yuan_per_call,0.0,0.0,0.0,9
6,1.0,17.5,mean_delay_penalty_yuan_per_call,-12.078187687887771,-39.40094647966418,15.244571103888637,10
6,2.0,17.0,mean_delay_penalty_yuan_per_call,-3.079151295920286,-10.044675455325734,3.886372863485163,10
6,4.0,16.0,mean_delay_penalty_yuan_per_call,-6.4351635625428685,-17.091386347175078,4.221059222089341,10
6,5.0,15.483333333333333,mean_delay_penalty_yuan_per_call,-9.09950614904676,-25.068569022904367,6.869556724810845,10
6,6.0,14.983333333333333,mean_delay_penalty_yuan_per_call,-5.727646107341729,-13.66913386906058,2.2138416543771227,10
6,8.0,13.883333333333333,mean_delay_penalty_yuan_per_call,3.078676626608319,-18.511058234728313,24.668411487944955,10
6,10.0,10.266666666666666,mean_delay_penalty_yuan_per_call,-9.810673178405892,-18.35180134056491,-1.2695450162468749,10
6,11.0,8.7,mean_delay_penalty_yuan_per_call,0.0423248698516403,-7.283534424304214,7.368184164007495,10
6,12.0,8.05,mean_delay_penalty_yuan_per_call,3.838144118028225,-2.9074730880973236,10.583761324153773,10
7,0.5,17.75,mean_delay_penalty_yuan_per_call,-8.772321121858036,-24.715725162575133,7.171082918859062,9
7,1.0,17.5,mean_delay_penalty_yuan_per_call,20.36190491258978,-5.699813200416813,46.42362302559637,10
7,2.0,17.0,mean_delay_penalty_yuan_per_call,-16.91987874659653,-36.95460890545839,3.114851412265331,10
7,4.0,16.0,mean_delay_penalty_yuan_per_call,28.691007840050485,-19.668546381004038,77.05056206110501,10
7,5.0,15.483333333333333,mean_delay_penalty_yuan_per_call,-30.014063529961458,-118.178407996433,58.15028093651007,10
7,6.0,14.983333333333333,mean_delay_penalty_yuan_per_call,55.4866519843496,-27.800531990979984,138.7738359596792,10
7,8.0,13.883333333333333,mean_delay_penalty_yuan_per_call,-28.12617735970075,-64.33870508854953,8.086350369148033,10
7,10.0,10.266666666666666,mean_delay_penalty_yuan_per_call,-47.65226865404984,-121.84088559843354,26.536348290333855,10
7,11.0,8.7,mean_delay_penalty_yuan_per_call,-84.28889141539085,-196.11167031903463,27.53388748825293,10
7,12.0,8.05,mean_delay_penalty_yuan_per_call,-79.31305586568661,-160.2514166013628,1.6253048699895771,10
8,0.5,17.75,mean_delay_penalty_yuan_per_call,0.0,0.0,0.0,10
8,1.0,17.5,mean_delay_penalty_yuan_per_call,-4.935107450532951,-16.099096118934852,6.22888121786895,10
8,2.0,17.0,mean_delay_penalty_yuan_per_call,0.0,0.0,0.0,10
8,4.0,16.0,mean_delay_penalty_yuan_per_call,-13.775941192956179,-44.93928523688885,17.387402850976493,10
8,5.0,15.483333333333333,mean_delay_penalty_yuan_per_call,-18.06153706800876,-58.919572517550066,22.796498381532544,10
8,6.0,14.983333333333333,mean_delay_penalty_yuan_per_call,11.20367721630306,-13.529128725507267,35.93648315811339,10
8,8.0,13.883333333333333,mean_delay_penalty_yuan_per_call,6.995571760687926,-13.912805649907973,27.903949171283827,10
8,10.0,10.266666666666666,mean_delay_penalty_yuan_per_call,-21.25523841811664,-92.34090541141182,49.83042857517854,10
8,11.0,8.7,mean_delay_penalty_yuan_per_call,-38.817025310032115,-194.5340211171121,116.89997049704789,10
8,12.0,8.05,mean_delay_penalty_yuan_per_call,1.5317216013439974,-11.97060176160001,15.034044964288006,10
9,0.5,17.75,mean_delay_penalty_yuan_per_call,0.0,0.0,0.0,9
9,1.0,17.5,mean_delay_penalty_yuan_per_call,14.406708411933636,-18.183530214467197,46.99694703833447,10
9,2.0,17.0,mean_delay_penalty_yuan_per_call,-10.105841200243026,-26.472924759598015,6.261242359111966,10
9,4.0,16.0,mean_delay_penalty_yuan_per_call,-2.1293389069647675,-6.946238167380015,2.6875603534504804,10
9,5.0,15.483333333333333,mean_delay_penalty_yuan_per_call,0.033474331308786985,-3.291514864363641,3.358463526981215,10
9,6.0,14.983333333333333,mean_delay_penalty_yuan_per_call,-8.213115562978516,-16.96546255494735,0.5392314289903197,10
9,8.0,13.883333333333333,mean_delay_penalty_yuan_per_call,-20.157380475104162,-64.257463954131,23.94270300392268,10
9,10.0,10.266666666666666,mean_delay_penalty_yuan_per_call,-1.2680855016406383,-4.287749840597272,1.7515788373159953,10
9,11.0,8.7,mean_delay_penalty_yuan_per_call,-14.360890261068056,-48.61901692208312,19.897236399947005,10
9,12.0,8.05,mean_delay_penalty_yuan_per_call,-1.1997127394503537,-3.329286771627627,0.9298612927269194,10
10,0.5,17.75,mean_delay_penalty_yuan_per_call,0.0,0.0,0.0,9
10,1.0,17.5,mean_delay_penalty_yuan_per_call,0.0,0.0,0.0,10
10,2.0,17.0,mean_delay_penalty_yuan_per_call,2.06584996227557,-2.607427327152512,6.739127251703652,10
10,4.0,16.0,mean_delay_penalty_yuan_per_call,1.6302575259070409,-2.057641213529252,5.318156265343333,10
10,5.0,15.483333333333333,mean_delay_penalty_yuan_per_call,-2.9632720702998823,-13.727014732605607,7.800470592005843,10
10,6.0,14.983333333333333,mean_delay_penalty_yuan_per_call,4.970567227559053,-6.273637029433674,16.214771484551783,10
10,8.0,13.883333333333333,mean_delay_penalty_yuan_per_call,-6.253512908809421,-19.646830630723635,7.13980481310479,10
10,10.0,10.266666666666666,mean_delay_penalty_yuan_per_call,2.325060790844458,-3.4346638646921708,8.084785446381087,10
10,11.0,8.7,mean_delay_penalty_yuan_per_call,-2.488584504695632,-12.438258739850784,7.46108973045952,10
10,12.0,8.05,mean_delay_penalty_yuan_per_call,-2.0316410890311998,-5.944117862093376,1.8808356840309761,10
1,0.5,17.75,incident_zone_calls,0.0,0.0,0.0,10
1,1.0,17.5,incident_zone_calls,0.0,0.0,0.0,10
1,2.0,17.0,incident_zone_calls,0.0,0.0,0.0,10
1,4.0,16.0,incident_zone_calls,0.0,0.0,0.0,10
1,5.0,15.483333333333333,incident_zone_calls,0.0,0.0,0.0,10
1,6.0,14.983333333333333,incident_zone_calls,0.0,0.0,0.0,10
1,8.0,13.883333333333333,incident_zone_calls,0.0,0.0,0.0,10
1,10.0,10.266666666666666,incident_zone_calls,0.0,0.0,0.0,10
1,11.0,8.7,incident_zone_calls,0.0,0.0,0.0,10
1,12.0,8.05,incident_zone_calls,0.0,0.0,0.0,10
2,0.5,17.75,incident_zone_calls,0.0,0.0,0.0,10
2,1.0,17.5,incident_zone_calls,0.0,0.0,0.0,10
2,2.0,17.0,incident_zone_calls,0.0,0.0,0.0,10
2,4.0,16.0,incident_zone_calls,0.0,0.0,0.0,10
2,5.0,15.483333333333333,incident_zone_calls,0.0,0.0,0.0,10
2,6.0,14.983333333333333,incident_zone_calls,0.0,0.0,0.0,10
2,8.0,13.883333333333333,incident_zone_calls,0.0,0.0,0.0,10
2,10.0,10.266666666666666,incident_zone_calls,0.0,0.0,0.0,10
2,11.0,8.7,incident_zone_calls,0.0,0.0,0.0,10
2,12.0,8.05,incident_zone_calls,0.0,0.0,0.0,10
3,0.5,17.75,incident_zone_calls,0.0,0.0,0.0,10
3,1.0,17.5,incident_zone_calls,0.0,0.0,0.0,10
3,2.0,17.0,incident_zone_calls,0.0,0.0,0.0,10
3,4.0,16.0,incident_zone_calls,0.0,0.0,0.0,10
3,5.0,15.483333333333333,incident_zone_calls,0.0,0.0,0.0,10
3,6.0,14.983333333333333,incident_zone_calls,0.0,0.0,0.0,10
3,8.0,13.883333333333333,incident_zone_calls,0.0,0.0,0.0,10
3,10.0,10.266666666666666,incident_zone_calls,0.0,0.0,0.0,10
3,11.0,8.7,incident_zone_calls,0.0,0.0,0.0,10
3,12.0,8.05,incident_zone_calls,0.0,0.0,0.0,10
4,0.5,17.75,incident_zone_calls,0.0,0.0,0.0,10
4,1.0,17.5,incident_zone_calls,0.0,0.0,0.0,10
4,2.0,17.0,incident_zone_calls,0.0,0.0,0.0,10
4,4.0,16.0,incident_zone_calls,0.0,0.0,0.0,10
4,5.0,15.483333333333333,incident_zone_calls,0.0,0.0,0.0,10
4,6.0,14.983333333333333,incident_zone_calls,0.0,0.0,0.0,10
4,8.0,13.883333333333333,incident_zone_calls,0.0,0.0,0.0,10
4,10.0,10.266666666666666,incident_zone_calls,0.0,0.0,0.0,10
4,11.0,8.7,incident_zone_calls,0.0,0.0,0.0,10
4,12.0,8.05,incident_zone_calls,0.0,0.0,0.0,10
5,0.5,17.75,incident_zone_calls,0.0,0.0,0.0,10
5,1.0,17.5,incident_zone_calls,0.0,0.0,0.0,10
5,2.0,17.0,incident_zone_calls,0.0,0.0,0.0,10
5,4.0,16.0,incident_zone_calls,0.0,0.0,0.0,10
5,5.0,15.483333333333333,incident_zone_calls,0.0,0.0,0.0,10
5,6.0,14.983333333333333,incident_zone_calls,0.0,0.0,0.0,10
5,8.0,13.883333333333333,incident_zone_calls,0.0,0.0,0.0,10
5,10.0,10.266666666666666,incident_zone_calls,0.0,0.0,0.0,10
5,11.0,8.7,incident_zone_calls,0.0,0.0,0.0,10
5,12.0,8.05,incident_zone_calls,0.0,0.0,0.0,10
6,0.5,17.75,incident_zone_calls,0.0,0.0,0.0,10
6,1.0,17.5,incident_zone_calls,0.0,0.0,0.0,10
6,2.0,17.0,incident_zone_calls,0.0,0.0,0.0,10
6,4.0,16.0,incident_zone_calls,0.0,0.0,0.0,10
6,5.0,15.483333333333333,incident_zone_calls,0.0,0.0,0.0,10
6,6.0,14.983333333333333,incident_zone_calls,0.0,0.0,0.0,10
6,8.0,13.883333333333333,incident_zone_calls,0.0,0.0,0.0,10
6,10.0,10.266666666666666,incident_zone_calls,0.0,0.0,0.0,10
6,11.0,8.7,incident_zone_calls,0.0,0.0,0.0,10
6,12.0,8.05,incident_zone_calls,0.0,0.0,0.0,10
7,0.5,17.75,incident_zone_calls,0.0,0.0,0.0,10
7,1.0,17.5,incident_zone_calls,0.0,0.0,0.0,10
7,2.0,17.0,incident_zone_calls,0.0,0.0,0.0,10
7,4.0,16.0,incident_zone_calls,0.0,0.0,0.0,10
7,5.0,15.483333333333333,incident_zone_calls,0.0,0.0,0.0,10
7,6.0,14.983333333333333,incident_zone_calls,0.0,0.0,0.0,10
7,8.0,13.883333333333333,incident_zone_calls,0.0,0.0,0.0,10
7,10.0,10.266666666666666,incident_zone_calls,0.0,0.0,0.0,10
7,11.0,8.7,incident_zone_calls,0.0,0.0,0.0,10
7,12.0,8.05,incident_zone_calls,0.0,0.0,0.0,10
8,0.5,17.75,incident_zone_calls,0.0,0.0,0.0,10
8,1.0,17.5,incident_zone_calls,0.0,0.0,0.0,10
8,2.0,17.0,incident_zone_calls,0.0,0.0,0.0,10
8,4.0,16.0,incident_zone_calls,0.0,0.0,0.0,10
8,5.0,15.483333333333333,incident_zone_calls,0.0,0.0,0.0,10
8,6.0,14.983333333333333,incident_zone_calls,0.0,0.0,0.0,10
8,8.0,13.883333333333333,incident_zone_calls,0.0,0.0,0.0,10
8,10.0,10.266666666666666,incident_zone_calls,0.0,0.0,0.0,10
8,11.0,8.7,incident_zone_calls,0.0,0.0,0.0,10
8,12.0,8.05,incident_zone_calls,0.0,0.0,0.0,10
9,0.5,17.75,incident_zone_calls,0.0,0.0,0.0,10
9,1.0,17.5,incident_zone_calls,0.0,0.0,0.0,10
9,2.0,17.0,incident_zone_calls,0.0,0.0,0.0,10
9,4.0,16.0,incident_zone_calls,0.0,0.0,0.0,10
9,5.0,15.483333333333333,incident_zone_calls,0.0,0.0,0.0,10
9,6.0,14.983333333333333,incident_zone_calls,0.0,0.0,0.0,10
9,8.0,13.883333333333333,incident_zone_calls,0.0,0.0,0.0,10
9,10.0,10.266666666666666,incident_zone_calls,0.0,0.0,0.0,10
9,11.0,8.7,incident_zone_calls,0.0,0.0,0.0,10
9,12.0,8.05,incident_zone_calls,0.0,0.0,0.0,10
10,0.5,17.75,incident_zone_calls,0.0,0.0,0.0,10
10,1.0,17.5,incident_zone_calls,0.0,0.0,0.0,10
10,2.0,17.0,incident_zone_calls,0.0,0.0,0.0,10
10,4.0,16.0,incident_zone_calls,0.0,0.0,0.0,10
10,5.0,15.483333333333333,incident_zone_calls,0.0,0.0,0.0,10
10,6.0,14.983333333333333,incident_zone_calls,0.0,0.0,0.0,10
10,8.0,13.883333333333333,incident_zone_calls,0.0,0.0,0.0,10
10,10.0,10.266666666666666,incident_zone_calls,0.0,0.0,0.0,10
10,11.0,8.7,incident_zone_calls,0.0,0.0,0.0,10
10,12.0,8.05,incident_zone_calls,0.0,0.0,0.0,10
1,0.5,17.75,incident_zone_mean_response_min,0.09784220865418192,-0.12349224447687221,0.31917666178523607,10
1,1.0,17.5,incident_zone_mean_response_min,0.0371942418711944,-0.02030055402592055,0.09468903776830934,10
1,2.0,17.0,incident_zone_mean_response_min,-0.023343539176075723,-0.07615029352829591,0.02946321517614447,10
1,4.0,16.0,incident_zone_mean_response_min,0.013355167690022363,-0.057887340614231994,0.08459767599427671,10
1,5.0,15.483333333333333,incident_zone_mean_response_min,-0.018956807474104487,-0.06184008528543648,0.02392647033722751,10
1,6.0,14.983333333333333,incident_zone_mean_response_min,-0.06932798897942405,-0.18956335733752747,0.05090737937867937,10
1,8.0,13.883333333333333,incident_zone_mean_response_min,-0.324430323768059,-0.9309997797598331,0.282139132223715,10
1,10.0,10.266666666666666,incident_zone_mean_response_min,-0.117791587739503,-0.29252678804585586,0.056943612566849836,10
1,11.0,8.7,incident_zone_mean_response_min,-0.25858889733889967,-0.5355315376757719,0.018353742997972544,10
1,12.0,8.05,incident_zone_mean_response_min,-0.018977407555391325,-0.19363187731949907,0.15567706220871644,10
2,0.5,17.75,incident_zone_mean_response_min,0.0,0.0,0.0,8
2,1.0,17.5,incident_zone_mean_response_min,-0.08012336167697756,-0.2613749982020235,0.10112827484806838,10
2,2.0,17.0,incident_zone_mean_response_min,-0.2526515877909997,-0.5506257642615879,0.04532258867958844,10
2,4.0,16.0,incident_zone_mean_response_min,0.0337560981915801,-0.23983060182070154,0.30734279820386173,10
2,5.0,15.483333333333333,incident_zone_mean_response_min,-0.02713767455068412,-0.0885273594172001,0.034252010315831846,10
2,6.0,14.983333333333333,incident_zone_mean_response_min,0.016857065326005304,-0.021276265744974848,0.054990396396985455,10
2,8.0,13.883333333333333,incident_zone_mean_response_min,-0.08327098384888654,-0.273426930879051,0.10688496318127791,10
2,10.0,10.266666666666666,incident_zone_mean_response_min,0.020658313183413844,-0.19573822966999607,0.23705485603682377,10
2,11.0,8.7,incident_zone_mean_response_min,-0.06791490717797162,-0.18014705612722454,0.04431724177128131,10
2,12.0,8.05,incident_zone_mean_response_min,0.18123496753737883,-0.34633419114644987,0.7088041262212075,10
3,0.5,17.75,incident_zone_mean_response_min,-0.6625386599999378,-2.190355549692421,0.8652782296925455,9
3,1.0,17.5,incident_zone_mean_response_min,-0.02310892478761568,-0.07538494452048548,0.02916709494525412,10
3,2.0,17.0,incident_zone_mean_response_min,-0.011554462393807797,-0.0376924722602426,0.01458354747262701,10
3,4.0,16.0,incident_zone_mean_response_min,0.046904373681029024,-0.14611035851959475,0.23991910588165283,10
3,5.0,15.483333333333333,incident_zone_mean_response_min,0.0052520283608217255,-0.0066288852148304565,0.017132941936473908,10
3,6.0,14.983333333333333,incident_zone_mean_response_min,-0.1078772237821429,-0.3519124582637023,0.13615801069941652,10
3,8.0,13.883333333333333,incident_zone_mean_response_min,-0.027243077663311153,-0.07276674218208609,0.018280586855463778,10
3,10.0,10.266666666666666,incident_zone_mean_response_min,-0.03695463140985211,-0.08014893314987614,0.006239670330171927,10
3,11.0,8.7,incident_zone_mean_response_min,-0.24717064904221503,-0.5962333616509652,0.10189206356653518,10
3,12.0,8.05,incident_zone_mean_response_min,-0.0641312514821987,-0.28976933848378367,0.16150683551938627,10
4,0.5,17.75,incident_zone_mean_response_min,0.0,0.0,0.0,6
4,1.0,17.5,incident_zone_mean_response_min,0.0,0.0,0.0,9
4,2.0,17.0,incident_zone_mean_response_min,0.08012336167697746,-0.10112827484806831,0.26137499820202326,10
4,4.0,16.0,incident_zone_mean_response_min,-0.08709201817995682,-0.2463855538460999,0.07220151748618625,10
4,5.0,15.483333333333333,incident_zone_mean_response_min,0.0,0.0,0.0,10
4,6.0,14.983333333333333,incident_zone_mean_response_min,-0.11141694779836868,-0.22783662941105337,0.005002733814315999,10
4,8.0,13.883333333333333,incident_zone_mean_response_min,-0.32088519053102776,-0.7930674124857238,0.15129703142366824,10
4,10.0,10.266666666666666,incident_zone_mean_response_min,-0.034663546780147755,-0.12107683394510126,0.051749740384805745,10
4,11.0,8.7,incident_zone_mean_response_min,0.020450585810579635,-0.2533829756045196,0.29428414722567886,10
4,12.0,8.05,incident_zone_mean_response_min,-0.051484908880460624,-0.314070789613721,0.21110097185279972,10
5,0.5,17.75,incident_zone_mean_response_min,0.0,0.0,0.0,5
5,1.0,17.5,incident_zone_mean_response_min,-0.8498365855987975,-2.85938078579652,1.1597076145989254,8
5,2.0,17.0,incident_zone_mean_response_min,-0.339934634239519,-1.108920201967635,0.4290509334885969,10
5,4.0,16.0,incident_zone_mean_response_min,-0.12347530365112078,-0.47461927916620716,0.22766867186396558,10
5,5.0,15.483333333333333,incident_zone_mean_response_min,-0.30295690426618177,-0.7175605228602868,0.11164671432792328,10
5,6.0,14.983333333333333,incident_zone_mean_response_min,-0.15381063877702328,-0.4540289818300579,0.14640770427601135,10
5,8.0,13.883333333333333,incident_zone_mean_response_min,-0.19958928109153434,-0.6084700943835265,0.20929153220045782,10
5,10.0,10.266666666666666,incident_zone_mean_response_min,-0.12651349118692376,-0.38629770328686797,0.13327072091302047,10
5,11.0,8.7,incident_zone_mean_response_min,-0.21757625330842192,-0.4733981090633953,0.03824560244655148,10
5,12.0,8.05,incident_zone_mean_response_min,-0.12942979713906144,-0.32396640345287675,0.06510680917475384,10
6,0.5,17.75,incident_zone_mean_response_min,0.0,0.0,0.0,4
6,1.0,17.5,incident_zone_mean_response_min,-0.4289845892077917,-1.4433719524081041,0.5854027739925207,8
6,2.0,17.0,incident_zone_mean_response_min,-0.12570787221094193,-0.4100788357530456,0.15866309133116174,10
6,4.0,16.0,incident_zone_mean_response_min,-0.38560811369861514,-0.9759610021294509,0.20474477473222064,10
6,5.0,15.483333333333333,incident_zone_mean_response_min,-0.20232376665914636,-0.6600119246114469,0.2553643912931542,10
6,6.0,14.983333333333333,incident_zone_mean_response_min,-0.07858783142037037,-0.2986569155112003,0.1414812526704596,10
6,8.0,13.883333333333333,incident_zone_mean_response_min,-0.18781326614106178,-0.46455615978394726,0.08892962750182368,10
6,10.0,10.266666666666666,incident_zone_mean_response_min,-0.27273274268726333,-0.48265520341503376,-0.06281028195949287,10
6,11.0,8.7,incident_zone_mean_response_min,-0.06647537335870482,-0.39020923971073596,0.25725849299332626,10
6,12.0,8.05,incident_zone_mean_response_min,0.07431220747154037,-0.14262613553612985,0.2912505504792106,10
7,0.5,17.75,incident_zone_mean_response_min,-0.10338807036475532,-1.060598069981435,0.8538219292519243,9
7,1.0,17.5,incident_zone_mean_response_min,0.16609997159445475,-0.06721961375042595,0.39941955693933545,10
7,2.0,17.0,incident_zone_mean_response_min,-0.0011447562521022191,-0.17731912655899995,0.1750296140547955,10
7,4.0,16.0,incident_zone_mean_response_min,0.08315325939790483,-0.14378652755838522,0.3100930463541949,10
7,5.0,15.483333333333333,incident_zone_mean_response_min,-0.1857333950133498,-0.9333207313138774,0.5618539412871779,10
7,6.0,14.983333333333333,incident_zone_mean_response_min,0.18244771314260114,-0.12018003411883374,0.48507546040403604,10
7,8.0,13.883333333333333,incident_zone_mean_response_min,-0.1540738512073098,-0.4089015773914837,0.10075387497686408,10
7,10.0,10.266666666666666,incident_zone_mean_response_min,-0.2135223753018977,-0.6111507699205551,0.1841060193167597,10
7,11.0,8.7,incident_zone_mean_response_min,-0.3095619234629584,-0.8762786439339654,0.25715479700804855,10
7,12.0,8.05,incident_zone_mean_response_min,-0.37419116017621656,-0.7393059973513585,-0.009076323001074693,10
8,0.5,17.75,incident_zone_mean_response_min,0.0,0.0,0.0,10
8,1.0,17.5,incident_zone_mean_response_min,-0.04906970477988892,-0.16007308892410793,0.0619336793643301,10
8,2.0,17.0,incident_zone_mean_response_min,0.0,0.0,0.0,10
8,4.0,16.0,incident_zone_mean_response_min,-0.12437053359112156,-0.4057162269953119,0.1569751598130688,10
8,5.0,15.483333333333333,incident_zone_mean_response_min,-0.1865679155116803,-0.6086138619347581,0.2354780309113975,10
8,6.0,14.983333333333333,incident_zone_mean_response_min,0.006391141702629888,-0.0362782544620182,0.04906053786727797,10
8,8.0,13.883333333333333,incident_zone_mean_response_min,-0.04457952497676203,-0.16120973696333413,0.07205068700981006,10
8,10.0,10.266666666666666,incident_zone_mean_response_min,-0.08216236712435539,-0.36852176190589336,0.20419702765718262,10
8,11.0,8.7,incident_zone_mean_response_min,-0.25420378996362736,-1.2265636087439513,0.7181560288166965,10
8,12.0,8.05,incident_zone_mean_response_min,-0.024354271258471272,-0.07910503285672954,0.030396490339787,10
9,0.5,17.75,incident_zone_mean_response_min,0.0,0.0,0.0,6
9,1.0,17.5,incident_zone_mean_response_min,0.0686081246421178,-0.08960249449120866,0.22681874377544425,9
9,2.0,17.0,incident_zone_mean_response_min,-0.06173041099551364,-0.2013743023914919,0.0779134804004646,10
9,4.0,16.0,incident_zone_mean_response_min,0.0,0.0,0.0,10
9,5.0,15.483333333333333,incident_zone_mean_response_min,0.006878318838020902,-0.008681519389417908,0.022438157065459714,10
9,6.0,14.983333333333333,incident_zone_mean_response_min,-0.08627432116095593,-0.19694464942047818,0.024396007098566333,10
9,8.0,13.883333333333333,incident_zone_mean_response_min,-0.05495841654390663,-0.1798858855389591,0.06996905245114585,10
9,10.0,10.266666666666666,incident_zone_mean_response_min,-0.03535293366978269,-0.10872867971235399,0.03802281237278861,10
9,11.0,8.7,incident_zone_mean_response_min,-0.09399608134339762,-0.31543783049017443,0.12744566780337918,10
9,12.0,8.05,incident_zone_mean_response_min,-0.01836744782159565,-0.0874169538822981,0.050682058239106806,10
10,0.5,17.75,incident_zone_mean_response_min,0.0,0.0,0.0,3
10,1.0,17.5,incident_zone_mean_response_min,0.0,0.0,0.0,7
10,2.0,17.0,incident_zone_mean_response_min,0.0,0.0,0.0,9
10,4.0,16.0,incident_zone_mean_response_min,0.0,0.0,0.0,10
10,5.0,15.483333333333333,incident_zone_mean_response_min,0.0,0.0,0.0,10
10,6.0,14.983333333333333,incident_zone_mean_response_min,-0.19968064683552383,-0.6513896523466827,0.25202835867563506,10
10,8.0,13.883333333333333,incident_zone_mean_response_min,-0.052231670577071565,-0.1776297231890684,0.07316638203492526,10
10,10.0,10.266666666666666,incident_zone_mean_response_min,-0.001363918816294074,-0.01911468864195889,0.016386851009370745,10
10,11.0,8.7,incident_zone_mean_response_min,-0.050168922424775796,-0.11602131345699243,0.015683468607440833,10
10,12.0,8.05,incident_zone_mean_response_min,-0.003033643873809666,-0.09033975853233323,0.0842724707847139,10
1,0.5,17.75,incident_zone_p95_response_min,0.16007648198227836,-0.2020416783294704,0.5221946422940271,10
1,1.0,17.5,incident_zone_p95_response_min,0.11750711519992958,-0.14831244712934494,0.3833266775292041,10
1,2.0,17.0,incident_zone_p95_response_min,0.0,0.0,0.0,10
1,4.0,16.0,incident_zone_p95_response_min,-0.03903655551900513,-0.12734337919729238,0.04927026815928211,10
1,5.0,15.483333333333333,incident_zone_p95_response_min,0.0,0.0,0.0,10
1,6.0,14.983333333333333,incident_zone_p95_response_min,0.0,0.0,0.0,10
1,8.0,13.883333333333333,incident_zone_p95_response_min,0.0,0.0,0.0,10
1,10.0,10.266666666666666,incident_zone_p95_response_min,0.0,0.0,0.0,10
1,11.0,8.7,incident_zone_p95_response_min,0.0,0.0,0.0,10
1,12.0,8.05,incident_zone_p95_response_min,0.0,0.0,0.0,10
2,0.5,17.75,incident_zone_p95_response_min,0.0,0.0,0.0,8
2,1.0,17.5,incident_zone_p95_response_min,0.0,0.0,0.0,10
2,2.0,17.0,incident_zone_p95_response_min,-0.47811222362640643,-1.5596772149242588,0.6034527676714461,10
2,4.0,16.0,incident_zone_p95_response_min,0.542488225423057,-0.7157748942929123,1.8007513451390262,10
2,5.0,15.483333333333333,incident_zone_p95_response_min,0.0,0.0,0.0,10
2,6.0,14.983333333333333,incident_zone_p95_response_min,0.04647955040732601,-0.05866449747024675,0.15162359828489877,10
2,8.0,13.883333333333333,incident_zone_p95_response_min,0.04421050838837637,-0.05580060983333936,0.14422162661009208,10
2,10.0,10.266666666666666,incident_zone_p95_response_min,1.2649395548996871,-0.690913413044608,3.220792522843982,10
2,11.0,8.7,incident_zone_p95_response_min,0.6079406495114712,-0.31998297067584236,1.5358642696987848,10
2,12.0,8.05,incident_zone_p95_response_min,3.1782675677959324,-2.4196973961901613,8.776232531782027,10
3,0.5,17.75,incident_zone_p95_response_min,-0.6625386599999378,-2.190355549692421,0.8652782296925455,9
3,1.0,17.5,incident_zone_p95_response_min,-0.051031351138169256,-0.16647228764264915,0.06440958536631065,10
3,2.0,17.0,incident_zone_p95_response_min,0.0,0.0,0.0,10
3,4.0,16.0,incident_zone_p95_response_min,0.5958216860037098,-0.7520206087400849,1.9436639807475045,10
3,5.0,15.483333333333333,incident_zone_p95_response_min,0.0,0.0,0.0,10
3,6.0,14.983333333333333,incident_zone_p95_response_min,-0.8192349098848293,-2.672473029295138,1.0340032095254792,10
3,8.0,13.883333333333333,incident_zone_p95_response_min,0.0,0.0,0.0,10
3,10.0,10.266666666666666,incident_zone_p95_response_min,0.0,0.0,0.0,10
3,11.0,8.7,incident_zone_p95_response_min,0.16503213345704068,-2.2687136443573785,2.5987779112714597,10
3,12.0,8.05,incident_zone_p95_response_min,-0.4019201582064511,-1.2365285479391326,0.4326882315262305,10
4,0.5,17.75,incident_zone_p95_response_min,0.0,0.0,0.0,6
4,1.0,17.5,incident_zone_p95_response_min,0.0,0.0,0.0,9
4,2.0,17.0,incident_zone_p95_response_min,0.07771241507177988,-0.09808528132119414,0.2535101114647539,10
4,4.0,16.0,incident_zone_p95_response_min,0.04154518190106149,-0.7035437866323895,0.7866341504345125,10
4,5.0,15.483333333333333,incident_zone_p95_response_min,0.0,0.0,0.0,10
4,6.0,14.983333333333333,incident_zone_p95_response_min,-0.29085281457203066,-0.765744604588924,0.18403897544486275,10
4,8.0,13.883333333333333,incident_zone_p95_response_min,-2.0806015152514066,-5.479471726675087,1.3182686961722743,10
4,10.0,10.266666666666666,incident_zone_p95_response_min,-0.06210652201844047,-0.20260123565894,0.07838819162205907,10
4,11.0,8.7,incident_zone_p95_response_min,0.7355151638752936,-1.0033664533300461,2.4743967810806335,10
4,12.0,8.05,incident_zone_p95_response_min,-0.12051365998253374,-0.3931344991270498,0.15210717916198233,10
5,0.5,17.75,incident_zone_p95_response_min,0.0,0.0,0.0,5
5,1.0,17.5,incident_zone_p95_response_min,-0.8498365855987975,-2.85938078579652,1.1597076145989254,8
5,2.0,17.0,incident_zone_p95_response_min,-0.03399346342395191,-0.1108920201967635,0.04290509334885969,10
5,4.0,16.0,incident_zone_p95_response_min,0.5357019376111877,-1.1837898583523958,2.255193733574771,10
5,5.0,15.483333333333333,incident_zone_p95_response_min,0.0,0.0,0.0,10
5,6.0,14.983333333333333,incident_zone_p95_response_min,0.0,0.0,0.0,10
5,8.0,13.883333333333333,incident_zone_p95_response_min,-0.1698920276844369,-0.561489184312677,0.22170512894380323,10
5,10.0,10.266666666666666,incident_zone_p95_response_min,0.008064495771544954,-0.0101786611024113,0.02630765264550121,10
5,11.0,8.7,incident_zone_p95_response_min,-0.17514491942538424,-0.5181855434741371,0.1678957046233686,10
5,12.0,8.05,incident_zone_p95_response_min,-0.022040677938177565,-0.07190015540895431,0.027818799532599178,10
6,0.5,17.75,incident_zone_p95_response_min,0.0,0.0,0.0,4
6,1.0,17.5,incident_zone_p95_response_min,-0.358286519462794,-1.2054995124032866,0.4889264734776987,8
6,2.0,17.0,incident_zone_p95_response_min,-0.03771236166328258,-0.12302365072591367,0.04759892739934851,10
6,4.0,16.0,incident_zone_p95_response_min,-1.0275033267480036,-3.0663327483500953,1.011326094854088,10
6,5.0,15.483333333333333,incident_zone_p95_response_min,0.0,0.0,0.0,10
6,6.0,14.983333333333333,incident_zone_p95_response_min,-0.23424317407980338,-1.0058798089426584,0.5373934607830517,10
6,8.0,13.883333333333333,incident_zone_p95_response_min,-0.7984923751598169,-2.0104422803847686,0.41345753006513475,10
6,10.0,10.266666666666666,incident_zone_p95_response_min,0.4614688919426939,-1.0859844981795093,2.008922282064897,10
6,11.0,8.7,incident_zone_p95_response_min,-0.29894634717931867,-1.0638801186906932,0.46598742433205587,10
6,12.0,8.05,incident_zone_p95_response_min,-0.1712994283047932,-0.7265680829513709,0.38396922634178454,10
7,0.5,17.75,incident_zone_p95_response_min,-0.10338807036475532,-1.060598069981435,0.8538219292519243,9
7,1.0,17.5,incident_zone_p95_response_min,0.2034098805308683,-0.22292791781849783,0.6297476788802344,10
7,2.0,17.0,incident_zone_p95_response_min,-0.18799337823394904,-0.6208010170467078,0.24481426057880964,10
7,4.0,16.0,incident_zone_p95_response_min,0.7372170055934397,-0.5315111384358047,2.005945149622684,10
7,5.0,15.483333333333333,incident_zone_p95_response_min,-0.8237563252393866,-3.3925858114392797,1.7450731609605068,10
7,6.0,14.983333333333333,incident_zone_p95_response_min,-0.3973660848257424,-2.5234150029999145,1.7286828333484299,10
7,8.0,13.883333333333333,incident_zone_p95_response_min,0.0,0.0,0.0,10
7,10.0,10.266666666666666,incident_zone_p95_response_min,0.16986504570182123,-0.11761033434792031,0.45734042575156275,10
7,11.0,8.7,incident_zone_p95_response_min,0.5536105781987519,-1.3284824570571763,2.43570361345468,10
7,12.0,8.05,incident_zone_p95_response_min,0.0,0.0,0.0,10
8,0.5,17.75,incident_zone_p95_response_min,0.0,0.0,0.0,10
8,1.0,17.5,incident_zone_p95_response_min,0.0,0.0,0.0,10
8,2.0,17.0,incident_zone_p95_response_min,0.0,0.0,0.0,10
8,4.0,16.0,incident_zone_p95_response_min,0.0,0.0,0.0,10
8,5.0,15.483333333333333,incident_zone_p95_response_min,-0.8478158968814913,-2.765708700746141,1.0700769069831584,10
8,6.0,14.983333333333333,incident_zone_p95_response_min,0.27079266935558816,-0.34178290726040156,0.8833682459715779,10
8,8.0,13.883333333333333,incident_zone_p95_response_min,0.0,0.0,0.0,10
8,10.0,10.266666666666666,incident_zone_p95_response_min,0.0,0.0,0.0,10
8,11.0,8.7,incident_zone_p95_response_min,0.0,0.0,0.0,10
8,12.0,8.05,incident_zone_p95_response_min,0.0,0.0,0.0,10
9,0.5,17.75,incident_zone_p95_response_min,0.0,0.0,0.0,6
9,1.0,17.5,incident_zone_p95_response_min,0.006860812464211798,-0.00896024944912089,0.022681874377544486,9
9,2.0,17.0,incident_zone_p95_response_min,-0.1296338630905792,-0.42288603502213473,0.16361830884097636,10
9,4.0,16.0,incident_zone_p95_response_min,-0.18902783255960323,-0.6166384979525293,0.2385828328333229,10
9,5.0,15.483333333333333,incident_zone_p95_response_min,0.023386284049271032,-0.029517165924020837,0.0762897340225629,10
9,6.0,14.983333333333333,incident_zone_p95_response_min,-0.029232855061588837,-0.09536216752820377,0.036896457405026103,10
9,8.0,13.883333333333333,incident_zone_p95_response_min,-0.397429818680604,-1.268597464783063,0.4737378274218548,10
9,10.0,10.266666666666666,incident_zone_p95_response_min,0.0,0.0,0.0,10
9,11.0,8.7,incident_zone_p95_response_min,-0.553812095184788,-1.792939390832039,0.685315200462463,10
9,12.0,8.05,incident_zone_p95_response_min,-0.017539713036953584,-0.05721730051692319,0.02213787444301602,10
10,0.5,17.75,incident_zone_p95_response_min,0.0,0.0,0.0,3
10,1.0,17.5,incident_zone_p95_response_min,0.0,0.0,0.0,7
10,2.0,17.0,incident_zone_p95_response_min,0.0,0.0,0.0,9
10,4.0,16.0,incident_zone_p95_response_min,0.0,0.0,0.0,10
10,5.0,15.483333333333333,incident_zone_p95_response_min,0.0,0.0,0.0,10
10,6.0,14.983333333333333,incident_zone_p95_response_min,-0.3202224085597808,-1.0446158237717822,0.4041710066522205,10
10,8.0,13.883333333333333,incident_zone_p95_response_min,-0.08471024841126162,-0.315525295307728,0.14610479848520477,10
10,10.0,10.266666666666666,incident_zone_p95_response_min,0.0,0.0,0.0,10
10,11.0,8.7,incident_zone_p95_response_min,-0.023502325975605486,-0.07666828102373975,0.029663629072528775,10
10,12.0,8.05,incident_zone_p95_response_min,0.0,0.0,0.0,10
1,0.5,17.75,incident_zone_strict_4min_rate,0.0,0.0,0.0,10
1,1.0,17.5,incident_zone_strict_4min_rate,0.0,0.0,0.0,10
1,2.0,17.0,incident_zone_strict_4min_rate,0.0,0.0,0.0,10
1,4.0,16.0,incident_zone_strict_4min_rate,0.0,0.0,0.0,10
1,5.0,15.483333333333333,incident_zone_strict_4min_rate,0.0034482758620689724,-0.004352266078614508,0.011248817802752453,10
1,6.0,14.983333333333333,incident_zone_strict_4min_rate,0.005530303030303033,-0.002857766813704043,0.013918372874310109,10
1,8.0,13.883333333333333,incident_zone_strict_4min_rate,0.01054147465437789,-0.0028471573139269256,0.023930106622682707,10
1,10.0,10.266666666666666,incident_zone_strict_4min_rate,0.003457526080476908,-0.001765497171084665,0.008680549332038481,10
1,11.0,8.7,incident_zone_strict_4min_rate,0.003170458251793867,-0.0036291313239327234,0.009970047827520458,10
1,12.0,8.05,incident_zone_strict_4min_rate,-0.0011427566807313688,-0.00797417682307668,0.005688663461613941,10
2,0.5,17.75,incident_zone_strict_4min_rate,0.0,0.0,0.0,8
2,1.0,17.5,incident_zone_strict_4min_rate,0.01666666666666667,-0.02103595271330342,0.05436928604663676,10
2,2.0,17.0,incident_zone_strict_4min_rate,0.03392857142857144,-0.007112751311303178,0.07496989416844606,10
2,4.0,16.0,incident_zone_strict_4min_rate,0.01339285714285715,-0.006861002048176478,0.03364671633389078,10
2,5.0,15.483333333333333,incident_zone_strict_4min_rate,0.00625,-0.00788848226748878,0.02038848226748878,10
2,6.0,14.983333333333333,incident_zone_strict_4min_rate,0.0,0.0,0.0,10
2,8.0,13.883333333333333,incident_zone_strict_4min_rate,0.01036866359447004,-0.006605944503304144,0.027343271692244223,10
2,10.0,10.266666666666666,incident_zone_strict_4min_rate,0.01272612270714737,-0.003303392214205324,0.028755637628500065,10
2,11.0,8.7,incident_zone_strict_4min_rate,0.008258258258258249,-0.005092710721541088,0.021609227238057586,10
2,12.0,8.05,incident_zone_strict_4min_rate,0.013095238095238087,-0.00592629003457593,0.03211676622505211,10
3,0.5,17.75,incident_zone_strict_4min_rate,0.1111111111111111,-0.14511157057824065,0.36733379280046285,9
3,1.0,17.5,incident_zone_strict_4min_rate,0.0,0.0,0.0,10
3,2.0,17.0,incident_zone_strict_4min_rate,0.0,0.0,0.0,10
3,4.0,16.0,incident_zone_strict_4min_rate,0.00982142857142857,-0.005663575816773424,0.025306432959630563,10
3,5.0,15.483333333333333,incident_zone_strict_4min_rate,0.0,0.0,0.0,10
3,6.0,14.983333333333333,incident_zone_strict_4min_rate,0.003125,-0.00394424113374439,0.01019424113374439,10
3,8.0,13.883333333333333,incident_zone_strict_4min_rate,0.0,0.0,0.0,10
3,10.0,10.266666666666666,incident_zone_strict_4min_rate,0.004897959183673459,-0.002615822372578675,0.012411740739925592,10
3,11.0,8.7,incident_zone_strict_4min_rate,0.011791153708446939,0.0027472193006528606,0.02083508811624102,10
3,12.0,8.05,incident_zone_strict_4min_rate,0.0,0.0,0.0,10
4,0.5,17.75,incident_zone_strict_4min_rate,0.0,0.0,0.0,6
4,1.0,17.5,incident_zone_strict_4min_rate,0.0,0.0,0.0,9
4,2.0,17.0,incident_zone_strict_4min_rate,-0.016666666666666663,-0.05436928604663674,0.021035952713303413,10
4,4.0,16.0,incident_zone_strict_4min_rate,0.026515151515151512,-0.01678332390664008,0.0698136269369431,10
4,5.0,15.483333333333333,incident_zone_strict_4min_rate,0.0,0.0,0.0,10
4,6.0,14.983333333333333,incident_zone_strict_4min_rate,0.011666666666666664,-0.0061508961149850366,0.029484229448318362,10
4,8.0,13.883333333333333,incident_zone_strict_4min_rate,0.0,-0.0187345821918698,0.0187345821918698,10
4,10.0,10.266666666666666,incident_zone_strict_4min_rate,0.008514492753623181,-0.004329886989649685,0.021358872496896046,10
4,11.0,8.7,incident_zone_strict_4min_rate,0.024657986514764012,-0.002859390879998997,0.052175363909527026,10
4,12.0,8.05,incident_zone_strict_4min_rate,0.030583071948477952,0.003393465707395009,0.057772678189560896,10
5,0.5,17.75,incident_zone_strict_4min_rate,0.0,0.0,0.0,5
5,1.0,17.5,incident_zone_strict_4min_rate,0.125,-0.170578031449098,0.420578031449098,8
5,2.0,17.0,incident_zone_strict_4min_rate,0.05,-0.06310785813991024,0.16310785813991024,10
5,4.0,16.0,incident_zone_strict_4min_rate,0.028535353535353542,-0.0046874127497225256,0.06175811982042961,10
5,5.0,15.483333333333333,incident_zone_strict_4min_rate,0.04197802197802198,-0.010645856439886407,0.09460190039593036,10
5,6.0,14.983333333333333,incident_zone_strict_4min_rate,0.03166666666666667,-0.009806214651300424,0.07313954798463376,10
5,8.0,13.883333333333333,incident_zone_strict_4min_rate,0.021708937198067636,-0.005924288287806952,0.049342162683942224,10
5,10.0,10.266666666666666,incident_zone_strict_4min_rate,0.021081871345029236,-0.005280105507317959,0.04744384819737643,10
5,11.0,8.7,incident_zone_strict_4min_rate,0.017916666666666657,-0.013508882652849663,0.04934221598618298,10
5,12.0,8.05,incident_zone_strict_4min_rate,0.019823232323232333,-0.006534431783814892,0.04618089643027956,10
6,0.5,17.75,incident_zone_strict_4min_rate,0.0,0.0,0.0,4
6,1.0,17.5,incident_zone_strict_4min_rate,0.03125,-0.0426445078622745,0.1051445078622745,8
6,2.0,17.0,incident_zone_strict_4min_rate,0.03333333333333333,-0.04207190542660682,0.10873857209327348,10
6,4.0,16.0,incident_zone_strict_4min_rate,0.05,-0.012522721048471352,0.11252272104847136,10
6,5.0,15.483333333333333,incident_zone_strict_4min_rate,0.03333333333333334,-0.04207190542660684,0.10873857209327352,10
6,6.0,14.983333333333333,incident_zone_strict_4min_rate,0.025,-0.03155392906995512,0.08155392906995512,10
6,8.0,13.883333333333333,incident_zone_strict_4min_rate,0.027783882783882774,-0.02566572255437552,0.08123348812214107,10
6,10.0,10.266666666666666,incident_zone_strict_4min_rate,0.046258741258741264,0.006920605811613384,0.08559687670586914,10
6,11.0,8.7,incident_zone_strict_4min_rate,0.011634615384615387,-0.05419776250669798,0.07746699327592875,10
6,12.0,8.05,incident_zone_strict_4min_rate,-0.0051948051948051965,-0.045381458281292024,0.03499184789168163,10
7,0.5,17.75,incident_zone_strict_4min_rate,0.0,0.0,0.0,9
7,1.0,17.5,incident_zone_strict_4min_rate,0.0,0.0,0.0,10
7,2.0,17.0,incident_zone_strict_4min_rate,0.0,0.0,0.0,10
7,4.0,16.0,incident_zone_strict_4min_rate,0.0,0.0,0.0,10
7,5.0,15.483333333333333,incident_zone_strict_4min_rate,0.0,0.0,0.0,10
7,6.0,14.983333333333333,incident_zone_strict_4min_rate,0.0,0.0,0.0,10
7,8.0,13.883333333333333,incident_zone_strict_4min_rate,0.0,0.0,0.0,10
7,10.0,10.266666666666666,incident_zone_strict_4min_rate,0.0,0.0,0.0,10
7,11.0,8.7,incident_zone_strict_4min_rate,0.0,0.0,0.0,10
7,12.0,8.05,incident_zone_strict_4min_rate,0.0,0.0,0.0,10
8,0.5,17.75,incident_zone_strict_4min_rate,0.0,0.0,0.0,10
8,1.0,17.5,incident_zone_strict_4min_rate,0.0,0.0,0.0,10
8,2.0,17.0,incident_zone_strict_4min_rate,0.0,0.0,0.0,10
8,4.0,16.0,incident_zone_strict_4min_rate,0.0,0.0,0.0,10
8,5.0,15.483333333333333,incident_zone_strict_4min_rate,0.0,0.0,0.0,10
8,6.0,14.983333333333333,incident_zone_strict_4min_rate,0.0,0.0,0.0,10
8,8.0,13.883333333333333,incident_zone_strict_4min_rate,0.0,0.0,0.0,10
8,10.0,10.266666666666666,incident_zone_strict_4min_rate,0.0,0.0,0.0,10
8,11.0,8.7,incident_zone_strict_4min_rate,0.0,0.0,0.0,10
8,12.0,8.05,incident_zone_strict_4min_rate,0.0,0.0,0.0,10
9,0.5,17.75,incident_zone_strict_4min_rate,0.0,0.0,0.0,6
9,1.0,17.5,incident_zone_strict_4min_rate,0.0,0.0,0.0,9
9,2.0,17.0,incident_zone_strict_4min_rate,0.0,0.0,0.0,10
9,4.0,16.0,incident_zone_strict_4min_rate,0.0,0.0,0.0,10
9,5.0,15.483333333333333,incident_zone_strict_4min_rate,0.0,0.0,0.0,10
9,6.0,14.983333333333333,incident_zone_strict_4min_rate,0.0,0.0,0.0,10
9,8.0,13.883333333333333,incident_zone_strict_4min_rate,0.0,0.0,0.0,10
9,10.0,10.266666666666666,incident_zone_strict_4min_rate,0.0,0.0,0.0,10
9,11.0,8.7,incident_zone_strict_4min_rate,0.0,0.0,0.0,10
9,12.0,8.05,incident_zone_strict_4min_rate,0.0,0.0,0.0,10
10,0.5,17.75,incident_zone_strict_4min_rate,0.0,0.0,0.0,3
10,1.0,17.5,incident_zone_strict_4min_rate,0.0,0.0,0.0,7
10,2.0,17.0,incident_zone_strict_4min_rate,0.0,0.0,0.0,9
10,4.0,16.0,incident_zone_strict_4min_rate,0.0,0.0,0.0,10
10,5.0,15.483333333333333,incident_zone_strict_4min_rate,0.0,0.0,0.0,10
10,6.0,14.983333333333333,incident_zone_strict_4min_rate,0.0,0.0,0.0,10
10,8.0,13.883333333333333,incident_zone_strict_4min_rate,0.0,0.0,0.0,10
10,10.0,10.266666666666666,incident_zone_strict_4min_rate,0.0,0.0,0.0,10
10,11.0,8.7,incident_zone_strict_4min_rate,0.0,0.0,0.0,10
10,12.0,8.05,incident_zone_strict_4min_rate,0.0,0.0,0.0,10
1,0.5,17.75,incident_zone_mean_wait_min,0.0,0.0,0.0,10
1,1.0,17.5,incident_zone_mean_wait_min,0.0,0.0,0.0,10
1,2.0,17.0,incident_zone_mean_wait_min,0.0,0.0,0.0,10
1,4.0,16.0,incident_zone_mean_wait_min,0.004820424516211297,-0.04634882271476281,0.05598967174718541,10
1,5.0,15.483333333333333,incident_zone_mean_wait_min,0.0,0.0,0.0,10
1,6.0,14.983333333333333,incident_zone_mean_wait_min,-0.03311079907814722,-0.10172295751566214,0.0355013593593677,10
1,8.0,13.883333333333333,incident_zone_mean_wait_min,-0.24824093368340955,-0.7517346142723265,0.2552527469055073,10
1,10.0,10.266666666666666,incident_zone_mean_wait_min,-0.09813353107561582,-0.24789671586437523,0.0516296537131436,10
1,11.0,8.7,incident_zone_mean_wait_min,-0.21493468866846044,-0.46858507392697296,0.038715696590052084,10
1,12.0,8.05,incident_zone_mean_wait_min,-0.02447833362572709,-0.21076132210601267,0.16180465485455847,10
2,0.5,17.75,incident_zone_mean_wait_min,0.0,0.0,0.0,8
2,1.0,17.5,incident_zone_mean_wait_min,0.0,0.0,0.0,10
2,2.0,17.0,incident_zone_mean_wait_min,0.0,0.0,0.0,10
2,4.0,16.0,incident_zone_mean_wait_min,0.1294743833360263,-0.16341702032644612,0.4223657869984987,10
2,5.0,15.483333333333333,incident_zone_mean_wait_min,0.0,0.0,0.0,10
2,6.0,14.983333333333333,incident_zone_mean_wait_min,0.01398176338070698,-0.017647182799508963,0.045610709560922925,10
2,8.0,13.883333333333333,incident_zone_mean_wait_min,-0.032352871381455726,-0.3015860197042892,0.23688027694137778,10
2,10.0,10.266666666666666,incident_zone_mean_wait_min,0.07795994905871517,-0.15697990327997077,0.31289980139740114,10
2,11.0,8.7,incident_zone_mean_wait_min,0.0244294840381992,-0.09079135584776817,0.13965032392416657,10
2,12.0,8.05,incident_zone_mean_wait_min,0.2287304794815042,-0.3376433280444974,0.7951042870075058,10
3,0.5,17.75,incident_zone_mean_wait_min,0.0,0.0,0.0,9
3,1.0,17.5,incident_zone_mean_wait_min,0.0,0.0,0.0,10
3,2.0,17.0,incident_zone_mean_wait_min,0.0,0.0,0.0,10
3,4.0,16.0,incident_zone_mean_wait_min,0.09329818561870624,-0.11775697325472652,0.304353344492139,10
3,5.0,15.483333333333333,incident_zone_mean_wait_min,0.0,0.0,0.0,10
3,6.0,14.983333333333333,incident_zone_mean_wait_min,-0.07060942415714636,-0.23033903877529158,0.08912019046099887,10
3,8.0,13.883333333333333,incident_zone_mean_wait_min,-0.0221681460269302,-0.0717750729354434,0.027438780881582997,10
3,10.0,10.266666666666666,incident_zone_mean_wait_min,0.0,0.0,0.0,10
3,11.0,8.7,incident_zone_mean_wait_min,-0.19452910675116913,-0.5615985372132885,0.17254032371095018,10
3,12.0,8.05,incident_zone_mean_wait_min,-0.046695795695063325,-0.2156984963900617,0.12230690499993505,10
4,0.5,17.75,incident_zone_mean_wait_min,0.0,0.0,0.0,6
4,1.0,17.5,incident_zone_mean_wait_min,0.0,0.0,0.0,9
4,2.0,17.0,incident_zone_mean_wait_min,0.0,0.0,0.0,10
4,4.0,16.0,incident_zone_mean_wait_min,0.061168435684918546,-0.07720417923688123,0.19954105060671834,10
4,5.0,15.483333333333333,incident_zone_mean_wait_min,0.0,0.0,0.0,10
4,6.0,14.983333333333333,incident_zone_mean_wait_min,0.0,0.0,0.0,10
4,8.0,13.883333333333333,incident_zone_mean_wait_min,-0.3832186667218998,-0.8425757107331258,0.07613837728932615,10
4,10.0,10.266666666666666,incident_zone_mean_wait_min,0.0,0.0,0.0,10
4,11.0,8.7,incident_zone_mean_wait_min,0.09532592870597734,-0.12031630371664029,0.31096816112859493,10
4,12.0,8.05,incident_zone_mean_wait_min,0.045187441030619814,-0.16145649975812112,0.25183138181936077,10
5,0.5,17.75,incident_zone_mean_wait_min,0.0,0.0,0.0,5
5,1.0,17.5,incident_zone_mean_wait_min,0.0,0.0,0.0,8
5,2.0,17.0,incident_zone_mean_wait_min,0.0,0.0,0.0,10
5,4.0,16.0,incident_zone_mean_wait_min,0.12591062201165848,-0.15891899344439203,0.410740237467709,10
5,5.0,15.483333333333333,incident_zone_mean_wait_min,-0.04788423231943202,-0.15620589144592845,0.060437426807064404,10
5,6.0,14.983333333333333,incident_zone_mean_wait_min,0.044800087260171886,-0.05654475102941055,0.14614492554975433,10
5,8.0,13.883333333333333,incident_zone_mean_wait_min,-0.07366398066866645,-0.2899214073905741,0.1425934460532412,10
5,10.0,10.266666666666666,incident_zone_mean_wait_min,-0.01530684407014632,-0.04993333102326304,0.019319642882970403,10
5,11.0,8.7,incident_zone_mean_wait_min,-0.045405997868911085,-0.1319392222081917,0.04112722647036954,10
5,12.0,8.05,incident_zone_mean_wait_min,0.0,0.0,0.0,10
6,0.5,17.75,incident_zone_mean_wait_min,0.0,0.0,0.0,4
6,1.0,17.5,incident_zone_mean_wait_min,0.0,0.0,0.0,8
6,2.0,17.0,incident_zone_mean_wait_min,0.0,0.0,0.0,10
6,4.0,16.0,incident_zone_mean_wait_min,0.0,0.0,0.0,10
6,5.0,15.483333333333333,incident_zone_mean_wait_min,0.0,0.0,0.0,10
6,6.0,14.983333333333333,incident_zone_mean_wait_min,0.0,0.0,0.0,10
6,8.0,13.883333333333333,incident_zone_mean_wait_min,-0.011859094738950481,-0.038686230846969816,0.014968041369068857,10
6,10.0,10.266666666666666,incident_zone_mean_wait_min,0.05496756337422994,-0.0693777038343486,0.17931283058280847,10
6,11.0,8.7,incident_zone_mean_wait_min,0.00502190057086409,-0.006338427776376505,0.016382228918104685,10
6,12.0,8.05,incident_zone_mean_wait_min,0.0,0.0,0.0,10
7,0.5,17.75,incident_zone_mean_wait_min,0.0,0.0,0.0,9
7,1.0,17.5,incident_zone_mean_wait_min,0.0,0.0,0.0,10
7,2.0,17.0,incident_zone_mean_wait_min,0.00825422133540004,-0.010418124581796924,0.026926567252597004,10
7,4.0,16.0,incident_zone_mean_wait_min,0.10143493831935757,-0.12802683395777123,0.3308967105964864,10
7,5.0,15.483333333333333,incident_zone_mean_wait_min,-0.20901344294219534,-0.9591073755992915,0.5410804897149007,10
7,6.0,14.983333333333333,incident_zone_mean_wait_min,0.11010681125017227,-0.2131021499141463,0.4333157724144908,10
7,8.0,13.883333333333333,incident_zone_mean_wait_min,-0.1728637532169664,-0.4165030289724807,0.07077552253854794,10
7,10.0,10.266666666666666,incident_zone_mean_wait_min,-0.21368659144484278,-0.6130845064789491,0.18571132358926354,10
7,11.0,8.7,incident_zone_mean_wait_min,-0.3321506434719808,-0.8983436998480134,0.23404241290405187,10
7,12.0,8.05,incident_zone_mean_wait_min,-0.35985724671959857,-0.7445968482489965,0.02488235480979939,10
8,0.5,17.75,incident_zone_mean_wait_min,0.0,0.0,0.0,10
8,1.0,17.5,incident_zone_mean_wait_min,0.003876311816929956,-0.0048925147249774675,0.01264513835883738,10
8,2.0,17.0,incident_zone_mean_wait_min,0.0,0.0,0.0,10
8,4.0,16.0,incident_zone_mean_wait_min,-0.09697881217748616,-0.31636012678444825,0.1224025024294759,10
8,5.0,15.483333333333333,incident_zone_mean_wait_min,-0.1764927995894235,-0.5757472503629459,0.2227616511840989,10
8,6.0,14.983333333333333,incident_zone_mean_wait_min,0.015521715507175366,-0.019590844406297356,0.05063427542064809,10
8,8.0,13.883333333333333,incident_zone_mean_wait_min,0.047625729499863566,-0.03831520319010182,0.13356666218982896,10
8,10.0,10.266666666666666,incident_zone_mean_wait_min,-0.043341973123797214,-0.3388909953742752,0.25220704912668074,10
8,11.0,8.7,incident_zone_mean_wait_min,-0.21200309695200942,-1.2174782715383519,0.7934720776343329,10
8,12.0,8.05,incident_zone_mean_wait_min,0.011350832267906697,-0.014326534250659427,0.03702819878647282,10
9,0.5,17.75,incident_zone_mean_wait_min,0.0,0.0,0.0,6
9,1.0,17.5,incident_zone_mean_wait_min,0.0,0.0,0.0,9
9,2.0,17.0,incident_zone_mean_wait_min,0.0,0.0,0.0,10
9,4.0,16.0,incident_zone_mean_wait_min,0.0,0.0,0.0,10
9,5.0,15.483333333333333,incident_zone_mean_wait_min,0.0,0.0,0.0,10
9,6.0,14.983333333333333,incident_zone_mean_wait_min,0.0,0.0,0.0,10
9,8.0,13.883333333333333,incident_zone_mean_wait_min,0.023898491035441505,-0.04630169989086755,0.09409868196175056,10
9,10.0,10.266666666666666,incident_zone_mean_wait_min,0.0,0.0,0.0,10
9,11.0,8.7,incident_zone_mean_wait_min,-0.05282890821963517,-0.2191167884305463,0.11345897199127594,10
9,12.0,8.05,incident_zone_mean_wait_min,0.0,0.0,0.0,10
10,0.5,17.75,incident_zone_mean_wait_min,0.0,0.0,0.0,3
10,1.0,17.5,incident_zone_mean_wait_min,0.0,0.0,0.0,7
10,2.0,17.0,incident_zone_mean_wait_min,0.0,0.0,0.0,9
10,4.0,16.0,incident_zone_mean_wait_min,0.0,0.0,0.0,10
10,5.0,15.483333333333333,incident_zone_mean_wait_min,0.0,0.0,0.0,10
10,6.0,14.983333333333333,incident_zone_mean_wait_min,0.0,0.0,0.0,10
10,8.0,13.883333333333333,incident_zone_mean_wait_min,0.0,0.0,0.0,10
10,10.0,10.266666666666666,incident_zone_mean_wait_min,0.0,0.0,0.0,10
10,11.0,8.7,incident_zone_mean_wait_min,0.0,0.0,0.0,10
10,12.0,8.05,incident_zone_mean_wait_min,0.0,0.0,0.0,10
1,0.5,17.75,incident_zone_mean_delay_penalty_yuan_per_call,19.568441730836422,-24.698448895374494,63.835332357047335,10
1,1.0,17.5,incident_zone_mean_delay_penalty_yuan_per_call,7.438848374238899,-4.060110805184123,18.93780755366192,10
1,2.0,17.0,incident_zone_mean_delay_penalty_yuan_per_call,-4.668707835215218,-15.230058705659424,5.892643035228988,10
1,4.0,16.0,incident_zone_mean_delay_penalty_yuan_per_call,2.6710335380044397,-11.577468122846437,16.919535198855314,10
1,5.0,15.483333333333333,incident_zone_mean_delay_penalty_yuan_per_call,-3.10170632240704,-10.118253496536603,3.9148408517225226,10
1,6.0,14.983333333333333,incident_zone_mean_delay_penalty_yuan_per_call,-12.759537189824186,-35.156105740955475,9.637031361307102,10
1,8.0,13.883333333333333,incident_zone_mean_delay_penalty_yuan_per_call,-62.77776982273608,-182.0520474725891,56.496507827116936,10
1,10.0,10.266666666666666,incident_zone_mean_delay_penalty_yuan_per_call,-22.866812331804248,-57.14434472297717,11.410720059368678,10
1,11.0,8.7,incident_zone_mean_delay_penalty_yuan_per_call,-51.08368781741992,-106.50468796716348,4.337312332323641,10
1,12.0,8.05,incident_zone_mean_delay_penalty_yuan_per_call,-3.9628738267278094,-40.01333032176965,32.087582668314035,10
2,0.5,17.75,incident_zone_mean_delay_penalty_yuan_per_call,0.0,0.0,0.0,8
2,1.0,17.5,incident_zone_mean_delay_penalty_yuan_per_call,-12.691339002062175,-41.401142431077346,16.018464426952995,10
2,2.0,17.0,incident_zone_mean_delay_penalty_yuan_per_call,-43.74460327248562,-96.33095965430591,8.841753109334675,10
2,4.0,16.0,incident_zone_mean_delay_penalty_yuan_per_call,9.429791066887361,-43.070637053618306,61.93021918739303,10
2,5.0,15.483333333333333,incident_zone_mean_delay_penalty_yuan_per_call,-4.177534910136785,-13.627775429942268,5.272705609668698,10
2,6.0,14.983333333333333,incident_zone_mean_delay_penalty_yuan_per_call,3.371413065201034,-4.255253148994935,10.998079279397004,10
2,8.0,13.883333333333333,incident_zone_mean_delay_penalty_yuan_per_call,-14.58046405088371,-53.330991527340196,24.17006342557277,10
2,10.0,10.266666666666666,incident_zone_mean_delay_penalty_yuan_per_call,6.676887178113122,-37.0521898921442,50.40596424837044,10
2,11.0,8.7,incident_zone_mean_delay_penalty_yuan_per_call,-11.931329783942369,-31.98386767166368,8.121208103778946,10
2,12.0,8.05,incident_zone_mean_delay_penalty_yuan_per_call,38.8660411265234,-68.20682998551267,145.93891223855945,10
3,0.5,17.75,incident_zone_mean_delay_penalty_yuan_per_call,-110.28550977776533,-364.6043513783916,144.03333182286096,9
3,1.0,17.5,incident_zone_mean_delay_penalty_yuan_per_call,-4.621784957523152,-15.076988904097146,5.833418989050841,10
3,2.0,17.0,incident_zone_mean_delay_penalty_yuan_per_call,-2.310892478761582,-7.538494452048592,2.916709494525429,10
3,4.0,16.0,incident_zone_mean_delay_penalty_yuan_per_call,11.345160450491608,-27.411999763338553,50.102320664321766,10
3,5.0,15.483333333333333,incident_zone_mean_delay_penalty_yuan_per_call,1.0504056721643564,-1.3257770429661055,3.426588387294818,10
3,6.0,14.983333333333333,incident_zone_mean_delay_penalty_yuan_per_call,-20.950444756428556,-68.3436434259915,26.442753913134386,10
3,8.0,13.883333333333333,incident_zone_mean_delay_penalty_yuan_per_call,-5.448615532662461,-14.553348436417544,3.6561173710926207,10
3,10.0,10.266666666666666,incident_zone_mean_delay_penalty_yuan_per_call,-6.411334445235957,-14.0377748219009,1.2151059314289876,10
3,11.0,8.7,incident_zone_mean_delay_penalty_yuan_per_call,-47.07781497389963,-117.27424782263307,23.11861787483381,10
3,12.0,8.05,incident_zone_mean_delay_penalty_yuan_per_call,-12.82625029643973,-57.95386769675675,32.30136710387729,10
4,0.5,17.75,incident_zone_mean_delay_penalty_yuan_per_call,0.0,0.0,0.0,6
4,1.0,17.5,incident_zone_mean_delay_penalty_yuan_per_call,0.0,0.0,0.0,9
4,2.0,17.0,incident_zone_mean_delay_penalty_yuan_per_call,12.691339002062175,-16.018464426952995,41.401142431077346,10
4,4.0,16.0,incident_zone_mean_delay_penalty_yuan_per_call,-12.115373332961036,-40.21393212492922,15.983185459007148,10
4,5.0,15.483333333333333,incident_zone_mean_delay_penalty_yuan_per_call,0.0,0.0,0.0,10
4,6.0,14.983333333333333,incident_zone_mean_delay_penalty_yuan_per_call,-19.950056226340593,-42.224641839225846,2.3245293865446612,10
4,8.0,13.883333333333333,incident_zone_mean_delay_penalty_yuan_per_call,-64.17703810620567,-156.61518407882514,28.261107866413795,10
4,10.0,10.266666666666666,incident_zone_mean_delay_penalty_yuan_per_call,-5.229810805304919,-20.21542101591601,9.75579940530617,10
4,11.0,8.7,incident_zone_mean_delay_penalty_yuan_per_call,9.021714465068708,-44.25801490618548,62.30144383632289,10
4,12.0,8.05,incident_zone_mean_delay_penalty_yuan_per_call,-3.6522229292687998,-53.99871175243733,46.694265893899725,10
5,0.5,17.75,incident_zone_mean_delay_penalty_yuan_per_call,0.0,0.0,0.0,5
5,1.0,17.5,incident_zone_mean_delay_penalty_yuan_per_call,-144.9673171197595,-487.76055086948463,197.8259166299656,8
5,2.0,17.0,incident_zone_mean_delay_penalty_yuan_per_call,-57.98692684790382,-189.16246876554493,73.1886150697373,10
5,4.0,16.0,incident_zone_mean_delay_penalty_yuan_per_call,-18.98799002315343,-86.78112464480371,48.80514459849685,10
5,5.0,15.483333333333333,incident_zone_mean_delay_penalty_yuan_per_call,-52.19577645763199,-124.76763426801591,20.376081352751925,10
5,6.0,14.983333333333333,incident_zone_mean_delay_penalty_yuan_per_call,-24.42879442207136,-76.65231382441945,27.794724980276737,10
5,8.0,13.883333333333333,incident_zone_mean_delay_penalty_yuan_per_call,-35.57606877869347,-112.47999719711558,41.32785963972864,10
5,10.0,10.266666666666666,incident_zone_mean_delay_penalty_yuan_per_call,-21.08632396837886,-68.26796301653076,26.09531507977304,10
5,11.0,8.7,incident_zone_mean_delay_penalty_yuan_per_call,-39.93191732835103,-85.99355078218134,6.129716125479291,10
5,12.0,8.05,incident_zone_mean_delay_penalty_yuan_per_call,-21.921312963165782,-55.741817619030655,11.899191692699091,10
6,0.5,17.75,incident_zone_mean_delay_penalty_yuan_per_call,0.0,0.0,0.0,4
6,1.0,17.5,incident_zone_mean_delay_penalty_yuan_per_call,-79.54691784155834,-267.6454889091659,108.55165322604923,8
6,2.0,17.0,incident_zone_mean_delay_penalty_yuan_per_call,-18.474907775521682,-60.26805273195431,23.318237180910945,10
6,4.0,16.0,incident_zone_mean_delay_penalty_yuan_per_call,-67.12162273972305,-173.91797629942295,39.674730819976844,10
6,5.0,15.483333333333333,incident_zone_mean_delay_penalty_yuan_per_call,-33.798086665162614,-110.25467050363471,42.658497173309485,10
6,6.0,14.983333333333333,incident_zone_mean_delay_penalty_yuan_per_call,-10.717566284074058,-43.61690097402772,22.181768405879602,10
6,8.0,13.883333333333333,incident_zone_mean_delay_penalty_yuan_per_call,-32.005876671435736,-77.90443979176166,13.892686448890196,10
6,10.0,10.266666666666666,incident_zone_mean_delay_penalty_yuan_per_call,-45.29480028570442,-80.4676072444173,-10.121993326991543,10
6,11.0,8.7,incident_zone_mean_delay_penalty_yuan_per_call,-10.968151594817844,-62.775075287731795,40.838772098096115,10
6,12.0,8.05,incident_zone_mean_delay_penalty_yuan_per_call,13.823480455347076,-22.405450794227193,50.05241170492134,10
7,0.5,17.75,incident_zone_mean_delay_penalty_yuan_per_call,-20.677614072951048,-212.11961399628697,170.76438585038485,9
7,1.0,17.5,incident_zone_mean_delay_penalty_yuan_per_call,33.219994318890926,-13.443922750085264,79.88391138786712,10
7,2.0,17.0,incident_zone_mean_delay_penalty_yuan_per_call,-0.22895125042053904,-35.4638253118001,35.00592281095903,10
7,4.0,16.0,incident_zone_mean_delay_penalty_yuan_per_call,16.63065187958075,-28.757305511677483,62.01860927083898,10
7,5.0,15.483333333333333,incident_zone_mean_delay_penalty_yuan_per_call,-37.146679002669906,-186.66414626277532,112.37078825743549,10
7,6.0,14.983333333333333,incident_zone_mean_delay_penalty_yuan_per_call,36.48954262852055,-24.03600682376637,97.01509208080748,10
7,8.0,13.883333333333333,incident_zone_mean_delay_penalty_yuan_per_call,-30.814770241461794,-81.78031547829596,20.150774995372373,10
7,10.0,10.266666666666666,incident_zone_mean_delay_penalty_yuan_per_call,-42.70447506037878,-122.23015398411006,36.821203863352494,10
7,11.0,8.7,incident_zone_mean_delay_penalty_yuan_per_call,-61.91238469259183,-175.25572878679338,51.43095940160971,10
7,12.0,8.05,incident_zone_mean_delay_penalty_yuan_per_call,-74.8382320352437,-147.86119947027214,-1.8152646002152864,10
8,0.5,17.75,incident_zone_mean_delay_penalty_yuan_per_call,0.0,0.0,0.0,10
8,1.0,17.5,incident_zone_mean_delay_penalty_yuan_per_call,-9.813940955977705,-32.01461778482133,12.386735872865922,10
8,2.0,17.0,incident_zone_mean_delay_penalty_yuan_per_call,0.0,0.0,0.0,10
8,4.0,16.0,incident_zone_mean_delay_penalty_yuan_per_call,-24.87410671822454,-81.14324539906312,31.39503196261405,10
8,5.0,15.483333333333333,incident_zone_mean_delay_penalty_yuan_per_call,-37.31358310233611,-121.72277238695179,47.09560618227957,10
8,6.0,14.983333333333333,incident_zone_mean_delay_penalty_yuan_per_call,1.2782283405259705,-7.255650892403578,9.812107573455519,10
8,8.0,13.883333333333333,incident_zone_mean_delay_penalty_yuan_per_call,-8.915904995352275,-32.24194739266641,14.410137401961862,10
8,10.0,10.266666666666666,incident_zone_mean_delay_penalty_yuan_per_call,-16.432473424871205,-73.70435238117888,40.83940553143647,10
8,11.0,8.7,incident_zone_mean_delay_penalty_yuan_per_call,-50.840757992725045,-245.31272174878944,143.63120576333932,10
8,12.0,8.05,incident_zone_mean_delay_penalty_yuan_per_call,-4.870854251693982,-15.821006571345468,6.079298067957503,10
9,0.5,17.75,incident_zone_mean_delay_penalty_yuan_per_call,0.0,0.0,0.0,6
9,1.0,17.5,incident_zone_mean_delay_penalty_yuan_per_call,13.721624928423543,-17.920498898241718,45.3637487550888,9
9,2.0,17.0,incident_zone_mean_delay_penalty_yuan_per_call,-12.346082199102739,-40.27486047829841,15.582696080092933,10
9,4.0,16.0,incident_zone_mean_delay_penalty_yuan_per_call,0.0,0.0,0.0,10
9,5.0,15.483333333333333,incident_zone_mean_delay_penalty_yuan_per_call,1.3756637676041918,-1.7363038778835957,4.48763141309198,10
9,6.0,14.983333333333333,incident_zone_mean_delay_penalty_yuan_per_call,-17.254864232191153,-39.38892988409561,4.879201419713304,10
9,8.0,13.883333333333333,incident_zone_mean_delay_penalty_yuan_per_call,-10.99168330878133,-35.977177107791796,13.993810490229137,10
9,10.0,10.266666666666666,incident_zone_mean_delay_penalty_yuan_per_call,-7.070586733956475,-21.745735942470688,7.60456247455774,10
9,11.0,8.7,incident_zone_mean_delay_penalty_yuan_per_call,-18.799216268679523,-63.08756609803486,25.489133560675818,10
9,12.0,8.05,incident_zone_mean_delay_penalty_yuan_per_call,-3.673489564319175,-17.48339077645968,10.13641164782133,10
10,0.5,17.75,incident_zone_mean_delay_penalty_yuan_per_call,0.0,0.0,0.0,3
10,1.0,17.5,incident_zone_mean_delay_penalty_yuan_per_call,0.0,0.0,0.0,7
10,2.0,17.0,incident_zone_mean_delay_penalty_yuan_per_call,0.0,0.0,0.0,9
10,4.0,16.0,incident_zone_mean_delay_penalty_yuan_per_call,0.0,0.0,0.0,10
10,5.0,15.483333333333333,incident_zone_mean_delay_penalty_yuan_per_call,0.0,0.0,0.0,10
10,6.0,14.983333333333333,incident_zone_mean_delay_penalty_yuan_per_call,-39.936129367104726,-130.2779304693364,50.40567173512697,10
10,8.0,13.883333333333333,incident_zone_mean_delay_penalty_yuan_per_call,-10.446334115414254,-35.525944637813545,14.633276406985038,10
10,10.0,10.266666666666666,incident_zone_mean_delay_penalty_yuan_per_call,-0.2727837632588489,-3.8229377283918144,3.2773702018741164,10
10,11.0,8.7,incident_zone_mean_delay_penalty_yuan_per_call,-10.03378448495514,-23.20426269139844,3.136693721488159,10
10,12.0,8.05,incident_zone_mean_delay_penalty_yuan_per_call,-0.6067287747618935,-18.067951706466612,16.854494156942824,10
1,0.5,17.75,nonincident_zone_calls,0.0,0.0,0.0,10
1,1.0,17.5,nonincident_zone_calls,0.0,0.0,0.0,10
1,2.0,17.0,nonincident_zone_calls,0.0,0.0,0.0,10
1,4.0,16.0,nonincident_zone_calls,0.0,0.0,0.0,10
1,5.0,15.483333333333333,nonincident_zone_calls,0.0,0.0,0.0,10
1,6.0,14.983333333333333,nonincident_zone_calls,0.0,0.0,0.0,10
1,8.0,13.883333333333333,nonincident_zone_calls,0.0,0.0,0.0,10
1,10.0,10.266666666666666,nonincident_zone_calls,0.0,0.0,0.0,10
1,11.0,8.7,nonincident_zone_calls,0.0,0.0,0.0,10
1,12.0,8.05,nonincident_zone_calls,0.0,0.0,0.0,10
2,0.5,17.75,nonincident_zone_calls,0.0,0.0,0.0,10
2,1.0,17.5,nonincident_zone_calls,0.0,0.0,0.0,10
2,2.0,17.0,nonincident_zone_calls,0.0,0.0,0.0,10
2,4.0,16.0,nonincident_zone_calls,0.0,0.0,0.0,10
2,5.0,15.483333333333333,nonincident_zone_calls,0.0,0.0,0.0,10
2,6.0,14.983333333333333,nonincident_zone_calls,0.0,0.0,0.0,10
2,8.0,13.883333333333333,nonincident_zone_calls,0.0,0.0,0.0,10
2,10.0,10.266666666666666,nonincident_zone_calls,0.0,0.0,0.0,10
2,11.0,8.7,nonincident_zone_calls,0.0,0.0,0.0,10
2,12.0,8.05,nonincident_zone_calls,0.0,0.0,0.0,10
3,0.5,17.75,nonincident_zone_calls,0.0,0.0,0.0,10
3,1.0,17.5,nonincident_zone_calls,0.0,0.0,0.0,10
3,2.0,17.0,nonincident_zone_calls,0.0,0.0,0.0,10
3,4.0,16.0,nonincident_zone_calls,0.0,0.0,0.0,10
3,5.0,15.483333333333333,nonincident_zone_calls,0.0,0.0,0.0,10
3,6.0,14.983333333333333,nonincident_zone_calls,0.0,0.0,0.0,10
3,8.0,13.883333333333333,nonincident_zone_calls,0.0,0.0,0.0,10
3,10.0,10.266666666666666,nonincident_zone_calls,0.0,0.0,0.0,10
3,11.0,8.7,nonincident_zone_calls,0.0,0.0,0.0,10
3,12.0,8.05,nonincident_zone_calls,0.0,0.0,0.0,10
4,0.5,17.75,nonincident_zone_calls,0.0,0.0,0.0,10
4,1.0,17.5,nonincident_zone_calls,0.0,0.0,0.0,10
4,2.0,17.0,nonincident_zone_calls,0.0,0.0,0.0,10
4,4.0,16.0,nonincident_zone_calls,0.0,0.0,0.0,10
4,5.0,15.483333333333333,nonincident_zone_calls,0.0,0.0,0.0,10
4,6.0,14.983333333333333,nonincident_zone_calls,0.0,0.0,0.0,10
4,8.0,13.883333333333333,nonincident_zone_calls,0.0,0.0,0.0,10
4,10.0,10.266666666666666,nonincident_zone_calls,0.0,0.0,0.0,10
4,11.0,8.7,nonincident_zone_calls,0.0,0.0,0.0,10
4,12.0,8.05,nonincident_zone_calls,0.0,0.0,0.0,10
5,0.5,17.75,nonincident_zone_calls,0.0,0.0,0.0,10
5,1.0,17.5,nonincident_zone_calls,0.0,0.0,0.0,10
5,2.0,17.0,nonincident_zone_calls,0.0,0.0,0.0,10
5,4.0,16.0,nonincident_zone_calls,0.0,0.0,0.0,10
5,5.0,15.483333333333333,nonincident_zone_calls,0.0,0.0,0.0,10
5,6.0,14.983333333333333,nonincident_zone_calls,0.0,0.0,0.0,10
5,8.0,13.883333333333333,nonincident_zone_calls,0.0,0.0,0.0,10
5,10.0,10.266666666666666,nonincident_zone_calls,0.0,0.0,0.0,10
5,11.0,8.7,nonincident_zone_calls,0.0,0.0,0.0,10
5,12.0,8.05,nonincident_zone_calls,0.0,0.0,0.0,10
6,0.5,17.75,nonincident_zone_calls,0.0,0.0,0.0,10
6,1.0,17.5,nonincident_zone_calls,0.0,0.0,0.0,10
6,2.0,17.0,nonincident_zone_calls,0.0,0.0,0.0,10
6,4.0,16.0,nonincident_zone_calls,0.0,0.0,0.0,10
6,5.0,15.483333333333333,nonincident_zone_calls,0.0,0.0,0.0,10
6,6.0,14.983333333333333,nonincident_zone_calls,0.0,0.0,0.0,10
6,8.0,13.883333333333333,nonincident_zone_calls,0.0,0.0,0.0,10
6,10.0,10.266666666666666,nonincident_zone_calls,0.0,0.0,0.0,10
6,11.0,8.7,nonincident_zone_calls,0.0,0.0,0.0,10
6,12.0,8.05,nonincident_zone_calls,0.0,0.0,0.0,10
7,0.5,17.75,nonincident_zone_calls,0.0,0.0,0.0,10
7,1.0,17.5,nonincident_zone_calls,0.0,0.0,0.0,10
7,2.0,17.0,nonincident_zone_calls,0.0,0.0,0.0,10
7,4.0,16.0,nonincident_zone_calls,0.0,0.0,0.0,10
7,5.0,15.483333333333333,nonincident_zone_calls,0.0,0.0,0.0,10
7,6.0,14.983333333333333,nonincident_zone_calls,0.0,0.0,0.0,10
7,8.0,13.883333333333333,nonincident_zone_calls,0.0,0.0,0.0,10
7,10.0,10.266666666666666,nonincident_zone_calls,0.0,0.0,0.0,10
7,11.0,8.7,nonincident_zone_calls,0.0,0.0,0.0,10
7,12.0,8.05,nonincident_zone_calls,0.0,0.0,0.0,10
8,0.5,17.75,nonincident_zone_calls,0.0,0.0,0.0,10
8,1.0,17.5,nonincident_zone_calls,0.0,0.0,0.0,10
8,2.0,17.0,nonincident_zone_calls,0.0,0.0,0.0,10
8,4.0,16.0,nonincident_zone_calls,0.0,0.0,0.0,10
8,5.0,15.483333333333333,nonincident_zone_calls,0.0,0.0,0.0,10
8,6.0,14.983333333333333,nonincident_zone_calls,0.0,0.0,0.0,10
8,8.0,13.883333333333333,nonincident_zone_calls,0.0,0.0,0.0,10
8,10.0,10.266666666666666,nonincident_zone_calls,0.0,0.0,0.0,10
8,11.0,8.7,nonincident_zone_calls,0.0,0.0,0.0,10
8,12.0,8.05,nonincident_zone_calls,0.0,0.0,0.0,10
9,0.5,17.75,nonincident_zone_calls,0.0,0.0,0.0,10
9,1.0,17.5,nonincident_zone_calls,0.0,0.0,0.0,10
9,2.0,17.0,nonincident_zone_calls,0.0,0.0,0.0,10
9,4.0,16.0,nonincident_zone_calls,0.0,0.0,0.0,10
9,5.0,15.483333333333333,nonincident_zone_calls,0.0,0.0,0.0,10
9,6.0,14.983333333333333,nonincident_zone_calls,0.0,0.0,0.0,10
9,8.0,13.883333333333333,nonincident_zone_calls,0.0,0.0,0.0,10
9,10.0,10.266666666666666,nonincident_zone_calls,0.0,0.0,0.0,10
9,11.0,8.7,nonincident_zone_calls,0.0,0.0,0.0,10
9,12.0,8.05,nonincident_zone_calls,0.0,0.0,0.0,10
10,0.5,17.75,nonincident_zone_calls,0.0,0.0,0.0,10
10,1.0,17.5,nonincident_zone_calls,0.0,0.0,0.0,10
10,2.0,17.0,nonincident_zone_calls,0.0,0.0,0.0,10
10,4.0,16.0,nonincident_zone_calls,0.0,0.0,0.0,10
10,5.0,15.483333333333333,nonincident_zone_calls,0.0,0.0,0.0,10
10,6.0,14.983333333333333,nonincident_zone_calls,0.0,0.0,0.0,10
10,8.0,13.883333333333333,nonincident_zone_calls,0.0,0.0,0.0,10
10,10.0,10.266666666666666,nonincident_zone_calls,0.0,0.0,0.0,10
10,11.0,8.7,nonincident_zone_calls,0.0,0.0,0.0,10
10,12.0,8.05,nonincident_zone_calls,0.0,0.0,0.0,10
1,0.5,17.75,nonincident_zone_mean_response_min,-0.13503527405268623,-0.4543429578981459,0.18427240979277343,8
1,1.0,17.5,nonincident_zone_mean_response_min,-0.051649629703753225,-0.13372511356042183,0.03042585415291539,9
1,2.0,17.0,nonincident_zone_mean_response_min,0.06027150436414459,-0.07607211094582834,0.19661511967411754,10
1,4.0,16.0,nonincident_zone_mean_response_min,0.01548550283035457,-0.0933580657250446,0.12432907138575375,10
1,5.0,15.483333333333333,nonincident_zone_mean_response_min,0.0051456093481586865,-0.0064945676957398855,0.01678578639205726,10
1,6.0,14.983333333333333,nonincident_zone_mean_response_min,0.00918757649202,-0.1411454903665992,0.15952064335063923,10
1,8.0,13.883333333333333,nonincident_zone_mean_response_min,-0.04677881422200869,-0.3084258925463043,0.21486826410228693,10
1,10.0,10.266666666666666,nonincident_zone_mean_response_min,-0.08622894745280903,-0.29413882239454964,0.1216809274889316,10
1,11.0,8.7,nonincident_zone_mean_response_min,-0.06000675547140304,-0.30958795181473797,0.18957444087193193,10
1,12.0,8.05,nonincident_zone_mean_response_min,-0.086859948062218,-0.190819297235859,0.017099401111422996,10
2,0.5,17.75,nonincident_zone_mean_response_min,0.0,0.0,0.0,9
2,1.0,17.5,nonincident_zone_mean_response_min,0.026024370346003335,-0.0328468454395213,0.08489558613152798,10
2,2.0,17.0,nonincident_zone_mean_response_min,-0.01044448390188979,-0.10443124548411341,0.08354227768033383,10
2,4.0,16.0,nonincident_zone_mean_response_min,0.06088776307879149,-0.08759110596028485,0.20936663211786782,10
2,5.0,15.483333333333333,nonincident_zone_mean_response_min,0.008627672856379932,-0.011802122558384313,0.029057468271144176,10
2,6.0,14.983333333333333,nonincident_zone_mean_response_min,-0.015522717068636015,-0.05420188294667584,0.023156448809403814,10
2,8.0,13.883333333333333,nonincident_zone_mean_response_min,0.07950262799879812,-0.20097058436885665,0.3599758403664529,10
2,10.0,10.266666666666666,nonincident_zone_mean_response_min,-0.060578120619261086,-0.19142793813738068,0.07027169689885852,10
2,11.0,8.7,nonincident_zone_mean_response_min,-0.012048336317511765,-0.0847309241077015,0.06063425147267797,10
2,12.0,8.05,nonincident_zone_mean_response_min,0.12371589902004762,-0.11128319352956814,0.35871499156966336,10
3,0.5,17.75,nonincident_zone_mean_response_min,0.11062727689842926,-0.1444796810957249,0.36573423489258344,9
3,1.0,17.5,nonincident_zone_mean_response_min,0.039825819683434724,-0.023673193988618835,0.10332483335548828,10
3,2.0,17.0,nonincident_zone_mean_response_min,0.008674790115334651,-0.010948948479840697,0.02829852871051,10
3,4.0,16.0,nonincident_zone_mean_response_min,0.08892833578694556,-0.06574817981883799,0.2436048513927291,10
3,5.0,15.483333333333333,nonincident_zone_mean_response_min,-0.004806544066503449,-0.015679702154849436,0.006066614021842539,10
3,6.0,14.983333333333333,nonincident_zone_mean_response_min,0.014611975811995493,-0.010476632105584112,0.0397005837295751,10
3,8.0,13.883333333333333,nonincident_zone_mean_response_min,-0.1433345993457536,-0.41447397795430074,0.12780477926279354,10
3,10.0,10.266666666666666,nonincident_zone_mean_response_min,0.019435012114634453,-0.007631915570236823,0.04650193979950573,10
3,11.0,8.7,nonincident_zone_mean_response_min,-0.10763905623025752,-0.3525863773726273,0.1373082649121123,10
3,12.0,8.05,nonincident_zone_mean_response_min,-0.0673722986117502,-0.3714110980796791,0.23666650085617869,10
4,0.5,17.75,nonincident_zone_mean_response_min,0.0,0.0,0.0,9
4,1.0,17.5,nonincident_zone_mean_response_min,0.0,0.0,0.0,10
4,2.0,17.0,nonincident_zone_mean_response_min,0.03698001308168193,-0.046674588391416166,0.12063461455478003,10
4,4.0,16.0,nonincident_zone_mean_response_min,0.11875615429583242,-0.07521310358018424,0.31272541217184907,10
4,5.0,15.483333333333333,nonincident_zone_mean_response_min,-0.0003838571578196337,-0.020984679438384394,0.020216965122745126,10
4,6.0,14.983333333333333,nonincident_zone_mean_response_min,0.027844947745769223,-0.04629633775723267,0.10198623324877111,10
4,8.0,13.883333333333333,nonincident_zone_mean_response_min,-0.12273157884857282,-0.3923349635091529,0.14687180581200726,10
4,10.0,10.266666666666666,nonincident_zone_mean_response_min,-0.026595129951881714,-0.06554076332230106,0.012350503418537634,10
4,11.0,8.7,nonincident_zone_mean_response_min,0.16691400702997078,-0.1152147335912524,0.44904274765119395,10
4,12.0,8.05,nonincident_zone_mean_response_min,-0.09856308718800859,-0.33360846143801304,0.13648228706199583,10
5,0.5,17.75,nonincident_zone_mean_response_min,0.0944262872887553,-0.12332112167109097,0.3121736962486016,9
5,1.0,17.5,nonincident_zone_mean_response_min,0.0975472365798165,-0.0594309239857156,0.2545253971453486,10
5,2.0,17.0,nonincident_zone_mean_response_min,0.007067944528598424,-0.11711116880298407,0.13124705786018093,10
5,4.0,16.0,nonincident_zone_mean_response_min,0.07682785466282507,-0.10318311485672835,0.25683882418237847,10
5,5.0,15.483333333333333,nonincident_zone_mean_response_min,0.016203296444102833,-0.10584040687270853,0.1382469997609142,10
5,6.0,14.983333333333333,nonincident_zone_mean_response_min,0.03482233883965069,-0.02619864113471875,0.09584331881402014,10
5,8.0,13.883333333333333,nonincident_zone_mean_response_min,0.05066645602340172,-0.07905389224176368,0.18038680428856713,10
5,10.0,10.266666666666666,nonincident_zone_mean_response_min,0.02715049501354825,-0.05795237731448339,0.1122533673415799,10
5,11.0,8.7,nonincident_zone_mean_response_min,-0.003532086342599339,-0.10551095592391183,0.09844678323871314,10
5,12.0,8.05,nonincident_zone_mean_response_min,0.018042084667236048,-0.0196585028741638,0.05574267220863589,10
6,0.5,17.75,nonincident_zone_mean_response_min,0.0,0.0,0.0,9
6,1.0,17.5,nonincident_zone_mean_response_min,0.052727754731278775,-0.06655071331235042,0.17200622277490796,10
6,2.0,17.0,nonincident_zone_mean_response_min,0.0,0.0,0.0,10
6,4.0,16.0,nonincident_zone_mean_response_min,0.025967272001277575,-0.04710858610113343,0.09904313010368858,10
6,5.0,15.483333333333333,nonincident_zone_mean_response_min,-0.016474097482324625,-0.044067170898958244,0.011118975934308991,10
6,6.0,14.983333333333333,nonincident_zone_mean_response_min,-0.031290947139200845,-0.08074567696387921,0.018163782685477525,10
6,8.0,13.883333333333333,nonincident_zone_mean_response_min,0.05522358572467363,-0.06262083894468803,0.1730680103940353,10
6,10.0,10.266666666666666,nonincident_zone_mean_response_min,-0.009044968917940021,-0.04851896864611776,0.030429030810237713,10
6,11.0,8.7,nonincident_zone_mean_response_min,0.01654069228878603,-0.0227201239453062,0.055801508522878254,10
6,12.0,8.05,nonincident_zone_mean_response_min,0.003636887966733937,-0.03583922267217141,0.04311299860563928,10
7,0.5,17.75,nonincident_zone_mean_response_min,0.07816301448226781,-0.196534069185609,0.35286009815014463,9
7,1.0,17.5,nonincident_zone_mean_response_min,-0.01318172496781731,-0.37193923856481265,0.345575788629178,10
7,2.0,17.0,nonincident_zone_mean_response_min,-0.13816995907554777,-0.3745883621736886,0.09824844402259308,10
7,4.0,16.0,nonincident_zone_mean_response_min,0.21225981670976052,-0.11124747870834722,0.5357671121278682,10
7,5.0,15.483333333333333,nonincident_zone_mean_response_min,-0.09928233408325227,-0.2800753982306632,0.08151073006415868,10
7,6.0,14.983333333333333,nonincident_zone_mean_response_min,0.3408567180859959,-0.1901167054245732,0.871830141596565,10
7,8.0,13.883333333333333,nonincident_zone_mean_response_min,-0.11234946385696638,-0.3695989492462539,0.14490002153232118,10
7,10.0,10.266666666666666,nonincident_zone_mean_response_min,-0.26198854369891755,-0.6189839956532257,0.09500690825539054,10
7,11.0,8.7,nonincident_zone_mean_response_min,-0.48331542860842225,-1.1325249746226649,0.1658941174058205,10
7,12.0,8.05,nonincident_zone_mean_response_min,-0.43175436954837776,-1.0146652375440306,0.15115649844727497,10
8,0.5,17.75,nonincident_zone_mean_response_min,0.0,0.0,0.0,9
8,1.0,17.5,nonincident_zone_mean_response_min,0.00581717215636548,-0.007342185504386967,0.018976529817117928,10
8,2.0,17.0,nonincident_zone_mean_response_min,0.0,0.0,0.0,10
8,4.0,16.0,nonincident_zone_mean_response_min,-0.013388878338439625,-0.04367662537357454,0.016898868696695296,10
8,5.0,15.483333333333333,nonincident_zone_mean_response_min,0.00595254483159291,-0.0075130470960724244,0.019418136759258242,10
8,6.0,14.983333333333333,nonincident_zone_mean_response_min,0.10317464667682597,-0.10556943817686679,0.31191873153051874,10
8,8.0,13.883333333333333,nonincident_zone_mean_response_min,0.11363323943941665,-0.06084239431931367,0.288108873198147,10
8,10.0,10.266666666666666,nonincident_zone_mean_response_min,-0.127773914790653,-0.533048427792976,0.27750059821167006,10
8,11.0,8.7,nonincident_zone_mean_response_min,-0.13799825859954035,-0.7935595955362111,0.5175630783371303,10
8,12.0,8.05,nonincident_zone_mean_response_min,0.03577895629142702,-0.054382056969305884,0.1259399695521599,10
9,0.5,17.75,nonincident_zone_mean_response_min,0.0,0.0,0.0,9
9,1.0,17.5,nonincident_zone_mean_response_min,0.09614803401237308,-0.1213539298176821,0.31364999784242825,10
9,2.0,17.0,nonincident_zone_mean_response_min,-0.0475802965599053,-0.11984735987780873,0.024686766757998135,10
9,4.0,16.0,nonincident_zone_mean_response_min,-0.013050786849138874,-0.04257371780007099,0.01647214410179324,10
9,5.0,15.483333333333333,nonincident_zone_mean_response_min,-0.005348301195999827,-0.03614987446128429,0.025453272069284633,10
9,6.0,14.983333333333333,nonincident_zone_mean_response_min,-0.025129382202033135,-0.11455701727572926,0.06429825287166299,10
9,8.0,13.883333333333333,nonincident_zone_mean_response_min,-0.1183811016828427,-0.4346641659692213,0.19790196260353587,10
9,10.0,10.266666666666666,nonincident_zone_mean_response_min,0.004564780232752685,-0.0030690370719466103,0.01219859753745198,10
9,11.0,8.7,nonincident_zone_mean_response_min,-0.063335040990387,-0.23010701715480358,0.10343693517402958,10
9,12.0,8.05,nonincident_zone_mean_response_min,-0.0007421969947342788,-0.02053481927789097,0.019050425288422414,10
10,0.5,17.75,nonincident_zone_mean_response_min,0.0,0.0,0.0,9
10,1.0,17.5,nonincident_zone_mean_response_min,0.0,0.0,0.0,10
10,2.0,17.0,nonincident_zone_mean_response_min,0.011620406037800101,-0.0146667787152329,0.037907590790833105,10
10,4.0,16.0,nonincident_zone_mean_response_min,0.01240579408031257,-0.01565806185866608,0.04046965001929122,10
10,5.0,15.483333333333333,nonincident_zone_mean_response_min,-0.02018346863265652,-0.09628088158118371,0.05591394431587067,10
10,6.0,14.983333333333333,nonincident_zone_mean_response_min,0.0655427139815612,-0.0827252059210615,0.2138106338841839,10
10,8.0,13.883333333333333,nonincident_zone_mean_response_min,-0.029240661120656774,-0.1080885599333167,0.04960723769200315,10
10,10.0,10.266666666666666,nonincident_zone_mean_response_min,0.01750940294909471,-0.021196311785389384,0.0562151176835788,10
10,11.0,8.7,nonincident_zone_mean_response_min,-0.004129737282037471,-0.07118719005336106,0.06292771548928612,10
10,12.0,8.05,nonincident_zone_mean_response_min,-0.01685677238482759,-0.0431170562152149,0.009403511445559724,10
1,0.5,17.75,nonincident_zone_p95_response_min,-0.3470233358100505,-1.1676031315351225,0.4735564599150215,8
1,1.0,17.5,nonincident_zone_p95_response_min,-0.12193643801386243,-0.37465895494239565,0.13078607891467076,9
1,2.0,17.0,nonincident_zone_p95_response_min,-0.14187828352754864,-0.46282925885490733,0.17907269179981003,10
1,4.0,16.0,nonincident_zone_p95_response_min,-0.002207000807953108,-0.007199583493965655,0.002785581878059439,10
1,5.0,15.483333333333333,nonincident_zone_p95_response_min,0.0,0.0,0.0,10
1,6.0,14.983333333333333,nonincident_zone_p95_response_min,-0.12027600278422454,-0.392359223995295,0.15180721842684589,10
1,8.0,13.883333333333333,nonincident_zone_p95_response_min,0.0,0.0,0.0,10
1,10.0,10.266666666666666,nonincident_zone_p95_response_min,0.0,0.0,0.0,10
1,11.0,8.7,nonincident_zone_p95_response_min,0.0,0.0,0.0,10
1,12.0,8.05,nonincident_zone_p95_response_min,0.0,0.0,0.0,10
2,0.5,17.75,nonincident_zone_p95_response_min,0.0,0.0,0.0,9
2,1.0,17.5,nonincident_zone_p95_response_min,0.10409748138401316,-0.13138738175808495,0.3395823445261113,10
2,2.0,17.0,nonincident_zone_p95_response_min,0.560791698106921,-0.26545632907406747,1.3870397252879094,10
2,4.0,16.0,nonincident_zone_p95_response_min,0.6955053228340449,-0.7575393655169806,2.1485500111850704,10
2,5.0,15.483333333333333,nonincident_zone_p95_response_min,-0.019076352902781403,-0.06223006126187467,0.024077355456311865,10
2,6.0,14.983333333333333,nonincident_zone_p95_response_min,0.03507942607390646,-0.044275748886031155,0.11443460103384408,10
2,8.0,13.883333333333333,nonincident_zone_p95_response_min,0.0,0.0,0.0,10
2,10.0,10.266666666666666,nonincident_zone_p95_response_min,-0.4447697738064441,-1.4702318260824292,0.5806922784695409,10
2,11.0,8.7,nonincident_zone_p95_response_min,0.24546374640809548,-0.6233259603970962,1.1142534532132873,10
2,12.0,8.05,nonincident_zone_p95_response_min,0.1816683800699538,-0.11562959430064304,0.4789663544405507,10
3,0.5,17.75,nonincident_zone_p95_response_min,0.2101918261070155,-0.2745113940818772,0.6948950462959081,9
3,1.0,17.5,nonincident_zone_p95_response_min,0.05520579734972504,-0.0696783925529416,0.18008998725239167,10
3,2.0,17.0,nonincident_zone_p95_response_min,0.0,0.0,0.0,10
3,4.0,16.0,nonincident_zone_p95_response_min,0.32736459600705603,-0.4131855696968464,1.0679147617109583,10
3,5.0,15.483333333333333,nonincident_zone_p95_response_min,0.0,0.0,0.0,10
3,6.0,14.983333333333333,nonincident_zone_p95_response_min,-0.2192529322385063,-0.7152375233663527,0.27673165888934004,10
3,8.0,13.883333333333333,nonincident_zone_p95_response_min,0.007551525586643492,-0.009531212109236001,0.024634263282522988,10
3,10.0,10.266666666666666,nonincident_zone_p95_response_min,0.09075028254491499,-0.11454111914002535,0.29604168422985533,10
3,11.0,8.7,nonincident_zone_p95_response_min,-1.3656628595290783,-3.5849008354913554,0.8535751164331986,10
3,12.0,8.05,nonincident_zone_p95_response_min,-2.395269399625775,-10.383592763481193,5.593053964229643,10
4,0.5,17.75,nonincident_zone_p95_response_min,0.0,0.0,0.0,9
4,1.0,17.5,nonincident_zone_p95_response_min,0.0,0.0,0.0,10
4,2.0,17.0,nonincident_zone_p95_response_min,0.03546188922364886,-0.04475847748998486,0.11568225593728258,10
4,4.0,16.0,nonincident_zone_p95_response_min,0.37874841038211954,-0.271615028189609,1.029111848953848,10
4,5.0,15.483333333333333,nonincident_zone_p95_response_min,0.0,0.0,0.0,10
4,6.0,14.983333333333333,nonincident_zone_p95_response_min,-0.015833177408512887,-0.24365901949989996,0.21199266468287417,10
4,8.0,13.883333333333333,nonincident_zone_p95_response_min,-0.7613686992607274,-2.504330417858,0.9815930193365452,10
4,10.0,10.266666666666666,nonincident_zone_p95_response_min,-0.05945873115805709,-0.20391776808581472,0.08500030576970055,10
4,11.0,8.7,nonincident_zone_p95_response_min,0.9729986698412816,-1.2651622409643242,3.2111595806468873,10
4,12.0,8.05,nonincident_zone_p95_response_min,0.9532137089499285,-1.3915679806902927,3.2979953985901496,10
5,0.5,17.75,nonincident_zone_p95_response_min,0.0550038096102414,-0.07183520280295791,0.1818428220234407,9
5,1.0,17.5,nonincident_zone_p95_response_min,0.17674308954492304,-0.10014689930461604,0.4536330783944621,10
5,2.0,17.0,nonincident_zone_p95_response_min,0.013012185173001355,-0.016423422719760255,0.04244779306576296,10
5,4.0,16.0,nonincident_zone_p95_response_min,0.5008436582897323,-0.9303469616434082,1.932034278222873,10
5,5.0,15.483333333333333,nonincident_zone_p95_response_min,-0.023711484359908573,-0.20155426849209102,0.15413129977227386,10
5,6.0,14.983333333333333,nonincident_zone_p95_response_min,-0.07393386101662625,-0.1472870179701582,-0.000580704063094295,10
5,8.0,13.883333333333333,nonincident_zone_p95_response_min,0.5312028368359185,-0.3354120196120369,1.397817693283874,10
5,10.0,10.266666666666666,nonincident_zone_p95_response_min,0.3651158084912124,-0.3520090504070573,1.082240667389482,10
5,11.0,8.7,nonincident_zone_p95_response_min,0.27804019611993047,-0.1742021076359811,0.730282499875842,10
5,12.0,8.05,nonincident_zone_p95_response_min,0.027127876115068082,-0.008468327485840095,0.06272407971597627,10
6,0.5,17.75,nonincident_zone_p95_response_min,0.0,0.0,0.0,9
6,1.0,17.5,nonincident_zone_p95_response_min,0.0,0.0,0.0,10
6,2.0,17.0,nonincident_zone_p95_response_min,0.0,0.0,0.0,10
6,4.0,16.0,nonincident_zone_p95_response_min,0.31109474614435123,-0.17049549201833902,0.7926849843070415,10
6,5.0,15.483333333333333,nonincident_zone_p95_response_min,0.0,0.0,0.0,10
6,6.0,14.983333333333333,nonincident_zone_p95_response_min,0.0,0.0,0.0,10
6,8.0,13.883333333333333,nonincident_zone_p95_response_min,0.305252303416118,-0.06503084434110357,0.6755354511733396,10
6,10.0,10.266666666666666,nonincident_zone_p95_response_min,-0.1673217064802203,-0.66881542231585,0.33417200935540947,10
6,11.0,8.7,nonincident_zone_p95_response_min,0.06126038380894414,-0.03743022976354054,0.15995099738142882,10
6,12.0,8.05,nonincident_zone_p95_response_min,0.9029074388203144,-0.93190850244717,2.737723380087799,10
7,0.5,17.75,nonincident_zone_p95_response_min,0.2101918261070155,-0.2745113940818772,0.6948950462959081,9
7,1.0,17.5,nonincident_zone_p95_response_min,0.06635071233882765,-0.35416429198881905,0.4868657166664744,10
7,2.0,17.0,nonincident_zone_p95_response_min,-0.16964164062074297,-0.7685759482471703,0.42929266700568447,10
7,4.0,16.0,nonincident_zone_p95_response_min,0.5243155457766694,-1.0480003464879175,2.0966314380412565,10
7,5.0,15.483333333333333,nonincident_zone_p95_response_min,-0.3538061661172753,-1.3430361042848462,0.6354237720502955,10
7,6.0,14.983333333333333,nonincident_zone_p95_response_min,1.0510485189473975,-1.8416020594008196,3.9436990972956147,10
7,8.0,13.883333333333333,nonincident_zone_p95_response_min,-0.492621787867688,-1.607009693843036,0.6217661181076601,10
7,10.0,10.266666666666666,nonincident_zone_p95_response_min,-1.0974381319825937,-3.5800156629749,1.3851393990097125,10
7,11.0,8.7,nonincident_zone_p95_response_min,-0.786011678909204,-7.824142237091333,6.252118879272926,10
7,12.0,8.05,nonincident_zone_p95_response_min,0.0,0.0,0.0,10
8,0.5,17.75,nonincident_zone_p95_response_min,0.0,0.0,0.0,9
8,1.0,17.5,nonincident_zone_p95_response_min,0.0,0.0,0.0,10
8,2.0,17.0,nonincident_zone_p95_response_min,0.0,0.0,0.0,10
8,4.0,16.0,nonincident_zone_p95_response_min,0.0,0.0,0.0,10
8,5.0,15.483333333333333,nonincident_zone_p95_response_min,0.0,0.0,0.0,10
8,6.0,14.983333333333333,nonincident_zone_p95_response_min,0.2022896060209444,-0.25532127519896186,0.6599004872408506,10
8,8.0,13.883333333333333,nonincident_zone_p95_response_min,0.0,0.0,0.0,10
8,10.0,10.266666666666666,nonincident_zone_p95_response_min,-2.9250000000000256,-9.541809701184834,3.6918097011847824,10
8,11.0,8.7,nonincident_zone_p95_response_min,0.0,0.0,0.0,10
8,12.0,8.05,nonincident_zone_p95_response_min,0.0,0.0,0.0,10
9,0.5,17.75,nonincident_zone_p95_response_min,0.0,0.0,0.0,9
9,1.0,17.5,nonincident_zone_p95_response_min,0.2714550510596444,-0.34261893707268265,0.8855290391919715,10
9,2.0,17.0,nonincident_zone_p95_response_min,-0.013682288408014286,-0.23517546740189343,0.20781089058586488,10
9,4.0,16.0,nonincident_zone_p95_response_min,0.0,0.0,0.0,10
9,5.0,15.483333333333333,nonincident_zone_p95_response_min,-0.08987262582789093,-0.2931786300839373,0.11343337842815546,10
9,6.0,14.983333333333333,nonincident_zone_p95_response_min,-0.18214588707420915,-0.46786706342945883,0.10357528928104054,10
9,8.0,13.883333333333333,nonincident_zone_p95_response_min,-0.4808047450584457,-1.5490510703895612,0.5874415802726697,10
9,10.0,10.266666666666666,nonincident_zone_p95_response_min,0.07116093477593069,-0.03824194321908686,0.18056381277094824,10
9,11.0,8.7,nonincident_zone_p95_response_min,-0.5699847269652721,-1.5677303326567842,0.4277608787262399,10
9,12.0,8.05,nonincident_zone_p95_response_min,0.02326868862546121,-0.029368742017546978,0.0759061192684694,10
10,0.5,17.75,nonincident_zone_p95_response_min,0.0,0.0,0.0,9
10,1.0,17.5,nonincident_zone_p95_response_min,0.0,0.0,0.0,10
10,2.0,17.0,nonincident_zone_p95_response_min,0.08768943743823385,-0.11067785156441193,0.28605672644087965,10
10,4.0,16.0,nonincident_zone_p95_response_min,0.0,0.0,0.0,10
10,5.0,15.483333333333333,nonincident_zone_p95_response_min,-0.08580425548606332,-0.27990696663242864,0.10829845566030197,10
10,6.0,14.983333333333333,nonincident_zone_p95_response_min,0.19477674846511572,-0.24583886822179002,0.6353923651520215,10
10,8.0,13.883333333333333,nonincident_zone_p95_response_min,-0.19583472058683,-0.6388436364869126,0.24717419531325252,10
10,10.0,10.266666666666666,nonincident_zone_p95_response_min,0.14314752261294156,-0.11875256412899243,0.40504760935487555,10
10,11.0,8.7,nonincident_zone_p95_response_min,0.048517767522778324,-0.058412813423176294,0.15544834846873296,10
10,12.0,8.05,nonincident_zone_p95_response_min,0.25706603284584356,-0.05506726847261617,0.5691993341643033,10
1,0.5,17.75,nonincident_zone_strict_4min_rate,0.0,0.0,0.0,8
1,1.0,17.5,nonincident_zone_strict_4min_rate,0.0,0.0,0.0,9
1,2.0,17.0,nonincident_zone_strict_4min_rate,-0.00833333333333333,-0.027184643023318363,0.010517976356651701,10
1,4.0,16.0,nonincident_zone_strict_4min_rate,0.0,0.0,0.0,10
1,5.0,15.483333333333333,nonincident_zone_strict_4min_rate,0.0,0.0,0.0,10
1,6.0,14.983333333333333,nonincident_zone_strict_4min_rate,0.0,0.0,0.0,10
1,8.0,13.883333333333333,nonincident_zone_strict_4min_rate,-0.002564102564102569,-0.008364505545636437,0.0032363004174312997,10
1,10.0,10.266666666666666,nonincident_zone_strict_4min_rate,-0.00818308874912648,-0.018859291836542287,0.0024931143382893265,10
1,11.0,8.7,nonincident_zone_strict_4min_rate,-0.001991032347603279,-0.01113395703611576,0.007151892340909201,10
1,12.0,8.05,nonincident_zone_strict_4min_rate,0.003177805800756622,-0.008400206015843362,0.014755817617356608,10
2,0.5,17.75,nonincident_zone_strict_4min_rate,0.0,0.0,0.0,9
2,1.0,17.5,nonincident_zone_strict_4min_rate,0.0,0.0,0.0,10
2,2.0,17.0,nonincident_zone_strict_4min_rate,0.008333333333333337,-0.010517976356651712,0.027184643023318383,10
2,4.0,16.0,nonincident_zone_strict_4min_rate,-0.0005454545454545545,-0.014977513934649418,0.01388660484374031,10
2,5.0,15.483333333333333,nonincident_zone_strict_4min_rate,-0.003225806451612906,-0.0105230876219297,0.00407147471870389,10
2,6.0,14.983333333333333,nonincident_zone_strict_4min_rate,0.0,0.0,0.0,10
2,8.0,13.883333333333333,nonincident_zone_strict_4min_rate,0.002040816326530609,-0.0025758309444861276,0.0066574635975473456,10
2,10.0,10.266666666666666,nonincident_zone_strict_4min_rate,0.0018484298520596077,-0.005310954107274906,0.00900781381139412,10
2,11.0,8.7,nonincident_zone_strict_4min_rate,-2.331002331001364e-05,-0.0051721648582038465,0.0051255448115838185,10
2,12.0,8.05,nonincident_zone_strict_4min_rate,-0.0078735259115006,-0.016953725575995407,0.001206673752994207,10
3,0.5,17.75,nonincident_zone_strict_4min_rate,0.0,0.0,0.0,9
3,1.0,17.5,nonincident_zone_strict_4min_rate,0.0,0.0,0.0,10
3,2.0,17.0,nonincident_zone_strict_4min_rate,0.0,0.0,0.0,10
3,4.0,16.0,nonincident_zone_strict_4min_rate,-0.0030303030303030303,-0.009885324735752135,0.0038247186751460753,10
3,5.0,15.483333333333333,nonincident_zone_strict_4min_rate,0.0029411764705882413,-0.0037122269494064926,0.009594579890582974,10
3,6.0,14.983333333333333,nonincident_zone_strict_4min_rate,0.0,0.0,0.0,10
3,8.0,13.883333333333333,nonincident_zone_strict_4min_rate,0.004819976771196291,-0.0024497126618502722,0.012089666204242854,10
3,10.0,10.266666666666666,nonincident_zone_strict_4min_rate,0.0,0.0,0.0,10
3,11.0,8.7,nonincident_zone_strict_4min_rate,0.0,0.0,0.0,10
3,12.0,8.05,nonincident_zone_strict_4min_rate,0.0029411764705882387,-0.003712226949406489,0.009594579890582967,10
4,0.5,17.75,nonincident_zone_strict_4min_rate,0.0,0.0,0.0,9
4,1.0,17.5,nonincident_zone_strict_4min_rate,0.0,0.0,0.0,10
4,2.0,17.0,nonincident_zone_strict_4min_rate,-0.007692307692307698,-0.025093516636909285,0.009708901252293891,10
4,4.0,16.0,nonincident_zone_strict_4min_rate,-0.006857142857142862,-0.017376437035895878,0.003662151321610156,10
4,5.0,15.483333333333333,nonincident_zone_strict_4min_rate,0.0,0.0,0.0,10
4,6.0,14.983333333333333,nonincident_zone_strict_4min_rate,-0.008513931888544884,-0.01833907598992502,0.0013112122128352537,10
4,8.0,13.883333333333333,nonincident_zone_strict_4min_rate,-0.0034576343721703902,-0.02528369080115053,0.01836842205680975,10
4,10.0,10.266666666666666,nonincident_zone_strict_4min_rate,0.0,0.0,0.0,10
4,11.0,8.7,nonincident_zone_strict_4min_rate,-0.006484647624389489,-0.018000025183278166,0.005030729934499186,10
4,12.0,8.05,nonincident_zone_strict_4min_rate,0.0066010349950911375,-0.003653335251768611,0.016855405241950887,10
5,0.5,17.75,nonincident_zone_strict_4min_rate,-0.013888888888888888,-0.04591672410005786,0.01813894632228008,9
5,1.0,17.5,nonincident_zone_strict_4min_rate,-0.0076923076923076875,-0.02509351663690925,0.009708901252293877,10
5,2.0,17.0,nonincident_zone_strict_4min_rate,-0.005263157894736842,-0.017169248225253706,0.006642932435780023,10
5,4.0,16.0,nonincident_zone_strict_4min_rate,-0.01104425465838511,-0.023935411003297467,0.0018469016865272463,10
5,5.0,15.483333333333333,nonincident_zone_strict_4min_rate,0.0030303030303030333,-0.0038247186751460783,0.009885324735752144,10
5,6.0,14.983333333333333,nonincident_zone_strict_4min_rate,0.006961382113821135,-0.0045461475075063654,0.018468911735148634,10
5,8.0,13.883333333333333,nonincident_zone_strict_4min_rate,-0.0038459761262995746,-0.012846015079203138,0.005154062826603989,10
5,10.0,10.266666666666666,nonincident_zone_strict_4min_rate,0.005087620124364039,-0.0031690531867938528,0.013344293435521931,10
5,11.0,8.7,nonincident_zone_strict_4min_rate,-0.0013175230566534967,-0.01726282225824302,0.014627776144936029,10
5,12.0,8.05,nonincident_zone_strict_4min_rate,-0.0025657894736842045,-0.006436858527302275,0.001305279579933866,10
6,0.5,17.75,nonincident_zone_strict_4min_rate,0.0,0.0,0.0,9
6,1.0,17.5,nonincident_zone_strict_4min_rate,-0.01,-0.03262157162798204,0.012621571627982045,10
6,2.0,17.0,nonincident_zone_strict_4min_rate,0.0,0.0,0.0,10
6,4.0,16.0,nonincident_zone_strict_4min_rate,0.0,0.0,0.0,10
6,5.0,15.483333333333333,nonincident_zone_strict_4min_rate,0.0,0.0,0.0,10
6,6.0,14.983333333333333,nonincident_zone_strict_4min_rate,0.002272727272727271,-0.0028685390063595533,0.007413993551814095,10
6,8.0,13.883333333333333,nonincident_zone_strict_4min_rate,-0.010926908340701444,-0.024935508475434964,0.003081691794032079,10
6,10.0,10.266666666666666,nonincident_zone_strict_4min_rate,-3.734827264239016e-05,-0.009278220553292324,0.009203524008007542,10
6,11.0,8.7,nonincident_zone_strict_4min_rate,-0.002774884601728006,-0.010814788040507067,0.005265018837051055,10
6,12.0,8.05,nonincident_zone_strict_4min_rate,0.0023746368227286264,-0.0037766632925035396,0.008525936937960792,10
7,0.5,17.75,nonincident_zone_strict_4min_rate,0.0,0.0,0.0,9
7,1.0,17.5,nonincident_zone_strict_4min_rate,-0.016666666666666663,-0.054369286046636725,0.0210359527133034,10
7,2.0,17.0,nonincident_zone_strict_4min_rate,-0.000549450549450553,-0.025576927098820337,0.024478025999919228,10
7,4.0,16.0,nonincident_zone_strict_4min_rate,-0.00789768363681409,-0.025928300064490834,0.010132932790862654,10
7,5.0,15.483333333333333,nonincident_zone_strict_4min_rate,0.0,0.0,0.0,10
7,6.0,14.983333333333333,nonincident_zone_strict_4min_rate,-0.006450012800819263,-0.032809145788734284,0.019909120187095754,10
7,8.0,13.883333333333333,nonincident_zone_strict_4min_rate,-0.005015197568389068,-0.022380047125622884,0.012349651988844749,10
7,10.0,10.266666666666666,nonincident_zone_strict_4min_rate,-0.0010538662507018626,-0.0188606894541103,0.016752956952706576,10
7,11.0,8.7,nonincident_zone_strict_4min_rate,0.0033210875975906162,-0.010233690331380321,0.016875865526561555,10
7,12.0,8.05,nonincident_zone_strict_4min_rate,0.0006350268986138579,-0.010058297002322254,0.011328350799549969,10
8,0.5,17.75,nonincident_zone_strict_4min_rate,0.0,0.0,0.0,9
8,1.0,17.5,nonincident_zone_strict_4min_rate,0.0,0.0,0.0,10
8,2.0,17.0,nonincident_zone_strict_4min_rate,0.0,0.0,0.0,10
8,4.0,16.0,nonincident_zone_strict_4min_rate,0.0,0.0,0.0,10
8,5.0,15.483333333333333,nonincident_zone_strict_4min_rate,0.0,0.0,0.0,10
8,6.0,14.983333333333333,nonincident_zone_strict_4min_rate,-0.003333333333333327,-0.010873857209327327,0.004207190542660674,10
8,8.0,13.883333333333333,nonincident_zone_strict_4min_rate,-0.00833333333333334,-0.02718464302331839,0.010517976356651712,10
8,10.0,10.266666666666666,nonincident_zone_strict_4min_rate,0.0016393442622950893,-0.005623638549468276,0.008902327074058455,10
8,11.0,8.7,nonincident_zone_strict_4min_rate,-0.010967506788402321,-0.03305344058331023,0.011118427006505588,10
8,12.0,8.05,nonincident_zone_strict_4min_rate,0.0,0.0,0.0,10
9,0.5,17.75,nonincident_zone_strict_4min_rate,0.0,0.0,0.0,9
9,1.0,17.5,nonincident_zone_strict_4min_rate,-0.020000000000000007,-0.0652431432559641,0.02524314325596409,10
9,2.0,17.0,nonincident_zone_strict_4min_rate,0.008333333333333337,-0.010517976356651712,0.027184643023318383,10
9,4.0,16.0,nonincident_zone_strict_4min_rate,0.0,0.0,0.0,10
9,5.0,15.483333333333333,nonincident_zone_strict_4min_rate,0.0,0.0,0.0,10
9,6.0,14.983333333333333,nonincident_zone_strict_4min_rate,0.005260513296227576,-0.011540286247954917,0.022061312840410068,10
9,8.0,13.883333333333333,nonincident_zone_strict_4min_rate,0.0,0.0,0.0,10
9,10.0,10.266666666666666,nonincident_zone_strict_4min_rate,0.0,0.0,0.0,10
9,11.0,8.7,nonincident_zone_strict_4min_rate,0.0014889579020013755,-0.004277708294442241,0.007255624098444992,10
9,12.0,8.05,nonincident_zone_strict_4min_rate,-0.00023809523809523725,-0.005469352450935821,0.004993161974745347,10
10,0.5,17.75,nonincident_zone_strict_4min_rate,0.0,0.0,0.0,9
10,1.0,17.5,nonincident_zone_strict_4min_rate,0.0,0.0,0.0,10
10,2.0,17.0,nonincident_zone_strict_4min_rate,0.0,0.0,0.0,10
10,4.0,16.0,nonincident_zone_strict_4min_rate,-0.0028571428571428636,-0.009320449036566321,0.0036061633222805927,10
10,5.0,15.483333333333333,nonincident_zone_strict_4min_rate,0.0032752613240418114,-0.01133257805471486,0.01788310070279848,10
10,6.0,14.983333333333333,nonincident_zone_strict_4min_rate,-0.006521739130434784,-0.021274938018249166,0.008231459757379597,10
10,8.0,13.883333333333333,nonincident_zone_strict_4min_rate,0.0,0.0,0.0,10
10,10.0,10.266666666666666,nonincident_zone_strict_4min_rate,-0.0033908045977011523,-0.008505411263734414,0.0017238020683321082,10
10,11.0,8.7,nonincident_zone_strict_4min_rate,0.0012592064623425936,-0.006624333111668754,0.009142746036353941,10
10,12.0,8.05,nonincident_zone_strict_4min_rate,0.005115616091225838,-0.0013285027799185356,0.011559734962370213,10
1,0.5,17.75,nonincident_zone_mean_wait_min,0.0,0.0,0.0,8
1,1.0,17.5,nonincident_zone_mean_wait_min,0.0,0.0,0.0,9
1,2.0,17.0,nonincident_zone_mean_wait_min,0.0,0.0,0.0,10
1,4.0,16.0,nonincident_zone_mean_wait_min,0.015047136595111343,-0.03375315901986308,0.06384743221008576,10
1,5.0,15.483333333333333,nonincident_zone_mean_wait_min,0.0,0.0,0.0,10
1,6.0,14.983333333333333,nonincident_zone_mean_wait_min,-0.043583228878536315,-0.1421753422639908,0.05500888450691817,10
1,8.0,13.883333333333333,nonincident_zone_mean_wait_min,-0.11488507181891094,-0.3228445752579251,0.09307443162010318,10
1,10.0,10.266666666666666,nonincident_zone_mean_wait_min,-0.08977857028640343,-0.24974832729276253,0.07019118671995567,10
1,11.0,8.7,nonincident_zone_mean_wait_min,-0.15824975094381344,-0.3941883421129919,0.07768884022536501,10
1,12.0,8.05,nonincident_zone_mean_wait_min,-0.05407000700273059,-0.11872400142821687,0.010583987422755702,10
2,0.5,17.75,nonincident_zone_mean_wait_min,0.0,0.0,0.0,9
2,1.0,17.5,nonincident_zone_mean_wait_min,0.0,0.0,0.0,10
2,2.0,17.0,nonincident_zone_mean_wait_min,0.0,0.0,0.0,10
2,4.0,16.0,nonincident_zone_mean_wait_min,0.04772075672041076,-0.06023109490881701,0.15567260834963853,10
2,5.0,15.483333333333333,nonincident_zone_mean_wait_min,0.0,0.0,0.0,10
2,6.0,14.983333333333333,nonincident_zone_mean_wait_min,0.0016555855572204848,-0.0020896091696710924,0.005400780284112062,10
2,8.0,13.883333333333333,nonincident_zone_mean_wait_min,0.09886687782616832,-0.17623390970554376,0.3739676653578804,10
2,10.0,10.266666666666666,nonincident_zone_mean_wait_min,-0.05865675763756051,-0.28943520104450116,0.17212168576938014,10
2,11.0,8.7,nonincident_zone_mean_wait_min,-0.03913976463241542,-0.09808760215829757,0.019808072893466734,10
2,12.0,8.05,nonincident_zone_mean_wait_min,0.0350479012357374,-0.1839446525552441,0.2540404550267189,10
3,0.5,17.75,nonincident_zone_mean_wait_min,0.0,0.0,0.0,9
3,1.0,17.5,nonincident_zone_mean_wait_min,0.0,0.0,0.0,10
3,2.0,17.0,nonincident_zone_mean_wait_min,0.0,0.0,0.0,10
3,4.0,16.0,nonincident_zone_mean_wait_min,0.09097577102617027,-0.11482572104177016,0.2967772630941107,10
3,5.0,15.483333333333333,nonincident_zone_mean_wait_min,-0.02001005141702241,-0.06527593255800002,0.025255829723955202,10
3,6.0,14.983333333333333,nonincident_zone_mean_wait_min,0.0,0.0,0.0,10
3,8.0,13.883333333333333,nonincident_zone_mean_wait_min,-0.05110476862059521,-0.17693949614054133,0.07472995889935091,10
3,10.0,10.266666666666666,nonincident_zone_mean_wait_min,0.007689649504313323,-0.009705546201276723,0.02508484520990337,10
3,11.0,8.7,nonincident_zone_mean_wait_min,-0.10416999946132396,-0.2787102411246327,0.07037024220198479,10
3,12.0,8.05,nonincident_zone_mean_wait_min,-0.05964144942023921,-0.28654562742300405,0.1672627285825256,10
4,0.5,17.75,nonincident_zone_mean_wait_min,0.0,0.0,0.0,9
4,1.0,17.5,nonincident_zone_mean_wait_min,0.0,0.0,0.0,10
4,2.0,17.0,nonincident_zone_mean_wait_min,0.0,0.0,0.0,10
4,4.0,16.0,nonincident_zone_mean_wait_min,0.02781540845156998,-0.035107417013306774,0.09073823391644673,10
4,5.0,15.483333333333333,nonincident_zone_mean_wait_min,0.0,0.0,0.0,10
4,6.0,14.983333333333333,nonincident_zone_mean_wait_min,0.0,0.0,0.0,10
4,8.0,13.883333333333333,nonincident_zone_mean_wait_min,-0.19211104802840567,-0.4252207811896749,0.040998685132863505,10
4,10.0,10.266666666666666,nonincident_zone_mean_wait_min,0.0,0.0,0.0,10
4,11.0,8.7,nonincident_zone_mean_wait_min,0.09509064496018434,-0.13137369377528296,0.32155498369565166,10
4,12.0,8.05,nonincident_zone_mean_wait_min,-0.06635709899545242,-0.1825704217365527,0.049856223745647854,10
5,0.5,17.75,nonincident_zone_mean_wait_min,0.0,0.0,0.0,9
5,1.0,17.5,nonincident_zone_mean_wait_min,0.0,0.0,0.0,10
5,2.0,17.0,nonincident_zone_mean_wait_min,0.0,0.0,0.0,10
5,4.0,16.0,nonincident_zone_mean_wait_min,0.07272856669137581,-0.09179488138956693,0.23725201477231855,10
5,5.0,15.483333333333333,nonincident_zone_mean_wait_min,-0.0032157054912011402,-0.010490136701571319,0.004058725719169038,10
5,6.0,14.983333333333333,nonincident_zone_mean_wait_min,0.022447142292033574,-0.02833182142824068,0.07322610601230783,10
5,8.0,13.883333333333333,nonincident_zone_mean_wait_min,0.02334158842673776,-0.08015010964917413,0.12683328650264966,10
5,10.0,10.266666666666666,nonincident_zone_mean_wait_min,-0.0023535400123805505,-0.007677617409319389,0.002970537384558287,10
5,11.0,8.7,nonincident_zone_mean_wait_min,-0.01795672252970268,-0.054109914205414396,0.018196469146009038,10
5,12.0,8.05,nonincident_zone_mean_wait_min,0.0,0.0,0.0,10
6,0.5,17.75,nonincident_zone_mean_wait_min,0.0,0.0,0.0,9
6,1.0,17.5,nonincident_zone_mean_wait_min,0.0,0.0,0.0,10
6,2.0,17.0,nonincident_zone_mean_wait_min,0.0,0.0,0.0,10
6,4.0,16.0,nonincident_zone_mean_wait_min,0.0,0.0,0.0,10
6,5.0,15.483333333333333,nonincident_zone_mean_wait_min,0.0,0.0,0.0,10
6,6.0,14.983333333333333,nonincident_zone_mean_wait_min,0.0,0.0,0.0,10
6,8.0,13.883333333333333,nonincident_zone_mean_wait_min,-0.026176310740530166,-0.09301751217106435,0.04066489069000403,10
6,10.0,10.266666666666666,nonincident_zone_mean_wait_min,0.008516133818251092,-0.010748699298053643,0.027780966934555826,10
6,11.0,8.7,nonincident_zone_mean_wait_min,0.0,0.0,0.0,10
6,12.0,8.05,nonincident_zone_mean_wait_min,0.007315964612284986,-0.009233897138173687,0.02386582636274366,10
7,0.5,17.75,nonincident_zone_mean_wait_min,0.0,0.0,0.0,9
7,1.0,17.5,nonincident_zone_mean_wait_min,0.0,0.0,0.0,10
7,2.0,17.0,nonincident_zone_mean_wait_min,0.02304088588959228,-0.029081219162764974,0.07516299094194953,10
7,4.0,16.0,nonincident_zone_mean_wait_min,0.11843340161838896,-0.13290251052738283,0.3697693137641607,10
7,5.0,15.483333333333333,nonincident_zone_mean_wait_min,-0.02593937430848845,-0.2458639311894243,0.1939851825724474,10
7,6.0,14.983333333333333,nonincident_zone_mean_wait_min,0.26011616354865275,-0.17708113783567564,0.6973134649329811,10
7,8.0,13.883333333333333,nonincident_zone_mean_wait_min,-0.16492179872324914,-0.3981662184309202,0.06832262098442193,10
7,10.0,10.266666666666666,nonincident_zone_mean_wait_min,-0.2918078432938177,-0.8033993598719893,0.2197836732843539,10
7,11.0,8.7,nonincident_zone_mean_wait_min,-0.5017303837878586,-1.2025305522375427,0.19906978466182557,10
7,12.0,8.05,nonincident_zone_mean_wait_min,-0.4576834054196187,-0.9414816519623694,0.026114841123132004,10
8,0.5,17.75,nonincident_zone_mean_wait_min,0.0,0.0,0.0,9
8,1.0,17.5,nonincident_zone_mean_wait_min,0.0,0.0,0.0,10
8,2.0,17.0,nonincident_zone_mean_wait_min,0.0,0.0,0.0,10
8,4.0,16.0,nonincident_zone_mean_wait_min,0.0,0.0,0.0,10
8,5.0,15.483333333333333,nonincident_zone_mean_wait_min,0.0,0.0,0.0,10
8,6.0,14.983333333333333,nonincident_zone_mean_wait_min,0.029177864575952606,-0.03682705076969457,0.09518277992159978,10
8,8.0,13.883333333333333,nonincident_zone_mean_wait_min,0.06810755079346009,-0.04449677796405417,0.18071187955097434,10
8,10.0,10.266666666666666,nonincident_zone_mean_wait_min,-0.1145440580580022,-0.5583095606478206,0.3292214445318161,10
8,11.0,8.7,nonincident_zone_mean_wait_min,-0.24792656514881842,-0.8295118405229626,0.3336587102253258,10
8,12.0,8.05,nonincident_zone_mean_wait_min,0.026756414942106944,-0.033770800769981194,0.08728363065419507,10
9,0.5,17.75,nonincident_zone_mean_wait_min,0.0,0.0,0.0,9
9,1.0,17.5,nonincident_zone_mean_wait_min,0.0,0.0,0.0,10
9,2.0,17.0,nonincident_zone_mean_wait_min,0.0,0.0,0.0,10
9,4.0,16.0,nonincident_zone_mean_wait_min,0.0,0.0,0.0,10
9,5.0,15.483333333333333,nonincident_zone_mean_wait_min,0.0,0.0,0.0,10
9,6.0,14.983333333333333,nonincident_zone_mean_wait_min,-0.017409718040348965,-0.0567932364076215,0.021973800326923573,10
9,8.0,13.883333333333333,nonincident_zone_mean_wait_min,-0.12015905885393519,-0.3919777345154557,0.15165961680758533,10
9,10.0,10.266666666666666,nonincident_zone_mean_wait_min,0.0,0.0,0.0,10
9,11.0,8.7,nonincident_zone_mean_wait_min,-0.04584089030752865,-0.240005153611967,0.14832337299690967,10
9,12.0,8.05,nonincident_zone_mean_wait_min,0.0,0.0,0.0,10
10,0.5,17.75,nonincident_zone_mean_wait_min,0.0,0.0,0.0,9
10,1.0,17.5,nonincident_zone_mean_wait_min,0.0,0.0,0.0,10
10,2.0,17.0,nonincident_zone_mean_wait_min,0.0,0.0,0.0,10
10,4.0,16.0,nonincident_zone_mean_wait_min,0.0,0.0,0.0,10
10,5.0,15.483333333333333,nonincident_zone_mean_wait_min,0.0,0.0,0.0,10
10,6.0,14.983333333333333,nonincident_zone_mean_wait_min,0.01015081716455904,-0.012811926592503155,0.03311356092162124,10
10,8.0,13.883333333333333,nonincident_zone_mean_wait_min,-0.019162082804577363,-0.06250972567508435,0.024185560065929628,10
10,10.0,10.266666666666666,nonincident_zone_mean_wait_min,0.0,0.0,0.0,10
10,11.0,8.7,nonincident_zone_mean_wait_min,0.0,0.0,0.0,10
10,12.0,8.05,nonincident_zone_mean_wait_min,0.0,0.0,0.0,10
1,0.5,17.75,nonincident_zone_mean_delay_penalty_yuan_per_call,-27.00705481053724,-90.86859157962915,36.85448195855467,8
1,1.0,17.5,nonincident_zone_mean_delay_penalty_yuan_per_call,-10.329925940750664,-26.745022712084392,6.085170830583065,9
1,2.0,17.0,nonincident_zone_mean_delay_penalty_yuan_per_call,10.387634206162238,-13.110826917835317,33.88609533015979,10
1,4.0,16.0,nonincident_zone_mean_delay_penalty_yuan_per_call,3.097100566070935,-18.671613145008664,24.865814277150534,10
1,5.0,15.483333333333333,nonincident_zone_mean_delay_penalty_yuan_per_call,1.0291218696317628,-1.2989135391480102,3.3571572784115356,10
1,6.0,14.983333333333333,nonincident_zone_mean_delay_penalty_yuan_per_call,1.83751529840456,-28.229098073319868,31.90412867012899,10
1,8.0,13.883333333333333,nonincident_zone_mean_delay_penalty_yuan_per_call,-9.868583357222814,-61.57556324534791,41.83839653090229,10
1,10.0,10.266666666666666,nonincident_zone_mean_delay_penalty_yuan_per_call,-18.882407240386055,-59.88284691705289,22.118032436280775,10
1,11.0,8.7,nonincident_zone_mean_delay_penalty_yuan_per_call,-12.399557563801682,-60.661015869253035,35.86190074164966,10
1,12.0,8.05,nonincident_zone_mean_delay_penalty_yuan_per_call,-16.736428452291513,-36.55322539233651,3.080368487753482,10
2,0.5,17.75,nonincident_zone_mean_delay_penalty_yuan_per_call,0.0,0.0,0.0,9
2,1.0,17.5,nonincident_zone_mean_delay_penalty_yuan_per_call,5.204874069200668,-6.569369087904261,16.979117226305597,10
2,2.0,17.0,nonincident_zone_mean_delay_penalty_yuan_per_call,-0.4222301137113334,-17.55378061847063,16.709320391047964,10
2,4.0,16.0,nonincident_zone_mean_delay_penalty_yuan_per_call,12.068461706667193,-15.275016122705889,39.41193953604028,10
2,5.0,15.483333333333333,nonincident_zone_mean_delay_penalty_yuan_per_call,1.080373280953387,-1.5478799711789377,3.7086265330857118,10
2,6.0,14.983333333333333,nonincident_zone_mean_delay_penalty_yuan_per_call,-3.104543413727197,-10.840376589335168,4.631289761880773,10
2,8.0,13.883333333333333,nonincident_zone_mean_delay_penalty_yuan_per_call,16.308688865065893,-40.684892961391114,73.30227069152289,10
2,10.0,10.266666666666666,nonincident_zone_mean_delay_penalty_yuan_per_call,-11.745938153440438,-37.98646826516941,14.494591958288535,10
2,11.0,8.7,nonincident_zone_mean_delay_penalty_yuan_per_call,-2.414329268164346,-15.960169171095973,11.131510634767281,10
2,12.0,8.05,nonincident_zone_mean_delay_penalty_yuan_per_call,23.168474621709755,-23.039568776070574,69.37651801949008,10
3,0.5,17.75,nonincident_zone_mean_delay_penalty_yuan_per_call,22.12545537968588,-28.895936219145028,73.14684697851679,9
3,1.0,17.5,nonincident_zone_mean_delay_penalty_yuan_per_call,7.965163936686901,-4.734638797723736,20.664966671097538,10
3,2.0,17.0,nonincident_zone_mean_delay_penalty_yuan_per_call,1.7349580230668835,-2.18978969596808,5.659705742101846,10
3,4.0,16.0,nonincident_zone_mean_delay_penalty_yuan_per_call,17.179606551328654,-13.276745418493814,47.635958521151125,10
3,5.0,15.483333333333333,nonincident_zone_mean_delay_penalty_yuan_per_call,-0.3730735191830263,-1.2170244528532428,0.47087741448719017,10
3,6.0,14.983333333333333,nonincident_zone_mean_delay_penalty_yuan_per_call,2.9223951623990843,-2.0953264211168614,7.94011674591503,10
3,8.0,13.883333333333333,nonincident_zone_mean_delay_penalty_yuan_per_call,-27.7029245149115,-80.9116035887217,25.50575455889871,10
3,10.0,10.266666666666666,nonincident_zone_mean_delay_penalty_yuan_per_call,3.8870024229268894,-1.5263831140472353,9.300387959901014,10
3,11.0,8.7,nonincident_zone_mean_delay_penalty_yuan_per_call,-21.527811246051336,-70.51727547452523,27.461652982422557,10
3,12.0,8.05,nonincident_zone_mean_delay_penalty_yuan_per_call,-12.886224428232072,-72.49857537595754,46.72612651949339,10
4,0.5,17.75,nonincident_zone_mean_delay_penalty_yuan_per_call,0.0,0.0,0.0,9
4,1.0,17.5,nonincident_zone_mean_delay_penalty_yuan_per_call,0.0,0.0,0.0,10
4,2.0,17.0,nonincident_zone_mean_delay_penalty_yuan_per_call,5.857541077874851,-7.393137427824458,19.10821958357416,10
4,4.0,16.0,nonincident_zone_mean_delay_penalty_yuan_per_call,22.379802287737895,-14.808824406753445,59.568428982229236,10
4,5.0,15.483333333333333,nonincident_zone_mean_delay_penalty_yuan_per_call,-0.07677143156387274,-4.196935887676717,4.043393024548972,10
4,6.0,14.983333333333333,nonincident_zone_mean_delay_penalty_yuan_per_call,3.866203171444886,-9.41141373747193,17.143820080361703,10
4,8.0,13.883333333333333,nonincident_zone_mean_delay_penalty_yuan_per_call,-25.237842644148873,-76.99276056354375,26.517075275246004,10
4,10.0,10.266666666666666,nonincident_zone_mean_delay_penalty_yuan_per_call,-5.340141637190271,-13.121036295219934,2.4407530208393906,10
4,11.0,8.7,nonincident_zone_mean_delay_penalty_yuan_per_call,32.085871881116255,-24.798491719086734,88.97023548131924,10
4,12.0,8.05,nonincident_zone_mean_delay_penalty_yuan_per_call,-18.39241043858351,-64.45699542516442,27.6721745479974,10
5,0.5,17.75,nonincident_zone_mean_delay_penalty_yuan_per_call,16.107479679973267,-21.036435069762156,53.25139442970869,9
5,1.0,17.5,nonincident_zone_mean_delay_penalty_yuan_per_call,17.970985777501767,-10.391548208704798,46.33351976370833,10
5,2.0,17.0,nonincident_zone_mean_delay_penalty_yuan_per_call,0.36095732677225667,-22.614794960301637,23.336709613846153,10
5,4.0,16.0,nonincident_zone_mean_delay_penalty_yuan_per_call,13.156720000887969,-21.936413914645275,48.249853916421216,10
5,5.0,15.483333333333333,nonincident_zone_mean_delay_penalty_yuan_per_call,3.8467198948812493,-19.765037141390057,27.458476931152557,10
5,6.0,14.983333333333333,nonincident_zone_mean_delay_penalty_yuan_per_call,8.356744190694428,-4.797330371647833,21.510818753036688,10
5,8.0,13.883333333333333,nonincident_zone_mean_delay_penalty_yuan_per_call,9.36409597942038,-15.158200904221786,33.88639286306255,10
5,10.0,10.266666666666666,nonincident_zone_mean_delay_penalty_yuan_per_call,6.447623027582478,-9.825962364987372,22.721208420152326,10
5,11.0,8.7,nonincident_zone_mean_delay_penalty_yuan_per_call,-0.9699218798505911,-18.4907729802537,16.550929220552515,10
5,12.0,8.05,nonincident_zone_mean_delay_penalty_yuan_per_call,3.0952590387103553,-3.8185762418791365,10.009094319299848,10
6,0.5,17.75,nonincident_zone_mean_delay_penalty_yuan_per_call,0.0,0.0,0.0,9
6,1.0,17.5,nonincident_zone_mean_delay_penalty_yuan_per_call,8.545550946255753,-10.785828336873672,27.87693022938518,10
6,2.0,17.0,nonincident_zone_mean_delay_penalty_yuan_per_call,0.0,0.0,0.0,10
6,4.0,16.0,nonincident_zone_mean_delay_penalty_yuan_per_call,5.193454400255485,-9.421717220226723,19.80862602073769,10
6,5.0,15.483333333333333,nonincident_zone_mean_delay_penalty_yuan_per_call,-3.294819496464913,-8.813434179791674,2.2237951868618486,10
6,6.0,14.983333333333333,nonincident_zone_mean_delay_penalty_yuan_per_call,-5.803643973294743,-14.834987759529287,3.227699812939801,10
6,8.0,13.883333333333333,nonincident_zone_mean_delay_penalty_yuan_per_call,8.859335476794337,-13.10245395429835,30.821124907887025,10
6,10.0,10.266666666666666,nonincident_zone_mean_delay_penalty_yuan_per_call,-1.8164634381164801,-8.564513306093552,4.931586429860593,10
6,11.0,8.7,nonincident_zone_mean_delay_penalty_yuan_per_call,2.7531615374116654,-3.5538679092031926,9.060190984026523,10
6,12.0,8.05,nonincident_zone_mean_delay_penalty_yuan_per_call,1.2023049578924685,-6.048508142402131,8.453118058187068,10
7,0.5,17.75,nonincident_zone_mean_delay_penalty_yuan_per_call,15.632602896453628,-39.30681383712178,70.57201963002903,9
7,1.0,17.5,nonincident_zone_mean_delay_penalty_yuan_per_call,-5.9696783268968,-73.0555481304863,61.116191476692705,10
7,2.0,17.0,nonincident_zone_mean_delay_penalty_yuan_per_call,-27.743881924999595,-71.5637455415932,16.07598169159402,10
7,4.0,16.0,nonincident_zone_mean_delay_penalty_yuan_per_call,40.872426614589315,-22.390376066912836,104.13522929609147,10
7,5.0,15.483333333333333,nonincident_zone_mean_delay_penalty_yuan_per_call,-19.856466816650503,-56.015079646132634,16.302146012831628,10
7,6.0,14.983333333333333,nonincident_zone_mean_delay_penalty_yuan_per_call,66.8813410570357,-40.055110814900246,173.81779292897164,10
7,8.0,13.883333333333333,nonincident_zone_mean_delay_penalty_yuan_per_call,-23.472932285071103,-75.00276479638339,28.05690022624119,10
7,10.0,10.266666666666666,nonincident_zone_mean_delay_penalty_yuan_per_call,-52.60848198992344,-125.86372039345068,20.646756413603804,10
7,11.0,8.7,nonincident_zone_mean_delay_penalty_yuan_per_call,-95.77790490095386,-226.09472106798194,34.53891126607424,10
7,12.0,8.05,nonincident_zone_mean_delay_penalty_yuan_per_call,-86.21617696546055,-201.4441917484317,29.011837817510596,10
8,0.5,17.75,nonincident_zone_mean_delay_penalty_yuan_per_call,0.0,0.0,0.0,9
8,1.0,17.5,nonincident_zone_mean_delay_penalty_yuan_per_call,1.1634344312730946,-1.4684371008773915,3.795305963423581,10
8,2.0,17.0,nonincident_zone_mean_delay_penalty_yuan_per_call,0.0,0.0,0.0,10
8,4.0,16.0,nonincident_zone_mean_delay_penalty_yuan_per_call,-2.6777756676879108,-8.735325074714865,3.3797737393390435,10
8,5.0,15.483333333333333,nonincident_zone_mean_delay_penalty_yuan_per_call,1.1905089663186004,-1.5026094192145083,3.8836273518517093,10
8,6.0,14.983333333333333,nonincident_zone_mean_delay_penalty_yuan_per_call,19.968262668698493,-20.277727875175316,60.2142532125723,10
8,8.0,13.883333333333333,nonincident_zone_mean_delay_penalty_yuan_per_call,21.059981221216823,-11.142548099609975,53.26251054204362,10
8,10.0,10.266666666666666,nonincident_zone_mean_delay_penalty_yuan_per_call,-25.22691410567195,-107.37767994079205,56.923851729448145,10
8,11.0,8.7,nonincident_zone_mean_delay_penalty_yuan_per_call,-30.091019768719843,-158.30302431221887,98.12098477477919,10
8,12.0,8.05,nonincident_zone_mean_delay_penalty_yuan_per_call,7.155791258285717,-10.876411393860725,25.18799391043216,10
9,0.5,17.75,nonincident_zone_mean_delay_penalty_yuan_per_call,0.0,0.0,0.0,9
9,1.0,17.5,nonincident_zone_mean_delay_penalty_yuan_per_call,15.22960680247461,-19.222157312343587,49.68137091729281,10
9,2.0,17.0,nonincident_zone_mean_delay_penalty_yuan_per_call,-7.849392645314407,-19.73758427844183,4.038798987813016,10
9,4.0,16.0,nonincident_zone_mean_delay_penalty_yuan_per_call,-2.610157369827789,-8.514743560014244,3.2944288203586662,10
9,5.0,15.483333333333333,nonincident_zone_mean_delay_penalty_yuan_per_call,-1.069660239199976,-7.229974892256917,5.0906544138569645,10
9,6.0,14.983333333333333,nonincident_zone_mean_delay_penalty_yuan_per_call,-3.973773781161094,-18.8814863420639,10.933938779741712,10
9,8.0,13.883333333333333,nonincident_zone_mean_delay_penalty_yuan_per_call,-23.676220336568555,-86.9328331938443,39.58039252070719,10
9,10.0,10.266666666666666,nonincident_zone_mean_delay_penalty_yuan_per_call,0.9129560465505222,-0.6138074143893766,2.439719507490421,10
9,11.0,8.7,nonincident_zone_mean_delay_penalty_yuan_per_call,-12.369216617677115,-45.0720475349097,20.333614299555475,10
9,12.0,8.05,nonincident_zone_mean_delay_penalty_yuan_per_call,-0.19605844656587693,-3.202588148987682,2.810471255855928,10
10,0.5,17.75,nonincident_zone_mean_delay_penalty_yuan_per_call,0.0,0.0,0.0,9
10,1.0,17.5,nonincident_zone_mean_delay_penalty_yuan_per_call,0.0,0.0,0.0,10
10,2.0,17.0,nonincident_zone_mean_delay_penalty_yuan_per_call,2.324081207560016,-2.933355743046576,7.581518158166608,10
10,4.0,16.0,nonincident_zone_mean_delay_penalty_yuan_per_call,1.9097302446339597,-2.4103797072771194,6.229840196545039,10
10,5.0,15.483333333333333,nonincident_zone_mean_delay_penalty_yuan_per_call,-3.381641461722927,-15.6875641554746,8.924281232028747,10
10,6.0,14.983333333333333,nonincident_zone_mean_delay_penalty_yuan_per_call,11.804194970225291,-14.89874923273639,38.50713917318697,10
10,8.0,13.883333333333333,nonincident_zone_mean_delay_penalty_yuan_per_call,-5.848132224131376,-21.61771198666337,9.921447538400617,10
10,10.0,10.266666666666666,nonincident_zone_mean_delay_penalty_yuan_per_call,2.823719670278723,-4.044143323584431,9.691582664141876,10
10,11.0,8.7,nonincident_zone_mean_delay_penalty_yuan_per_call,-0.5741061639389698,-12.448530670641308,11.300318342763369,10
10,12.0,8.05,nonincident_zone_mean_delay_penalty_yuan_per_call,-2.348231258720361,-6.73450411553805,2.038041598097328,10
1,0.5,17.75,max_incident_queue,0.0,0.0,0.0,10
1,1.0,17.5,max_incident_queue,0.0,0.0,0.0,10
1,2.0,17.0,max_incident_queue,0.0,0.0,0.0,10
1,4.0,16.0,max_incident_queue,0.0,0.0,0.0,10
1,5.0,15.483333333333333,max_incident_queue,0.0,0.0,0.0,10
1,6.0,14.983333333333333,max_incident_queue,0.0,0.0,0.0,10
1,8.0,13.883333333333333,max_incident_queue,0.0,0.0,0.0,10
1,10.0,10.266666666666666,max_incident_queue,0.0,0.0,0.0,10
1,11.0,8.7,max_incident_queue,0.0,0.0,0.0,10
1,12.0,8.05,max_incident_queue,0.0,0.0,0.0,10
2,0.5,17.75,max_incident_queue,0.0,0.0,0.0,10
2,1.0,17.5,max_incident_queue,0.0,0.0,0.0,10
2,2.0,17.0,max_incident_queue,0.0,0.0,0.0,10
2,4.0,16.0,max_incident_queue,0.0,0.0,0.0,10
2,5.0,15.483333333333333,max_incident_queue,0.0,0.0,0.0,10
2,6.0,14.983333333333333,max_incident_queue,0.0,0.0,0.0,10
2,8.0,13.883333333333333,max_incident_queue,0.1,-0.12621571627982048,0.3262157162798205,10
2,10.0,10.266666666666666,max_incident_queue,0.1,-0.12621571627982048,0.3262157162798205,10
2,11.0,8.7,max_incident_queue,0.0,-0.33722247945365624,0.33722247945365624,10
2,12.0,8.05,max_incident_queue,0.1,-0.12621571627982048,0.3262157162798205,10
3,0.5,17.75,max_incident_queue,0.0,0.0,0.0,10
3,1.0,17.5,max_incident_queue,0.0,0.0,0.0,10
3,2.0,17.0,max_incident_queue,0.0,0.0,0.0,10
3,4.0,16.0,max_incident_queue,0.0,0.0,0.0,10
3,5.0,15.483333333333333,max_incident_queue,0.0,0.0,0.0,10
3,6.0,14.983333333333333,max_incident_queue,0.0,0.0,0.0,10
3,8.0,13.883333333333333,max_incident_queue,0.0,0.0,0.0,10
3,10.0,10.266666666666666,max_incident_queue,0.0,0.0,0.0,10
3,11.0,8.7,max_incident_queue,0.0,0.0,0.0,10
3,12.0,8.05,max_incident_queue,-0.1,-0.3262157162798205,0.12621571627982048,10
4,0.5,17.75,max_incident_queue,0.0,0.0,0.0,10
4,1.0,17.5,max_incident_queue,0.0,0.0,0.0,10
4,2.0,17.0,max_incident_queue,0.0,0.0,0.0,10
4,4.0,16.0,max_incident_queue,0.0,0.0,0.0,10
4,5.0,15.483333333333333,max_incident_queue,0.0,0.0,0.0,10
4,6.0,14.983333333333333,max_incident_queue,0.0,0.0,0.0,10
4,8.0,13.883333333333333,max_incident_queue,-0.1,-0.3262157162798205,0.12621571627982048,10
4,10.0,10.266666666666666,max_incident_queue,0.0,0.0,0.0,10
4,11.0,8.7,max_incident_queue,-0.1,-0.3262157162798205,0.12621571627982048,10
4,12.0,8.05,max_incident_queue,-0.1,-0.3262157162798205,0.12621571627982048,10
5,0.5,17.75,max_incident_queue,0.0,0.0,0.0,10
5,1.0,17.5,max_incident_queue,0.0,0.0,0.0,10
5,2.0,17.0,max_incident_queue,0.0,0.0,0.0,10
5,4.0,16.0,max_incident_queue,0.1,-0.12621571627982048,0.3262157162798205,10
5,5.0,15.483333333333333,max_incident_queue,0.0,0.0,0.0,10
5,6.0,14.983333333333333,max_incident_queue,0.0,0.0,0.0,10
5,8.0,13.883333333333333,max_incident_queue,0.1,-0.12621571627982048,0.3262157162798205,10
5,10.0,10.266666666666666,max_incident_queue,0.0,0.0,0.0,10
5,11.0,8.7,max_incident_queue,-0.1,-0.3262157162798205,0.12621571627982048,10
5,12.0,8.05,max_incident_queue,0.0,0.0,0.0,10
6,0.5,17.75,max_incident_queue,0.0,0.0,0.0,10
6,1.0,17.5,max_incident_queue,0.0,0.0,0.0,10
6,2.0,17.0,max_incident_queue,0.0,0.0,0.0,10
6,4.0,16.0,max_incident_queue,0.0,0.0,0.0,10
6,5.0,15.483333333333333,max_incident_queue,0.0,0.0,0.0,10
6,6.0,14.983333333333333,max_incident_queue,0.0,0.0,0.0,10
6,8.0,13.883333333333333,max_incident_queue,0.0,0.0,0.0,10
6,10.0,10.266666666666666,max_incident_queue,0.0,0.0,0.0,10
6,11.0,8.7,max_incident_queue,0.0,0.0,0.0,10
6,12.0,8.05,max_incident_queue,0.0,0.0,0.0,10
7,0.5,17.75,max_incident_queue,0.0,0.0,0.0,10
7,1.0,17.5,max_incident_queue,0.0,0.0,0.0,10
7,2.0,17.0,max_incident_queue,0.0,0.0,0.0,10
7,4.0,16.0,max_incident_queue,0.1,-0.12621571627982048,0.3262157162798205,10
7,5.0,15.483333333333333,max_incident_queue,-0.1,-0.3262157162798205,0.12621571627982048,10
7,6.0,14.983333333333333,max_incident_queue,-0.1,-0.3262157162798205,0.12621571627982048,10
7,8.0,13.883333333333333,max_incident_queue,0.0,0.0,0.0,10
7,10.0,10.266666666666666,max_incident_queue,-0.3,-0.6455502144136438,0.045550214413643764,10
7,11.0,8.7,max_incident_queue,-0.3,-0.7828291119331836,0.18282911193318369,10
7,12.0,8.05,max_incident_queue,-0.1,-0.3262157162798205,0.12621571627982048,10
8,0.5,17.75,max_incident_queue,0.0,0.0,0.0,10
8,1.0,17.5,max_incident_queue,0.0,0.0,0.0,10
8,2.0,17.0,max_incident_queue,0.0,0.0,0.0,10
8,4.0,16.0,max_incident_queue,0.0,0.0,0.0,10
8,5.0,15.483333333333333,max_incident_queue,0.0,0.0,0.0,10
8,6.0,14.983333333333333,max_incident_queue,0.0,0.0,0.0,10
8,8.0,13.883333333333333,max_incident_queue,0.0,0.0,0.0,10
8,10.0,10.266666666666666,max_incident_queue,0.0,-0.33722247945365624,0.33722247945365624,10
8,11.0,8.7,max_incident_queue,-0.2,-0.7642811372151657,0.3642811372151657,10
8,12.0,8.05,max_incident_queue,0.0,0.0,0.0,10
9,0.5,17.75,max_incident_queue,0.0,0.0,0.0,10
9,1.0,17.5,max_incident_queue,0.0,0.0,0.0,10
9,2.0,17.0,max_incident_queue,0.0,0.0,0.0,10
9,4.0,16.0,max_incident_queue,0.0,0.0,0.0,10
9,5.0,15.483333333333333,max_incident_queue,0.0,0.0,0.0,10
9,6.0,14.983333333333333,max_incident_queue,0.0,0.0,0.0,10
9,8.0,13.883333333333333,max_incident_queue,-0.1,-0.3262157162798205,0.12621571627982048,10
9,10.0,10.266666666666666,max_incident_queue,0.0,0.0,0.0,10
9,11.0,8.7,max_incident_queue,0.0,-0.33722247945365624,0.33722247945365624,10
9,12.0,8.05,max_incident_queue,0.0,0.0,0.0,10
10,0.5,17.75,max_incident_queue,0.0,0.0,0.0,10
10,1.0,17.5,max_incident_queue,0.0,0.0,0.0,10
10,2.0,17.0,max_incident_queue,0.0,0.0,0.0,10
10,4.0,16.0,max_incident_queue,0.0,0.0,0.0,10
10,5.0,15.483333333333333,max_incident_queue,0.0,0.0,0.0,10
10,6.0,14.983333333333333,max_incident_queue,0.0,0.0,0.0,10
10,8.0,13.883333333333333,max_incident_queue,0.0,0.0,0.0,10
10,10.0,10.266666666666666,max_incident_queue,0.0,0.0,0.0,10
10,11.0,8.7,max_incident_queue,0.0,0.0,0.0,10
10,12.0,8.05,max_incident_queue,0.0,0.0,0.0,10
1,0.5,17.75,incident_end_backlog,0.0,0.0,0.0,10
1,1.0,17.5,incident_end_backlog,0.0,0.0,0.0,10
1,2.0,17.0,incident_end_backlog,0.0,0.0,0.0,10
1,4.0,16.0,incident_end_backlog,0.0,0.0,0.0,10
1,5.0,15.483333333333333,incident_end_backlog,0.0,0.0,0.0,10
1,6.0,14.983333333333333,incident_end_backlog,0.0,0.0,0.0,10
1,8.0,13.883333333333333,incident_end_backlog,0.0,0.0,0.0,10
1,10.0,10.266666666666666,incident_end_backlog,0.0,0.0,0.0,10
1,11.0,8.7,incident_end_backlog,0.0,0.0,0.0,10
1,12.0,8.05,incident_end_backlog,0.0,0.0,0.0,10
2,0.5,17.75,incident_end_backlog,0.0,0.0,0.0,10
2,1.0,17.5,incident_end_backlog,0.0,0.0,0.0,10
2,2.0,17.0,incident_end_backlog,0.0,0.0,0.0,10
2,4.0,16.0,incident_end_backlog,0.0,0.0,0.0,10
2,5.0,15.483333333333333,incident_end_backlog,0.0,0.0,0.0,10
2,6.0,14.983333333333333,incident_end_backlog,0.0,0.0,0.0,10
2,8.0,13.883333333333333,incident_end_backlog,0.1,-0.12621571627982048,0.3262157162798205,10
2,10.0,10.266666666666666,incident_end_backlog,-0.1,-0.3262157162798205,0.12621571627982048,10
2,11.0,8.7,incident_end_backlog,-0.2,-0.5016209550397607,0.10162095503976065,10
2,12.0,8.05,incident_end_backlog,0.2,-0.10162095503976065,0.5016209550397607,10
3,0.5,17.75,incident_end_backlog,0.0,0.0,0.0,10
3,1.0,17.5,incident_end_backlog,0.0,0.0,0.0,10
3,2.0,17.0,incident_end_backlog,0.0,0.0,0.0,10
3,4.0,16.0,incident_end_backlog,0.0,0.0,0.0,10
3,5.0,15.483333333333333,incident_end_backlog,0.0,0.0,0.0,10
3,6.0,14.983333333333333,incident_end_backlog,0.0,0.0,0.0,10
3,8.0,13.883333333333333,incident_end_backlog,0.1,-0.12621571627982048,0.3262157162798205,10
3,10.0,10.266666666666666,incident_end_backlog,0.1,-0.12621571627982048,0.3262157162798205,10
3,11.0,8.7,incident_end_backlog,0.0,0.0,0.0,10
3,12.0,8.05,incident_end_backlog,-0.1,-0.3262157162798205,0.12621571627982048,10
4,0.5,17.75,incident_end_backlog,0.0,0.0,0.0,10
4,1.0,17.5,incident_end_backlog,0.0,0.0,0.0,10
4,2.0,17.0,incident_end_backlog,0.0,0.0,0.0,10
4,4.0,16.0,incident_end_backlog,0.0,0.0,0.0,10
4,5.0,15.483333333333333,incident_end_backlog,0.0,0.0,0.0,10
4,6.0,14.983333333333333,incident_end_backlog,0.0,0.0,0.0,10
4,8.0,13.883333333333333,incident_end_backlog,0.1,-0.12621571627982048,0.3262157162798205,10
4,10.0,10.266666666666666,incident_end_backlog,0.0,0.0,0.0,10
4,11.0,8.7,incident_end_backlog,0.1,-0.12621571627982048,0.3262157162798205,10
4,12.0,8.05,incident_end_backlog,-0.1,-0.3262157162798205,0.12621571627982048,10
5,0.5,17.75,incident_end_backlog,0.0,0.0,0.0,10
5,1.0,17.5,incident_end_backlog,0.0,0.0,0.0,10
5,2.0,17.0,incident_end_backlog,0.0,0.0,0.0,10
5,4.0,16.0,incident_end_backlog,0.0,0.0,0.0,10
5,5.0,15.483333333333333,incident_end_backlog,0.0,0.0,0.0,10
5,6.0,14.983333333333333,incident_end_backlog,0.0,0.0,0.0,10
5,8.0,13.883333333333333,incident_end_backlog,0.1,-0.12621571627982048,0.3262157162798205,10
5,10.0,10.266666666666666,incident_end_backlog,0.0,0.0,0.0,10
5,11.0,8.7,incident_end_backlog,0.0,0.0,0.0,10
5,12.0,8.05,incident_end_backlog,0.0,0.0,0.0,10
6,0.5,17.75,incident_end_backlog,0.0,0.0,0.0,10
6,1.0,17.5,incident_end_backlog,0.0,0.0,0.0,10
6,2.0,17.0,incident_end_backlog,0.0,0.0,0.0,10
6,4.0,16.0,incident_end_backlog,0.0,0.0,0.0,10
6,5.0,15.483333333333333,incident_end_backlog,0.0,0.0,0.0,10
6,6.0,14.983333333333333,incident_end_backlog,0.0,0.0,0.0,10
6,8.0,13.883333333333333,incident_end_backlog,0.0,0.0,0.0,10
6,10.0,10.266666666666666,incident_end_backlog,0.1,-0.12621571627982048,0.3262157162798205,10
6,11.0,8.7,incident_end_backlog,0.0,0.0,0.0,10
6,12.0,8.05,incident_end_backlog,0.0,0.0,0.0,10
7,0.5,17.75,incident_end_backlog,0.0,0.0,0.0,10
7,1.0,17.5,incident_end_backlog,0.0,0.0,0.0,10
7,2.0,17.0,incident_end_backlog,0.0,0.0,0.0,10
7,4.0,16.0,incident_end_backlog,0.0,0.0,0.0,10
7,5.0,15.483333333333333,incident_end_backlog,-0.2,-0.5016209550397607,0.10162095503976065,10
7,6.0,14.983333333333333,incident_end_backlog,0.0,-0.47690460398044304,0.47690460398044304,10
7,8.0,13.883333333333333,incident_end_backlog,0.1,-0.12621571627982048,0.3262157162798205,10
7,10.0,10.266666666666666,incident_end_backlog,-0.2,-0.5016209550397607,0.10162095503976065,10
7,11.0,8.7,incident_end_backlog,-0.2,-0.8573676311362708,0.4573676311362707,10
7,12.0,8.05,incident_end_backlog,-0.1,-0.3262157162798205,0.12621571627982048,10
8,0.5,17.75,incident_end_backlog,0.0,0.0,0.0,10
8,1.0,17.5,incident_end_backlog,0.0,0.0,0.0,10
8,2.0,17.0,incident_end_backlog,0.0,0.0,0.0,10
8,4.0,16.0,incident_end_backlog,0.0,0.0,0.0,10
8,5.0,15.483333333333333,incident_end_backlog,-0.1,-0.3262157162798205,0.12621571627982048,10
8,6.0,14.983333333333333,incident_end_backlog,0.0,0.0,0.0,10
8,8.0,13.883333333333333,incident_end_backlog,0.0,0.0,0.0,10
8,10.0,10.266666666666666,incident_end_backlog,0.0,-0.33722247945365624,0.33722247945365624,10
8,11.0,8.7,incident_end_backlog,-0.2,-0.7642811372151657,0.3642811372151657,10
8,12.0,8.05,incident_end_backlog,0.0,0.0,0.0,10
9,0.5,17.75,incident_end_backlog,0.0,0.0,0.0,10
9,1.0,17.5,incident_end_backlog,0.0,0.0,0.0,10
9,2.0,17.0,incident_end_backlog,0.0,0.0,0.0,10
9,4.0,16.0,incident_end_backlog,0.0,0.0,0.0,10
9,5.0,15.483333333333333,incident_end_backlog,0.0,0.0,0.0,10
9,6.0,14.983333333333333,incident_end_backlog,0.0,0.0,0.0,10
9,8.0,13.883333333333333,incident_end_backlog,-0.1,-0.3262157162798205,0.12621571627982048,10
9,10.0,10.266666666666666,incident_end_backlog,0.0,0.0,0.0,10
9,11.0,8.7,incident_end_backlog,0.0,0.0,0.0,10
9,12.0,8.05,incident_end_backlog,0.0,0.0,0.0,10
10,0.5,17.75,incident_end_backlog,0.0,0.0,0.0,10
10,1.0,17.5,incident_end_backlog,0.0,0.0,0.0,10
10,2.0,17.0,incident_end_backlog,0.0,0.0,0.0,10
10,4.0,16.0,incident_end_backlog,0.0,0.0,0.0,10
10,5.0,15.483333333333333,incident_end_backlog,0.0,0.0,0.0,10
10,6.0,14.983333333333333,incident_end_backlog,0.0,0.0,0.0,10
10,8.0,13.883333333333333,incident_end_backlog,0.0,0.0,0.0,10
10,10.0,10.266666666666666,incident_end_backlog,0.0,0.0,0.0,10
10,11.0,8.7,incident_end_backlog,0.0,0.0,0.0,10
10,12.0,8.05,incident_end_backlog,0.0,0.0,0.0,10
