mode,incident_zone,duration_hours,start_hour,seed,call_digest,calls,mean_response_min,p95_response_min,strict_4min_rate,mean_wait_min,mean_delay_penalty_yuan_per_call,incident_zone_calls,incident_zone_mean_response_min,incident_zone_p95_response_min,incident_zone_strict_4min_rate,incident_zone_mean_wait_min,incident_zone_mean_delay_penalty_yuan_per_call,nonincident_zone_calls,nonincident_zone_mean_response_min,nonincident_zone_p95_response_min,nonincident_zone_strict_4min_rate,nonincident_zone_mean_wait_min,nonincident_zone_mean_delay_penalty_yuan_per_call,max_incident_queue,incident_end_backlog,max_daily_dispatches_per_ambulance
B_E,1,0.5,17.75,600000,d9343bbad5b4fd4ececc425d645a4cf748bf27fe8f657fa35bd2ab269dba1d96,10,5.261361101768092,10.169487816154682,0.5,0.0,352.2722203536184,3,3.0,3.0,1.0,0.0,0.0,7,6.230515859668704,10.62549153851772,0.2857142857142857,0.0,503.24602907659767,1,0,12
B_N,1,0.5,17.75,600000,d9343bbad5b4fd4ececc425d645a4cf748bf27fe8f657fa35bd2ab269dba1d96,10,5.261361101768092,10.169487816154682,0.5,0.0,352.2722203536184,3,3.0,3.0,1.0,0.0,0.0,7,6.230515859668704,10.62549153851772,0.2857142857142857,0.0,503.24602907659767,1,0,12
B_E,1,0.5,17.75,600001,961676940394df98d74dbd90bac1b0cc339cca2612be52a49cee1b40538ec714,10,6.034371068063358,10.697418943069293,0.5,0.0,506.8742136126715,8,6.792963835079197,10.860823717301823,0.375,0.0,633.5927670158394,2,3.0,3.0,1.0,0.0,0.0,1,0,12
B_N,1,0.5,17.75,600001,961676940394df98d74dbd90bac1b0cc339cca2612be52a49cee1b40538ec714,10,6.034371068063358,10.697418943069293,0.5,0.0,506.8742136126715,8,6.792963835079197,10.860823717301823,0.375,0.0,633.5927670158394,2,3.0,3.0,1.0,0.0,0.0,1,0,12
B_E,1,0.5,17.75,600002,84e05b3024c029419d6fce70236102c0a6f039dbe62c3c0e44f8aad913a1dee9,1,3.0,3.0,1.0,0.0,0.0,1,3.0,3.0,1.0,0.0,0.0,0,,,,,,1,0,12
B_N,1,0.5,17.75,600002,84e05b3024c029419d6fce70236102c0a6f039dbe62c3c0e44f8aad913a1dee9,1,3.0,3.0,1.0,0.0,0.0,1,3.0,3.0,1.0,0.0,0.0,0,,,,,,1,0,12
B_E,1,0.5,17.75,600003,777dbe332e47e3c328c496c3f6c64ca5b87abdd731f6a59e656302754f25f7b8,11,10.4367843408316,21.78832306536181,0.0909090909090909,3.824208555309848,1305.5386863481383,3,17.358040099404608,25.79841433477485,0.0,10.259317815311078,2671.608019880922,8,7.841313431366722,13.94261562434212,0.125,1.4110425828093869,793.2626862733445,3,3,12
B_N,1,0.5,17.75,600003,777dbe332e47e3c328c496c3f6c64ca5b87abdd731f6a59e656302754f25f7b8,11,10.4367843408316,21.78832306536181,0.0909090909090909,3.824208555309848,1305.5386863481383,3,17.358040099404608,25.79841433477485,0.0,10.259317815311078,2671.608019880922,8,7.841313431366722,13.94261562434212,0.125,1.4110425828093869,793.2626862733445,3,3,12
B_E,1,0.5,17.75,600004,6f361b5f72f7a5289ffb40187bba904b9c74c116e53d12923e0267edb9222c36,7,5.859817178450988,8.497474167490214,0.4285714285714285,0.0,457.67772140448335,5,5.198989666996086,8.497474167490214,0.6,0.0,359.7979333992172,2,7.511885957088246,7.777850126265612,0.0,0.0,702.3771914176491,1,0,12
B_N,1,0.5,17.75,600004,6f361b5f72f7a5289ffb40187bba904b9c74c116e53d12923e0267edb9222c36,7,5.859817178450988,8.497474167490214,0.4285714285714285,0.0,457.67772140448335,5,5.198989666996086,8.497474167490214,0.6,0.0,359.7979333992172,2,7.511885957088246,7.777850126265612,0.0,0.0,702.3771914176491,1,0,12
B_E,1,0.5,17.75,600005,28de23b7a02fdd2acf585d25661ae5985d9072728cda33f07154819411685016,12,15.062315699474324,26.891358485981687,0.0833333333333333,6.721545951509445,2229.1298065615315,7,16.3448945039268,27.98653693350915,0.0,7.469246948144116,2468.97890078536,5,13.26670537324086,23.99313509049492,0.2,5.674764556220907,1893.341074648172,5,5,12
B_N,1,0.5,17.75,600005,28de23b7a02fdd2acf585d25661ae5985d9072728cda33f07154819411685016,12,15.062315699474324,26.891358485981687,0.0833333333333333,6.721545951509445,2229.1298065615315,7,16.3448945039268,27.98653693350915,0.0,7.469246948144116,2468.97890078536,5,13.26670537324086,23.99313509049492,0.2,5.674764556220907,1893.341074648172,5,5,12
B_E,1,0.5,17.75,600006,93a2cf263281b6786abbd0ff4ddd7987e2da9d54b0a48e992a078d10a6b4876a,8,7.847056388468657,11.43274042711568,0.25,0.0,819.4112776937313,7,7.8527213438758,11.43274042711568,0.2857142857142857,0.0,827.6871259180172,1,7.8074017006186525,7.8074017006186525,0.0,0.0,761.4803401237305,1,0,12
B_N,1,0.5,17.75,600006,93a2cf263281b6786abbd0ff4ddd7987e2da9d54b0a48e992a078d10a6b4876a,8,7.847056388468657,11.43274042711568,0.25,0.0,819.4112776937313,7,7.8527213438758,11.43274042711568,0.2857142857142857,0.0,827.6871259180172,1,7.8074017006186525,7.8074017006186525,0.0,0.0,761.4803401237305,1,0,12
B_E,1,0.5,17.75,600007,bc60acc8a0d86631a9aff2768ef84d00264b671a1c5eb4d77cfae62a88b98019,3,3.628539361054709,4.697056274847714,0.6666666666666666,0.0,59.04120554427514,1,3.0,3.0,1.0,0.0,0.0,2,3.942809041582064,4.791337179005921,0.5,0.0,88.56180831641271,1,0,12
B_N,1,0.5,17.75,600007,bc60acc8a0d86631a9aff2768ef84d00264b671a1c5eb4d77cfae62a88b98019,3,3.628539361054709,4.697056274847714,0.6666666666666666,0.0,59.04120554427514,1,3.0,3.0,1.0,0.0,0.0,2,3.942809041582064,4.791337179005921,0.5,0.0,88.56180831641271,1,0,12
B_E,1,0.5,17.75,600008,8d0690613628bd42baa7519ffd9a937646fa0a33db634e3fbb0abdc9730f8210,3,4.832491389163405,7.947726750741192,0.6666666666666666,0.0,299.8316111660143,3,4.832491389163405,7.947726750741192,0.6666666666666666,0.0,299.8316111660143,0,,,,,,1,0,12
B_N,1,0.5,17.75,600008,8d0690613628bd42baa7519ffd9a937646fa0a33db634e3fbb0abdc9730f8210,3,4.832491389163405,7.947726750741192,0.6666666666666666,0.0,299.8316111660143,3,4.832491389163405,7.947726750741192,0.6666666666666666,0.0,299.8316111660143,0,,,,,,1,0,12
B_E,1,0.5,17.75,600009,97bc7804a18307a7e6782feecc3c20e5dd5ae8748facab0329370ef851f49034,7,7.6183385348012065,10.942526104418087,0.1428571428571428,0.0,752.2391355316701,3,9.909635759798755,11.269335652883148,0.0,0.0,1181.9271519597514,4,5.899865616053045,8.305308574400357,0.25,0.0,429.97312321060906,1,0,12
B_N,1,0.5,17.75,600009,97bc7804a18307a7e6782feecc3c20e5dd5ae8748facab0329370ef851f49034,7,7.816318893381279,11.015857093707773,0.1428571428571428,0.0,791.8352072476843,3,8.931213673256936,9.668570833060365,0.0,0.0,986.2427346513872,4,6.980147808474535,11.08149526088076,0.25,0.0,646.029561694907,1,0,12
B_E,1,1.0,17.5,600000,0897427f7cf261c7ddeef53c3ba513c61386ecdab3d41bdce1bc8983dbf45a58,18,11.301327348422795,32.096260451177066,0.3888888888888889,5.304428787777902,1538.043247462337,6,10.137315143261292,21.955102051224,0.5,3.954080627630901,1327.4630286522583,12,11.883333451003546,32.15470362114785,0.3333333333333333,5.979602867851402,1643.3333568673763,5,3,12
B_N,1,1.0,17.5,600000,0897427f7cf261c7ddeef53c3ba513c61386ecdab3d41bdce1bc8983dbf45a58,18,11.301327348422795,32.096260451177066,0.3888888888888889,5.304428787777902,1538.043247462337,6,10.137315143261292,21.955102051224,0.5,3.954080627630901,1327.4630286522583,12,11.883333451003546,32.15470362114785,0.3333333333333333,5.979602867851402,1643.3333568673763,5,3,12
B_E,1,1.0,17.5,600001,23522ce041ea136085826f96458848b362ff3ebbe3e4cfa9dc1455d7fcaf97b6,12,5.285160588598255,10.534014168836762,0.5833333333333334,0.0,373.6987843863175,9,5.837367664446102,10.77912133018556,0.5555555555555556,0.0,478.5846440003317,3,3.628539361054709,4.697056274847714,0.6666666666666666,0.0,59.04120554427514,1,0,12
B_N,1,1.0,17.5,600001,23522ce041ea136085826f96458848b362ff3ebbe3e4cfa9dc1455d7fcaf97b6,12,5.285160588598255,10.534014168836762,0.5833333333333334,0.0,373.6987843863175,9,5.837367664446102,10.77912133018556,0.5555555555555556,0.0,478.5846440003317,3,3.628539361054709,4.697056274847714,0.6666666666666666,0.0,59.04120554427514,1,0,12
B_E,1,1.0,17.5,600002,8c6fc51f646d08435c063b42322d662a115765d4399867719af7e7525052bc15,13,6.985485460912477,12.32631092293607,0.3846153846153846,0.0346646590819895,674.0201691055723,9,7.149298742402113,12.773096170846271,0.4444444444444444,0.0500711742295405,718.7486373693114,4,6.616905577560795,10.32952240258414,0.25,0.0,573.3811155121591,1,0,12
B_N,1,1.0,17.5,600002,8c6fc51f646d08435c063b42322d662a115765d4399867719af7e7525052bc15,13,6.985485460912477,12.32631092293607,0.3846153846153846,0.0346646590819895,674.0201691055723,9,7.149298742402113,12.773096170846271,0.4444444444444444,0.0500711742295405,718.7486373693114,4,6.616905577560795,10.32952240258414,0.25,0.0,573.3811155121591,1,0,12
B_E,1,1.0,17.5,600003,5dfe46e38180ff0c51345ff6bbc34cdcb96b217c570a77309a88572ac6eac1a2,18,16.49179273045455,34.36757792525167,0.2777777777777778,9.74486356863579,2553.914101646465,9,15.738981736416598,31.51455121534297,0.3333333333333333,9.540249585888684,2414.463013949987,9,17.244603724492507,34.637910733763434,0.2222222222222222,9.949477551382897,2693.365189342945,8,3,12
B_N,1,1.0,17.5,600003,5dfe46e38180ff0c51345ff6bbc34cdcb96b217c570a77309a88572ac6eac1a2,18,16.49179273045455,34.36757792525167,0.2777777777777778,9.74486356863579,2553.914101646465,9,15.738981736416598,31.51455121534297,0.3333333333333333,9.540249585888684,2414.463013949987,9,17.244603724492507,34.637910733763434,0.2222222222222222,9.949477551382897,2693.365189342945,8,3,12
B_E,1,1.0,17.5,600004,513f5129c4b0971e4d541e27c2ff8379d6356f565921eca648c27e4971d6aba0,12,7.303041974031849,11.107346910203018,0.25,0.0,710.6083948063696,7,6.228720388627067,9.408327129600329,0.4285714285714285,0.0,531.4583634396988,5,8.807092193598542,11.864945382063928,0.0,0.0,961.4184387197084,1,0,12
B_N,1,1.0,17.5,600004,513f5129c4b0971e4d541e27c2ff8379d6356f565921eca648c27e4971d6aba0,12,7.303041974031849,11.107346910203018,0.25,0.0,710.6083948063696,7,6.228720388627067,9.408327129600329,0.4285714285714285,0.0,531.4583634396988,5,8.807092193598542,11.864945382063928,0.0,0.0,961.4184387197084,1,0,12
B_E,1,1.0,17.5,600005,a12452c6e327766f5c65d05d7b9555ff3f5e9df98456dd2083ffe214c402f9b6,20,18.64394390498471,35.76266829107254,0.05,9.881078755247293,2938.7887809969416,12,20.62915706150192,36.42955528604163,0.0833333333333333,11.537821748149025,3342.4980789670503,8,15.666124170208896,25.07444302936356,0.0,7.39596426589469,2333.224834041779,7,3,12
B_N,1,1.0,17.5,600005,a12452c6e327766f5c65d05d7b9555ff3f5e9df98456dd2083ffe214c402f9b6,20,18.64394390498471,35.76266829107254,0.05,9.881078755247293,2938.7887809969416,12,20.62915706150192,36.42955528604163,0.0833333333333333,11.537821748149025,3342.4980789670503,8,15.666124170208896,25.07444302936356,0.0,7.39596426589469,2333.224834041779,7,3,12
B_E,1,1.0,17.5,600006,3095f709eff87da4807398309898d9fe9e9937ef9824819ac522251ab4255ac5,15,9.497229663790764,19.42788684731771,0.3333333333333333,1.9481192411505617,1166.11259942482,11,9.215681867502834,14.864993357050636,0.2727272727272727,1.306485119942491,1097.681828046021,4,10.271486103582578,24.3578715617477,0.5,3.712613074472756,1354.2972207165155,2,1,12
B_N,1,1.0,17.5,600006,3095f709eff87da4807398309898d9fe9e9937ef9824819ac522251ab4255ac5,15,9.434297978760515,19.42788684731771,0.3333333333333333,1.9481192411505617,1153.52626241877,11,9.06713207274599,14.864993357050636,0.2727272727272727,1.306485119942491,1067.9718690946522,4,10.444004220300467,24.46138243177844,0.5,3.712613074472756,1388.8008440600936,2,1,12
B_E,1,1.0,17.5,600007,05c1a549237ce7d0b3a38908b18ac72709b1daae17943d860dc757fd33ac5431,5,3.377123616632825,4.508494466531301,0.8,0.0,35.424723326565086,3,3.0,3.0,1.0,0.0,0.0,2,3.942809041582064,4.791337179005921,0.5,0.0,88.56180831641271,1,0,12
B_N,1,1.0,17.5,600007,05c1a549237ce7d0b3a38908b18ac72709b1daae17943d860dc757fd33ac5431,5,3.377123616632825,4.508494466531301,0.8,0.0,35.424723326565086,3,3.0,3.0,1.0,0.0,0.0,2,3.942809041582064,4.791337179005921,0.5,0.0,88.56180831641271,1,0,12
B_E,1,1.0,17.5,600008,680a28069f3ec5309818c13110136066d92921852cb18deaf7e75b84128d3453,6,3.9162456945817024,7.123105625617661,0.8333333333333334,0.0,149.91580558300714,6,3.9162456945817024,7.123105625617661,0.8333333333333334,0.0,149.91580558300714,0,,,,,,1,0,12
B_N,1,1.0,17.5,600008,680a28069f3ec5309818c13110136066d92921852cb18deaf7e75b84128d3453,6,3.9162456945817024,7.123105625617661,0.8333333333333334,0.0,149.91580558300714,6,3.9162456945817024,7.123105625617661,0.8333333333333334,0.0,149.91580558300714,0,,,,,,1,0,12
B_E,1,1.0,17.5,600009,957b3d05ccbc6a6b768a5000c3f45dcceb45fd6e602cd7ae72b2f13fd669e272,14,8.368964524003946,12.562938429357866,0.2142857142857142,1.203884987222409,916.650047657932,10,8.92449121021571,12.902547117760571,0.2,1.6854389821113729,1024.898242043142,4,6.980147808474535,11.08149526088076,0.25,0.0,646.029561694907,2,0,12
B_N,1,1.0,17.5,600009,957b3d05ccbc6a6b768a5000c3f45dcceb45fd6e602cd7ae72b2f13fd669e272,14,8.292920807069128,12.226989711022108,0.2142857142857142,1.203884987222409,901.4413042709688,10,8.70109858626061,11.727475965761275,0.2,1.6854389821113729,980.219717252122,4,7.272476359090425,12.075412332974784,0.25,0.0,704.4952718180849,2,0,12
B_E,1,2.0,17.0,600000,7f438c1f3089a74c5dd6b3c10f3f49c4882c8500906de33a1311c843cba6e1f1,30,14.433235873717708,33.12842064834364,0.2333333333333333,7.248675117790359,2133.3138414102086,15,12.7537058679284,30.814033348236254,0.2666666666666666,6.0909997384679935,1804.0745069190136,15,16.112765879507023,34.30981938336615,0.2,8.406350497112726,2462.553175901404,7,0,12
B_N,1,2.0,17.0,600000,7f438c1f3089a74c5dd6b3c10f3f49c4882c8500906de33a1311c843cba6e1f1,30,14.433235873717708,33.12842064834364,0.2333333333333333,7.248675117790359,2133.3138414102086,15,12.7537058679284,30.814033348236254,0.2666666666666666,6.0909997384679935,1804.0745069190136,15,16.112765879507023,34.30981938336615,0.2,8.406350497112726,2462.553175901404,7,0,12
B_E,1,2.0,17.0,600001,237d11d2f0ab2c9c256199f8f61fbdd13eccc30b2ca360b7be6415ef65931855,27,7.43052123428799,11.43274042711568,0.2222222222222222,0.0,730.5486913020424,18,7.704064254006173,11.767829363048325,0.2777777777777778,0.0,796.3684063567903,9,6.883435194851625,9.278205277870311,0.1111111111111111,0.0,598.9092611925471,1,0,12
B_N,1,2.0,17.0,600001,237d11d2f0ab2c9c256199f8f61fbdd13eccc30b2ca360b7be6415ef65931855,27,7.43052123428799,11.43274042711568,0.2222222222222222,0.0,730.5486913020424,18,7.704064254006173,11.767829363048325,0.2777777777777778,0.0,796.3684063567903,9,6.883435194851625,9.278205277870311,0.1111111111111111,0.0,598.9092611925471,1,0,12
B_E,1,2.0,17.0,600002,2f8dc6679b9154f5d633afe913f0e1e08a5bfcf24325d978a7791b6058175e57,23,6.571786837971012,10.677011542293398,0.217391304347826,0.1338660867679763,557.8356284637675,10,6.610399412734031,10.697418943069293,0.4,0.3078919995663455,602.0798825468064,13,6.542084857384074,8.994282030955349,0.0769230769230769,0.0,523.80158686143,1,0,12
B_N,1,2.0,17.0,600002,2f8dc6679b9154f5d633afe913f0e1e08a5bfcf24325d978a7791b6058175e57,23,6.571786837971012,10.677011542293398,0.217391304347826,0.1338660867679763,557.8356284637675,10,6.610399412734031,10.697418943069293,0.4,0.3078919995663455,602.0798825468064,13,6.542084857384074,8.994282030955349,0.0769230769230769,0.0,523.80158686143,1,0,12
B_E,1,2.0,17.0,600003,2f6d4d09474d516eb109f93cc396c4b1ee59936df89b5d406b275a9eac0ded66,26,17.64363386219766,32.68195766876816,0.1538461538461538,8.964819638735767,2759.496003208762,14,16.915923209719445,33.01603614066982,0.2142857142857142,8.645487764926136,2626.041784801032,12,18.49262962342224,30.199444605251244,0.0833333333333333,9.337373491513668,2915.1925913511145,6,1,12
B_N,1,2.0,17.0,600003,2f6d4d09474d516eb109f93cc396c4b1ee59936df89b5d406b275a9eac0ded66,26,17.49115366838817,33.11492289743329,0.1923076923076923,8.964819638735767,2736.692272139172,14,17.149358601480202,33.01603614066982,0.2142857142857142,8.645487764926136,2672.7288631531837,12,17.889914579780793,31.61822744052673,0.1666666666666666,9.337373491513668,2811.316249289492,6,1,12
B_E,1,2.0,17.0,600004,293d5cef8e75b72b7e6f8abf94b9c4d54ca306c15c717b88d4b380c4a93d5e58,36,21.4218330376997,57.22247618638168,0.0833333333333333,12.683037652737564,3501.033274206606,21,21.19601693663831,56.74547582148232,0.1428571428571428,12.57389460049273,3467.7748158990908,15,21.73797557918565,56.07422205666725,0.0,12.835837925880332,3547.595115837129,9,8,12
B_N,1,2.0,17.0,600004,293d5cef8e75b72b7e6f8abf94b9c4d54ca306c15c717b88d4b380c4a93d5e58,36,21.4218330376997,57.22247618638168,0.0833333333333333,12.683037652737564,3501.033274206606,21,21.19601693663831,56.74547582148232,0.1428571428571428,12.57389460049273,3467.7748158990908,15,21.73797557918565,56.07422205666725,0.0,12.835837925880332,3547.595115837129,9,8,12
B_E,1,2.0,17.0,600005,5d2439a320e074787d4988e0a983c72769c883cb7dc39d7e5cdb90a36bb13ec3,31,15.801717380100408,30.551075730182266,0.1290322580645161,8.01655952523546,2386.149927632985,15,18.04811156361634,33.72047307097619,0.2,10.949086109075385,2849.622312723268,16,13.695722833054225,26.104027460620287,0.0625,5.267315852885531,1951.6445666108443,5,3,12
B_N,1,2.0,17.0,600005,5d2439a320e074787d4988e0a983c72769c883cb7dc39d7e5cdb90a36bb13ec3,31,15.801717380100408,30.551075730182266,0.1290322580645161,8.01655952523546,2386.149927632985,15,18.04811156361634,33.72047307097619,0.2,10.949086109075385,2849.622312723268,16,13.695722833054225,26.104027460620287,0.0625,5.267315852885531,1951.6445666108443,5,3,12
B_E,1,2.0,17.0,600006,5dde72acf364b64614be6d3207b019334d075e547495cbd5c6e26309cc5856f2,28,10.56982290467904,22.426236592923665,0.25,3.459048055258141,1363.964580935808,15,10.545450809674076,23.491690383049708,0.2666666666666666,2.781015904699355,1362.4234952681484,13,10.59794455276169,19.99266877138816,0.2307692307692307,4.241392844364432,1365.7427567061843,3,3,12
B_N,1,2.0,17.0,600006,5dde72acf364b64614be6d3207b019334d075e547495cbd5c6e26309cc5856f2,28,10.56982290467904,22.426236592923665,0.25,3.459048055258141,1363.964580935808,15,10.545450809674076,23.491690383049708,0.2666666666666666,2.781015904699355,1362.4234952681484,13,10.59794455276169,19.99266877138816,0.2307692307692307,4.241392844364432,1365.7427567061843,3,3,12
B_E,1,2.0,17.0,600007,a0dcb297df7bf1c666d3d7e092e104ff3efa2ab0a1db928e17a9ed60153fd706,16,5.413900824408493,8.822778796815255,0.375,0.0,357.78016488169874,9,5.587901687473448,9.278205277870311,0.5555555555555556,0.0,428.6914486058005,7,5.190185429039269,7.2596083814329715,0.1428571428571428,0.0,266.60851437928227,1,0,12
B_N,1,2.0,17.0,600007,a0dcb297df7bf1c666d3d7e092e104ff3efa2ab0a1db928e17a9ed60153fd706,16,5.413900824408493,8.822778796815255,0.375,0.0,357.78016488169874,9,5.587901687473448,9.278205277870311,0.5555555555555556,0.0,428.6914486058005,7,5.190185429039269,7.2596083814329715,0.1428571428571428,0.0,266.60851437928227,1,0,12
B_E,1,2.0,17.0,600008,930ceae1763c836b9f31d4024fa0b393d84ad420a03d83aee523caae84798b07,22,7.419438927768633,13.666666666666666,0.2727272727272727,0.0,738.4332400991811,15,7.614755318791127,13.666666666666666,0.4,0.0,802.9510637582257,7,7.000903804149003,8.497474167490214,0.0,0.0,600.1807608298004,1,0,12
B_N,1,2.0,17.0,600008,930ceae1763c836b9f31d4024fa0b393d84ad420a03d83aee523caae84798b07,22,7.419438927768633,13.666666666666666,0.2727272727272727,0.0,738.4332400991811,15,7.614755318791127,13.666666666666666,0.4,0.0,802.9510637582257,7,7.000903804149003,8.497474167490214,0.0,0.0,600.1807608298004,1,0,12
B_E,1,2.0,17.0,600009,0903433006f73e0770a847843cef668fd17e5b330a871b0dedab904cc2c43993,23,6.591322879538541,12.579405909848187,0.391304347826087,0.0,596.5254454729259,13,7.432458107149956,12.32631092293607,0.3846153846153846,0.0,763.4146983530682,10,5.497847083643705,10.502078017417436,0.4,0.0,379.5694167287408,1,0,12
B_N,1,2.0,17.0,600009,0903433006f73e0770a847843cef668fd17e5b330a871b0dedab904cc2c43993,23,6.591322879538541,12.579405909848187,0.391304347826087,0.0,596.5254454729259,13,7.432458107149956,12.32631092293607,0.3846153846153846,0.0,763.4146983530682,10,5.497847083643705,10.502078017417436,0.4,0.0,379.5694167287408,1,0,12
B_E,1,4.0,16.0,600000,22079c56fcde7fec9ab08bf99d95bb07037249974b1a266d2b90f2077ecc745b,57,25.116512019874136,71.02780794468117,0.1578947368421052,16.428618696740223,4254.881351343248,31,22.875147526934985,60.09526301951898,0.1935483870967742,14.22518322787472,3813.739182806353,26,27.78890814607081,71.2902776055231,0.1153846153846153,19.05579175577217,4780.858552291085,9,8,12
B_N,1,4.0,16.0,600000,22079c56fcde7fec9ab08bf99d95bb07037249974b1a266d2b90f2077ecc745b,57,25.116512019874136,71.02780794468117,0.1578947368421052,16.428618696740223,4254.881351343248,31,22.875147526934985,60.09526301951898,0.1935483870967742,14.22518322787472,3813.739182806353,26,27.78890814607081,71.2902776055231,0.1153846153846153,19.05579175577217,4780.858552291085,9,8,12
B_E,1,4.0,16.0,600001,d641eb9591b268e4cce45d69662389973a46802117dc63e92a1113c0f7c980a0,52,13.401579280512626,44.70758107301885,0.2307692307692307,5.577892778606138,1926.469702256372,35,15.180185632165175,43.542733856990566,0.2,6.510149174698537,2276.0371264330347,17,9.739742674169149,31.304970149049492,0.2941176470588235,3.658541374886494,1206.7720642455947,7,6,12
B_N,1,4.0,16.0,600001,d641eb9591b268e4cce45d69662389973a46802117dc63e92a1113c0f7c980a0,52,13.428724829699124,45.29312940580391,0.2307692307692307,5.577892778606138,1931.8988120936704,35,15.217363304088035,43.93309941218062,0.2,6.510149174698537,2283.4726608176074,17,9.746233853016069,31.32704015712902,0.2941176470588235,3.658541374886494,1208.0703000149786,7,6,12
B_E,1,4.0,16.0,600002,502d9ca6efe93ec719fda25e91c50b94c432df459ef2dddd293e729e03581474,46,11.057974736284846,23.30186621492398,0.1521739130434782,3.234461950469109,1442.0297298656646,22,12.026048240625364,23.157906202398344,0.1818181818181818,4.272330437173381,1641.5732844887089,24,10.170574023972708,22.302644220397248,0.125,2.283082504323526,1259.114804794541,5,2,12
B_N,1,4.0,16.0,600002,502d9ca6efe93ec719fda25e91c50b94c432df459ef2dddd293e729e03581474,46,11.057974736284846,23.30186621492398,0.1521739130434782,3.234461950469109,1442.0297298656646,22,12.026048240625364,23.157906202398344,0.1818181818181818,4.272330437173381,1641.5732844887089,24,10.170574023972708,22.302644220397248,0.125,2.283082504323526,1259.114804794541,5,2,12
B_E,1,4.0,16.0,600003,65b4f9c0df876e1fd5119d32507a5e5b732d531d4003f17bb88df450eb7d4bc4,52,16.748226062581374,36.26048500980474,0.173076923076923,9.292309265422425,2580.615825198241,28,18.174537105021525,33.95763312104735,0.2142857142857142,10.36789592162651,2870.995701699386,24,15.084196513067871,36.89114999078477,0.125,8.037458166517657,2241.839302613574,6,3,12
B_N,1,4.0,16.0,600003,65b4f9c0df876e1fd5119d32507a5e5b732d531d4003f17bb88df450eb7d4bc4,52,16.41558349368887,36.26048500980474,0.173076923076923,9.104601240397711,2514.087311419741,28,17.89540585822624,33.95763312104735,0.2142857142857142,10.193595612674992,2815.169452340329,24,14.689124068395278,36.89114999078477,0.125,7.834107806074219,2162.8248136790558,6,3,12
B_E,1,4.0,16.0,600004,9978e89c3f95c9e46607b5531d1282574075aab31862fdcd7774d0dc4755a416,70,70.83342716780157,258.3025780701155,0.1,62.34033861846505,13385.34950895465,39,80.38031436473047,258.15316495223306,0.1025641025641025,71.36094463007667,15294.177880064131,31,58.82282714585877,254.21049328059945,0.0967741935483871,50.99183428127623,10983.92026788143,20,20,12
B_N,1,4.0,16.0,600004,9978e89c3f95c9e46607b5531d1282574075aab31862fdcd7774d0dc4755a416,70,70.9973298447173,258.3025780701155,0.1,62.434009980137176,13418.130044337797,39,80.48871626270267,258.15316495223306,0.1025641025641025,71.48704069386608,15315.858259658571,31,59.056553383380894,254.21049328059945,0.0967741935483871,51.04471327576856,11030.665515385856,20,20,12
B_E,1,4.0,16.0,600005,832d0f76c7c4717807e29b156c91a32efada1b06cadc21c37f2ff1ea0cfa406a,50,22.59809194347583,56.096352738147296,0.08,13.554415718001692,3735.618388695166,28,23.834784087495272,56.49114347746828,0.1071428571428571,14.307755017291388,3988.3853889276265,22,21.024120123814704,53.65532208642281,0.0454545454545454,12.59562024617844,3413.914933853851,7,6,12
B_N,1,4.0,16.0,600005,832d0f76c7c4717807e29b156c91a32efada1b06cadc21c37f2ff1ea0cfa406a,50,22.59809194347583,56.096352738147296,0.08,13.554415718001692,3735.618388695166,28,23.834784087495272,56.49114347746828,0.1071428571428571,14.307755017291388,3988.3853889276265,22,21.024120123814704,53.65532208642281,0.0454545454545454,12.59562024617844,3413.914933853851,7,6,12
B_E,1,4.0,16.0,600006,470f81e7ff02dfc8605974eedf017d91f6cc9d0a7ed72f7658295f1066b75ac5,50,15.1016177863124,33.97096831887659,0.2,7.685236429378128,2260.3235572624803,29,15.518998911312666,33.69934958086293,0.2413793103448276,7.90189957792684,2352.0756443314986,21,14.525234327978705,32.5926431586208,0.1428571428571428,7.386034938525145,2133.618294167169,6,5,12
B_N,1,4.0,16.0,600006,470f81e7ff02dfc8605974eedf017d91f6cc9d0a7ed72f7658295f1066b75ac5,50,15.1016177863124,33.97096831887659,0.2,7.685236429378128,2260.3235572624803,29,15.518998911312666,33.69934958086293,0.2413793103448276,7.90189957792684,2352.0756443314986,21,14.525234327978705,32.5926431586208,0.1428571428571428,7.386034938525145,2133.618294167169,6,5,12
B_E,1,4.0,16.0,600007,64a68f0dbc3824179160fe2f0d2f94c09e3b9fe0ae0d71ab34c8dab8ac1d98c5,43,7.142612138177804,12.630559058136535,0.3255813953488372,0.4730648180667167,693.6387067053281,22,7.394614658724016,11.351038039999413,0.4545454545454545,0.9129028684130224,769.8320226538941,21,6.878609497605582,12.706813185707356,0.1904761904761904,0.0122820986563012,613.8171376163543,1,1,12
B_N,1,4.0,16.0,600007,64a68f0dbc3824179160fe2f0d2f94c09e3b9fe0ae0d71ab34c8dab8ac1d98c5,43,7.142612138177804,12.630559058136535,0.3255813953488372,0.4730648180667167,693.6387067053281,22,7.394614658724016,11.351038039999413,0.4545454545454545,0.9129028684130224,769.8320226538941,21,6.878609497605582,12.706813185707356,0.1904761904761904,0.0122820986563012,613.8171376163543,1,1,12
B_E,1,4.0,16.0,600008,a5cf8beb682a862143e399584eb7e4450ca622086ba5746999af8b2a6bb757b0,48,13.238244434035778,32.355245130898375,0.25,5.578018894904592,1897.648886807156,29,12.40171548065292,28.554682165943422,0.3103448275862069,4.982550954952252,1742.4120616478256,19,14.515051783935922,35.89597368739956,0.1578947368421052,6.486891013779218,2134.589304155606,7,0,12
B_N,1,4.0,16.0,600008,a5cf8beb682a862143e399584eb7e4450ca622086ba5746999af8b2a6bb757b0,48,13.238244434035778,32.355245130898375,0.25,5.578018894904592,1897.648886807156,29,12.40171548065292,28.554682165943422,0.3103448275862069,4.982550954952252,1742.4120616478256,19,14.515051783935922,35.89597368739956,0.1578947368421052,6.486891013779218,2134.589304155606,7,0,12
B_E,1,4.0,16.0,600009,7efc9c5d4900ebf7c215b256cfab7717e5c7b6e94f7210f91b047746b0324b3c,49,13.764011642777117,31.993737609685343,0.1836734693877551,5.687483882059477,1989.537022432975,27,14.373074564283716,32.20359165992176,0.2222222222222222,5.872058442695965,2119.0593573011874,22,13.016525330019029,29.708572731085777,0.1363636363636363,5.460960557641969,1830.577793276532,5,2,12
B_N,1,4.0,16.0,600009,7efc9c5d4900ebf7c215b256cfab7717e5c7b6e94f7210f91b047746b0324b3c,49,13.764011642777117,31.993737609685343,0.1836734693877551,5.687483882059477,1989.537022432975,27,14.373074564283716,32.20359165992176,0.2222222222222222,5.872058442695965,2119.0593573011874,22,13.016525330019029,29.708572731085777,0.1363636363636363,5.460960557641969,1830.577793276532,5,2,12
B_E,1,5.0,15.483333333333333,600000,4c917385b9016109424b914a72ebe2c580332d5b0d33bae38ebc086505c84abc,73,45.0675712793643,225.13199582118338,0.1780821917808219,36.90434323152195,8249.130694229025,37,44.982229678463554,138.8643623144613,0.24324324324324326,36.98260285012441,8245.09458434136,36,45.15528348029007,224.74032928430393,0.1111111111111111,36.823909734624976,8253.278918280237,15,12,12
B_N,1,5.0,15.483333333333333,600000,4c917385b9016109424b914a72ebe2c580332d5b0d33bae38ebc086505c84abc,73,45.0675712793643,225.13199582118338,0.1780821917808219,36.90434323152195,8249.130694229025,37,44.982229678463554,138.8643623144613,0.24324324324324326,36.98260285012441,8245.09458434136,36,45.15528348029007,224.74032928430393,0.1111111111111111,36.823909734624976,8253.278918280237,15,12,12
B_E,1,5.0,15.483333333333333,600001,463675e56fdd9a3e16e610383749d6a24e0dfcf3f59912f5d411ace094b9fa2c,65,24.360065767662864,79.33596240503034,0.18461538461538463,16.899741855810078,4108.93623045565,41,32.565385925959916,215.74584191594477,0.1951219512195122,24.908149444258548,5752.101575435886,24,10.342643830572072,25.28441640677804,0.16666666666666666,3.218712225543944,1301.8620994477478,7,7,12
B_N,1,5.0,15.483333333333333,600001,463675e56fdd9a3e16e610383749d6a24e0dfcf3f59912f5d411ace094b9fa2c,65,24.360065767662864,79.33596240503034,0.18461538461538463,16.899741855810078,4108.93623045565,41,32.565385925959916,215.74584191594477,0.1951219512195122,24.908149444258548,5752.101575435886,24,10.342643830572072,25.28441640677804,0.16666666666666666,3.218712225543944,1301.8620994477478,7,7,12
B_E,1,5.0,15.483333333333333,600002,91f1911b3a7076586da9797a7fe89d85f0b121a0bf72c75c221e87b13127c935,58,15.84243947806135,39.28291689284552,0.1724137931034483,7.979566198318558,2402.9706542329595,27,15.568103242300102,32.90513795504373,0.18518518518518517,7.354438345533034,2350.6576854970576,31,16.081377489853402,45.06424337814424,0.16129032258064516,8.524032392680144,2448.53356248681,6,5,12
B_N,1,5.0,15.483333333333333,600002,91f1911b3a7076586da9797a7fe89d85f0b121a0bf72c75c221e87b13127c935,58,15.84243947806135,39.28291689284552,0.1724137931034483,7.979566198318558,2402.9706542329595,27,15.568103242300102,32.90513795504373,0.18518518518518517,7.354438345533034,2350.6576854970576,31,16.081377489853402,45.06424337814424,0.16129032258064516,8.524032392680144,2448.53356248681,6,5,12
B_E,1,5.0,15.483333333333333,600003,4b5ebb9f58f2614a0b21ce9e8afa0d0c19638918eee35cf9216c4215f04c12c1,66,40.92997920523898,176.49902236336584,0.12121212121212122,33.44527566220098,7410.238265290223,36,36.65268814704058,103.92491415166653,0.16666666666666666,28.96430418349458,6563.870962741451,30,46.06272847507708,207.30729079943438,0.06666666666666667,38.82244143664866,8425.87902834875,11,11,12
B_N,1,5.0,15.483333333333333,600003,4b5ebb9f58f2614a0b21ce9e8afa0d0c19638918eee35cf9216c4215f04c12c1,66,40.92997920523898,176.49902236336584,0.12121212121212122,33.44527566220098,7410.238265290223,36,36.65268814704058,103.92491415166653,0.16666666666666666,28.96430418349458,6563.870962741451,30,46.06272847507708,207.30729079943438,0.06666666666666667,38.82244143664866,8425.87902834875,11,11,12
B_E,1,5.0,15.483333333333333,600004,bf0b05eabe9d07fc0b88b40c1298ece4b98cb19c0d5e53eec167a3f7193ceeec,82,91.07938307488685,269.0397934636386,0.0975609756097561,83.07903377149519,17435.388810099317,46,107.88480128397568,269.1261650606967,0.08695652173913043,99.34291324049343,20794.351561142965,36,69.6057931410511,263.05295960145304,0.1111111111111111,62.297410005553,13143.38085043244,25,25,12
B_N,1,5.0,15.483333333333333,600004,bf0b05eabe9d07fc0b88b40c1298ece4b98cb19c0d5e53eec167a3f7193ceeec,82,91.07938307488685,269.0397934636386,0.0975609756097561,83.07903377149519,17435.388810099317,46,107.88480128397568,269.1261650606967,0.08695652173913043,99.34291324049343,20794.351561142965,36,69.6057931410511,263.05295960145304,0.1111111111111111,62.297410005553,13143.38085043244,25,25,12
B_E,1,5.0,15.483333333333333,600005,c3062494c28c8ffd622f34ffacd1ae57cf0cb9fe182765e7211bac4c4c82f30e,59,40.57545680746411,241.58765590287112,0.1016949152542373,32.68821148358466,7335.430344543669,34,56.20507461737253,247.89304931854312,0.14705882352941177,47.93418045102975,10470.426688180389,25,19.319176585988647,47.32668174792317,0.04,11.95369368785934,3071.8353171977296,9,6,12
B_N,1,5.0,15.483333333333333,600005,c3062494c28c8ffd622f34ffacd1ae57cf0cb9fe182765e7211bac4c4c82f30e,59,40.57545680746411,241.58765590287112,0.1016949152542373,32.68821148358466,7335.430344543669,34,56.20507461737253,247.89304931854312,0.14705882352941177,47.93418045102975,10470.426688180389,25,19.319176585988647,47.32668174792317,0.04,11.95369368785934,3071.8353171977296,9,6,12
B_E,1,5.0,15.483333333333333,600006,f430c59f13c640f363cb8f934e4fa577e76b8c0ef2a74d42bce188a3b8637191,65,30.930456105723653,191.65534306470377,0.2,23.481510895932914,5426.091221144731,36,25.353596420781706,80.7594230912345,0.2222222222222222,17.115065383053256,4315.163728600786,29,37.85345433530676,227.2008200262731,0.1724137931034483,31.384684636059383,6805.173625682041,10,9,12
B_N,1,5.0,15.483333333333333,600006,f430c59f13c640f363cb8f934e4fa577e76b8c0ef2a74d42bce188a3b8637191,65,30.930456105723653,191.65534306470377,0.2,23.481510895932914,5426.091221144731,36,25.353596420781706,80.7594230912345,0.2222222222222222,17.115065383053256,4315.163728600786,29,37.85345433530676,227.2008200262731,0.1724137931034483,31.384684636059383,6805.173625682041,10,9,12
B_E,1,5.0,15.483333333333333,600007,b237261b8d610cd31adf44b4adb9debd9861decc9636f6e2497452569235c9c7,53,11.73808498937295,33.324138316005644,0.32075471698113206,4.998451050709882,1611.7679412708164,29,12.672752476251693,36.65409358165002,0.4482758620689655,6.017513084916071,1824.2056676641319,24,10.608695109394471,30.97229893004997,0.16666666666666666,3.7670844260440695,1355.0723552122274,7,6,12
B_N,1,5.0,15.483333333333333,600007,b237261b8d610cd31adf44b4adb9debd9861decc9636f6e2497452569235c9c7,53,11.81851004454148,33.324138316005644,0.3018867924528302,4.998451050709882,1624.0793673988624,29,12.862320550992736,36.65409358165002,0.41379310344827586,6.017513084916071,1855.2227308882022,24,10.557239015912883,30.97229893004997,0.16666666666666666,3.7670844260440695,1344.7811365159098,7,6,12
B_E,1,5.0,15.483333333333333,600008,dfad5bcfd9374503bb49794847d2caa6cfc5bd6e59f7802ba7cb527d6945e3db,55,25.526405974987718,102.25186219367791,0.2545454545454545,17.72487644928637,4356.190285906634,35,26.755014639310453,102.40241876577397,0.3142857142857143,18.790638736027592,4613.860070719234,20,23.376340812422928,49.83688957063344,0.15,15.859792447489236,3905.2681624845854,6,5,12
B_N,1,5.0,15.483333333333333,600008,dfad5bcfd9374503bb49794847d2caa6cfc5bd6e59f7802ba7cb527d6945e3db,55,25.526405974987718,102.25186219367791,0.2545454545454545,17.72487644928637,4356.190285906634,35,26.755014639310453,102.40241876577397,0.3142857142857143,18.790638736027592,4613.860070719234,20,23.376340812422928,49.83688957063344,0.15,15.859792447489236,3905.2681624845854,6,5,12
B_E,1,5.0,15.483333333333333,600009,0f1e43d9b0b416351b345c113ff60904e7bd7386cb630c6904b43066bf5a33db,60,20.77462262766694,64.96161332381114,0.13333333333333333,12.366152539517982,3381.5911922000546,34,24.7266526086771,78.18977434082656,0.14705882352941177,16.39005472940634,4174.742286441302,26,15.606583421730575,45.0198114859033,0.11538461538461539,7.1041265988947435,2344.3936074230387,6,5,12
B_N,1,5.0,15.483333333333333,600009,0f1e43d9b0b416351b345c113ff60904e7bd7386cb630c6904b43066bf5a33db,60,20.77462262766694,64.96161332381114,0.13333333333333333,12.366152539517982,3381.5911922000546,34,24.7266526086771,78.18977434082656,0.14705882352941177,16.39005472940634,4174.742286441302,26,15.606583421730575,45.0198114859033,0.11538461538461539,7.1041265988947435,2344.3936074230387,6,5,12
B_E,1,6.0,14.983333333333333,600000,bd407acff17c2312a5e1ec4e2d1e5e0c1792196ec53b69165c1e9408f6216593,85,58.41965314467627,233.1581951459931,0.15294117647058825,50.52292310662931,10914.518864229374,43,64.18841188723005,232.08765361479033,0.18604651162790697,55.944949144937624,12074.891679771592,42,52.513543003490256,231.79070691552386,0.11904761904761904,44.97180121026603,9726.518124507575,19,19,12
B_N,1,6.0,14.983333333333333,600000,bd407acff17c2312a5e1ec4e2d1e5e0c1792196ec53b69165c1e9408f6216593,85,58.41965314467627,233.1581951459931,0.15294117647058825,50.52292310662931,10914.518864229374,43,64.18841188723005,232.08765361479033,0.18604651162790697,55.944949144937624,12074.891679771592,42,52.513543003490256,231.79070691552386,0.11904761904761904,44.97180121026603,9726.518124507575,19,19,12
B_E,1,6.0,14.983333333333333,600001,405c4e1779f2d156f42ca1da375244023017e89d86074ddc4fdaf3fee4e6fa75,75,47.82815305493972,224.51976565798523,0.17333333333333334,40.32246202025019,8800.29727765461,48,57.46269669350585,229.59869278035694,0.16666666666666666,49.40274580658282,10725.872672034502,27,30.700075475266612,196.3126125339379,0.18518518518518517,24.17973528899219,5377.05213209036,14,14,12
B_N,1,6.0,14.983333333333333,600001,405c4e1779f2d156f42ca1da375244023017e89d86074ddc4fdaf3fee4e6fa75,75,47.81835250770446,224.51976565798523,0.17333333333333334,40.32246202025019,8798.337168207556,48,57.40154531309698,229.59869278035694,0.16666666666666666,49.40274580658282,10713.64239595273,27,30.781565298117748,196.3126125339379,0.18518518518518517,24.17973528899219,5393.350096660586,14,14,12
B_E,1,6.0,14.983333333333333,600002,42eff4d8f91fa7514e1de0eef6f2a0b4715956e74f62630bb8071fccbbf9833a,66,39.671382194455624,202.04346866412175,0.18181818181818182,32.08125334241799,7170.6400752547615,31,30.151960318816002,132.08902667238075,0.22580645161290322,22.039654048614114,5275.5533540857805,35,48.10287014145072,208.73074608825263,0.14285714285714285,40.97524128835856,8849.145456861572,11,10,12
B_N,1,6.0,14.983333333333333,600002,42eff4d8f91fa7514e1de0eef6f2a0b4715956e74f62630bb8071fccbbf9833a,66,39.671382194455624,202.04346866412175,0.18181818181818182,32.08125334241799,7170.6400752547615,31,30.151960318816002,132.08902667238075,0.22580645161290322,22.039654048614114,5275.5533540857805,35,48.10287014145072,208.73074608825263,0.14285714285714285,40.97524128835856,8849.145456861572,11,10,12
B_E,1,6.0,14.983333333333333,600003,6969554a6e2f303cf1e24275475bdbc6c40da89625d99181059df59a6423c015,74,51.605344319252325,216.98002746475746,0.10810810810810811,43.5269551725923,9542.690485472087,40,49.4515426380853,211.90558074655425,0.15,41.54992726416822,9120.30852761706,34,54.13922865003709,225.66318749568904,0.058823529411764705,45.852870358973576,10039.610435889768,14,13,12
B_N,1,6.0,14.983333333333333,600003,6969554a6e2f303cf1e24275475bdbc6c40da89625d99181059df59a6423c015,74,51.605344319252325,216.98002746475746,0.10810810810810811,43.5269551725923,9542.690485472087,40,49.4515426380853,211.90558074655425,0.15,41.54992726416822,9120.30852761706,34,54.13922865003709,225.66318749568904,0.058823529411764705,45.852870358973576,10039.610435889768,14,13,12
B_E,1,6.0,14.983333333333333,600004,e6f958c664dad75bf5903180ceecc0c588ecbb5b452345152b12b1d77e720556,93,102.22104510801935,290.2533521416962,0.043010752688172046,93.73870347394725,19652.811172141504,54,111.27474897939757,290.7312736871139,0.07407407407407407,102.73578858478113,21469.764610694325,39,89.68514743995723,274.93874608598844,0.0,81.28120101279264,17137.029487991447,29,29,12
B_N,1,6.0,14.983333333333333,600004,e6f958c664dad75bf5903180ceecc0c588ecbb5b452345152b12b1d77e720556,93,102.22104510801935,290.2533521416962,0.043010752688172046,93.73870347394725,19652.811172141504,54,111.27474897939757,290.7312736871139,0.07407407407407407,102.73578858478113,21469.764610694325,39,89.68514743995723,274.93874608598844,0.0,81.28120101279264,17137.029487991447,29,29,12
B_E,1,6.0,14.983333333333333,600005,35dcd17d39255c79b765a8ec85b4a17d3d697a39012f3850dbdad6ddb33c9eeb,71,61.40819884931218,240.98153740796624,0.14084507042253522,53.49805774863202,11509.808783946943,41,72.21702566962806,237.43776925457496,0.14634146341463414,63.75128242618116,13672.673426608539,30,46.63613552821382,240.49914542766714,0.13333333333333333,39.485317355981536,8553.893772309431,13,13,12
B_N,1,6.0,14.983333333333333,600005,35dcd17d39255c79b765a8ec85b4a17d3d697a39012f3850dbdad6ddb33c9eeb,71,61.43454860024989,240.98153740796624,0.14084507042253522,53.49805774863202,11515.078734134484,41,72.21702566962806,237.43776925457496,0.14634146341463414,63.75128242618116,13672.673426608539,30,46.69849660543306,240.49914542766714,0.13333333333333333,39.485317355981536,8566.36598775328,13,13,12
B_E,1,6.0,14.983333333333333,600006,7f814074419b8cadcda07d77219c8259e81655a2e496d73ee59893f71415a212,80,55.849725780492726,235.24415033009663,0.175,48.028731557631545,10404.945156098544,42,44.11536636472578,215.86222538886952,0.21428571428571427,35.75975173867465,8065.9304158023,38,68.81928092423513,240.33877658776333,0.13157894736842105,61.58918293647864,12990.17197432071,17,17,12
B_N,1,6.0,14.983333333333333,600006,7f814074419b8cadcda07d77219c8259e81655a2e496d73ee59893f71415a212,80,55.849725780492726,235.24415033009663,0.175,48.028731557631545,10404.945156098544,42,44.11536636472578,215.86222538886952,0.21428571428571427,35.75975173867465,8065.9304158023,38,68.81928092423513,240.33877658776333,0.13157894736842105,61.58918293647864,12990.17197432071,17,17,12
B_E,1,6.0,14.983333333333333,600007,52e68e71743a46eb82c86ba8cd87be7e21c24dffa881eeaa02c3584d70767aa3,63,24.881076409810376,173.535219328107,0.30158730158730157,18.162163512264787,4236.532742279535,33,24.500868660183723,118.76433100976413,0.3939393939393939,17.336633573158355,4178.961610824623,30,25.299304934399697,126.57695071842736,0.2,19.070246445281857,4299.86098687994,6,5,12
B_N,1,6.0,14.983333333333333,600007,52e68e71743a46eb82c86ba8cd87be7e21c24dffa881eeaa02c3584d70767aa3,63,25.26838269200187,173.535219328107,0.2857142857142857,18.529512172714078,4310.819395543232,33,24.961724050195496,118.76433100976413,0.36363636363636365,17.641724389665768,4265.072082766371,30,25.605707197988885,127.7797107462696,0.2,19.50607873406722,4361.141439597777,6,5,12
B_E,1,6.0,14.983333333333333,600008,518341d870cc3e13ba633e086104b40e9fb9d54c2b51e29744dbf9bb7d64b561,65,54.05347476787857,241.50810299532782,0.16923076923076924,46.38404716925714,10044.541107421868,41,56.37205073653853,241.56978875192,0.1951219512195122,48.486494157755594,10513.434537551608,24,50.09257415475114,216.47318122172433,0.125,42.792366897238935,9243.514830950227,13,12,12
B_N,1,6.0,14.983333333333333,600008,518341d870cc3e13ba633e086104b40e9fb9d54c2b51e29744dbf9bb7d64b561,65,54.05347476787857,241.50810299532782,0.16923076923076924,46.38404716925714,10044.541107421868,41,56.37205073653853,241.56978875192,0.1951219512195122,48.486494157755594,10513.434537551608,24,50.09257415475114,216.47318122172433,0.125,42.792366897238935,9243.514830950227,13,12,12
B_E,1,6.0,14.983333333333333,600009,53b853c6b6c2f746f1d5a6dfe86147275097eda5db527ff7d47ac7fffb587bc8,70,41.71519625056251,215.15563212238698,0.21428571428571427,34.482795370015396,7584.716669792139,40,42.42789997050786,217.76603301614995,0.25,35.07984863017536,7733.5154785409395,30,40.7649246239687,205.60600253961147,0.16666666666666666,33.686724356468766,7386.318258127076,11,11,12
B_N,1,6.0,14.983333333333333,600009,53b853c6b6c2f746f1d5a6dfe86147275097eda5db527ff7d47ac7fffb587bc8,70,41.65061292699479,215.15563212238698,0.2,34.49766232674343,7568.942862221454,40,42.72147585069919,217.76603301614995,0.225,35.10586580444942,7787.230654579206,30,40.22279569538894,205.60600253961147,0.16666666666666666,33.686724356468766,7277.892472411119,11,11,12
B_E,1,8.0,13.883333333333333,600000,b220a068001c5856905cfe92fce3c68569131829cbe40571bad96431704c2ecc,99,78.67875680636413,242.13552451514988,0.1414141414141414,70.7314500804104,14964.034189555658,52,82.68527270141833,240.1091267505686,0.173076923076923,74.59896531138558,15771.669924899054,47,74.24601581609141,244.34581039942827,0.1063829787234042,66.45249705890595,14070.479758962963,26,25,12
B_N,1,8.0,13.883333333333333,600000,b220a068001c5856905cfe92fce3c68569131829cbe40571bad96431704c2ecc,99,78.67955983670936,242.13552451514988,0.1414141414141414,70.7314500804104,14964.1947956247,52,82.68527270141833,240.1091267505686,0.173076923076923,74.59896531138558,15771.669924899054,47,74.247707305542,244.34581039942827,0.1063829787234042,66.45249705890595,14070.818056853082,26,25,12
B_E,1,8.0,13.883333333333333,600001,c8a4bb4395d56fa7b80e81d6d4417c84f1ae8eb5f86bd4c74438eb2f538b1d80,99,78.12837584579593,251.7951312485138,0.1818181818181818,71.18897675227991,14862.038805522823,62,79.9798866672352,251.6301895483357,0.2258064516129032,72.96890026673411,15241.13862376962,37,75.02584419905988,251.6487347236697,0.1081081081081081,68.20640221454586,14226.790461433598,30,30,12
B_N,1,8.0,13.883333333333333,600001,c8a4bb4395d56fa7b80e81d6d4417c84f1ae8eb5f86bd4c74438eb2f538b1d80,99,78.17143168341141,251.7951312485138,0.1717171717171717,71.18897675227991,14868.62977102572,62,80.06855560542053,251.6301895483357,0.2096774193548387,72.96890026673411,15255.646604955073,37,74.9924672735583,251.6487347236697,0.1081081081081081,68.20640221454586,14220.115076333284,30,30,12
B_E,1,8.0,13.883333333333333,600002,c923ca2b7b1115618c21ada63c6e320585df1aa746f8242716f5279e4d943a36,85,63.03338423287263,222.79810711305325,0.2117647058823529,56.4711029357086,11849.029787751,42,53.76839511817081,222.9613714584131,0.2619047619047619,46.7031664386093,10006.059976015114,43,72.08290848444186,219.3844182308152,0.1627906976744186,66.01187811892187,13649.139836423255,21,21,12
B_N,1,8.0,13.883333333333333,600002,c923ca2b7b1115618c21ada63c6e320585df1aa746f8242716f5279e4d943a36,85,64.87184223730871,222.79810711305325,0.188235294117647,58.05087513221677,12212.015506285274,42,56.48987404249252,222.9613714584131,0.2142857142857142,48.94742197318729,10540.831951355647,43,73.05888093922222,219.3844182308152,0.1627906976744186,66.94262007824558,13844.334327379329,21,21,12
B_E,1,8.0,13.883333333333333,600003,616ddaef375ba19e9438b669ed9d85c1f4ed4b5c3fc379b7c8c87071f51d8829,91,70.09151402407926,235.6372487714869,0.1538461538461538,62.60763447416596,13249.072035585084,52,71.72209656502422,227.13671817245424,0.1923076923076923,64.31877529608265,13582.880851466383,39,67.91740396948596,240.2704216646144,0.1025641025641025,60.32611337827704,12803.993614410012,21,21,12
B_N,1,8.0,13.883333333333333,600003,616ddaef375ba19e9438b669ed9d85c1f4ed4b5c3fc379b7c8c87071f51d8829,91,69.94356786825588,235.6372487714869,0.1648351648351648,62.69791368141183,13221.68060661821,52,71.85316241502184,227.13671817245424,0.1923076923076923,64.36837028498555,13609.094021465908,39,67.39744180590124,240.2704216646144,0.1282051282051282,60.47063820998021,12705.129386821274,21,21,12
B_E,1,8.0,13.883333333333333,600004,fd6260d16be5888fa2fbf80906af3fa6977815d8c31eccd3fa8bfa7b487d0893,119,132.66740916039765,312.90042920750966,0.0840336134453781,125.175084917481,25750.2885547686,67,132.9556347124044,313.2522383213383,0.1044776119402985,125.0108329231325,25812.022464868944,52,132.296041622235,309.24927390215504,0.0576923076923076,125.38671729481464,25670.746785985462,46,46,12
B_N,1,8.0,13.883333333333333,600004,fd6260d16be5888fa2fbf80906af3fa6977815d8c31eccd3fa8bfa7b487d0893,119,132.66740916039765,312.90042920750966,0.0840336134453781,125.175084917481,25750.2885547686,67,132.9556347124044,313.2522383213383,0.1044776119402985,125.0108329231325,25812.022464868944,52,132.296041622235,309.24927390215504,0.0576923076923076,125.38671729481464,25670.746785985462,46,46,12
B_E,1,8.0,13.883333333333333,600005,45288986601e4852972212ca41246475f58cdb21a6bce2cfd2fe3e6a742089e2,95,92.69329537252148,280.63527219665565,0.1684210526315789,85.31565619995955,17770.827852576887,53,105.79469177643202,286.65798308215847,0.2075471698113207,98.13500187126384,20397.731448058035,42,76.16058086282482,268.9901691410672,0.119047619047619,69.13886285283748,14455.925696374485,29,29,12
B_N,1,8.0,13.883333333333333,600005,45288986601e4852972212ca41246475f58cdb21a6bce2cfd2fe3e6a742089e2,95,92.69329537252148,280.63527219665565,0.1684210526315789,85.31565619995955,17770.827852576887,53,105.79469177643202,286.65798308215847,0.2075471698113207,98.13500187126384,20397.731448058035,42,76.16058086282482,268.9901691410672,0.119047619047619,69.13886285283748,14455.925696374485,29,29,12
B_E,1,8.0,13.883333333333333,600006,93969583545fcc1f344ffdc14960433830f8ab55c5e13b04c722bfdc19b72812,99,82.71598939241977,252.0790631485198,0.1919191919191919,75.85128954351379,15781.581716867797,53,78.61245562070954,253.5102307374356,0.2452830188679245,71.36057368909829,14971.547727915491,46,87.44397395547725,247.0506390034277,0.1304347826086956,81.02537520186208,16714.881747617183,30,30,12
B_N,1,8.0,13.883333333333333,600006,93969583545fcc1f344ffdc14960433830f8ab55c5e13b04c722bfdc19b72812,99,82.71598939241977,252.0790631485198,0.1919191919191919,75.85128954351379,15781.581716867797,53,78.61245562070954,253.5102307374356,0.2452830188679245,71.36057368909829,14971.547727915491,46,87.44397395547725,247.0506390034277,0.1304347826086956,81.02537520186208,16714.881747617183,30,30,12
B_E,1,8.0,13.883333333333333,600007,d382a6532cfab809fac77b995041d18439ea87506a1bae068e81c3ccf1988615,89,48.233512297932855,208.4349128238688,0.2584269662921348,41.46707478410164,8898.387852844995,46,51.16321040683084,210.0702947987488,0.3260869565217391,44.50967152319493,9497.859472670516,43,45.09941664655359,196.3726066313092,0.1860465116279069,38.21220385390882,8257.0926316363,18,18,12
B_N,1,8.0,13.883333333333333,600007,d382a6532cfab809fac77b995041d18439ea87506a1bae068e81c3ccf1988615,89,48.233512297932855,208.4349128238688,0.2584269662921348,41.46707478410164,8898.387852844995,46,51.16321040683084,210.0702947987488,0.3260869565217391,44.50967152319493,9497.859472670516,43,45.09941664655359,196.3726066313092,0.1860465116279069,38.21220385390882,8257.0926316363,18,18,12
B_E,1,8.0,13.883333333333333,600008,ac3254d98c0cc878db96e858f9dd3aef8a19a047b8a23e6881d9307c0782b3ed,85,80.34509826040683,256.26013855560603,0.1647058823529411,72.86781155768146,15301.960828551952,52,94.09100200363852,266.4310756250109,0.173076923076923,85.87110211742304,18052.81578534309,33,58.68488630137506,242.67842824974048,0.1515151515151515,52.37777794839173,10967.280290578045,25,25,12
B_N,1,8.0,13.883333333333333,600008,ac3254d98c0cc878db96e858f9dd3aef8a19a047b8a23e6881d9307c0782b3ed,85,80.34509826040683,256.26013855560603,0.1647058823529411,72.86781155768146,15301.960828551952,52,94.09100200363852,266.4310756250109,0.173076923076923,85.87110211742304,18052.81578534309,33,58.68488630137506,242.67842824974048,0.1515151515151515,52.37777794839173,10967.280290578045,25,25,12
B_E,1,8.0,13.883333333333333,600009,430571faad0a14d2aa3b19877e0132a2949ac4bdfa1df7627a31063df3126d90,89,71.82592381227968,226.3224016613735,0.1573033707865168,64.77836471948389,13596.645436613242,48,73.54820765896349,226.34641387688697,0.2083333333333333,66.1111905434124,13951.308198459365,41,69.80959150396693,222.3156451185641,0.0975609756097561,63.21798326707979,13181.430495915336,24,24,12
B_N,1,8.0,13.883333333333333,600009,430571faad0a14d2aa3b19877e0132a2949ac4bdfa1df7627a31063df3126d90,89,72.00941023900482,226.3224016613735,0.1348314606741573,64.91395757403002,13628.8483399358,48,73.85129718413943,226.34641387688697,0.1666666666666666,66.29974935676562,14003.592770161216,41,69.85305479104237,222.3156451185641,0.0975609756097561,63.29156719424202,13190.123153330424,24,24,12
B_E,1,10.0,10.266666666666666,600000,34caa549620aee469027f7f33a7762277742f059450363295e4740aeae1540a3,122,84.15329631616306,328.58453319392305,0.1721311475409836,76.60116077984449,16065.085492740807,63,84.63707763669966,328.09120792184535,0.20634920634920634,76.49971583594835,16168.685368609771,59,83.63671626203076,330.71841230855273,0.13559322033898305,76.70948334705561,15954.461896473947,26,26,12
B_N,1,10.0,10.266666666666666,600000,34caa549620aee469027f7f33a7762277742f059450363295e4740aeae1540a3,122,84.15329631616306,328.58453319392305,0.1721311475409836,76.60116077984449,16065.085492740807,63,84.63707763669966,328.09120792184535,0.20634920634920634,76.49971583594835,16168.685368609771,59,83.63671626203076,330.71841230855273,0.13559322033898305,76.70948334705561,15954.461896473947,26,26,12
B_E,1,10.0,10.266666666666666,600001,c700d637815c647c68d8d1cb4e95fa104f4d4637c03c7a1c29de8eaff0294c05,116,81.60395049966984,333.7865050969806,0.19827586206896552,74.47958315623967,15560.445272347763,74,88.34136777826704,336.6241450956717,0.24324324324324326,81.10951193734267,16916.922204302056,42,69.73326291357002,330.2257920714836,0.11904761904761904,62.798280065724875,13170.462106523528,26,26,12
B_N,1,10.0,10.266666666666666,600001,c700d637815c647c68d8d1cb4e95fa104f4d4637c03c7a1c29de8eaff0294c05,116,81.60395049966984,333.7865050969806,0.19827586206896552,74.47958315623967,15560.445272347763,74,88.34136777826704,336.6241450956717,0.24324324324324326,81.10951193734267,16916.922204302056,42,69.73326291357002,330.2257920714836,0.11904761904761904,62.798280065724875,13170.462106523528,26,26,12
B_E,1,10.0,10.266666666666666,600002,f559a686d93dba2294c5a4b54dccef1a322241da6b675d002e058c2896f6812b,106,58.738121282846684,288.52237914907386,0.3018867924528302,52.11393636871092,11008.0016150599,50,74.30005166768687,288.39725546897785,0.34,66.8957704875576,14128.010333537375,56,44.84354058209651,277.3078640537351,0.26785714285714285,38.91587019116923,8222.27954499073,18,18,12
B_N,1,10.0,10.266666666666666,600002,f559a686d93dba2294c5a4b54dccef1a322241da6b675d002e058c2896f6812b,106,58.73812128284668,288.52237914907386,0.3018867924528302,52.11393636871092,11008.0016150599,50,74.30005166768687,288.39725546897785,0.34,66.8957704875576,14128.010333537375,56,44.84354058209651,277.3078640537351,0.26785714285714285,38.91587019116923,8222.27954499073,18,18,12
B_E,1,10.0,10.266666666666666,600003,3fdeb62da6f7e7e2ab7ef22458a98c916cfcd09d9f3c7c1b2213419f72370f37,115,72.25243138332931,329.4984229123667,0.20869565217391303,65.67505114095117,13692.225407100646,58,75.05721187914722,339.50967407350385,0.29310344827586204,68.27851587602972,14270.063065484615,57,69.39844421214617,306.2862559404121,0.12280701754385964,63.025911585958966,13104.25024593801,22,22,12
B_N,1,10.0,10.266666666666666,600003,3fdeb62da6f7e7e2ab7ef22458a98c916cfcd09d9f3c7c1b2213419f72370f37,115,72.25243138332931,329.4984229123667,0.20869565217391303,65.67505114095117,13692.225407100646,58,75.05721187914722,339.50967407350385,0.29310344827586204,68.27851587602972,14270.063065484615,57,69.39844421214617,306.2862559404121,0.12280701754385964,63.025911585958966,13104.25024593801,22,22,12
B_E,1,10.0,10.266666666666666,600004,c95118b640e196a4729f8d7a0c10bbcace1ea00b937020f39a985885cbc602d5,132,135.1918280247021,380.04720189744035,0.19696969696969696,128.1231394980681,26277.75954433435,79,133.52614482935564,376.8416653303648,0.22784810126582278,126.246674310508,25950.7985861243,53,137.67463882531277,386.40595333124764,0.1509433962264151,130.9201347776388,26765.11644430783,43,43,12
B_N,1,10.0,10.266666666666666,600004,c95118b640e196a4729f8d7a0c10bbcace1ea00b937020f39a985885cbc602d5,132,135.74672521969336,380.04720189744035,0.19696969696969696,128.61317844670592,26388.738983332598,79,133.90260221638727,376.8416653303648,0.22784810126582278,126.6560739384839,26026.090063530617,53,138.49551233782879,386.40595333124764,0.1509433962264151,131.53037195896138,26929.291146811032,43,43,12
B_E,1,10.0,10.266666666666666,600005,1895cfcde1dbdac305253bb7150a562e9c84af92b8fab1c25e4faaba31daaa00,116,98.68296379940367,362.55719039564065,0.1896551724137931,91.56282674789163,18974.523794363493,66,107.14312953590583,372.74061982814897,0.22727272727272727,99.44667174638909,20674.080452635713,50,87.5155450272208,360.69266073056207,0.14,81.156151349875,16731.109005444163,29,28,12
B_N,1,10.0,10.266666666666666,600005,1895cfcde1dbdac305253bb7150a562e9c84af92b8fab1c25e4faaba31daaa00,116,98.68296379940367,362.55719039564065,0.1896551724137931,91.56282674789163,18974.523794363493,66,107.14312953590583,372.74061982814897,0.22727272727272727,99.44667174638909,20674.080452635713,50,87.5155450272208,360.69266073056207,0.14,81.156151349875,16731.109005444163,29,28,12
B_E,1,10.0,10.266666666666666,600006,e50eeb71ceabcbce0afed40362ba2a81664a44a4872a86d24ee1a8acacf9739f,117,78.70785392075777,322.99389591947835,0.2222222222222222,71.76435246332746,14986.015228596003,64,68.9246294869647,315.02712821701806,0.265625,61.337587212405765,13038.05089739294,53,90.52155889741357,326.9441277887088,0.16981132075471697,84.35516333236495,17338.274043633657,26,26,12
B_N,1,10.0,10.266666666666666,600006,e50eeb71ceabcbce0afed40362ba2a81664a44a4872a86d24ee1a8acacf9739f,117,78.63065204960957,322.99389591947835,0.23076923076923078,71.76435246332746,14972.28425607576,64,68.85861046784403,315.02712821701806,0.265625,61.337587212405765,13024.847093568807,53,90.43085320494907,326.9441277887088,0.18867924528301888,84.35516333236495,17323.90649004642,26,26,12
B_E,1,10.0,10.266666666666666,600007,1bdf766c28d7b231e8fe3dd38137df74b34c0e4b8ce90ff9bd1358abc42f321c,100,52.48425567230258,277.48777719000435,0.27,46.11010991569885,9750.851134460514,55,54.919871390316686,277.67841120111746,0.38181818181818183,48.64915726829852,10260.337914426971,45,49.507392016952004,275.39836375951126,0.13333333333333333,43.00682981807703,9128.145070057066,17,17,12
B_N,1,10.0,10.266666666666666,600007,1bdf766c28d7b231e8fe3dd38137df74b34c0e4b8ce90ff9bd1358abc42f321c,100,52.47955921877563,277.48777719000435,0.28,46.06791134371197,9751.911843755122,55,55.076670742912064,277.67841120111746,0.36363636363636365,48.65263406767362,10288.061421309685,45,49.30531180038664,275.39836375951126,0.17777777777777778,42.90880579220328,9096.617915632882,17,17,12
B_E,1,10.0,10.266666666666666,600008,dbac53c81c7e72c545ebb5d2744ce4faf9e5e13de4b745c8ccaa6f89449027ed,110,84.50286593764447,344.7629282354941,0.2636363636363636,77.3457705593613,16153.300460256167,63,114.44679564426323,359.8458036621305,0.2698412698412698,106.74563465051128,22143.3273828209,47,44.36525803302788,315.56006026136833,0.2553191489361702,37.93744209675602,8124.11543639281,24,24,12
B_N,1,10.0,10.266666666666666,600008,dbac53c81c7e72c545ebb5d2744ce4faf9e5e13de4b745c8ccaa6f89449027ed,110,84.50286593764447,344.7629282354941,0.2636363636363636,77.3457705593613,16153.300460256167,63,114.44679564426323,359.8458036621305,0.2698412698412698,106.74563465051128,22143.3273828209,47,44.36525803302788,315.56006026136833,0.2553191489361702,37.93744209675602,8124.11543639281,24,24,12
B_E,1,10.0,10.266666666666666,600009,341302af37ff10c1e295cae292a72eec92950231aa5213e798696f5ccb488be9,115,61.009176047859725,316.46953559115605,0.2782608695652174,54.486240196807195,11457.487383484988,61,68.42747594336063,318.7666516484969,0.3114754098360656,61.469490218231286,12947.79027063934,54,52.629244684423504,313.52472773442605,0.24074074074074073,46.59775406149479,9773.997085032848,19,19,12
B_N,1,10.0,10.266666666666666,600009,341302af37ff10c1e295cae292a72eec92950231aa5213e798696f5ccb488be9,115,61.54307403574209,316.46953559115605,0.2782608695652174,54.968822018095324,11564.266981061459,61,69.13815410024931,318.7666516484969,0.29508196721311475,62.03794910163644,13086.647213492486,54,52.96344655546539,313.52472773442605,0.25925925925925924,46.983326608909984,9844.54116294493,19,19,12
B_E,1,11.0,8.7,600000,3cd0eb069f729d9152dfce461f630be28afa07481de8ad2dc6650d5147b9e5f2,133,80.2141097077624,359.2799575047378,0.16541353383458646,72.87463555289955,15275.789191550835,71,71.25791457094347,359.1493100394546,0.2112676056338028,63.84135075046385,13493.620157143363,62,90.4703976870228,359.3488898682989,0.11290322580645161,83.21920363310815,17316.66018256584,26,26,12
B_N,1,11.0,8.7,600000,3cd0eb069f729d9152dfce461f630be28afa07481de8ad2dc6650d5147b9e5f2,133,80.17896322172105,359.2799575047378,0.17293233082706766,72.88174043482658,15270.263653741062,71,71.28092932787763,359.1493100394546,0.2112676056338028,63.84135075046385,13498.223108530196,62,90.36864719692885,359.3488898682989,0.12903225806451613,83.23444475079035,17299.535890998664,26,26,12
B_E,1,11.0,8.7,600001,3f08ba9de7afdb64af7f3af73fb2b34d58225b036ea0ca821ab0762b09c9f562,129,91.3218864373289,378.8692142977059,0.20930232558139536,84.43482032071881,17506.237752582056,82,95.33408913928196,379.6075339365834,0.24390243902439024,87.94696312041214,18315.598315661275,47,84.32187321264479,377.156262171352,0.14893617021276595,78.30725203189216,16094.161876571514,29,29,12
B_N,1,11.0,8.7,600001,3f08ba9de7afdb64af7f3af73fb2b34d58225b036ea0ca821ab0762b09c9f562,129,91.3218864373289,378.8692142977059,0.20930232558139536,84.43482032071881,17506.237752582056,82,95.33408913928196,379.6075339365834,0.24390243902439024,87.94696312041214,18315.598315661275,47,84.32187321264479,377.156262171352,0.14893617021276595,78.30725203189216,16094.161876571514,29,29,12
B_E,1,11.0,8.7,600002,64d358e32e4308bd66e5ce4b088f17526faf1a3a9ee2d38c43ad50ed6bf51bee,119,59.79339503658746,320.38360775995136,0.24369747899159663,52.814191021884234,11207.418503115812,57,73.20008874804185,322.2762841137679,0.24561403508771928,66.05841740907266,13889.140556625916,62,47.46788630186326,316.4903869209687,0.24193548387096775,40.63804740785617,8741.964357146846,18,18,12
B_N,1,11.0,8.7,600002,64d358e32e4308bd66e5ce4b088f17526faf1a3a9ee2d38c43ad50ed6bf51bee,119,60.61489789192993,320.38360775995136,0.23529411764705882,53.72207503174494,11370.038401915399,57,74.29318869927216,322.2762841137679,0.24561403508771928,67.00306644801088,14107.760546871976,62,48.03969505292175,316.4903869209687,0.22580645161290322,41.51213131033916,8853.100300906932,18,18,12
B_E,1,11.0,8.7,600003,2d00ca9612d433517e63148d9981f8e380aa1d25772c87aca8571cef8dd988e2,122,71.98908695107512,356.97539923517735,0.2540983606557377,65.29195494841596,13648.637062346172,64,62.93053853079291,354.4979131144235,0.328125,55.818035315833754,11851.732706158582,58,81.98472658724859,365.63363762042457,0.1724137931034483,75.74593523264461,15631.428076070408,22,22,12
B_N,1,11.0,8.7,600003,2d00ca9612d433517e63148d9981f8e380aa1d25772c87aca8571cef8dd988e2,122,72.73486443769056,356.97539923517735,0.23770491803278687,65.99084150380888,13794.513871144669,64,63.65747160408554,354.4979131144235,0.3125,56.532256636328384,11993.99432081711,58,82.7512979092547,365.63363762042457,0.15517241379310345,76.42790066792529,15781.294064609563,22,22,12
B_E,1,11.0,8.7,600004,50182a49b638a09a3cbe9f364b8e040ff0c815136edfc4e9991ea6b3e22ff6f7,147,145.29473784517745,421.66084248781624,0.17687074829931973,138.06123080614987,28294.32171869536,88,139.40755628703243,422.62414052061246,0.19318181818181818,131.77754528666048,27120.14762104285,59,154.07561881325825,418.84510576728763,0.15254237288135594,147.43350751318482,30045.632237227917,47,47,12
B_N,1,11.0,8.7,600004,50182a49b638a09a3cbe9f364b8e040ff0c815136edfc4e9991ea6b3e22ff6f7,147,145.29473784517745,421.66084248781624,0.17687074829931973,138.06123080614987,28294.32171869536,88,139.40755628703243,422.62414052061246,0.19318181818181818,131.77754528666048,27120.14762104285,59,154.07561881325825,418.84510576728763,0.15254237288135594,147.43350751318482,30045.632237227917,47,47,12
B_E,1,11.0,8.7,600005,50a2200f30911e06a2b3066fdb6f83c9be54a02e6624d30f3c4ec5d05d924feb,133,111.1840666350273,406.20258729540654,0.19548872180451127,103.9873158046037,21475.91107136636,76,99.00467458906678,406.2023899684118,0.25,91.43298818518461,19050.93491781336,57,127.42325602964128,405.02812458604313,0.12280701754385964,120.72641929716248,24709.212609437032,34,34,12
B_N,1,11.0,8.7,600005,50a2200f30911e06a2b3066fdb6f83c9be54a02e6624d30f3c4ec5d05d924feb,133,111.09598479478788,406.20258729540654,0.20300751879699247,103.9873158046037,21459.798462716975,76,98.98755329278653,406.2023899684118,0.25,91.43298818518461,19047.510658557305,57,127.24056013078967,405.02812458604313,0.14035087719298245,120.72641929716248,24676.182201596534,34,34,12
B_E,1,11.0,8.7,600006,d00c8cf6b40ccfd1854bf6ce460baf26ade5d1bdcfbc275fc53380679c92cd55,133,75.77305887332092,366.89718413742435,0.20300751879699247,68.50279669085772,14394.100155026497,73,77.0165305760455,365.7166392757418,0.2465753424657534,69.56315414828485,14650.593164362357,60,74.26016830167266,366.648969753056,0.15,67.2126951176547,14082.033660334531,25,25,12
B_N,1,11.0,8.7,600006,d00c8cf6b40ccfd1854bf6ce460baf26ade5d1bdcfbc275fc53380679c92cd55,133,75.8626480424426,366.89718413742435,0.19548872180451127,68.53417031140616,14410.514229452343,73,77.18920772618328,365.7166392757418,0.2328767123287671,69.62031430627036,14682.388868362515,60,74.24866709389148,366.648969753056,0.15,67.2126951176547,14079.733418778294,25,25,12
B_E,1,11.0,8.7,600007,37b4ec7f8a8236e78c132691a6100b73bcddeb92723f44f23fbba6fe746823e0,111,49.40649572491129,305.783493959272,0.2882882882882883,42.6655193779458,9138.95680263992,60,51.30783627152814,305.6494783085818,0.35,44.34272740431564,9531.56725430563,51,47.16962449359736,304.84192123440937,0.21568627450980393,40.692333464569515,8677.062153621433,16,16,12
B_N,1,11.0,8.7,600007,37b4ec7f8a8236e78c132691a6100b73bcddeb92723f44f23fbba6fe746823e0,111,49.2630414390315,305.783493959272,0.2882882882882883,42.6655193779458,9110.26594546396,60,51.38795963320512,305.6494783085818,0.3333333333333333,44.34272740431564,9544.258593307692,51,46.7631376811802,304.84192123440937,0.23529411764705882,40.692333464569515,8599.68635976545,16,16,12
B_E,1,11.0,8.7,600008,2368afa583e55d8d86c6470df731f281d0f42700930dbd175a6994e31ddb4d5c,129,89.52634730496459,391.7616575101661,0.24031007751937986,82.71966830947495,17153.33147649679,70,119.0281995803223,391.49467078885726,0.2857142857142857,112.0531817098937,23062.782773207313,59,54.52414969013345,367.2188207437742,0.1864406779661017,47.91719478355441,10142.11807361991,27,27,12
B_N,1,11.0,8.7,600008,2368afa583e55d8d86c6470df731f281d0f42700930dbd175a6994e31ddb4d5c,129,89.82077690128537,391.7616575101661,0.24806201550387597,82.95992692989499,17213.76778335785,70,119.53536155671968,391.49467078885726,0.3,112.48649807915997,23167.07231134393,59,54.566184937210814,367.2188207437742,0.1864406779661017,47.92840183754669,10150.525123035382,27,27,12
B_E,1,11.0,8.7,600009,97483c8b0f265f15fdcd1e7cfed7d2ed5b55a68e8a6737396f8851c4dcf305d2,127,78.20512477365108,362.413118653604,0.2677165354330709,71.48929045387504,14894.559464419557,66,83.6955798992886,362.25878681042195,0.30303030303030304,76.43381154839054,15999.705112138729,61,72.26463234263342,359.0278607344153,0.22950819672131148,66.13948074505498,13698.82810787095,24,24,12
B_N,1,11.0,8.7,600009,97483c8b0f265f15fdcd1e7cfed7d2ed5b55a68e8a6737396f8851c4dcf305d2,127,78.16770182299497,362.413118653604,0.2677165354330709,71.48929045387504,14887.074874288337,66,83.6955798992886,362.25878681042195,0.30303030303030304,76.43381154839054,15999.705112138729,61,72.18671898634939,359.0278607344153,0.22950819672131148,66.13948074505498,13683.245436614143,24,24,12
B_E,1,12.0,8.05,600000,1fb8dc87138bcc329a8409d3153fc7ae27ba39f751456c2970e8dee3f2a1f15c,144,102.78054666823732,385.4893293509522,0.1736111111111111,95.30281845871076,19790.83155586969,79,87.9372957224069,383.2913129840155,0.2278481012658227,80.29801980968054,16833.028764734543,65,120.82080551009278,384.2610507603396,0.1076923076923077,113.53941989368592,23385.69956355702,34,34,12
B_N,1,12.0,8.05,600000,1fb8dc87138bcc329a8409d3153fc7ae27ba39f751456c2970e8dee3f2a1f15c,144,103.03714777522522,385.4893293509522,0.1875,95.64511224514936,19844.929555045048,79,88.43240041013811,383.2913129840155,0.2531645569620253,80.86993957451534,16937.11299342003,65,120.78753303433108,384.2610507603396,0.1076923076923077,113.60262979868914,23379.045068404685,34,34,12
B_E,1,12.0,8.05,600001,a105eb4df476a41c9fc7b42489a2e4a782b138afc007aced5946f39eec08fb0b,140,112.74976533162014,406.89473981001066,0.2142857142857142,105.85309867639334,21792.81020918117,90,121.97504035266256,411.15746330230576,0.2333333333333333,114.66674890823552,23641.674737199177,50,96.14427029374382,395.7972425771077,0.18,89.98852825907743,18464.85405874876,38,38,12
B_N,1,12.0,8.05,600001,a105eb4df476a41c9fc7b42489a2e4a782b138afc007aced5946f39eec08fb0b,140,112.74976533162014,406.89473981001066,0.2142857142857142,105.85309867639334,21792.81020918117,90,121.97504035266256,411.15746330230576,0.2333333333333333,114.66674890823552,23641.674737199177,50,96.14427029374382,395.7972425771077,0.18,89.98852825907743,18464.85405874876,38,38,12
B_E,1,12.0,8.05,600002,95e0103b21b75e06497556d3d0a2ccdf92eec2d2e9686958204bcbca862686e7,130,77.46078454416454,334.1328390197174,0.2769230769230769,70.89868157780147,14747.541524217522,63,94.88663946677796,334.908204888591,0.3015873015873015,87.75292358138137,18237.64535367305,67,61.07527916916985,330.39957776511835,0.2537313432835821,55.05066297742038,11465.802102490685,27,27,12
B_N,1,12.0,8.05,600002,95e0103b21b75e06497556d3d0a2ccdf92eec2d2e9686958204bcbca862686e7,130,77.46078454416454,334.1328390197174,0.2769230769230769,70.89868157780147,14747.541524217522,63,94.88663946677796,334.908204888591,0.3015873015873015,87.75292358138137,18237.64535367305,67,61.07527916916985,330.39957776511835,0.2537313432835821,55.05066297742038,11465.802102490685,27,27,12
B_E,1,12.0,8.05,600003,16be8b94509a3da09315efe854255ac9e7871532fd467899ce8be2bde3fdd090,134,89.7250111330545,373.4812246156237,0.2313432835820895,83.2937627372451,17191.27088332731,71,84.99278252524856,371.5967719303379,0.2957746478873239,78.07314173966519,16257.711434627176,63,95.05815765931196,376.0762618733963,0.1587301587301587,89.17731973451771,18243.37756360842,30,30,12
B_N,1,12.0,8.05,600003,16be8b94509a3da09315efe854255ac9e7871532fd467899ce8be2bde3fdd090,134,89.62787194806141,373.4812246156237,0.2313432835820895,83.19416606897504,17171.8430463287,71,84.66812301938702,371.5967719303379,0.2957746478873239,77.72512361747764,16192.779533454866,63,95.21743026450402,376.0762618733963,0.1587301587301587,89.35769010161496,18275.23208464683,30,30,12
B_E,1,12.0,8.05,600004,55552fb0240524a55dbe3cd00372491e83425e8c68ce718306eb96f750d11fde,162,152.89140618571875,436.82444801664894,0.1851851851851851,145.7403832263649,29815.04745952039,97,143.73640124460388,435.02043072218567,0.2164948453608247,136.39206095397185,27990.12692959105,65,166.55349048245932,436.76959012614816,0.1384615384615384,159.6909564636284,32538.39040418417,54,54,12
B_N,1,12.0,8.05,600004,55552fb0240524a55dbe3cd00372491e83425e8c68ce718306eb96f750d11fde,162,152.90878958520298,436.82444801664894,0.1790123456790123,145.7403832263649,29817.289571516005,97,143.71587247157123,435.02043072218567,0.2164948453608247,136.39206095397185,27986.021174984504,65,166.6274505086227,436.76959012614816,0.123076923076923,159.6909564636284,32550.10548633992,54,54,12
B_E,1,12.0,8.05,600005,90b8f6371ec9679d4a873e77b3b371547626e7cf10841ca45f2535d79a315611,144,119.41163455832124,410.047553104894,0.2013888888888889,112.4521448663783,23122.60468944202,83,114.60095080073056,408.1672351051893,0.2289156626506024,106.82287011613448,22165.97329267624,61,125.95731901537084,410.22193579404274,0.1639344262295081,120.111649854415,24424.250688320077,39,39,12
B_N,1,12.0,8.05,600005,90b8f6371ec9679d4a873e77b3b371547626e7cf10841ca45f2535d79a315611,144,119.43119088274102,410.047553104894,0.1944444444444444,112.4521448663783,23125.12706543709,83,114.57695934308994,408.1672351051893,0.2289156626506024,106.82287011613448,22161.175001148116,61,126.03612887931538,410.22193579404274,0.1475409836065573,120.111649854415,24436.733972584392,39,39,12
B_E,1,12.0,8.05,600006,bad71a22ade627c800582947c23a4f175e6170179dd464a95ae30b289f55bd77,150,95.93335925891796,373.5494243393485,0.2133333333333333,89.16012479061551,18427.88575961944,84,93.9951985128216,373.30933543200297,0.25,86.7865339254474,18046.445490366412,66,98.40010929940428,373.5956640315926,0.1666666666666666,92.18105861901132,18913.355193214196,35,35,12
B_N,1,12.0,8.05,600006,bad71a22ade627c800582947c23a4f175e6170179dd464a95ae30b289f55bd77,150,95.93335925891796,373.5494243393485,0.2133333333333333,89.16012479061551,18427.88575961944,84,93.9951985128216,373.30933543200297,0.25,86.7865339254474,18046.445490366412,66,98.40010929940428,373.5956640315926,0.1666666666666666,92.18105861901132,18913.355193214196,35,35,12
B_E,1,12.0,8.05,600007,34b4e51cf7a88f931a435ae144a2276a8513c8a54a5a0cd73b9895f3e4765971,123,75.84330692999491,337.4565867028568,0.2926829268292683,69.51979158080223,14427.197971364834,67,75.42904101377079,331.4180226613469,0.373134328358209,68.91584206057776,14360.435068425795,56,76.33894650833447,338.97471591684894,0.1964285714285714,70.24237404249938,14507.075015952609,26,26,12
B_N,1,12.0,8.05,600007,34b4e51cf7a88f931a435ae144a2276a8513c8a54a5a0cd73b9895f3e4765971,123,75.84330692999491,337.4565867028568,0.2926829268292683,69.51979158080223,14427.197971364834,67,75.42904101377079,331.4180226613469,0.373134328358209,68.91584206057776,14360.435068425795,56,76.33894650833447,338.97471591684894,0.1964285714285714,70.24237404249938,14507.075015952609,26,26,12
B_E,1,12.0,8.05,600008,d2b05e1a95a57ecfabe595efcf845ad8262d9314e38e1e81742134db18c7cc82,143,110.23627875486424,423.6006826903324,0.2167832167832167,103.11697670534376,21290.612394329488,79,149.32761628522766,433.7484957551336,0.240506329113924,142.21451574310905,29113.62452286832,64,61.98290899082187,398.3426119154898,0.1875,54.85595195560222,11634.081798164374,36,36,12
B_N,1,12.0,8.05,600008,d2b05e1a95a57ecfabe595efcf845ad8262d9314e38e1e81742134db18c7cc82,143,110.4814716052683,423.6006826903324,0.2307692307692307,103.39631203516204,21342.448167207505,79,149.66492347516922,433.7484957551336,0.240506329113924,142.51466766394142,29181.085960856628,64,62.114398203359386,398.3426119154898,0.21875,55.10959180588748,11666.629640671876,36,36,12
B_E,1,12.0,8.05,600009,8695703b02400254e13502cc10b5f11e81aa3bbfa143cd878b47de8050482fd3,136,92.44047480172053,380.3427150402658,0.2426470588235294,85.78588473199494,17736.624372108807,72,106.6233641883426,383.3956108537144,0.25,99.32280717612632,20574.67283766852,64,76.48472424177066,371.6973306415413,0.234375,70.55684698234711,14543.81984835413,30,30,12
B_N,1,12.0,8.05,600009,8695703b02400254e13502cc10b5f11e81aa3bbfa143cd878b47de8050482fd3,136,92.51139241337432,380.3427150402658,0.2205882352941176,85.65849694000265,17746.072346684006,72,106.34990612275855,383.3956108537144,0.2361111111111111,99.04353694890396,20516.59185656898,64,76.94306449031706,371.6973306415413,0.203125,70.60032692998868,14629.237898063411,30,30,12
B_E,2,0.5,17.75,600000,00cc00201f5c3849e6fd6a365b00cbad6644b218efbe26c2c56387e96ffef061,9,5.915583652066001,9.198989666996086,0.3333333333333333,0.0,449.7833970798668,3,4.832491389163405,7.947726750741192,0.6666666666666666,0.0,299.8316111660143,6,6.457129783517298,9.374368541872554,0.1666666666666666,0.0,524.759290036793,1,0,12
B_N,2,0.5,17.75,600000,00cc00201f5c3849e6fd6a365b00cbad6644b218efbe26c2c56387e96ffef061,9,5.915583652066001,9.198989666996086,0.3333333333333333,0.0,449.7833970798668,3,4.832491389163405,7.947726750741192,0.6666666666666666,0.0,299.8316111660143,6,6.457129783517298,9.374368541872554,0.1666666666666666,0.0,524.759290036793,1,0,12
B_E,2,0.5,17.75,600001,61aa548e63af91fc7231a5cce73465ac8fa3409d5c8053f5c77f28d112d9f82e,7,4.53860709151687,8.616214068185203,0.7142857142857143,0.0,250.57856116051693,4,5.6925624101545225,8.789531004092321,0.5,0.0,438.5124820309046,3,3.0,3.0,1.0,0.0,0.0,1,0,12
B_N,2,0.5,17.75,600001,61aa548e63af91fc7231a5cce73465ac8fa3409d5c8053f5c77f28d112d9f82e,7,4.53860709151687,8.616214068185203,0.7142857142857143,0.0,250.57856116051693,4,5.6925624101545225,8.789531004092321,0.5,0.0,438.5124820309046,3,3.0,3.0,1.0,0.0,0.0,1,0,12
B_E,2,0.5,17.75,600002,01bb2a6b9060e124dca102e66dc2c62cd19cab55b0de66e2932178d9d7d53160,0,,,,,,0,,,,,,0,,,,,,0,0,12
B_N,2,0.5,17.75,600002,01bb2a6b9060e124dca102e66dc2c62cd19cab55b0de66e2932178d9d7d53160,0,,,,,,0,,,,,,0,,,,,,0,0,12
B_E,2,0.5,17.75,600003,af59a2a81d769b9396956f915de32a0626a2a1ffc07667ea8957666c8f49e612,11,9.937013961968855,21.78832306536181,0.1818181818181818,3.824208555309848,1223.7664287574073,1,3.0,3.0,1.0,0.0,0.0,10,10.63071535816574,22.289584474038428,0.1,4.206629410840833,1346.143071633148,3,3,12
B_N,2,0.5,17.75,600003,af59a2a81d769b9396956f915de32a0626a2a1ffc07667ea8957666c8f49e612,11,9.937013961968855,21.78832306536181,0.1818181818181818,3.824208555309848,1223.7664287574073,1,3.0,3.0,1.0,0.0,0.0,10,10.63071535816574,22.289584474038428,0.1,4.206629410840833,1346.143071633148,3,3,12
B_E,2,0.5,17.75,600004,4be3c0ec4c78db40f209536e87ebca1a456c00ca16eb35e910730f7f6f41334f,3,6.007923971392164,7.748298551912571,0.3333333333333333,0.0,468.2514609450994,1,3.0,3.0,1.0,0.0,0.0,2,7.511885957088246,7.777850126265612,0.0,0.0,702.3771914176491,1,0,12
B_N,2,0.5,17.75,600004,4be3c0ec4c78db40f209536e87ebca1a456c00ca16eb35e910730f7f6f41334f,3,6.007923971392164,7.748298551912571,0.3333333333333333,0.0,468.2514609450994,1,3.0,3.0,1.0,0.0,0.0,2,7.511885957088246,7.777850126265612,0.0,0.0,702.3771914176491,1,0,12
B_E,2,0.5,17.75,600005,6b8ee2415298b157d8f5b9f9e16f18f61582d4a3925a118d5b0987f06f387d15,12,14.678262303455272,26.305810153196614,0.0833333333333333,6.721545951509445,2152.319127357721,6,17.428076126636846,26.50836657265579,0.0,8.34126077026182,2685.615225327369,6,11.928448480273696,23.84479338888271,0.1666666666666666,5.10183113275707,1619.0230293880725,5,5,12
B_N,2,0.5,17.75,600005,6b8ee2415298b157d8f5b9f9e16f18f61582d4a3925a118d5b0987f06f387d15,12,14.678262303455272,26.305810153196614,0.0833333333333333,6.721545951509445,2152.319127357721,6,17.428076126636846,26.50836657265579,0.0,8.34126077026182,2685.615225327369,6,11.928448480273696,23.84479338888271,0.1666666666666666,5.10183113275707,1619.0230293880725,5,5,12
B_E,2,0.5,17.75,600006,d23bf1eb6cdcd65f028a3e80572dec3ff10905a284a611fe270941fce758cd9b,4,4.201850425154663,7.086291445525853,0.75,0.0,190.3700850309326,1,3.0,3.0,1.0,0.0,0.0,3,4.60246723353955,7.326661530556787,0.6666666666666666,0.0,253.8267800412435,1,0,12
B_N,2,0.5,17.75,600006,d23bf1eb6cdcd65f028a3e80572dec3ff10905a284a611fe270941fce758cd9b,4,4.201850425154663,7.086291445525853,0.75,0.0,190.3700850309326,1,3.0,3.0,1.0,0.0,0.0,3,4.60246723353955,7.326661530556787,0.6666666666666666,0.0,253.8267800412435,1,0,12
B_E,2,0.5,17.75,600007,affe10e3aeefa29366a4556e87e016fb407b3d34bff48211038c4a5e220013ab,2,3.942809041582064,4.791337179005921,0.5,0.0,88.56180831641271,0,,,,,,2,3.942809041582064,4.791337179005921,0.5,0.0,88.56180831641271,1,0,12
B_N,2,0.5,17.75,600007,affe10e3aeefa29366a4556e87e016fb407b3d34bff48211038c4a5e220013ab,2,3.942809041582064,4.791337179005921,0.5,0.0,88.56180831641271,0,,,,,,2,3.942809041582064,4.791337179005921,0.5,0.0,88.56180831641271,1,0,12
B_E,2,0.5,17.75,600008,c5b7e93e43e8e64f2696a15e10c65c942b7f975cd723897b9b6ab26446321c86,2,3.0,3.0,1.0,0.0,0.0,1,3.0,3.0,1.0,0.0,0.0,1,3.0,3.0,1.0,0.0,0.0,1,0,12
B_N,2,0.5,17.75,600008,c5b7e93e43e8e64f2696a15e10c65c942b7f975cd723897b9b6ab26446321c86,2,3.0,3.0,1.0,0.0,0.0,1,3.0,3.0,1.0,0.0,0.0,1,3.0,3.0,1.0,0.0,0.0,1,0,12
B_E,2,0.5,17.75,600009,bdbcd66637e1a20775be1f708b135a776ee8e441f24da2f65b3234d0e15a1e28,5,5.181877999468123,7.689195403206489,0.4,0.0,316.3755998936248,2,5.403700850309326,7.567031615587719,0.5,0.0,380.7401700618652,3,5.0339960989073225,6.983295000518468,0.3333333333333333,0.0,273.4658864481312,1,0,12
B_N,2,0.5,17.75,600009,bdbcd66637e1a20775be1f708b135a776ee8e441f24da2f65b3234d0e15a1e28,5,5.181877999468123,7.689195403206489,0.4,0.0,316.3755998936248,2,5.403700850309326,7.567031615587719,0.5,0.0,380.7401700618652,3,5.0339960989073225,6.983295000518468,0.3333333333333333,0.0,273.4658864481312,1,0,12
B_E,2,1.0,17.5,600000,f984a3b5d3e4dd1fa7841e1f154b4a61bd9c5f98253645fb3e3b86207e17a2e4,15,7.610364576335631,17.481709489909314,0.3333333333333333,1.114406786103306,788.7395819337931,4,5.748737083745107,8.497474167490214,0.5,0.0,449.7474167490214,11,8.287320028186732,18.098247476898912,0.2727272727272727,1.519645617413599,912.0094601828008,2,1,12
B_N,2,1.0,17.5,600000,f984a3b5d3e4dd1fa7841e1f154b4a61bd9c5f98253645fb3e3b86207e17a2e4,15,7.610364576335631,17.481709489909314,0.3333333333333333,1.114406786103306,788.7395819337931,4,5.748737083745107,8.497474167490214,0.5,0.0,449.7474167490214,11,8.287320028186732,18.098247476898912,0.2727272727272727,1.519645617413599,912.0094601828008,2,1,12
B_E,2,1.0,17.5,600001,2f2d4e20737e75b5f748703a4992d4164bafec508edfea3618a5b3561dda6279,11,6.481610895907358,8.497474167490214,0.2727272727272727,0.0,550.8676337269261,7,6.729603700529707,8.497474167490214,0.2857142857142857,0.0,603.0635972487984,4,6.047623487818249,8.39396329745948,0.25,0.0,459.5246975636496,1,0,12
B_N,2,1.0,17.5,600001,2f2d4e20737e75b5f748703a4992d4164bafec508edfea3618a5b3561dda6279,11,6.481610895907358,8.497474167490214,0.2727272727272727,0.0,550.8676337269261,7,6.729603700529707,8.497474167490214,0.2857142857142857,0.0,603.0635972487984,4,6.047623487818249,8.39396329745948,0.25,0.0,459.5246975636496,1,0,12
B_E,2,1.0,17.5,600002,ac20f03beb489ccb0391373c2d4c09ceeb3c00913dc2b6e695b3c3742703ae81,7,4.558484285334374,7.630092254500408,0.5714285714285714,0.0,225.98257135258908,2,5.403700850309326,7.567031615587719,0.5,0.0,380.7401700618652,5,4.2203976593443935,6.750219787479097,0.6,0.0,164.07953186887866,1,0,12
B_N,2,1.0,17.5,600002,ac20f03beb489ccb0391373c2d4c09ceeb3c00913dc2b6e695b3c3742703ae81,7,4.558484285334374,7.630092254500408,0.5714285714285714,0.0,225.98257135258908,2,5.403700850309326,7.567031615587719,0.5,0.0,380.7401700618652,5,4.2203976593443935,6.750219787479097,0.6,0.0,164.07953186887866,1,0,12
B_E,2,1.0,17.5,600003,a1dc4726372aa8be3edfb6e6e3eaf09bc88cb7c8066a636d46495fd0368d8207,13,8.869781044742878,20.78580024800853,0.3076923076923077,3.235868777569872,1035.494670487037,1,3.0,3.0,1.0,0.0,0.0,12,9.358929465138118,21.28706165668517,0.25,3.5055245090340272,1121.7858930276234,3,1,12
B_N,2,1.0,17.5,600003,a1dc4726372aa8be3edfb6e6e3eaf09bc88cb7c8066a636d46495fd0368d8207,13,8.869781044742878,20.78580024800853,0.3076923076923077,3.235868777569872,1035.494670487037,1,3.0,3.0,1.0,0.0,0.0,12,9.358929465138118,21.28706165668517,0.25,3.5055245090340272,1121.7858930276234,3,1,12
B_E,2,1.0,17.5,600004,962bf338fa186b80d2fa4c2751d38e80affe61101027b5598be52c605c01d39c,10,6.519063817042964,8.497474167490214,0.2,0.0,543.8127634085926,5,6.160470007119816,8.497474167490214,0.4,0.0,512.0940014239632,5,6.877657626966109,8.359459674115902,0.0,0.0,575.531525393222,1,0,12
B_N,2,1.0,17.5,600004,962bf338fa186b80d2fa4c2751d38e80affe61101027b5598be52c605c01d39c,10,6.519063817042964,8.497474167490214,0.2,0.0,543.8127634085926,5,6.160470007119816,8.497474167490214,0.4,0.0,512.0940014239632,5,6.877657626966109,8.359459674115902,0.0,0.0,575.531525393222,1,0,12
B_E,2,1.0,17.5,600005,db1c628ec4389bab35abf1e1570849f6ba5127cad82cb5fb272a3dea231f57f2,16,11.06335906606474,20.43542065319336,0.0625,2.9905732228380657,1425.171813212948,7,10.65339182622686,14.83795184680573,0.0,2.0894356912353294,1330.6783652453723,9,11.382222474827536,20.95539464409437,0.1111111111111111,3.691457969640194,1498.6667171877295,4,0,12
B_N,2,1.0,17.5,600005,db1c628ec4389bab35abf1e1570849f6ba5127cad82cb5fb272a3dea231f57f2,16,11.06335906606474,20.43542065319336,0.0625,2.9905732228380657,1425.171813212948,7,10.65339182622686,14.83795184680573,0.0,2.0894356912353294,1330.6783652453723,9,11.382222474827536,20.95539464409437,0.1111111111111111,3.691457969640194,1498.6667171877295,4,0,12
B_E,2,1.0,17.5,600006,8b683bd7c2c0372f447de87e127589547ce436f671bfdabaeefba55990dfbf8d,11,5.663096591288386,9.148083426140296,0.4545454545454545,0.0,423.528409166768,6,5.633725005933179,8.497474167490214,0.5,0.0,426.745001186636,5,5.698342493714631,9.400434487956034,0.4,0.0,419.6684987429264,1,0,12
B_N,2,1.0,17.5,600006,8b683bd7c2c0372f447de87e127589547ce436f671bfdabaeefba55990dfbf8d,11,5.981840517044612,8.497474167490214,0.3636363636363636,0.0,469.095376136195,6,6.434958622702955,8.497474167490214,0.3333333333333333,0.0,553.6583912072578,5,5.438098790254598,8.359459674115902,0.4,0.0,367.6197580509197,1,0,12
B_E,2,1.0,17.5,600007,1932ed59f2ad885dc2ade5354d63d7cb2629da92afc26a29bbec735da44b828d,3,3.628539361054709,4.697056274847714,0.6666666666666666,0.0,59.04120554427514,1,3.0,3.0,1.0,0.0,0.0,2,3.942809041582064,4.791337179005921,0.5,0.0,88.56180831641271,1,0,12
B_N,2,1.0,17.5,600007,1932ed59f2ad885dc2ade5354d63d7cb2629da92afc26a29bbec735da44b828d,3,3.628539361054709,4.697056274847714,0.6666666666666666,0.0,59.04120554427514,1,3.0,3.0,1.0,0.0,0.0,2,3.942809041582064,4.791337179005921,0.5,0.0,88.56180831641271,1,0,12
B_E,2,1.0,17.5,600008,a1c458ea1ee0bae84efe95e75eaa98eb301a93925662c9cf8616da649d3c3656,5,3.9614803401237295,6.845921360494922,0.8,0.0,152.2960680247461,3,4.60246723353955,7.326661530556787,0.6666666666666666,0.0,253.8267800412435,2,3.0,3.0,1.0,0.0,0.0,1,0,12
B_N,2,1.0,17.5,600008,a1c458ea1ee0bae84efe95e75eaa98eb301a93925662c9cf8616da649d3c3656,5,3.9614803401237295,6.845921360494922,0.8,0.0,152.2960680247461,3,4.60246723353955,7.326661530556787,0.6666666666666666,0.0,253.8267800412435,2,3.0,3.0,1.0,0.0,0.0,1,0,12
B_E,2,1.0,17.5,600009,bc2a1478f78182d6d496675fe84f7ad4ecce73e53f5b156a288f5091628f5f6b,10,5.6704708837599,10.812610627509638,0.5,0.0,434.09417675198,5,6.022455513745504,8.359459674115902,0.4,0.0,484.4911027491007,5,5.318486253774298,11.14257416519871,0.6,0.0,383.69725075485934,1,0,12
B_N,2,1.0,17.5,600009,bc2a1478f78182d6d496675fe84f7ad4ecce73e53f5b156a288f5091628f5f6b,10,5.6704708837599,10.812610627509638,0.5,0.0,434.09417675198,5,6.022455513745504,8.359459674115902,0.4,0.0,484.4911027491007,5,5.318486253774298,11.14257416519871,0.6,0.0,383.69725075485934,1,0,12
B_E,2,2.0,17.0,600000,4c10140e9c473b04a7ba2f17a5804c2d296bd93e2d8402a7f45a9419ea963eff,24,10.224448556155387,26.58363674806281,0.2083333333333333,3.0165342675106026,1286.5563778977446,7,8.911018854609328,17.822661387313595,0.2857142857142857,2.016351405596652,1039.3466280647226,17,10.76527255090965,28.00990771435703,0.1764705882352941,3.428374269475171,1388.3486278289888,3,0,12
B_N,2,2.0,17.0,600000,4c10140e9c473b04a7ba2f17a5804c2d296bd93e2d8402a7f45a9419ea963eff,24,10.58291741980645,24.740572383238632,0.1666666666666666,3.0165342675106026,1349.9168172946231,7,9.69637230710793,17.822661387313595,0.1428571428571428,2.016351405596652,1167.8458899930145,17,10.947965407388194,26.54668615576301,0.1764705882352941,3.428374269475171,1424.887199124698,3,0,12
B_E,2,2.0,17.0,600001,74c326eb4c4f27c08a428913d1c7d10dc2f9706a493ba36aa2463433d3a6f2c3,20,5.463669106303181,8.562535093355223,0.45,0.0,382.733821260636,8,5.576218967027216,8.497474167490214,0.5,0.0,415.2437934054433,12,5.38863586582049,9.083022500275288,0.4166666666666667,0.0,361.0605064974312,1,0,12
B_N,2,2.0,17.0,600001,74c326eb4c4f27c08a428913d1c7d10dc2f9706a493ba36aa2463433d3a6f2c3,20,5.862043697129096,8.497474167490214,0.35,0.0,442.4087394258192,8,6.263403237963493,8.497474167490214,0.375,0.0,527.6806475926986,12,5.594470669906163,8.497474167490214,0.3333333333333333,0.0,385.56080064789927,1,0,12
B_E,2,2.0,17.0,600002,1bd31a7c59c29719c45570765389eac2908c0ba2bcd5ca593d667c61cdfb006e,23,7.605324522100346,13.46277243450619,0.1304347826086956,0.4798883318897265,747.1518609418085,8,7.816986164000127,10.532136782911834,0.125,0.9526577134593026,788.3972328000254,15,7.492438313087131,14.31994476914964,0.1333333333333333,0.227744661719286,725.1543292840928,1,0,12
B_N,2,2.0,17.0,600002,1bd31a7c59c29719c45570765389eac2908c0ba2bcd5ca593d667c61cdfb006e,23,7.605324522100346,13.46277243450619,0.1304347826086956,0.4798883318897265,747.1518609418085,8,7.816986164000127,10.532136782911834,0.125,0.9526577134593026,788.3972328000254,15,7.492438313087131,14.31994476914964,0.1333333333333333,0.227744661719286,725.1543292840928,1,0,12
B_E,2,2.0,17.0,600003,bc6d8997caf5bcfc833e1273cef059843ed25a164dddffe1af0f60140ac99c3c,22,13.0428962862527,27.5824621075854,0.2272727272727272,5.432222270511292,1854.0338027050857,6,11.871455138221185,24.52094037066157,0.3333333333333333,5.436496515518229,1640.9576943109034,16,13.482186716764517,27.74168752861584,0.1875,5.43061942863369,1933.937343352904,5,0,12
B_N,2,2.0,17.0,600003,bc6d8997caf5bcfc833e1273cef059843ed25a164dddffe1af0f60140ac99c3c,22,13.0428962862527,27.5824621075854,0.2272727272727272,5.432222270511292,1854.0338027050857,6,11.871455138221185,24.52094037066157,0.3333333333333333,5.436496515518229,1640.9576943109034,16,13.482186716764517,27.74168752861584,0.1875,5.43061942863369,1933.937343352904,5,0,12
B_E,2,2.0,17.0,600004,f2034a96c4b7569582724cc70b28eaadcf1d201e5375d171151e0e396c4d30a7,24,7.101422614021416,12.355517639947411,0.25,0.865603891026088,670.2845228042833,9,7.598249457871538,15.087346317136078,0.3333333333333333,2.3082770427362345,786.3165582409742,15,6.803326507711344,12.0894174617456,0.2,0.0,600.6653015422686,1,1,12
B_N,2,2.0,17.0,600004,f2034a96c4b7569582724cc70b28eaadcf1d201e5375d171151e0e396c4d30a7,24,7.101422614021416,12.355517639947411,0.25,0.865603891026088,670.2845228042833,9,7.598249457871538,15.087346317136078,0.3333333333333333,2.3082770427362345,786.3165582409742,15,6.803326507711344,12.0894174617456,0.2,0.0,600.6653015422686,1,1,12
B_E,2,2.0,17.0,600005,0c776ef57a8ef5972201f1638bc2ae982b9eb890d519b846dc53e995be27e23a,28,9.2179676774491,16.56301995524945,0.1785714285714285,2.0880146960121886,1074.2132218146205,12,8.574425174974298,13.051270545483677,0.1666666666666666,2.8256880912291917,948.2183683281932,16,9.700624554305202,18.006938994657368,0.1875,1.534759649599437,1168.7093619294403,3,0,12
B_N,2,2.0,17.0,600005,0c776ef57a8ef5972201f1638bc2ae982b9eb890d519b846dc53e995be27e23a,28,9.2179676774491,16.56301995524945,0.1785714285714285,2.0880146960121886,1074.2132218146205,12,8.574425174974298,13.051270545483677,0.1666666666666666,2.8256880912291917,948.2183683281932,16,9.700624554305202,18.006938994657368,0.1875,1.534759649599437,1168.7093619294403,3,0,12
B_E,2,2.0,17.0,600006,b039d5524cec0e74a0e925944b1aec72e10339dbc30d991a214e47ebdb335b11,25,7.703915067241483,15.55747058124368,0.24,0.8509671146620531,788.7830134482964,14,7.476567661407826,11.667905366731436,0.2857142857142857,1.057108812885937,752.4563894244226,11,7.99326631102977,15.097839977356465,0.1818181818181818,0.588604953286201,835.0168985695905,2,0,12
B_N,2,2.0,17.0,600006,b039d5524cec0e74a0e925944b1aec72e10339dbc30d991a214e47ebdb335b11,25,8.169146392267608,13.059862057277163,0.2,0.8509671146620531,873.8292784535214,14,8.530545815882943,16.4490276029955,0.2142857142857142,1.057108812885937,948.9663060337316,11,7.709183489484451,11.53869288766635,0.1818181818181818,0.588604953286201,778.2003342605265,2,0,12
B_E,2,2.0,17.0,600007,1dcd148ba637c9ee5c20a609051661bc301a905a51682b353a53b5a889e41202,12,4.678224975324461,7.8074017006186525,0.4166666666666667,0.0,218.9783283982255,4,4.201850425154663,7.086291445525853,0.75,0.0,190.3700850309326,8,4.91641225040936,7.168309494902025,0.25,0.0,233.282450081872,1,0,12
B_N,2,2.0,17.0,600007,1dcd148ba637c9ee5c20a609051661bc301a905a51682b353a53b5a889e41202,12,4.678224975324461,7.8074017006186525,0.4166666666666667,0.0,218.9783283982255,4,4.201850425154663,7.086291445525853,0.75,0.0,190.3700850309326,8,4.91641225040936,7.168309494902025,0.25,0.0,233.282450081872,1,0,12
B_E,2,2.0,17.0,600008,694356a49779a626650046b0ba248a6d9981fbad4bedcc6a41e808a16b7abd08,14,4.862950565615238,8.0489270640237,0.5,0.0,272.5901131230476,5,3.9614803401237295,6.845921360494922,0.8,0.0,152.2960680247461,9,5.3637673575549645,8.22144518074159,0.3333333333333333,0.0,339.4201381776595,1,0,12
B_N,2,2.0,17.0,600008,694356a49779a626650046b0ba248a6d9981fbad4bedcc6a41e808a16b7abd08,14,4.862950565615238,8.0489270640237,0.5,0.0,272.5901131230476,5,3.9614803401237295,6.845921360494922,0.8,0.0,152.2960680247461,9,5.3637673575549645,8.22144518074159,0.3333333333333333,0.0,339.4201381776595,1,0,12
B_E,2,2.0,17.0,600009,5e72c7e4ead7083ac7593850176b505425ca040814e583097dcf5b2536260c83,22,5.545540400327135,12.496346234796498,0.5,0.0,409.1080800654272,11,6.2573472428526,10.95557020101621,0.4545454545454545,0.0,542.3785394796107,11,4.833733557801673,10.257107443163004,0.5454545454545454,0.0,275.83762065124347,1,0,12
B_N,2,2.0,17.0,600009,5e72c7e4ead7083ac7593850176b505425ca040814e583097dcf5b2536260c83,22,5.545540400327135,12.496346234796498,0.5,0.0,409.1080800654272,11,6.2573472428526,10.95557020101621,0.4545454545454545,0.0,542.3785394796107,11,4.833733557801673,10.257107443163004,0.5454545454545454,0.0,275.83762065124347,1,0,12
B_E,2,4.0,16.0,600000,ae782fc550faa25c4b0c21c8909afea25c1e2a085b90511b1939acf9fb4eb926,46,11.371236678323488,28.474028189676595,0.217391304347826,3.9133062555759,1517.725596534263,14,9.935441204394644,24.132675164835447,0.2857142857142857,3.450641558641759,1244.2310980217858,32,11.999397198167362,26.97158245223653,0.1875,4.115722060484586,1637.379439633472,6,0,12
B_N,2,4.0,16.0,600000,ae782fc550faa25c4b0c21c8909afea25c1e2a085b90511b1939acf9fb4eb926,46,11.400898574032276,28.474028189676595,0.1956521739130435,3.9133062555759,1519.3101495890637,14,10.328117930643945,24.132675164835447,0.2142857142857142,3.450641558641759,1308.4807289859316,32,11.870240105514672,26.97158245223653,0.1875,4.115722060484586,1611.5480211029342,6,0,12
B_E,2,4.0,16.0,600001,73f70c1d51e6ec3bce61a4b1ce5b0e8a3a981e01b09394539397bce70b2766ce,40,5.840810627152846,9.79869268479038,0.4,0.0,448.1621254305695,18,6.003331695203792,8.567280233366597,0.4444444444444444,0.0,489.5552279296471,22,5.707838844202076,9.79869268479038,0.3636363636363636,0.0,414.2950415676876,1,0,12
B_N,2,4.0,16.0,600001,73f70c1d51e6ec3bce61a4b1ce5b0e8a3a981e01b09394539397bce70b2766ce,40,5.580209841870662,8.520742856115675,0.425,0.0,401.0419683741324,18,5.964994335933149,8.567280233366597,0.4444444444444444,0.0,481.88775607551867,22,5.265386164910447,8.462970544146636,0.4090909090909091,0.0,334.8954148002709,1,0,12
B_E,2,4.0,16.0,600002,7d703e9ecf922737d0d887038557d83ab9034f055440f82fa7194ddded4f1d0f,37,7.440715985897881,16.210633325660385,0.2702702702702703,0.7418894578690556,742.1972512336304,9,7.0578769042500165,11.447189407721408,0.3333333333333333,0.0,678.24204751667,28,7.56377140499898,17.03497253977395,0.25,0.9803539264698234,762.754280999796,2,0,12
B_N,2,4.0,16.0,600002,7d703e9ecf922737d0d887038557d83ab9034f055440f82fa7194ddded4f1d0f,37,7.440715985897881,16.210633325660385,0.2702702702702703,0.7418894578690556,742.1972512336304,9,7.0578769042500165,11.447189407721408,0.3333333333333333,0.0,678.24204751667,28,7.56377140499898,17.03497253977395,0.25,0.9803539264698234,762.754280999796,2,0,12
B_E,2,4.0,16.0,600003,59efffe8f732c21fbd90826d18f79854148ec207fd646986e97fc5dc82b731cd,41,9.269162023884732,23.535211723580005,0.2682926829268293,2.2919278820196136,1107.4909413623125,12,8.953667415372871,18.70157476992942,0.3333333333333333,2.403696714857991,1057.4001497412414,29,9.399711517062055,23.69199915936184,0.2413793103448276,2.2456787098106297,1128.2181654813764,4,0,12
B_N,2,4.0,16.0,600003,59efffe8f732c21fbd90826d18f79854148ec207fd646986e97fc5dc82b731cd,41,9.317730096669408,23.535211723580005,0.2682926829268293,2.2919278820196136,1117.2045559192477,12,8.953667415372871,18.70157476992942,0.3333333333333333,2.403696714857991,1057.4001497412414,29,9.468376723412804,23.69199915936184,0.2413793103448276,2.2456787098106297,1141.9512067515263,4,0,12
B_E,2,4.0,16.0,600004,e75da592e4efd493155586c259827ea5280a5c3372d410258497aa4a4f4a5735,56,19.21929236127778,55.4345126052234,0.1607142857142857,12.139062494238845,3076.0013293984134,25,23.026931970188308,59.66072874277296,0.16,16.060971562979976,3837.386394037661,31,16.14861525731768,48.34162670278799,0.1612903225806451,8.976232600092771,2461.9811159796645,7,7,12
B_N,2,4.0,16.0,600004,e75da592e4efd493155586c259827ea5280a5c3372d410258497aa4a4f4a5735,56,18.572483681899183,53.49720449702697,0.1607142857142857,11.296883379643598,2946.639593522694,25,22.01164451553471,54.12834152256552,0.16,14.766227729619713,3634.328903106942,31,15.79896688058021,42.04549303388927,0.1612903225806451,8.499025032888664,2392.0514406321718,7,7,12
B_E,2,4.0,16.0,600005,f0a5f36fb2dc91b79b11e37d6cde6577c53d8d11ff5afe9ac7c7f42b7b937391,38,7.472840208126283,14.944088802164142,0.3157894736842105,0.6736014593715434,757.7259363620985,16,6.689074227008748,9.855121890235456,0.375,0.3394119306863103,612.8148454017497,22,8.042851830757217,15.042184387045538,0.2727272727272727,0.91664838932444,863.1158206968976,2,0,12
B_N,2,4.0,16.0,600005,f0a5f36fb2dc91b79b11e37d6cde6577c53d8d11ff5afe9ac7c7f42b7b937391,38,7.6037011279729,14.096102603865596,0.2894736842105263,0.6736014593715434,778.6349624366851,16,7.061752223258714,10.204152219617376,0.3125,0.3394119306863103,674.8504446517428,22,7.997845785946853,14.983500109061817,0.2727272727272727,0.91664838932444,854.114611734825,2,0,12
B_E,2,4.0,16.0,600006,8fd15302ab98b419419161a6214fc46928a86edc2f1de689505a46aec19c4c2c,39,6.721801442540821,13.780372869114874,0.3076923076923077,0.6280994991548374,605.8987500466257,18,7.11429620591188,10.857645984443518,0.2777777777777778,0.8438866384514969,678.4147967379316,21,6.385377359651342,13.666666666666666,0.3333333333333333,0.4431390940434149,543.742138596935,2,0,12
B_N,2,4.0,16.0,600006,8fd15302ab98b419419161a6214fc46928a86edc2f1de689505a46aec19c4c2c,39,6.721801442540821,13.780372869114874,0.3076923076923077,0.6280994991548374,605.8987500466257,18,7.11429620591188,10.857645984443518,0.2777777777777778,0.8438866384514969,678.4147967379316,21,6.385377359651342,13.666666666666666,0.3333333333333333,0.4431390940434149,543.742138596935,2,0,12
B_E,2,4.0,16.0,600007,aba2aa3e78d08c895ba1e24b9710847c7445e8c3162599ba40c0f663df5894dd,33,4.5524923747229,8.497474167490214,0.5151515151515151,0.0,213.52877797488316,9,3.534155744513184,5.88444102037119,0.8888888888888888,0.0,84.6089266804145,24,4.934368611051545,8.497474167490214,0.375,0.0,261.87372221030887,1,0,12
B_N,2,4.0,16.0,600007,aba2aa3e78d08c895ba1e24b9710847c7445e8c3162599ba40c0f663df5894dd,33,4.5524923747229,8.497474167490214,0.5151515151515151,0.0,213.52877797488316,9,3.534155744513184,5.88444102037119,0.8888888888888888,0.0,84.6089266804145,24,4.934368611051545,8.497474167490214,0.375,0.0,261.87372221030887,1,0,12
B_E,2,4.0,16.0,600008,67c0ab58e7807805d7218ea515fdeff15f3bee75949df0801d1eb35203e9f94b,37,8.31961744680268,27.725461821704695,0.3513513513513513,1.9855962406867105,934.1937596308064,15,7.905830146905982,17.470297112057118,0.4,1.7603400527436557,861.1660293811966,22,8.601745151277699,27.11250090535274,0.3181818181818182,2.1391800051933387,983.9853938919036,4,0,12
B_N,2,4.0,16.0,600008,67c0ab58e7807805d7218ea515fdeff15f3bee75949df0801d1eb35203e9f94b,37,8.31961744680268,27.725461821704695,0.3513513513513513,1.9855962406867105,934.1937596308064,15,7.905830146905982,17.470297112057118,0.4,1.7603400527436557,861.1660293811966,22,8.601745151277699,27.11250090535274,0.3181818181818182,2.1391800051933387,983.9853938919036,4,0,12
B_E,2,4.0,16.0,600009,a6d89f6c2b566e5086fec50ea7205ff2e7eaa04a98ad2c7b9cdb5b3a7886e098,39,6.8430109599260005,12.85345565340574,0.3076923076923077,0.6984434697951656,630.1406535236617,14,8.146174103674664,15.040085347952289,0.2142857142857142,1.7106653484126062,872.0919635920756,25,6.113239599426751,11.466007637949344,0.36,0.1315992177693988,494.6479198853499,2,0,12
B_N,2,4.0,16.0,600009,a6d89f6c2b566e5086fec50ea7205ff2e7eaa04a98ad2c7b9cdb5b3a7886e098,39,7.010394586643067,14.279339311845463,0.282051282051282,0.6984434697951656,658.48917373887,14,8.096883213183839,14.79855998454724,0.2142857142857142,1.7106653484126062,862.2337854939103,25,6.401960955780239,12.20149449713508,0.32,0.1315992177693988,544.3921911560475,2,0,12
B_E,2,5.0,15.483333333333333,600000,fe20c1e6061caaf701149d0ebf57e19257b5a2c2c87859978497ede41deced3a,60,11.402348219948916,24.91959844240828,0.15,3.4509215496251273,1510.4696439897832,18,10.000688682404624,23.088580458628773,0.2222222222222222,3.1069653910918635,1244.5821809253691,42,12.003059450325043,24.858875913129715,0.11904761904761904,3.598331331853669,1624.4214138745322,5,0,12
B_N,2,5.0,15.483333333333333,600000,fe20c1e6061caaf701149d0ebf57e19257b5a2c2c87859978497ede41deced3a,60,11.402348219948916,24.91959844240828,0.15,3.4509215496251273,1510.4696439897832,18,10.000688682404624,23.088580458628773,0.2222222222222222,3.1069653910918635,1244.5821809253691,42,12.003059450325043,24.858875913129715,0.11904761904761904,3.598331331853669,1624.4214138745322,5,0,12
B_E,2,5.0,15.483333333333333,600001,6aaf1160c3349907466f1379b4f7504ddd44fdcd09bf1cd519b834602fe65a69,51,5.916906847675114,9.989456213818194,0.43137254901960786,0.15680964289669075,468.9072527289166,21,6.435116165483142,8.96284793999944,0.42857142857142855,0.38082341846339185,570.9194256151322,30,5.554160325209494,10.008532566720973,0.43333333333333335,0.0,397.4987317085655,1,0,12
B_N,2,5.0,15.483333333333333,600001,6aaf1160c3349907466f1379b4f7504ddd44fdcd09bf1cd519b834602fe65a69,51,5.916906847675114,9.989456213818194,0.43137254901960786,0.15680964289669075,468.9072527289166,21,6.4351161654831435,8.96284793999944,0.42857142857142855,0.38082341846339185,570.9194256151322,30,5.554160325209494,10.008532566720973,0.43333333333333335,0.0,397.4987317085655,1,0,12
B_E,2,5.0,15.483333333333333,600002,631a1d19c689f7cdbe3c7b2f78a2cc2ed09d1be8fbd66932266772424b8c6b1d,46,7.340734298739574,15.483636127833606,0.30434782608695654,0.9779695171784387,729.0164249653061,11,7.0055384868932435,14.725585809803974,0.45454545454545453,1.1852277622787037,692.0167882877396,35,7.446081553891276,14.772374986246362,0.2571428571428571,0.9128312115754982,740.6448822068268,3,0,12
B_N,2,5.0,15.483333333333333,600002,631a1d19c689f7cdbe3c7b2f78a2cc2ed09d1be8fbd66932266772424b8c6b1d,46,7.340734298739574,15.483636127833606,0.30434782608695654,0.9779695171784387,729.0164249653061,11,7.0055384868932435,14.725585809803974,0.45454545454545453,1.1852277622787037,692.0167882877396,35,7.446081553891276,14.772374986246362,0.2571428571428571,0.9128312115754982,740.6448822068268,3,0,12
B_E,2,5.0,15.483333333333333,600003,1ab28244256540a0dbe280eb968568bce1259410bebf12f91eb5642f431408cc,53,9.202361033213123,21.469713278659345,0.22641509433962265,2.600668230026061,1085.7552255105493,16,10.723794055864367,25.935991518622913,0.3125,4.080913423748825,1407.2588111728735,37,8.544444050445017,17.14226980127992,0.1891891891891892,1.9605622003081087,946.7266479268413,5,0,12
B_N,2,5.0,15.483333333333333,600003,1ab28244256540a0dbe280eb968568bce1259410bebf12f91eb5642f431408cc,53,9.204852090158854,21.469713278659345,0.22641509433962265,2.600668230026061,1086.2534368996953,16,10.723794055864367,25.935991518622913,0.3125,4.080913423748825,1407.2588111728735,37,8.548012321205118,17.14226980127992,0.1891891891891892,1.9605622003081087,947.4403020788614,5,0,12
B_E,2,5.0,15.483333333333333,600004,652dc18ae91e0185434fd2ac9b16e4d5a94fe69fef6980eecc5412c81be84f24,65,26.9665160898951,120.68290058837714,0.16923076923076924,19.102456397615605,4624.190096898172,28,30.625943250537752,114.17445302504947,0.21428571428571427,22.920120541391952,5368.045792964693,37,24.197219860219583,65.84250649391873,0.13513513513513514,16.213413261784858,4061.272272847832,8,8,12
B_N,2,5.0,15.483333333333333,600004,652dc18ae91e0185434fd2ac9b16e4d5a94fe69fef6980eecc5412c81be84f24,65,26.9665160898951,120.68290058837714,0.16923076923076924,19.102456397615605,4624.190096898172,28,30.625943250537752,114.17445302504947,0.21428571428571427,22.920120541391952,5368.045792964693,37,24.197219860219583,65.84250649391873,0.13513513513513514,16.213413261784858,4061.272272847832,8,8,12
B_E,2,5.0,15.483333333333333,600005,88e53edcbf2b59a1a4ea2317d8e6c3ba3047b3d3d0a4f79339d2f9164018da7c,45,6.334912116482956,12.142761900631468,0.37777777777777777,0.43678096759524326,542.5379788521466,20,6.0240576750743475,8.566928297132101,0.45,0.34432783801639744,494.8115350148697,25,6.583595669609841,13.542970893401055,0.32,0.5107434712583199,580.7191339219681,2,0,12
B_N,2,5.0,15.483333333333333,600005,88e53edcbf2b59a1a4ea2317d8e6c3ba3047b3d3d0a4f79339d2f9164018da7c,45,6.334912116482956,12.142761900631468,0.37777777777777777,0.43678096759524326,542.5379788521466,20,6.0240576750743475,8.566928297132101,0.45,0.34432783801639744,494.8115350148697,25,6.583595669609841,13.542970893401055,0.32,0.5107434712583199,580.7191339219681,2,0,12
B_E,2,5.0,15.483333333333333,600006,6be672806ff46bf6ce777a8addd557065ddfe5c3a5d4d803d8d3e71d63d7bbf1,51,6.5127138889248535,12.497050093765917,0.35294117647058826,0.11219653908982781,573.1310130790883,23,7.35910470464685,13.375812507191485,0.30434782608695654,0.19728933884977343,732.6905061467611,28,5.817464290296073,11.147110074832785,0.39285714285714285,0.04229888214415821,442.06428663064315,1,0,12
B_N,2,5.0,15.483333333333333,600006,6be672806ff46bf6ce777a8addd557065ddfe5c3a5d4d803d8d3e71d63d7bbf1,51,6.5127138889248535,12.497050093765917,0.35294117647058826,0.11219653908982781,573.1310130790883,23,7.35910470464685,13.375812507191485,0.30434782608695654,0.19728933884977343,732.6905061467611,28,5.817464290296073,11.147110074832785,0.39285714285714285,0.04229888214415821,442.06428663064315,1,0,12
B_E,2,5.0,15.483333333333333,600007,fa21fd19e7b9a5a03d76f11c3f3d406f87672a090f7ffc576b15aff8318a39cf,41,4.586912731235387,8.497474167490214,0.5365853658536586,0.0,224.69961941780906,12,3.801233616769775,7.8074017006186525,0.8333333333333334,0.0,126.91339002062175,29,4.912021330324605,8.497474167490214,0.41379310344827586,0.0,265.1628867545762,1,0,12
B_N,2,5.0,15.483333333333333,600007,fa21fd19e7b9a5a03d76f11c3f3d406f87672a090f7ffc576b15aff8318a39cf,41,4.586912731235387,8.497474167490214,0.5365853658536586,0.0,224.69961941780906,12,3.801233616769775,7.8074017006186525,0.8333333333333334,0.0,126.91339002062175,29,4.912021330324605,8.497474167490214,0.41379310344827586,0.0,265.1628867545762,1,0,12
B_E,2,5.0,15.483333333333333,600008,2b99eb6ae19f8f3f64e542b47e23cf926432be0bda2aff390a6600e5779a5356,42,8.54167413946312,30.12105297813196,0.3333333333333333,2.266677142216005,975.0014945592907,18,8.194507748105346,22.933061457826682,0.3888888888888889,1.9499522791176989,916.6793273988472,24,8.802048932981451,30.025002805916003,0.2916666666666667,2.5042207895397346,1018.7431199296235,5,0,12
B_N,2,5.0,15.483333333333333,600008,2b99eb6ae19f8f3f64e542b47e23cf926432be0bda2aff390a6600e5779a5356,42,8.54167413946312,30.12105297813196,0.3333333333333333,2.266677142216005,975.0014945592907,18,8.194507748105346,22.933061457826682,0.3888888888888889,1.9499522791176989,916.6793273988472,24,8.802048932981451,30.025002805916003,0.2916666666666667,2.5042207895397346,1018.7431199296235,5,0,12
B_E,2,5.0,15.483333333333333,600009,f1eff77ebed46b99040b4a455687a9628f7f7bebca62a9a40c882ee2f8f28c34,47,6.1639347333896115,10.98010413337549,0.3617021276595745,0.17718042797508693,505.12737220983723,16,6.355248394944676,10.980308983009001,0.4375,0.36322190248802144,558.549678988935,31,6.06519219839345,10.406048263650668,0.3225806451612903,0.08115902177486269,477.55456871094805,3,0,12
B_N,2,5.0,15.483333333333333,600009,f1eff77ebed46b99040b4a455687a9628f7f7bebca62a9a40c882ee2f8f28c34,47,6.197058838688943,10.98010413337549,0.3617021276595745,0.17718042797508693,511.75219326970347,16,6.626625140451514,10.980308983009001,0.375,0.36322190248802144,600.3250280903029,31,5.97534719906955,10.596811792678482,0.3548387096774194,0.08115902177486269,466.0371817493941,3,0,12
B_E,2,6.0,14.983333333333333,600000,6a5d0d8314950923900987f79ae865036225efb0d681401f1f22d1b63cd194d9,69,13.282692608659284,28.677734836841477,0.2028985507246377,5.610381565819451,1897.1182318767844,20,12.447408141108355,27.761744591906677,0.25,5.954292113644987,1739.4816282216707,49,13.623625044394359,28.97733106415249,0.1836734693877551,5.470009913645763,1961.4597027564225,6,2,12
B_N,2,6.0,14.983333333333333,600000,6a5d0d8314950923900987f79ae865036225efb0d681401f1f22d1b63cd194d9,69,13.282692608659284,28.677734836841477,0.2028985507246377,5.610381565819451,1897.1182318767844,20,12.447408141108355,27.761744591906677,0.25,5.954292113644987,1739.4816282216707,49,13.623625044394359,28.97733106415249,0.1836734693877551,5.470009913645763,1961.4597027564225,6,2,12
B_E,2,6.0,14.983333333333333,600001,a190ae2d1701c585844233b4ee749d2aadd4d4f94fb38f55bbf0c39b13e6b7e1,58,6.3053267989184585,11.818924070938557,0.39655172413793105,0.31397905238868434,540.3757046112781,23,6.922266794096069,12.968584405087922,0.4782608695652174,0.6760666076443158,680.1055327322572,35,5.899909087801745,11.272358756123387,0.34285714285714286,0.07603580179212648,448.5532461317777,1,1,12
B_N,2,6.0,14.983333333333333,600001,a190ae2d1701c585844233b4ee749d2aadd4d4f94fb38f55bbf0c39b13e6b7e1,58,6.3053267989184585,11.818924070938557,0.39655172413793105,0.31397905238868434,540.3757046112781,23,6.922266794096069,12.968584405087922,0.4782608695652174,0.6760666076443158,680.1055327322572,35,5.899909087801745,11.272358756123387,0.34285714285714286,0.07603580179212648,448.5532461317777,1,1,12
B_E,2,6.0,14.983333333333333,600002,e0aef6ceb4eb92f9fb14b2764ca0ed3be2213b2c612a4633458fb5d20806ae6b,53,7.0303754143593595,16.197558946825687,0.3584905660377358,0.6817208628498571,677.7731960794192,15,5.797594033112263,10.240363184471125,0.5333333333333333,0.69061402836572,466.18547328911944,38,7.516999643799002,16.869799615731274,0.2894736842105263,0.6782104027778061,761.2946656019059,3,1,12
B_N,2,6.0,14.983333333333333,600002,e0aef6ceb4eb92f9fb14b2764ca0ed3be2213b2c612a4633458fb5d20806ae6b,53,7.0303754143593595,16.197558946825687,0.3584905660377358,0.6817208628498571,677.7731960794192,15,5.797594033112263,10.240363184471125,0.5333333333333333,0.69061402836572,466.18547328911944,38,7.516999643799002,16.869799615731274,0.2894736842105263,0.6782104027778061,761.2946656019059,3,1,12
B_E,2,6.0,14.983333333333333,600003,ce8e86ac2fbbe14ad43cfd2bb2b589a100888ea26118fa372ab124bd727411d2,59,9.164437510150982,19.74717685781665,0.23728813559322035,1.9276381329869086,1080.3451291488404,18,8.658774138745919,20.68828045583931,0.3888888888888889,2.4788055698069607,1009.5326055269613,41,9.386436063450766,18.96238715697989,0.17073170731707318,1.6856621851146905,1111.4335541535681,4,0,12
B_N,2,6.0,14.983333333333333,600003,ce8e86ac2fbbe14ad43cfd2bb2b589a100888ea26118fa372ab124bd727411d2,59,9.164437510150982,19.74717685781665,0.23728813559322035,1.9276381329869086,1080.3451291488404,18,8.658774138745919,20.68828045583931,0.3888888888888889,2.4788055698069607,1009.5326055269613,41,9.386436063450766,18.96238715697989,0.17073170731707318,1.6856621851146905,1111.4335541535681,4,0,12
B_E,2,6.0,14.983333333333333,600004,e4287612ba46f7ac6829a792ea3d6d2dd21a18e2cb17bac2e162e4c3a3e2d696,74,43.14165300149822,206.854258359917,0.16216216216216217,35.561622909022645,7860.763032732077,33,54.094633453696105,206.87916054623057,0.15151515151515152,46.459661644825246,10049.22972104225,41,34.32583946680237,195.6124993369082,0.17073170731707318,26.79003075581568,6099.314234823889,11,11,12
B_N,2,6.0,14.983333333333333,600004,e4287612ba46f7ac6829a792ea3d6d2dd21a18e2cb17bac2e162e4c3a3e2d696,74,43.14165300149822,206.854258359917,0.16216216216216217,35.561622909022645,7860.763032732077,33,54.094633453696105,206.87916054623057,0.15151515151515152,46.459661644825246,10049.22972104225,41,34.32583946680237,195.6124993369082,0.17073170731707318,26.79003075581568,6099.314234823889,11,11,12
B_E,2,6.0,14.983333333333333,600005,3800cb7ee8ac7b8ad34bacba16d0a1b95d066b9b1d95526387e634fcddf0e96c,55,7.213934122372589,13.587469253887711,0.3090909090909091,0.6505903170485081,704.6050062926997,24,7.060150995876202,11.693181302376685,0.3333333333333333,0.7059557676190403,678.696865841907,31,7.33299202675689,15.8416057687779,0.2903225806451613,0.6077267424132573,724.6629214804102,2,0,12
B_N,2,6.0,14.983333333333333,600005,3800cb7ee8ac7b8ad34bacba16d0a1b95d066b9b1d95526387e634fcddf0e96c,55,7.235585356273684,13.587469253887711,0.3090909090909091,0.5802475037010895,708.9352530729188,24,6.891580342616149,11.228385798303425,0.3333333333333333,0.5661381338119705,644.9827351898966,31,7.501911818460164,15.8416057687779,0.2903225806451613,0.5911708868410525,758.4468798210651,2,0,12
B_E,2,6.0,14.983333333333333,600006,03c024548c6932bae95622814ae6971a887a283824303f0b5da92a036bf78a5e,63,8.076103095530572,16.547325757184286,0.31746031746031744,1.3115248753354767,878.7126825981778,25,7.044417488575585,8.497474167490214,0.28,0.0,664.8834977151167,38,8.754843626422012,34.98733967663281,0.34210526315789475,2.174370188056185,1019.3897779159812,3,3,12
B_N,2,6.0,14.983333333333333,600006,03c024548c6932bae95622814ae6971a887a283824303f0b5da92a036bf78a5e,63,8.076103095530572,16.547325757184286,0.31746031746031744,1.3115248753354767,878.7126825981778,25,7.044417488575585,8.497474167490214,0.28,0.0,664.8834977151167,38,8.754843626422012,34.98733967663281,0.34210526315789475,2.174370188056185,1019.3897779159812,3,3,12
B_E,2,6.0,14.983333333333333,600007,83fa0d9d706326867a7d67bf224f691333b956275a82edff4dd1e95d926d289c,49,5.487845998417931,8.497474167490214,0.3673469387755102,0.0,371.03858743868796,14,5.306769467004979,8.497474167490214,0.5714285714285714,0.0,375.6396076867103,35,5.560276610983109,8.88783972268026,0.2857142857142857,0.0,369.1981793394791,1,0,12
B_N,2,6.0,14.983333333333333,600007,83fa0d9d706326867a7d67bf224f691333b956275a82edff4dd1e95d926d289c,49,5.487845998417931,8.497474167490214,0.3673469387755102,0.0,371.03858743868796,14,5.306769467004979,8.497474167490214,0.5714285714285714,0.0,375.6396076867103,35,5.560276610983109,8.88783972268026,0.2857142857142857,0.0,369.1981793394791,1,0,12
B_E,2,6.0,14.983333333333333,600008,c19f94a10a4fd8fc637fa97d11a8688e33b8b480404526020d8e1caef2c347e9,49,8.645190689146094,28.87395043850416,0.30612244897959184,2.057081460621777,990.2626276251374,20,7.7651319694243455,10.65376685896017,0.3,1.329788253930019,813.0263938848691,29,9.252127737230056,30.94043447014793,0.3103448275862069,2.558662982478162,1112.4945129632533,5,1,12
B_N,2,6.0,14.983333333333333,600008,c19f94a10a4fd8fc637fa97d11a8688e33b8b480404526020d8e1caef2c347e9,49,8.645190689146094,28.87395043850416,0.30612244897959184,2.057081460621777,990.2626276251374,20,7.7651319694243455,10.65376685896017,0.3,1.329788253930019,813.0263938848691,29,9.252127737230056,30.94043447014793,0.3103448275862069,2.558662982478162,1112.4945129632533,5,1,12
B_E,2,6.0,14.983333333333333,600009,4d767a2b2bc2c966ccf0e74d09f5655252f73084de311df2dd9db71090551348,55,5.906253237368809,10.302718163859316,0.4,0.045744175909468054,461.25064747376217,20,6.125966383776238,8.497474167490214,0.4,0.0,505.19327675524767,35,5.780702867993138,11.847188286226332,0.4,0.07188370500059266,436.1405735986276,1,0,12
B_N,2,6.0,14.983333333333333,600009,4d767a2b2bc2c966ccf0e74d09f5655252f73084de311df2dd9db71090551348,55,5.897539751267137,10.302718163859316,0.4,0.045744175909468054,459.5079502534276,20,6.125966383776238,8.497474167490214,0.4,0.0,505.19327675524767,35,5.767010246976223,11.496394025487268,0.4,0.07188370500059266,433.4020493952447,1,0,12
B_E,2,8.0,13.883333333333333,600000,0a456f0aad99f0ff30a218cc04676a18aa1d8ce1e2df0614329ed68920a57c6f,79,24.205377417584437,153.08142995632508,0.189873417721519,17.187660550853828,4079.05016706119,25,24.65056193815208,147.21362734307178,0.24,18.247226398774945,4178.112387630415,54,23.99927347287719,117.62418695836784,0.1666666666666666,16.697120806445902,4033.1880279087713,7,6,12
B_N,2,8.0,13.883333333333333,600000,0a456f0aad99f0ff30a218cc04676a18aa1d8ce1e2df0614329ed68920a57c6f,79,24.205377417584437,153.08142995632508,0.189873417721519,17.187660550853828,4079.05016706119,25,24.65056193815208,147.21362734307178,0.24,18.247226398774945,4178.112387630415,54,23.99927347287719,117.62418695836784,0.1666666666666666,16.697120806445902,4033.1880279087713,7,6,12
B_E,2,8.0,13.883333333333333,600001,fbdc4076e2dcfb113b66765371e8f96054b53d37cb30f313eec8784d92248c4b,77,23.082312459747342,142.03797032518224,0.3636363636363636,17.419466661735154,3889.189764676742,28,22.83284561398952,137.40269445406483,0.4285714285714285,17.02787209813271,3852.283408512189,49,23.224864943037534,149.03868384270027,0.3265306122448979,17.64323498379369,3910.2791110564863,10,10,12
B_N,2,8.0,13.883333333333333,600001,fbdc4076e2dcfb113b66765371e8f96054b53d37cb30f313eec8784d92248c4b,77,22.310259304404763,142.03797032518224,0.3246753246753247,16.44192532767986,3726.9869258160174,28,22.74916960336857,137.40269445406483,0.3571428571428571,16.404471888628645,3821.262492102286,49,22.05945341928259,149.03868384270027,0.3061224489795918,16.463327292851986,3673.1151736524366,9,9,12
B_E,2,8.0,13.883333333333333,600002,4777ca932f3d32934e572cc74123b03d855048cc9ad223cb67eada69893a5da1,68,19.506404267487863,142.20824913170944,0.3970588235294117,13.703290582911102,3180.692618203455,20,20.001112510911177,150.0466116449985,0.6,15.936121300756714,3320.2225021822355,48,19.300275832728147,115.92107673078397,0.3125,12.77294445047543,3122.5551665456296,7,6,12
B_N,2,8.0,13.883333333333333,600002,4777ca932f3d32934e572cc74123b03d855048cc9ad223cb67eada69893a5da1,68,19.506404267487863,142.20824913170944,0.3970588235294117,13.703290582911102,3180.692618203455,20,20.001112510911177,150.0466116449985,0.6,15.936121300756714,3320.2225021822355,48,19.300275832728147,115.92107673078397,0.3125,12.77294445047543,3122.5551665456296,7,6,12
B_E,2,8.0,13.883333333333333,600003,ea6d5ab33c6f2d11b2339ec9e48ff9c5df15e6145ea6c4be41a0a081455d3f4e,72,15.935666074017348,57.45221881425704,0.2083333333333333,8.557187255441427,2428.799881470137,23,16.104958251940644,59.90231022776582,0.3043478260869565,8.784671690502602,2481.86121560552,49,15.856202398665598,49.55237829417271,0.1632653061224489,8.450408847147406,2403.8935409576093,5,3,12
B_N,2,8.0,13.883333333333333,600003,ea6d5ab33c6f2d11b2339ec9e48ff9c5df15e6145ea6c4be41a0a081455d3f4e,72,15.935666074017348,57.45221881425704,0.2083333333333333,8.557187255441427,2428.799881470137,23,16.104958251940644,59.90231022776582,0.3043478260869565,8.784671690502602,2481.86121560552,49,15.856202398665598,49.55237829417271,0.1632653061224489,8.450408847147406,2403.8935409576093,5,3,12
B_E,2,8.0,13.883333333333333,600004,7a747096f6ba90bf06cb1cad3996b820faa2d01a9d065a96091e64c5c5ce3cfe,95,61.41723491973681,208.5618066213969,0.2105263157894736,54.448498828556176,11525.482222862822,43,75.54110119339676,207.803711762146,0.2093023255813953,68.4643442220299,14349.925999073972,52,49.737883962671845,209.37212967487085,0.2115384615384615,42.85847283010676,9189.88448484206,24,24,12
B_N,2,8.0,13.883333333333333,600004,7a747096f6ba90bf06cb1cad3996b820faa2d01a9d065a96091e64c5c5ce3cfe,95,61.927537378838686,208.5618066213969,0.2105263157894736,54.9817869039463,11627.5427146832,43,76.3601818802621,207.803711762146,0.2093023255813953,69.41127314534852,14513.742136447045,52,49.99285057958469,209.37212967487085,0.2115384615384615,43.04971174278678,9240.87780822463,24,24,12
B_E,2,8.0,13.883333333333333,600005,a51807190b205488a1bc7e68224a9c9f37fb473766fe07c2b559bc16fd1724ee,75,26.7508323573406,148.9772891340585,0.2,19.818777990943538,4590.166471468121,30,19.74245882183116,101.1539669152014,0.2,12.31136822121601,3188.491764366232,45,31.42308138101357,155.29007391572864,0.2,24.82371783742856,5524.616276202713,10,10,12
B_N,2,8.0,13.883333333333333,600005,a51807190b205488a1bc7e68224a9c9f37fb473766fe07c2b559bc16fd1724ee,75,26.7508323573406,148.9772891340585,0.2,19.818777990943538,4590.166471468121,30,19.74245882183116,101.1539669152014,0.2,12.31136822121601,3188.491764366232,45,31.42308138101357,155.29007391572864,0.2,24.82371783742856,5524.616276202713,10,10,12
B_E,2,8.0,13.883333333333333,600006,936084eff6ac72f20bd838b8ea3cf1bf0f1d7d649e2d5cf2fae4ae917cc487dc,78,25.22972842846365,172.82804919388457,0.3205128205128205,19.15773445632574,4309.891236011292,31,16.43932866541463,78.0157063656741,0.3225806451612903,10.121678163665967,2551.9867951747933,47,31.027651676432143,177.10145675141217,0.3191489361702128,25.117686479143888,5469.360122520472,9,9,12
B_N,2,8.0,13.883333333333333,600006,936084eff6ac72f20bd838b8ea3cf1bf0f1d7d649e2d5cf2fae4ae917cc487dc,78,25.381452870728136,172.82804919388457,0.3076923076923077,19.15773445632574,4337.672021900088,31,16.594406139628138,78.0157063656741,0.2903225806451613,10.121678163665967,2576.5506771142686,47,31.177164544432397,177.10145675141217,0.3191489361702128,25.117686479143888,5499.2626961205215,9,9,12
B_E,2,8.0,13.883333333333333,600007,aa350f9ea9d6158c5651f8727310a68031f7017b5a351c5b20965a16d3dbda6a,71,7.108749871321481,13.019631620357156,0.3661971830985915,1.133345166837668,694.9894108840144,20,8.572568080914323,11.809148806604927,0.5,2.62375995187831,1014.5136161828644,51,6.534703514618405,13.019631620357156,0.3137254901960784,0.54886878054722,569.6858009628968,2,2,12
B_N,2,8.0,13.883333333333333,600007,aa350f9ea9d6158c5651f8727310a68031f7017b5a351c5b20965a16d3dbda6a,71,7.067985751070294,13.019631620357156,0.3661971830985915,1.133345166837668,686.8365868337771,20,8.514795768945282,11.367043722721164,0.5,2.62375995187831,1002.9591537890564,51,6.500609273472261,13.019631620357156,0.3137254901960784,0.54886878054722,562.8669527336676,2,2,12
B_E,2,8.0,13.883333333333333,600008,ee5f2078a861ad447880e12bc722fdb136773382a14a8214271180abdcf6700b,65,22.3169148560086,142.64449911346307,0.2461538461538461,15.628436978446103,3712.6137404324895,25,20.278764822093123,120.84025741531656,0.24,13.46323424799164,3303.7529644186247,40,23.59075862720577,136.88557838710872,0.25,16.981688684980146,3968.151725441154,7,7,12
B_N,2,8.0,13.883333333333333,600008,ee5f2078a861ad447880e12bc722fdb136773382a14a8214271180abdcf6700b,65,22.3169148560086,142.64449911346307,0.2461538461538461,15.628436978446103,3712.6137404324895,25,20.278764822093123,120.84025741531656,0.24,13.46323424799164,3303.7529644186247,40,23.59075862720577,136.88557838710872,0.25,16.981688684980146,3968.151725441154,7,7,12
B_E,2,8.0,13.883333333333333,600009,eb1e003bfebf51491556d07b5e121c828e75a3ccae95041a180efc174581a740,70,22.38787157164244,150.6410489923319,0.3,15.91309117474531,3737.574314328488,26,20.59344372816468,121.89962084218811,0.3846153846153846,13.924938097740007,3395.6118225560126,44,23.44821529733384,155.89463935696983,0.25,17.087908902066623,3939.6430594667686,8,7,12
B_N,2,8.0,13.883333333333333,600009,eb1e003bfebf51491556d07b5e121c828e75a3ccae95041a180efc174581a740,70,22.38787157164244,150.6410489923319,0.3,15.91309117474531,3737.574314328488,26,20.59344372816468,121.89962084218811,0.3846153846153846,13.924938097740007,3395.6118225560126,44,23.44821529733384,155.89463935696983,0.25,17.087908902066623,3939.6430594667686,8,7,12
B_E,2,10.0,10.266666666666666,600000,c9fa4009378c533d33a433caebcaafc888f44b7e2a6fab5e0562bdca50311f8c,98,13.027461437131928,31.717302357063,0.25510204081632654,5.900618860686355,1856.512695589651,30,9.384760862734504,26.801773488330536,0.3,2.437504231602846,1136.9521725469006,68,14.634535219954321,32.19400477555193,0.23529411764705882,7.428463549987903,2173.965867520276,5,4,12
B_N,2,10.0,10.266666666666666,600000,c9fa4009378c533d33a433caebcaafc888f44b7e2a6fab5e0562bdca50311f8c,98,12.559150880983806,26.496439397913562,0.24489795918367346,5.169764353488025,1760.8097680334954,30,8.590683457416207,20.346799114627416,0.26666666666666666,1.4482915738323452,971.4700248165743,68,14.309945332557744,36.7180079252275,0.23529411764705882,6.811590579806708,2109.047890040961,4,4,12
B_E,2,10.0,10.266666666666666,600001,477957b5f54a578ea12d82d2616197de951d91c3c1975170869092841450d8aa,91,9.483494620258504,10.869315968247765,0.3956043956043956,3.7346872622271934,1175.8198031725801,34,15.694073099873412,49.70420053069189,0.38235294117647056,9.217808386944371,2415.2852082099766,57,5.778939035926807,9.874998096401503,0.40350877192982454,0.4640536088871222,436.48956157132613,4,3,12
B_N,2,10.0,10.266666666666666,600001,477957b5f54a578ea12d82d2616197de951d91c3c1975170869092841450d8aa,91,9.59525922575737,16.958617326043772,0.37362637362637363,3.9405744165451724,1193.7771198767487,34,15.65744613234931,43.25840622149581,0.35294117647058826,9.198068599977406,2402.07746176398,57,5.979217913053405,9.79869268479038,0.38596491228070173,0.8045252544978754,473.03656506682137,4,4,12
B_E,2,10.0,10.266666666666666,600002,6f19f4f8ff01ca48be594fea6b7e9209c378ceb8278f9f0e0b4c5655d7f04ab9,84,6.0767747899545395,10.103186781419103,0.4166666666666667,0.4260420313481258,498.68829132424116,23,5.949535214056189,8.497474167490214,0.5217391304347826,0.3803147397670925,494.25486889819433,61,6.124750367752278,10.180219742846006,0.3770491803278688,0.4432834691573679,500.35990961602926,2,2,12
B_N,2,10.0,10.266666666666666,600002,6f19f4f8ff01ca48be594fea6b7e9209c378ceb8278f9f0e0b4c5655d7f04ab9,84,6.0767747899545395,10.103186781419103,0.4166666666666667,0.4260420313481258,498.68829132424116,23,5.949535214056189,8.497474167490214,0.5217391304347826,0.3803147397670925,494.25486889819433,61,6.124750367752278,10.180219742846006,0.3770491803278688,0.4432834691573679,500.35990961602926,2,2,12
B_E,2,10.0,10.266666666666666,600003,de35ea805a2e32127a1004b1b8750df724d69d57f22583e10e655db4e1a4c347,92,11.902980312725447,31.73473127186075,0.2608695652173913,5.16745215454229,1632.4095118328057,31,12.546407326432448,23.035180096483305,0.3870967741935484,5.956103947252784,1785.6310567210016,61,11.575992813956317,32.70264619419564,0.19672131147540983,4.766661899230399,1554.5428250863456,5,4,12
B_N,2,10.0,10.266666666666666,600003,de35ea805a2e32127a1004b1b8750df724d69d57f22583e10e655db4e1a4c347,92,11.902980312725447,31.73473127186075,0.2608695652173913,5.16745215454229,1632.4095118328057,31,12.546407326432448,23.035180096483305,0.3870967741935484,5.956103947252784,1785.6310567210016,61,11.575992813956317,32.70264619419564,0.19672131147540983,4.766661899230399,1554.5428250863456,5,4,12
B_E,2,10.0,10.266666666666666,600004,a9c24ae30addd4f8be850f0676370d06cdffdb6500ed704f7a628c5ce538fe2e,104,55.675014177394814,280.1790407422563,0.2692307692307692,48.86069322817303,10388.848989325117,46,71.00344435356475,275.01319519266,0.2391304347826087,63.82643483800332,13448.514957669475,58,43.51798334801864,282.4171371681427,0.29310344827586204,36.99131195141108,7962.2173592589015,19,19,12
B_N,2,10.0,10.266666666666666,600004,a9c24ae30addd4f8be850f0676370d06cdffdb6500ed704f7a628c5ce538fe2e,104,56.00094747299131,279.3703151253245,0.27884615384615385,49.33642849997271,10455.95872536749,46,71.33967104830315,275.01319519266,0.2391304347826087,64.05578779215364,13515.760296617149,58,43.83575291326121,282.4171371681427,0.3103448275862069,37.66245388893267,8029.219548169484,19,19,12
B_E,2,10.0,10.266666666666666,600005,3d59ec69d7e8dd1ec4fd91d18a6a7aa04dccff521e5e36c796da41b91fc3af32,91,22.092942636653582,79.82348749931549,0.32967032967032966,15.766665338275853,3684.522593264783,35,32.2938165800374,160.53888039799978,0.3142857142857143,25.502158885063338,5721.6204588646215,56,15.717396422038703,43.21017925442395,0.3392857142857143,9.681981871533676,2411.3364272648832,7,4,12
B_N,2,10.0,10.266666666666666,600005,3d59ec69d7e8dd1ec4fd91d18a6a7aa04dccff521e5e36c796da41b91fc3af32,91,22.092942636653582,79.82348749931549,0.32967032967032966,15.766665338275853,3684.522593264783,35,32.2938165800374,160.53888039799978,0.3142857142857143,25.502158885063338,5721.6204588646215,56,15.717396422038703,43.21017925442395,0.3392857142857143,9.681981871533676,2411.3364272648832,7,4,12
B_E,2,10.0,10.266666666666666,600006,9d8b72cc95097ff90dd708a6e83c6baba56d24531d3b7c10e804951a71996bfc,92,8.709129353104657,12.428090415820634,0.391304347826087,2.8199107604155556,1019.7209329664977,37,12.23292275961675,9.242688320211945,0.43243243243243246,6.354568137577656,1732.1614637015157,55,6.338577425087428,12.79966329107444,0.36363636363636365,0.4420503430519602,540.4427577447584,3,2,12
B_N,2,10.0,10.266666666666666,600006,9d8b72cc95097ff90dd708a6e83c6baba56d24531d3b7c10e804951a71996bfc,92,8.709129353104657,12.428090415820634,0.391304347826087,2.8199107604155556,1019.7209329664977,37,12.23292275961675,9.242688320211945,0.43243243243243246,6.354568137577656,1732.1614637015157,55,6.338577425087428,12.79966329107444,0.36363636363636365,0.4420503430519602,540.4427577447584,3,2,12
B_E,2,10.0,10.266666666666666,600007,320c4a6adfaa9a9d0fba99d3d7fdb06993ad8b88ca0c79ddc91cc80e2e4c0d8c,78,5.595132858182956,8.953477889853225,0.4230769230769231,0.44131322692789043,403.6419562519759,25,5.67676699226362,8.497474167490214,0.56,0.3682899532673764,447.3533984527241,53,5.556626191163775,9.713484093791644,0.3584905660377358,0.4757581673337933,383.0233514403022,3,3,12
B_N,2,10.0,10.266666666666666,600007,320c4a6adfaa9a9d0fba99d3d7fdb06993ad8b88ca0c79ddc91cc80e2e4c0d8c,78,5.595132858182956,8.953477889853225,0.4230769230769231,0.44131322692789043,403.6419562519759,25,5.67676699226362,8.497474167490214,0.56,0.3682899532673764,447.3533984527241,53,5.556626191163775,9.713484093791644,0.3584905660377358,0.4757581673337933,383.0233514403022,3,3,12
B_E,2,10.0,10.266666666666666,600008,76fcd9b4802254dca4c28162a5957ef1466c05f9f1a4587c9ac078b7c14438b8,86,11.345829924181213,34.048161499455006,0.32558139534883723,4.778963512498131,1534.28226390601,31,14.115820823263803,40.454181047941255,0.3870967741935484,7.562789903419006,2100.58351949147,55,9.78456232651648,33.50470917724375,0.2909090909090909,3.2098977285245467,1215.0942834851144,5,3,12
B_N,2,10.0,10.266666666666666,600008,76fcd9b4802254dca4c28162a5957ef1466c05f9f1a4587c9ac078b7c14438b8,86,11.44159345844123,34.048161499455006,0.313953488372093,4.874727046758148,1551.1093893626646,31,14.115820823263803,40.454181047941255,0.3870967741935484,7.562789903419006,2100.5835194914703,55,9.93430167099578,33.50470917724375,0.2727272727272727,3.359637073003846,1241.4057887446106,5,3,12
B_E,2,10.0,10.266666666666666,600009,0e567b33980610406467a3df0ef9f711bccfabfe1b09d5b7b8758117218fbcd4,92,5.81371426208776,12.006073168481938,0.41304347826086957,0.26770794794395875,445.351548069726,31,6.29661901139578,11.537214186772777,0.45161290322580644,0.23459028300778534,549.6463829243173,61,5.568303651783686,11.432740427115679,0.39344262295081966,0.2845382366820141,392.34925494690094,2,0,12
B_N,2,10.0,10.266666666666666,600009,0e567b33980610406467a3df0ef9f711bccfabfe1b09d5b7b8758117218fbcd4,92,6.084826356061126,12.006073168481938,0.391304347826087,0.2956138692010743,495.2261407774424,31,6.584513557665641,11.788587320675106,0.3870967741935484,0.23459028300778534,594.322066371838,61,5.830886958524404,11.432740427115679,0.39344262295081966,0.326625855627172,444.86591629504466,2,0,12
B_E,2,11.0,8.7,600000,11066494dffced7a0657273e4278404eda537c0065694c5fc70fc099de593cac,107,9.709894273853795,16.783397767610285,0.32710280373831774,3.3997788253932115,1207.3994155184228,33,6.590259511917483,10.870784178226234,0.3939393939393939,0.24175824157613202,596.8397811713752,74,11.101082748771342,38.14874274467456,0.2972972972972973,4.808085301960287,1479.6760092137276,4,3,12
B_N,2,11.0,8.7,600000,11066494dffced7a0657273e4278404eda537c0065694c5fc70fc099de593cac,107,9.686037389564254,16.783397767610285,0.32710280373831774,3.3997788253932115,1202.628038660514,33,6.590259511917483,10.870784178226234,0.3939393939393939,0.24175824157613202,596.8397811713752,74,11.066586983649975,38.14874274467456,0.2972972972972973,4.808085301960287,1472.7768561894543,4,3,12
B_E,2,11.0,8.7,600001,8e649a251c7c6f33d94a984d610d97c0861a0cc4a6f8d273070a8de73b9f12b0,101,9.040668083618048,12.593155932446894,0.37623762376237624,3.2994137614748458,1083.381141476085,39,13.607392713765497,12.857176673162083,0.3333333333333333,7.0334431220669495,1988.1452094197662,62,6.168050977557557,11.351038039999407,0.4032258064516129,0.9505888411023931,514.2553568018342,2,2,12
B_N,2,11.0,8.7,600001,8e649a251c7c6f33d94a984d610d97c0861a0cc4a6f8d273070a8de73b9f12b0,101,9.033835682955953,12.593155932446894,0.37623762376237624,3.2994137614748458,1082.0146613436661,39,13.589698547948277,12.857176673162083,0.3333333333333333,7.0334431220669495,1984.6063762563222,62,6.168050977557557,11.351038039999407,0.4032258064516129,0.9505888411023931,514.2553568018342,2,2,12
B_E,2,11.0,8.7,600002,7967912c088acd770c67a7268211dba726a43251b39b7f0e58c3c1eca5973818,95,6.366333083752919,16.393819817685625,0.4631578947368421,0.7708809711647183,565.8981956979518,27,6.118355865082169,13.88621340361716,0.5925925925925926,0.9728185796091027,542.1896915349523,68,6.46479462646042,17.03497253977395,0.4117647058823529,0.6906998619294481,575.3118664685545,3,0,12
B_N,2,11.0,8.7,600002,7967912c088acd770c67a7268211dba726a43251b39b7f0e58c3c1eca5973818,95,6.366333083752919,16.393819817685625,0.4631578947368421,0.7708809711647183,565.8981956979518,27,6.118355865082169,13.88621340361716,0.5925925925925926,0.9728185796091027,542.1896915349523,68,6.46479462646042,17.03497253977395,0.4117647058823529,0.6906998619294481,575.3118664685545,3,0,12
B_E,2,11.0,8.7,600003,79e1e12289aeaaf6b56634badfa4e2bd25caab8de1ef1e868d6965990809be3e,97,8.064501797978528,24.628702280601455,0.32989690721649484,1.838176411948018,878.8797410390044,35,7.268557494407724,21.363459173840305,0.4857142857142857,1.5201504901980765,750.8543560244016,62,8.513825195155595,26.743460537498716,0.24193548387096775,2.017707174226211,951.1521358053125,5,1,12
B_N,2,11.0,8.7,600003,79e1e12289aeaaf6b56634badfa4e2bd25caab8de1ef1e868d6965990809be3e,97,8.064501797978528,24.628702280601455,0.32989690721649484,1.838176411948018,878.8797410390044,35,7.268557494407724,21.363459173840305,0.4857142857142857,1.5201504901980765,750.8543560244016,62,8.513825195155595,26.743460537498716,0.24193548387096775,2.017707174226211,951.1521358053125,5,1,12
B_E,2,11.0,8.7,600004,f07d074c4216eed3d826be10ecce161a3aca41a12aa21ac875e2dca78c8c0ea1,116,53.96014829576456,306.7051414677945,0.3275862068965517,47.575096800682864,10056.216756425125,51,77.46682091423197,309.16880208918184,0.3137254901960784,70.9509564311714,14753.083855073386,65,35.51645131819783,295.5592528454188,0.3384615384615385,29.234037705991852,6370.982571331874,20,20,12
B_N,2,11.0,8.7,600004,f07d074c4216eed3d826be10ecce161a3aca41a12aa21ac875e2dca78c8c0ea1,116,53.96014829576456,306.7051414677945,0.3275862068965517,47.575096800682864,10056.216756425125,51,77.46682091423199,309.16880208918184,0.3137254901960784,70.9509564311714,14753.083855073386,65,35.51645131819783,295.5592528454188,0.3384615384615385,29.234037705991852,6370.982571331874,20,20,12
B_E,2,11.0,8.7,600005,4c40984853e0958fde059c86ae45324a3e6a8c8b01c6cb7a264c0b8c482d49f6,105,28.387966303891464,237.066105412338,0.34285714285714286,22.159747890916712,4946.164689349722,39,29.84687922620777,121.95984300380877,0.358974358974359,23.279692953058632,5241.170717036424,66,27.525881395250014,224.02434127129396,0.3333333333333333,21.49796217237831,4771.84294571667,9,9,12
B_N,2,11.0,8.7,600005,4c40984853e0958fde059c86ae45324a3e6a8c8b01c6cb7a264c0b8c482d49f6,105,28.387966303891464,237.066105412338,0.34285714285714286,22.159747890916712,4946.164689349722,39,29.84687922620777,121.95984300380877,0.358974358974359,23.279692953058632,5241.170717036424,66,27.525881395250014,224.02434127129396,0.3333333333333333,21.49796217237831,4771.84294571667,9,9,12
B_E,2,11.0,8.7,600006,727c89b282778a9105bc1864fb9b952b2f209eb9591b7220f2c1737cb0231e07,105,6.54517041254145,13.650385636490745,0.3523809523809524,0.44336068261133427,579.5102729844808,39,6.318989535332189,8.96284793999944,0.41025641025641024,0.14149489269281426,545.8491891177197,66,6.678822749074199,13.949484820745182,0.3181818181818182,0.6217359221086416,599.4009134512033,2,0,12
B_N,2,11.0,8.7,600006,727c89b282778a9105bc1864fb9b952b2f209eb9591b7220f2c1737cb0231e07,105,6.685321127772294,13.823889508049847,0.34285714285714286,0.4716914305798127,605.6356541258876,39,6.283601203697749,8.96284793999944,0.41025641025641024,0.14149489269281426,538.7715227908319,66,6.9227010829072535,14.68883391538125,0.30303030303030304,0.6668075666039481,645.1462771875113,2,0,12
B_E,2,11.0,8.7,600007,70b8ca2ab0b543d74f21d55cb9fd4f6b8abe6423811948a1912f5accca9926f3,87,5.316676779705416,8.924323867747434,0.4367816091954023,0.09660271810813963,350.6916777801635,28,5.762680035009447,8.96284793999944,0.5,0.07928374849533222,452.53600700188935,59,5.105014217866214,8.5311701873238,0.4067796610169492,0.10482189012777704,302.3587757766326,2,1,12
B_N,2,11.0,8.7,600007,70b8ca2ab0b543d74f21d55cb9fd4f6b8abe6423811948a1912f5accca9926f3,87,5.382255390208035,8.96284793999944,0.4367816091954023,0.19784270436260462,363.8073998806872,28,5.91235372025721,8.96284793999944,0.5,0.22895743374309468,482.47074405144184,59,5.130683301371137,8.15417480935894,0.4067796610169492,0.18307639211423643,307.4925924776173,3,2,12
B_E,2,11.0,8.7,600008,97cba33bc55bf395da0f4b59c240a8bced95d36ee7897eae657c41ce859e2b7c,102,10.18044485456108,35.12402581273093,0.30392156862745096,3.383657284183702,1296.873284637706,36,12.914957492243303,41.7693194816344,0.3333333333333333,5.904039710967077,1849.6581651153272,66,8.688892506734412,32.658985725262816,0.2878787878787879,2.008903233210951,995.3542589226402,5,2,12
B_N,2,11.0,8.7,600008,97cba33bc55bf395da0f4b59c240a8bced95d36ee7897eae657c41ce859e2b7c,102,10.388515201315363,34.15959821225468,0.28431372549019607,3.5763447994072965,1334.5657853611115,36,13.398589426850537,39.153678647063884,0.2777777777777778,5.971105833329905,1935.2734409256623,66,8.746656532841632,33.39767323631743,0.2878787878787879,2.270111508176783,1006.9070641440842,5,2,12
B_E,2,11.0,8.7,600009,9e1df8784444224281af8c89062bfa838f2968d97912d5a31a2e4e1e4904771d,102,6.410571094985103,15.415500558536316,0.3627450980392157,0.7313982238541511,554.6632386048636,37,7.330215558374804,17.08912359339908,0.40540540540540543,1.454993593847305,747.124192756042,65,5.887081169670964,13.241958761784094,0.3384615384615385,0.319505474781125,445.10854162650054,3,0,12
B_N,2,11.0,8.7,600009,9e1df8784444224281af8c89062bfa838f2968d97912d5a31a2e4e1e4904771d,102,6.336636385595486,12.995351409351237,0.3627450980392157,0.5685337889644514,539.8762967269403,37,7.42914150775117,13.62535793285488,0.3783783783783784,0.9939589458547228,761.5039772259097,65,5.714748854522249,9.686280069977316,0.35384615384615387,0.3263686996576815,413.7190016736807,2,1,12
B_E,2,12.0,8.05,600000,a2346f517ababe3d0e8688c16052f90ed8b7218b2e0e808dac3f76bf6d3e7a7c,115,22.33256335740869,126.64607658397516,0.3130434782608696,15.835265872176514,3729.121367133912,36,20.02450460185289,95.50259860802132,0.3888888888888889,13.630658914030088,3282.678698148356,79,23.384336967535383,128.40082242362945,0.2784810126582278,16.839896891078684,3932.5635960387226,9,9,12
B_N,2,12.0,8.05,600000,a2346f517ababe3d0e8688c16052f90ed8b7218b2e0e808dac3f76bf6d3e7a7c,115,21.48078016071147,126.64607658397516,0.3043478260869565,15.125580482932223,3557.025597359685,36,18.75953771124068,74.34242356297511,0.3055555555555556,12.199859637265238,3013.018653359248,79,22.72084001110322,128.40082242362945,0.3037974683544304,16.458820361970343,3804.92749589153,8,8,12
B_E,2,12.0,8.05,600001,e87c83504bad7a60495a938bbcbe4d6baff97a7e1521db5b542a6ec392cdc358,109,22.549925351420253,249.8049478356791,0.3761467889908257,16.916768788630872,3785.214428082216,42,25.445714991153768,239.4150664897431,0.3571428571428571,19.00464535216192,4360.571569659324,67,20.73465423397537,185.4551808978889,0.3880597014925373,15.607950644327827,3424.5427870935805,7,7,12
B_N,2,12.0,8.05,600001,e87c83504bad7a60495a938bbcbe4d6baff97a7e1521db5b542a6ec392cdc358,109,22.549925351420253,249.8049478356791,0.3761467889908257,16.916768788630872,3785.214428082216,42,25.445714991153768,239.4150664897431,0.3571428571428571,19.00464535216192,4360.571569659324,67,20.73465423397537,185.4551808978889,0.3880597014925373,15.607950644327827,3424.5427870935805,7,7,12
B_E,2,12.0,8.05,600002,aa77c51b5882d98a335eaf06900dad7efcae733efd0317e967ab2c417314f137,104,8.758027757311938,24.4323770400104,0.4326923076923077,3.055972968095165,1038.1440130008489,31,10.931186078578923,45.25866434590859,0.5161290322580645,5.005713400567577,1489.4630221673976,73,7.835179703075271,14.537704136643953,0.3972602739726027,2.2280010036205797,846.487995409575,5,5,12
B_N,2,12.0,8.05,600002,aa77c51b5882d98a335eaf06900dad7efcae733efd0317e967ab2c417314f137,104,7.823430377620265,16.387445400145392,0.4326923076923077,2.1261498587675587,851.2245370625144,31,9.2355891373496,31.345779933644344,0.5161290322580645,3.1960504227799023,1150.3436339215327,73,7.223746520748903,13.287069468584312,0.3972602739726027,1.6718085233650564,724.201358944301,5,4,12
B_E,2,12.0,8.05,600003,09c1a948e16d8380678c8d769cfd1761cb12e454b9365d09ee7d6f2e382c12aa,106,17.61107622942152,56.67723572693264,0.2830188679245283,11.30126131903726,2778.8190194692093,38,14.24917051073806,70.57961889866874,0.3947368421052631,7.594024038147165,2128.781470568664,68,19.48978824868581,34.25895725524319,0.2205882352941176,13.372952740711138,3142.0752967959847,7,5,12
B_N,2,12.0,8.05,600003,09c1a948e16d8380678c8d769cfd1761cb12e454b9365d09ee7d6f2e382c12aa,106,17.578730889286327,56.67723572693264,0.2830188679245283,11.30126131903726,2772.3499514421705,38,14.24917051073806,70.57961889866874,0.3947368421052631,7.594024038147165,2128.781470568664,68,19.43936757141624,34.25895725524319,0.2205882352941176,13.372952740711138,3131.991161342072,7,5,12
B_E,2,12.0,8.05,600004,cfb85692685bf31c43d148d6a47f64ea34a690ed719b562d66d0cb57b92777b1,128,61.78775922791701,306.36055833439093,0.3359375,55.66353073196666,11624.739345583404,54,78.36617135051954,306.2601030300408,0.3148148148148148,71.61500057437391,14936.197233066872,74,49.6899990303422,304.62062546406594,0.3513513513513513,44.02326895507488,9208.27007633871,24,24,12
B_N,2,12.0,8.05,600004,cfb85692685bf31c43d148d6a47f64ea34a690ed719b562d66d0cb57b92777b1,128,62.31778909854006,306.36055833439093,0.3359375,56.37762225093934,11730.74531970801,54,79.01036017917907,306.2601030300408,0.3148148148148148,72.45404971045893,15065.03499879878,74,50.13672371537104,304.62062546406594,0.3513513513513513,44.6461751858845,9297.615013344475,24,24,12
B_E,2,12.0,8.05,600005,e4da67347e624ebca206aeb54c1665d4db0eafd2d6be9255683322709ac27784,114,32.32610827527246,286.7527651577076,0.3421052631578947,26.294211343360715,5733.642707686072,42,45.89268608648216,302.0114658182414,0.3571428571428571,39.47377710332408,8449.965788725003,72,24.41227121873347,151.399448417739,0.3333333333333333,18.606131316715416,4149.12091041336,10,10,12
B_N,2,12.0,8.05,600005,e4da67347e624ebca206aeb54c1665d4db0eafd2d6be9255683322709ac27784,114,32.093893113275605,286.7527651577076,0.3508771929824561,26.159186288713837,5688.954061251613,42,45.82352478958904,302.0114658182414,0.3333333333333333,39.27372356434786,8431.371624584473,72,24.08494130209277,151.399448417739,0.3611111111111111,18.50903954459399,4089.210482640776,10,10,12
B_E,2,12.0,8.05,600006,1ead767e8825c47a43ebbee6e2c1365626bccb1ca30c4010d19e25603c3f5b77,120,17.272753868134696,24.459798377071376,0.3166666666666666,11.046813687724292,2717.8841069602727,42,12.849539959996166,14.997799655081394,0.3571428571428571,6.550273415730598,1841.3365634278048,78,19.654484434055444,57.68952498378646,0.2948717948717949,13.46802768033628,3189.871245785448,5,5,12
B_N,2,12.0,8.05,600006,1ead767e8825c47a43ebbee6e2c1365626bccb1ca30c4010d19e25603c3f5b77,120,17.453087274115827,24.01760829442412,0.325,11.196404439551223,2755.6174548231647,42,13.422726584697497,18.28818343443252,0.3333333333333333,6.864435278359278,1951.2119836061663,78,19.623281491494925,57.123475851146566,0.3205128205128205,13.52900321865458,3188.758862401549,5,5,12
B_E,2,12.0,8.05,600007,012023bd4d69b782a1a4aba792024a58451a3d93eac0f8923ebb38200890f588,96,7.465681437345823,16.237090933561696,0.3958333333333333,1.7543384928784085,772.3029541358311,32,9.068576294997383,12.704631399243937,0.4375,2.783830728740895,1101.215258999477,64,6.664234008520042,18.858776575408022,0.375,1.239592374947165,607.8468017040084,3,3,12
B_N,2,12.0,8.05,600007,012023bd4d69b782a1a4aba792024a58451a3d93eac0f8923ebb38200890f588,96,7.465681437345823,16.237090933561696,0.3958333333333333,1.7543384928784085,772.3029541358311,32,9.068576294997383,12.704631399243937,0.4375,2.783830728740895,1101.215258999477,64,6.664234008520042,18.858776575408022,0.375,1.239592374947165,607.8468017040084,3,3,12
B_E,2,12.0,8.05,600008,7e03dac402eb9a5b8d3c578f5aae5d3d4df8c06950e5b90655f67f7f12d4611c,113,23.95356223153264,159.73250357821053,0.2300884955752212,17.117069441042954,4036.7301454215713,40,24.233540352112172,112.41747247239086,0.275,17.15750623141266,4101.7080704224345,73,23.800149562721927,133.29267495392642,0.2054794520547945,17.094912295634895,4001.1258029553446,7,7,12
B_N,2,12.0,8.05,600008,7e03dac402eb9a5b8d3c578f5aae5d3d4df8c06950e5b90655f67f7f12d4611c,113,23.95356223153264,159.73250357821053,0.2300884955752212,17.117069441042954,4036.7301454215713,40,24.233540352112172,112.41747247239086,0.275,17.15750623141266,4101.7080704224345,73,23.800149562721927,133.29267495392642,0.2054794520547945,17.094912295634895,4001.1258029553446,7,7,12
B_E,2,12.0,8.05,600009,f9ef8eed8fbe2ac60c130fd0479e31997dfb282730212431939683bc4c944829,108,13.428650522445109,26.839667092864644,0.3703703703703703,7.614547102188428,1959.804178563096,41,13.209428958240684,51.37102471468958,0.4146341463414634,6.635064511277029,1924.812620916429,67,13.56280103188364,15.65216074306887,0.3432835820895522,8.213931971253613,1981.216922794638,5,4,12
B_N,2,12.0,8.05,600009,f9ef8eed8fbe2ac60c130fd0479e31997dfb282730212431939683bc4c944829,108,13.428650522445109,26.839667092864644,0.3703703703703703,7.614547102188428,1959.804178563096,41,13.209428958240684,51.37102471468958,0.4146341463414634,6.635064511277029,1924.812620916429,67,13.56280103188364,15.65216074306887,0.3432835820895522,8.213931971253613,1981.216922794638,5,4,12
B_E,3,0.5,17.75,600000,501d663d8c9f98deed6a8769d89d912c870e0ba31187dc33cf6b80f7470d9722,9,5.835980809400703,9.666666666666668,0.4444444444444444,0.0,456.0850507690295,1,3.0,3.0,1.0,0.0,0.0,8,6.190478410575791,9.666666666666668,0.375,0.0,513.0956821151582,1,0,12
B_N,3,0.5,17.75,600000,501d663d8c9f98deed6a8769d89d912c870e0ba31187dc33cf6b80f7470d9722,9,5.835980809400703,9.666666666666668,0.4444444444444444,0.0,456.0850507690295,1,3.0,3.0,1.0,0.0,0.0,8,6.190478410575791,9.666666666666668,0.375,0.0,513.0956821151582,1,0,12
B_E,3,0.5,17.75,600001,9ed38c568f4d19a19e71dfeb0f2ce9716653745c6d1c91a04385b651f16847be,7,4.472125124015553,8.290452427428745,0.7142857142857143,0.0,237.2821676602533,3,6.434958622702955,8.428466920803057,0.3333333333333333,0.0,553.6583912072578,4,3.0,3.0,1.0,0.0,0.0,1,0,12
B_N,3,0.5,17.75,600001,9ed38c568f4d19a19e71dfeb0f2ce9716653745c6d1c91a04385b651f16847be,7,4.472125124015553,8.290452427428745,0.7142857142857143,0.0,237.2821676602533,3,6.434958622702955,8.428466920803057,0.3333333333333333,0.0,553.6583912072578,4,3.0,3.0,1.0,0.0,0.0,1,0,12
B_E,3,0.5,17.75,600002,01bb2a6b9060e124dca102e66dc2c62cd19cab55b0de66e2932178d9d7d53160,0,,,,,,0,,,,,,0,,,,,,0,0,12
B_N,3,0.5,17.75,600002,01bb2a6b9060e124dca102e66dc2c62cd19cab55b0de66e2932178d9d7d53160,0,,,,,,0,,,,,,0,,,,,,0,0,12
B_E,3,0.5,17.75,600003,78f6538fb1fac487053938701774fee0f24726829491118ac302b60ab0739055,11,10.47909104742335,21.78832306536181,0.0909090909090909,3.824208555309848,1314.0000276664878,3,8.577699193539177,8.96284793999944,0.0,0.0,915.5398387078354,8,11.192112992629912,23.29210729139169,0.125,5.258286763551041,1463.4225985259827,3,3,12
B_N,3,0.5,17.75,600003,78f6538fb1fac487053938701774fee0f24726829491118ac302b60ab0739055,11,10.47909104742335,21.78832306536181,0.0909090909090909,3.824208555309848,1314.0000276664878,3,8.577699193539177,8.96284793999944,0.0,0.0,915.5398387078354,8,11.192112992629912,23.29210729139169,0.125,5.258286763551041,1463.4225985259827,3,3,12
B_E,3,0.5,17.75,600004,7b2fa2d90fdca1c1f3c7fad1ff866aa13c2c9d35499ece82885617edb04cef47,3,6.67168763278274,9.540460437667123,0.3333333333333333,0.0,601.0041932232147,1,3.0,3.0,1.0,0.0,0.0,2,8.50753144917411,9.669576561228752,0.0,0.0,901.506289834822,1,0,12
B_N,3,0.5,17.75,600004,7b2fa2d90fdca1c1f3c7fad1ff866aa13c2c9d35499ece82885617edb04cef47,3,7.995539951391978,8.84730331606136,0.0,0.0,799.1079902783954,1,8.96284793999944,8.96284793999944,0.0,0.0,992.569587999888,2,7.511885957088246,7.777850126265612,0.0,0.0,702.3771914176491,1,0,12
B_E,3,0.5,17.75,600005,5f1eadb5dece96a5b5afff1283649df85384d8299ddae4b8a084712e711285d2,12,14.498306737504054,25.99527754310441,0.0833333333333333,6.721545951509445,2116.328014167477,8,15.878582229138258,25.58300814122369,0.125,7.982478848206483,2400.716445827652,4,11.737755754235646,22.29651992299353,0.0,4.19968015811537,1547.5511508471293,5,5,12
B_N,3,0.5,17.75,600005,5f1eadb5dece96a5b5afff1283649df85384d8299ddae4b8a084712e711285d2,12,14.498306737504054,25.99527754310441,0.0833333333333333,6.721545951509445,2116.328014167477,8,15.878582229138258,25.58300814122369,0.125,7.982478848206483,2400.716445827652,4,11.737755754235646,22.29651992299353,0.0,4.19968015811537,1547.5511508471293,5,5,12
B_E,3,0.5,17.75,600006,ac46a165473622e1894f4c76c28ef52fea64602274295bf2cfaacf88b7772c4a,5,5.060975173621773,8.359459674115902,0.6,0.0,332.1950347243546,3,6.434958622702955,8.428466920803057,0.3333333333333333,0.0,553.6583912072578,2,3.0,3.0,1.0,0.0,0.0,1,0,12
B_N,3,0.5,17.75,600006,ac46a165473622e1894f4c76c28ef52fea64602274295bf2cfaacf88b7772c4a,5,5.060975173621773,8.359459674115902,0.6,0.0,332.1950347243546,3,6.434958622702955,8.428466920803057,0.3333333333333333,0.0,553.6583912072578,2,3.0,3.0,1.0,0.0,0.0,1,0,12
B_E,3,0.5,17.75,600007,ec71fd05acef3c4913d6f0b797bd5d2564011d20f92ffa7e969d75beaa13a94f,3,5.23100659459426,7.515223338873199,0.3333333333333333,0.0,312.8679855855186,2,5.403700850309326,7.567031615587719,0.5,0.0,380.7401700618652,1,4.885618083164127,4.885618083164127,0.0,0.0,177.12361663282542,1,0,12
B_N,3,0.5,17.75,600007,ec71fd05acef3c4913d6f0b797bd5d2564011d20f92ffa7e969d75beaa13a94f,3,5.23100659459426,7.515223338873199,0.3333333333333333,0.0,312.8679855855186,2,5.403700850309326,7.567031615587719,0.5,0.0,380.7401700618652,1,4.885618083164127,4.885618083164127,0.0,0.0,177.12361663282542,1,0,12
B_E,3,0.5,17.75,600008,0a44892bb30863ad9e2dcf55c85f08d7777741cea06b10446b8930d71f116af5,2,5.748737083745107,8.222600459115704,0.5,0.0,449.7474167490214,1,8.497474167490214,8.497474167490214,0.0,0.0,899.4948334980428,1,3.0,3.0,1.0,0.0,0.0,1,0,12
B_N,3,0.5,17.75,600008,0a44892bb30863ad9e2dcf55c85f08d7777741cea06b10446b8930d71f116af5,2,5.748737083745107,8.222600459115704,0.5,0.0,449.7474167490214,1,8.497474167490214,8.497474167490214,0.0,0.0,899.4948334980428,1,3.0,3.0,1.0,0.0,0.0,1,0,12
B_E,3,0.5,17.75,600009,a707832f02ac43d96f8832ad3c54a4fce997abed09c02b7cb35031d49408f4da,5,5.3198924928424365,8.241253376703739,0.4,0.0,343.9784985684872,2,5.748737083745107,8.222600459115704,0.5,0.0,449.7474167490214,3,5.0339960989073225,6.983295000518468,0.3333333333333333,0.0,273.4658864481312,1,0,12
B_N,3,0.5,17.75,600009,a707832f02ac43d96f8832ad3c54a4fce997abed09c02b7cb35031d49408f4da,5,5.3198924928424365,8.241253376703739,0.4,0.0,343.9784985684872,2,5.748737083745107,8.222600459115704,0.5,0.0,449.7474167490214,3,5.0339960989073225,6.983295000518468,0.3333333333333333,0.0,273.4658864481312,1,0,12
B_E,3,1.0,17.5,600000,3712bb7427d9fc655fad8e6a451d2e2b267d5a6eb284d4d8a0a57c2794da235a,16,8.346315478979356,17.327574993161917,0.3125,1.266319962129728,931.7630957958714,4,5.403700850309326,7.8074017006186525,0.5,0.0,380.7401700618652,12,9.327187021869369,17.94411298015151,0.25,1.6884266161729709,1115.4374043738735,2,1,12
B_N,3,1.0,17.5,600000,3712bb7427d9fc655fad8e6a451d2e2b267d5a6eb284d4d8a0a57c2794da235a,16,8.346315478979356,17.327574993161917,0.3125,1.266319962129728,931.7630957958714,4,5.403700850309326,7.8074017006186525,0.5,0.0,380.7401700618652,12,9.327187021869369,17.94411298015151,0.25,1.6884266161729709,1115.4374043738735,2,1,12
B_E,3,1.0,17.5,600001,2dffe725b83b6ef8eeb87e472c0faaeb8e3faeb76842e05e9f9d8fcc3b7d1612,11,5.981840517044612,8.497474167490214,0.3636363636363636,0.0,469.095376136195,6,7.236192239472731,8.497474167490214,0.1666666666666666,0.0,680.5717812278795,5,4.476618450130869,7.775102950624996,0.6,0.0,215.3236900261737,1,0,12
B_N,3,1.0,17.5,600001,2dffe725b83b6ef8eeb87e472c0faaeb8e3faeb76842e05e9f9d8fcc3b7d1612,11,5.919106656419925,8.497474167490214,0.3636363636363636,0.0,456.5486040112575,6,7.236192239472731,8.497474167490214,0.1666666666666666,0.0,680.5717812278795,5,4.338603956756556,7.223044977127746,0.6,0.0,187.7207913513112,1,0,12
B_E,3,1.0,17.5,600002,d8814df35a60bbe9d71421f9b71d0fb1c737e4a60ca27c1d98bac616f5e441ed,9,6.019679311716548,8.776698430995749,0.3333333333333333,0.0,470.60252900997614,3,8.422574602702769,8.916310562748517,0.0,0.0,884.5149205405537,6,4.818231666223436,7.659643828853449,0.5,0.0,263.64633324468724,1,0,12
B_N,3,1.0,17.5,600002,d8814df35a60bbe9d71421f9b71d0fb1c737e4a60ca27c1d98bac616f5e441ed,9,6.019679311716548,8.776698430995749,0.3333333333333333,0.0,470.60252900997614,3,8.422574602702769,8.916310562748517,0.0,0.0,884.5149205405537,6,4.818231666223436,7.659643828853449,0.5,0.0,263.64633324468724,1,0,12
B_E,3,1.0,17.5,600003,9a0cbd397e342f5f4d21a7ee9f991f92a4c787483726dfc929931c3f27f92761,15,13.218424973005684,28.169024857601237,0.2,5.088407167658443,1883.6849946011369,5,11.547009149649744,20.596148788112668,0.0,3.0013999665301525,1509.401829929949,10,14.054132884683654,28.62354973895402,0.3,6.131910768222587,2070.826576936731,5,2,12
B_N,3,1.0,17.5,600003,9a0cbd397e342f5f4d21a7ee9f991f92a4c787483726dfc929931c3f27f92761,15,13.218424973005684,28.169024857601237,0.2,5.088407167658443,1883.6849946011369,5,11.547009149649744,20.596148788112668,0.0,3.0013999665301525,1509.401829929949,10,14.054132884683654,28.62354973895402,0.3,6.131910768222587,2070.826576936731,5,2,12
B_E,3,1.0,17.5,600004,4a0947940c649f374a4e7ff0b5968e332b498abca0b2f88a5430da03e1c43ad8,10,7.270614980665623,9.79869268479038,0.2,0.0,694.1229961331244,5,6.022455513745504,8.359459674115902,0.4,0.0,484.4911027491007,5,8.51877444758574,9.79869268479038,0.0,0.0,903.7548895171478,1,0,12
B_N,3,1.0,17.5,600004,4a0947940c649f374a4e7ff0b5968e332b498abca0b2f88a5430da03e1c43ad8,10,7.256037752873685,9.79869268479038,0.2,0.0,691.2075505747367,5,6.253544761621661,8.869773185497595,0.4,0.0,530.7089523243322,5,8.258530744125705,9.79869268479038,0.0,0.0,851.7061488251413,1,0,12
B_E,3,1.0,17.5,600005,0b5479981fcb172e3839d6b7bbed019bd6b9843430c20b0cefad0db55c25edcf,16,10.992142200089976,20.43542065319336,0.125,2.9905732228380657,1423.4284400179952,8,11.601026390101609,18.426077266806807,0.125,3.274073291356217,1545.2052780203217,8,10.383258010078343,20.90009870886496,0.125,2.7070731543199145,1301.6516020156685,4,0,12
B_N,3,1.0,17.5,600005,0b5479981fcb172e3839d6b7bbed019bd6b9843430c20b0cefad0db55c25edcf,16,10.992142200089976,20.43542065319336,0.125,2.9905732228380657,1423.4284400179952,8,11.601026390101609,18.426077266806807,0.125,3.274073291356217,1545.2052780203217,8,10.383258010078343,20.90009870886496,0.125,2.7070731543199145,1301.6516020156685,4,0,12
B_E,3,1.0,17.5,600006,8988d464102384a44b27404fd7ca813ec61ab639855f47cf5067ed387695ded4,12,6.230257802290847,8.706892365119366,0.3333333333333333,0.0,512.7182271248361,8,6.922500172104478,8.799967119621211,0.25,0.0,634.5000344208956,4,4.845773062663586,7.9556957548413,0.5,0.0,269.15461253271707,1,0,12
B_N,3,1.0,17.5,600006,8988d464102384a44b27404fd7ca813ec61ab639855f47cf5067ed387695ded4,12,6.230257802290847,8.706892365119366,0.3333333333333333,0.0,512.7182271248361,8,6.922500172104478,8.799967119621211,0.25,0.0,634.5000344208956,4,4.845773062663586,7.9556957548413,0.5,0.0,269.15461253271707,1,0,12
B_E,3,1.0,17.5,600007,7905c9130ed8dab7bfd60ef536b19145a7eafcf3308eeba867023598f0c885d9,3,5.23100659459426,7.515223338873199,0.3333333333333333,0.0,312.8679855855186,2,5.403700850309326,7.567031615587719,0.5,0.0,380.7401700618652,1,4.885618083164127,4.885618083164127,0.0,0.0,177.12361663282542,1,0,12
B_N,3,1.0,17.5,600007,7905c9130ed8dab7bfd60ef536b19145a7eafcf3308eeba867023598f0c885d9,3,5.23100659459426,7.515223338873199,0.3333333333333333,0.0,312.8679855855186,2,5.403700850309326,7.567031615587719,0.5,0.0,380.7401700618652,1,4.885618083164127,4.885618083164127,0.0,0.0,177.12361663282542,1,0,12
B_E,3,1.0,17.5,600008,96fb9b37dfedf44434c6f2cf6f1b46e5264356437c29b4771aba3951f37a0c6b,5,6.022455513745504,8.359459674115902,0.4,0.0,484.4911027491007,3,8.037425856242505,8.428466920803057,0.0,0.0,807.4851712485012,2,3.0,3.0,1.0,0.0,0.0,1,0,12
B_N,3,1.0,17.5,600008,96fb9b37dfedf44434c6f2cf6f1b46e5264356437c29b4771aba3951f37a0c6b,5,6.022455513745504,8.359459674115902,0.4,0.0,484.4911027491007,3,8.037425856242505,8.428466920803057,0.0,0.0,807.4851712485012,2,3.0,3.0,1.0,0.0,0.0,1,0,12
B_E,3,1.0,17.5,600009,24fc7d427ebc2f88999cac4bce289ed37530dd17ad2a3a2dea13c6eed632c1d5,11,6.47018746731176,8.730161053744826,0.2727272727272727,0.0,548.5829480078064,6,7.428766612702862,8.846504496872134,0.1666666666666666,0.0,719.0866558739057,5,5.3198924928424365,8.241253376703739,0.4,0.0,343.9784985684872,1,0,12
B_N,3,1.0,17.5,600009,24fc7d427ebc2f88999cac4bce289ed37530dd17ad2a3a2dea13c6eed632c1d5,11,6.47018746731176,8.730161053744826,0.2727272727272727,0.0,548.5829480078064,6,7.428766612702862,8.846504496872134,0.1666666666666666,0.0,719.0866558739057,5,5.3198924928424365,8.241253376703739,0.4,0.0,343.9784985684872,1,0,12
B_E,3,2.0,17.0,600000,2b32fbe3b3c432030b9a9ccf35fb89bb1e14acd181c7f165e596fcbfbffc2d20,24,9.997965431777596,26.25213109192615,0.25,3.0165342675106026,1249.5930863555188,6,9.43939718173541,18.991773563094966,0.3333333333333333,2.3524099731960937,1154.5461030137487,18,10.184154848458324,27.78713371953457,0.2222222222222222,3.237909032282106,1281.2754141361092,3,0,12
B_N,3,2.0,17.0,600000,2b32fbe3b3c432030b9a9ccf35fb89bb1e14acd181c7f165e596fcbfbffc2d20,24,9.997965431777596,26.25213109192615,0.25,3.0165342675106026,1249.5930863555188,6,9.43939718173541,18.991773563094966,0.3333333333333333,2.3524099731960937,1154.5461030137487,18,10.184154848458324,27.78713371953457,0.2222222222222222,3.237909032282106,1281.2754141361092,3,0,12
B_E,3,2.0,17.0,600001,670b91f393e05c0e8bb54b1973d7f0106d9b25f144029db1d2c2ded93f08ac5b,20,6.0294252771684125,9.004640177238988,0.35,0.0,475.8850554336826,11,6.227030055507538,8.730161053744826,0.3636363636363636,0.0,518.1332838287802,9,5.787908325865037,9.278205277870311,0.3333333333333333,0.0,424.24833183967417,1,0,12
B_N,3,2.0,17.0,600001,670b91f393e05c0e8bb54b1973d7f0106d9b25f144029db1d2c2ded93f08ac5b,20,6.0294252771684125,9.004640177238988,0.35,0.0,475.8850554336826,11,6.227030055507538,8.730161053744826,0.3636363636363636,0.0,518.1332838287802,9,5.787908325865037,9.278205277870311,0.3333333333333333,0.0,424.24833183967417,1,0,12
B_E,3,2.0,17.0,600002,1a5826333bd21593816c221484da857ad34d47a6b06c2c910bbbf55baac36843,25,8.51104601051319,15.84174085099704,0.16,1.3272564674608294,934.2092021026384,11,10.089655577885114,15.60989413166584,0.0909090909090909,2.34143483323053,1236.112933758841,14,7.270709921863825,16.485413063698246,0.2142857142857142,0.5304020372132072,696.9991272299076,3,0,12
B_N,3,2.0,17.0,600002,1a5826333bd21593816c221484da857ad34d47a6b06c2c910bbbf55baac36843,25,8.51104601051319,15.84174085099704,0.16,1.3272564674608294,934.2092021026384,11,10.089655577885114,15.60989413166584,0.0909090909090909,2.34143483323053,1236.112933758841,14,7.270709921863825,16.485413063698246,0.2142857142857142,0.5304020372132072,696.9991272299076,3,0,12
B_E,3,2.0,17.0,600003,0a8247aa805cfc46d42079e435aedb62c6c05b2acd5fa2dd9993a1724e98323c,23,15.617874534467212,30.792690245312425,0.1739130434782608,6.917835473706794,2358.3575155890944,10,14.150873111334167,28.290355902403736,0.1,5.650203667087044,2050.174622266834,13,16.746337167646477,32.60254082236525,0.2307692307692307,7.892936863414294,2595.4212796831416,6,0,12
B_N,3,2.0,17.0,600003,0a8247aa805cfc46d42079e435aedb62c6c05b2acd5fa2dd9993a1724e98323c,23,15.617874534467212,30.792690245312425,0.1739130434782608,6.917835473706794,2358.3575155890944,10,14.150873111334167,28.290355902403736,0.1,5.650203667087044,2050.174622266834,13,16.746337167646477,32.60254082236525,0.2307692307692307,7.892936863414294,2595.4212796831416,6,0,12
B_E,3,2.0,17.0,600004,94ff7618bac42860afd059e78545d78a8f214a6fde26bf31a433542850036ca6,25,8.321225901838783,15.960043042511163,0.12,0.900297447325138,888.2451803677567,10,8.577220865237114,11.985764868664743,0.1,0.3522239485537284,935.444173047423,15,8.150562592906564,16.986999719591385,0.1333333333333333,1.2656797798394108,856.7791852479791,1,1,12
B_N,3,2.0,17.0,600004,94ff7618bac42860afd059e78545d78a8f214a6fde26bf31a433542850036ca6,25,8.315395010722007,15.960043042511163,0.12,0.900297447325138,887.0790021444018,10,8.692765489175192,11.985764868664743,0.1,0.3522239485537284,958.5530978350388,15,8.063814691753217,16.986999719591385,0.1333333333333333,1.2656797798394108,839.4296050173102,1,1,12
B_E,3,2.0,17.0,600005,286bd639c48e6e2f3322d904bb5c472a07ea672b25091caa3fc8640d27bef8aa,30,13.877044488397242,25.58350361590419,0.0666666666666666,5.384776658939518,1988.7422310127824,16,14.093028914469128,24.71068002425113,0.125,6.0665384220124,2043.605782893825,14,13.630205144315092,26.25134223561378,0.0,4.605620358284796,1926.0410288630187,4,2,12
B_N,3,2.0,17.0,600005,286bd639c48e6e2f3322d904bb5c472a07ea672b25091caa3fc8640d27bef8aa,30,13.877044488397242,25.58350361590419,0.0666666666666666,5.384776658939518,1988.7422310127824,16,14.093028914469128,24.71068002425113,0.125,6.0665384220124,2043.605782893825,14,13.630205144315092,26.25134223561378,0.0,4.605620358284796,1926.0410288630187,4,2,12
B_E,3,2.0,17.0,600006,385beb5d2cdea4216c93a68c76b551d4890400369e4a920c03eab1574537465b,27,9.524935755053615,20.288473872576628,0.1851851851851851,2.183082129171655,1142.0241880477604,15,8.854436264008996,13.728502027124508,0.1333333333333333,0.8133398520963965,997.5539194684656,12,10.36306011885939,22.93963602765706,0.25,3.895259975515728,1322.612023771878,3,1,12
B_N,3,2.0,17.0,600006,385beb5d2cdea4216c93a68c76b551d4890400369e4a920c03eab1574537465b,27,9.524935755053615,20.288473872576628,0.1851851851851851,2.183082129171655,1142.0241880477604,15,8.854436264008996,13.728502027124508,0.1333333333333333,0.8133398520963965,997.5539194684656,12,10.36306011885939,22.93963602765706,0.25,3.895259975515728,1322.612023771878,3,1,12
B_E,3,2.0,17.0,600007,a98e5aaff29f594b273e9b80b47267d4fb383a478e4fb97e7a7b3e2e41f66ac8,16,5.970172888752423,8.96284793999944,0.3125,0.0,456.5345777504846,10,6.115530268247349,8.96284793999944,0.4,0.0,503.1060536494698,6,5.727910589594213,7.8074017006186525,0.1666666666666666,0.0,378.9154512521759,1,0,12
B_N,3,2.0,17.0,600007,a98e5aaff29f594b273e9b80b47267d4fb383a478e4fb97e7a7b3e2e41f66ac8,16,5.970172888752423,8.96284793999944,0.3125,0.0,456.5345777504846,10,6.115530268247349,8.96284793999944,0.4,0.0,503.1060536494698,6,5.727910589594213,7.8074017006186525,0.1666666666666666,0.0,378.9154512521759,1,0,12
B_E,3,2.0,17.0,600008,afe9d71d99cfcb9f5b749d7e471c2e098931c7187580094b3859b1847c14a687,14,6.117875017430128,9.25539360067627,0.2857142857142857,0.0,480.7178606288829,4,8.268781377181739,8.893041874123057,0.0,0.0,853.7562754363479,10,5.257512473529485,8.9026117419131,0.4,0.0,331.5024947058969,1,0,12
B_N,3,2.0,17.0,600008,afe9d71d99cfcb9f5b749d7e471c2e098931c7187580094b3859b1847c14a687,14,6.117875017430128,9.25539360067627,0.2857142857142857,0.0,480.7178606288829,4,8.268781377181739,8.893041874123057,0.0,0.0,853.7562754363479,10,5.257512473529485,8.9026117419131,0.4,0.0,331.5024947058969,1,0,12
B_E,3,2.0,17.0,600009,e8562e04b08b6e0ad4237f4b798382c4bd9b471c1ecf8439ec3da5eed54cd26d,24,6.352454585073375,8.893041874123055,0.2916666666666667,0.0378318477872502,528.8242503480083,12,7.408143121662296,9.16201369847259,0.1666666666666666,0.0756636955745004,714.9619576657927,12,5.296766048484453,8.497474167490214,0.4166666666666667,0.0,342.68654303022385,1,0,12
B_N,3,2.0,17.0,600009,e8562e04b08b6e0ad4237f4b798382c4bd9b471c1ecf8439ec3da5eed54cd26d,24,6.352454585073375,8.893041874123055,0.2916666666666667,0.0378318477872502,528.8242503480083,12,7.408143121662296,9.16201369847259,0.1666666666666666,0.0756636955745004,714.9619576657927,12,5.296766048484453,8.497474167490214,0.4166666666666667,0.0,342.68654303022385,1,0,12
B_E,3,4.0,16.0,600000,96f81d58b47df7613df77501251b384e9826119b6fe577ab1c917044742f0327,49,14.109297897800015,33.27352403734173,0.1632653061224489,5.947666907570163,2054.512640784493,16,11.561184655646176,32.52079422928869,0.3125,4.851889507484884,1574.7369311292357,33,15.344746742480664,33.13063978165417,0.0909090909090909,6.4789529197327225,2287.131166677951,6,1,12
B_N,3,4.0,16.0,600000,96f81d58b47df7613df77501251b384e9826119b6fe577ab1c917044742f0327,49,14.008755913232728,33.27352403734173,0.1632653061224489,5.947666907570163,2034.404243871035,16,11.904776791114314,32.52079422928869,0.25,4.851889507484884,1630.9553582228632,33,15.028867002744684,33.13063978165417,0.1212121212121212,6.4789529197327225,2230.0158247913605,6,1,12
B_E,3,4.0,16.0,600001,58d9c044a5e8fbe3089dfaf7cdf8d379616bb166d1b7e882d4a67dc9cb938024,42,7.3789682465259485,13.580546928833284,0.2619047619047619,0.4474444070067312,728.174601686142,21,7.588847553624853,11.94427190999916,0.238095238095238,0.3775441134206457,765.3885583440182,21,7.169088939427043,13.666666666666666,0.2857142857142857,0.5173447005928167,690.9606450282656,2,1,12
B_N,3,4.0,16.0,600001,58d9c044a5e8fbe3089dfaf7cdf8d379616bb166d1b7e882d4a67dc9cb938024,42,7.3789682465259485,13.580546928833284,0.2619047619047619,0.4474444070067312,728.174601686142,21,7.588847553624853,11.94427190999916,0.238095238095238,0.3775441134206457,765.3885583440182,21,7.169088939427043,13.666666666666666,0.2857142857142857,0.5173447005928167,690.9606450282656,2,1,12
B_E,3,4.0,16.0,600002,bbb05e9fd17d444259e00275fa7d3d01ab69abebc209573e18850845e25c5aa8,39,7.6399742197645235,18.210532391024987,0.282051282051282,1.5398761321029713,784.4051003631611,14,7.938872112392394,13.362961648963708,0.2142857142857142,0.8979823895845455,830.6315653356216,25,7.472591399892915,17.56729312853553,0.32,1.8993366279132895,758.5182799785833,3,0,12
B_N,3,4.0,16.0,600002,bbb05e9fd17d444259e00275fa7d3d01ab69abebc209573e18850845e25c5aa8,39,7.6399742197645235,18.210532391024987,0.282051282051282,1.5398761321029713,784.4051003631611,14,7.938872112392394,13.362961648963708,0.2142857142857142,0.8979823895845455,830.6315653356216,25,7.472591399892915,17.56729312853553,0.32,1.8993366279132895,758.5182799785833,3,0,12
B_E,3,4.0,16.0,600003,12510c69a00a242062922bf365c380ee6b5215f2b9e789e99ff0514607c03998,44,11.579623689133076,26.882658794842268,0.1590909090909091,4.174438157912598,1547.7429196447972,19,12.23544081628433,25.17074847056425,0.1052631578947368,4.1817018585907615,1668.140794835813,25,11.081202672498126,27.784002819407693,0.2,4.168917745397193,1456.240534499625,6,0,12
B_N,3,4.0,16.0,600003,12510c69a00a242062922bf365c380ee6b5215f2b9e789e99ff0514607c03998,44,11.579623689133076,26.882658794842268,0.1590909090909091,4.174438157912598,1547.7429196447972,19,12.23544081628433,25.17074847056425,0.1052631578947368,4.1817018585907615,1668.140794835813,25,11.081202672498126,27.784002819407693,0.2,4.168917745397193,1456.240534499625,6,0,12
B_E,3,4.0,16.0,600004,da21e30aa904c51c24f7023e409dc6ca67f03b52cccaf25bb44446535dfe7d45,59,25.480820371295547,73.12809087540445,0.1016949152542373,17.188278446145162,4316.5030573099575,28,27.20841978345896,86.3595010094148,0.1071428571428571,19.06809901792673,4663.112528120362,31,23.92040799901892,62.15830864878587,0.0967741935483871,15.49037599421342,4003.436438513461,9,8,12
B_N,3,4.0,16.0,600004,da21e30aa904c51c24f7023e409dc6ca67f03b52cccaf25bb44446535dfe7d45,59,24.796412830199003,70.26652740973344,0.0847457627118644,16.267499107308712,4176.231718582174,28,26.46375133702646,80.4012841493777,0.0714285714285714,18.135117161739668,4507.035981691005,31,23.290429662741957,58.88466268871531,0.0967741935483871,14.580618283951717,3877.440771258068,9,8,12
B_E,3,4.0,16.0,600005,972abc540bf09ad2102d52bb3f29fd403f28ef94fbd265166c1b29e2168a610d,41,9.156737430677223,13.752010320324484,0.0975609756097561,0.8978859535308424,1050.8596812573962,22,9.165206340942536,13.24702489133117,0.0909090909090909,0.7910212969128968,1051.223086370326,19,9.146931324054233,17.66956919532434,0.1052631578947368,1.0216239769832005,1050.4388963897934,2,0,12
B_N,3,4.0,16.0,600005,972abc540bf09ad2102d52bb3f29fd403f28ef94fbd265166c1b29e2168a610d,41,9.156737430677223,13.752010320324484,0.0975609756097561,0.8978859535308424,1050.8596812573962,22,9.165206340942536,13.24702489133117,0.0909090909090909,0.7910212969128968,1051.223086370326,19,9.146931324054233,17.66956919532434,0.1052631578947368,1.0216239769832005,1050.4388963897934,2,0,12
B_E,3,4.0,16.0,600006,8f333c0f3f8ee525b749d009f56aaa1126b5f103b2d7841d56f7266ee39caded,41,9.20973034934144,20.916236007822885,0.1707317073170731,1.7180812586279566,1076.0924113317026,20,10.402798696802924,21.344136890184227,0.05,1.7893375453702902,1290.559739360585,21,8.073474780330503,18.594679773939493,0.2857142857142857,1.6502181283971626,871.8378132089579,3,0,12
B_N,3,4.0,16.0,600006,8f333c0f3f8ee525b749d009f56aaa1126b5f103b2d7841d56f7266ee39caded,41,9.20973034934144,20.916236007822885,0.1707317073170731,1.7180812586279566,1076.0924113317026,20,10.402798696802924,21.344136890184227,0.05,1.7893375453702902,1290.559739360585,21,8.073474780330503,18.594679773939493,0.2857142857142857,1.6502181283971626,871.8378132089579,3,0,12
B_E,3,4.0,16.0,600007,8ea9096e0f653bcdc5103861f2bcdafdb2dd43aa89b6dcf9820cd5caf3b63ab0,36,5.797240234253676,8.96284793999944,0.3611111111111111,0.0,431.6702690729576,16,6.564864368238694,8.96284793999944,0.3125,0.0,575.4728736477388,20,5.183140927065663,7.993906564749913,0.4,0.0,316.62818541313266,1,0,12
B_N,3,4.0,16.0,600007,8ea9096e0f653bcdc5103861f2bcdafdb2dd43aa89b6dcf9820cd5caf3b63ab0,36,5.797240234253676,8.96284793999944,0.3611111111111111,0.0,431.6702690729576,16,6.564864368238694,8.96284793999944,0.3125,0.0,575.4728736477388,20,5.183140927065663,7.993906564749913,0.4,0.0,316.62818541313266,1,0,12
B_E,3,4.0,16.0,600008,49f6a5bc1e1275b77d9b0e37433d4605a060ae48c3bbe28fecb5c788333c888a,40,10.761575572323546,31.416412147536526,0.25,3.4042571048250467,1402.315114464709,17,13.103003949225766,31.778644523264763,0.1176470588235294,4.980841108862317,1844.1302016098591,23,9.03095459809147,20.12670756076329,0.3478260869565217,2.2389558844496724,1075.756137009598,5,0,12
B_N,3,4.0,16.0,600008,49f6a5bc1e1275b77d9b0e37433d4605a060ae48c3bbe28fecb5c788333c888a,40,10.76521987927153,31.416412147536526,0.25,3.4042571048250467,1403.043975854306,17,13.03503652337984,31.778644523264763,0.1176470588235294,4.980841108862317,1830.5367164406732,23,9.087529316234953,20.12670756076329,0.3478260869565217,2.2389558844496724,1087.0710806382951,5,0,12
B_E,3,4.0,16.0,600009,52f14a726e3c8216ee13cb8026b953736244d80a049ffa8307dd9acc060a7f74,41,7.496650628310573,13.121080386628524,0.2682926829268293,0.8756996850735471,752.9886622474804,16,9.585203611444454,14.585970180798848,0.125,1.4293245314493106,1142.0407222888912,25,6.159976719104889,12.395944707755284,0.36,0.5213797833930585,503.99534382097767,2,0,12
B_N,3,4.0,16.0,600009,52f14a726e3c8216ee13cb8026b953736244d80a049ffa8307dd9acc060a7f74,41,7.496650628310573,13.121080386628524,0.2682926829268293,0.8756996850735471,752.9886622474804,16,9.585203611444454,14.585970180798848,0.125,1.4293245314493106,1142.0407222888912,25,6.159976719104889,12.395944707755284,0.36,0.5213797833930585,503.99534382097767,2,0,12
B_E,3,5.0,15.483333333333333,600000,c43ebc28e92118f3841c27ee4d2c409445739fb78d89907fdd81743929a9f457,63,15.567258548556149,37.939313010535045,0.1746031746031746,7.425703807413695,2348.372344631865,20,14.256785656972642,28.540893655121003,0.25,7.121025687850851,2101.357131394528,43,16.17678082371127,37.939313010535045,0.13953488372093023,7.567414560698739,2463.26314148644,5,3,12
B_N,3,5.0,15.483333333333333,600000,c43ebc28e92118f3841c27ee4d2c409445739fb78d89907fdd81743929a9f457,63,15.567258548556149,37.939313010535045,0.1746031746031746,7.425703807413695,2348.372344631865,20,14.256785656972642,28.540893655121003,0.25,7.121025687850851,2101.357131394528,43,16.17678082371127,37.939313010535045,0.13953488372093023,7.567414560698739,2463.26314148644,5,3,12
B_E,3,5.0,15.483333333333333,600001,e4f57357d706cae7877225c59ddf40b5fbffa984a8b700d97909941b25477e13,54,7.6688678324991235,18.623095898326383,0.3333333333333333,1.3529614041764473,800.4402331664911,29,8.404899544062827,15.255606663417167,0.2413793103448276,1.4383646166097606,929.2557708815309,25,6.815071047085224,19.72856221554765,0.44,1.253893677753804,651.0142094170449,3,0,12
B_N,3,5.0,15.483333333333333,600001,e4f57357d706cae7877225c59ddf40b5fbffa984a8b700d97909941b25477e13,54,7.6688678324991235,18.623095898326383,0.3333333333333333,1.3529614041764473,800.4402331664911,29,8.404899544062827,15.255606663417167,0.2413793103448276,1.4383646166097606,929.2557708815309,25,6.815071047085224,19.72856221554765,0.44,1.253893677753804,651.0142094170449,3,0,12
B_E,3,5.0,15.483333333333333,600002,5b1e3ad9ec9b7d16c1a86ee33ffb01453a2240b2abbbb4f36eb0eb424070e8ab,49,8.018303705554402,19.261311281903453,0.20408163265306123,1.3333547469895222,844.4770676414927,19,8.84615985427304,21.201580059136944,0.21052631578947367,1.5417150207247592,1011.3372340125028,30,7.493994811365931,15.209435043989721,0.2,1.2013932402905387,738.798962273186,4,0,12
B_N,3,5.0,15.483333333333333,600002,5b1e3ad9ec9b7d16c1a86ee33ffb01453a2240b2abbbb4f36eb0eb424070e8ab,49,8.018303705554402,19.261311281903453,0.20408163265306123,1.3333547469895222,844.4770676414927,19,8.84615985427304,21.201580059136944,0.21052631578947367,1.5417150207247592,1011.3372340125028,30,7.493994811365931,15.209435043989721,0.2,1.2013932402905387,738.798962273186,4,0,12
B_E,3,5.0,15.483333333333333,600003,dc39eb41e298b0c8bbc49ef74c835af5ef9ba3132ffe24b552ccc469c2a66b99,56,10.722821287203406,24.15473549994598,0.16071428571428573,3.1283761369858047,1376.7071145835382,22,10.687284479609875,24.437829937073356,0.13636363636363635,3.0736947801537595,1364.7296231947028,34,10.745815692116864,20.47707082852856,0.17647058823529413,3.16375819140654,1384.4572560704316,5,1,12
B_N,3,5.0,15.483333333333333,600003,dc39eb41e298b0c8bbc49ef74c835af5ef9ba3132ffe24b552ccc469c2a66b99,56,10.731370907618233,24.15473549994598,0.14285714285714285,3.2498657348748696,1374.8456100950752,22,10.634764196001658,24.437829937073356,0.13636363636363635,3.0736947801537595,1354.2255664730592,34,10.793881132781898,20.47707082852856,0.14705882352941177,3.363858705576764,1388.1879912622621,5,1,12
B_E,3,5.0,15.483333333333333,600004,94a59e857c18da98f56408b550b2f30c6d9c2532935f222068b4a1b2697a1caa,69,46.32511354424542,220.40113512186082,0.13043478260869565,37.95784993129211,8491.109665370823,33,49.80261463045811,224.08072551172899,0.09090909090909091,41.64211695190082,9178.704744273438,36,43.13740421521712,177.09157633638043,0.16666666666666666,34.58060516240079,7860.814176376757,13,13,12
B_N,3,5.0,15.483333333333333,600004,94a59e857c18da98f56408b550b2f30c6d9c2532935f222068b4a1b2697a1caa,69,46.32511354424542,220.40113512186082,0.13043478260869565,37.95784993129211,8491.109665370823,33,49.80261463045811,224.08072551172899,0.09090909090909091,41.64211695190082,9178.704744273438,36,43.13740421521712,177.09157633638043,0.16666666666666666,34.58060516240079,7860.814176376757,13,13,12
B_E,3,5.0,15.483333333333333,600005,dbe8c08372089c2ed0a0901e1564d975bcf88168df1d278983035ed0976b7d5d,48,9.558693894559255,18.612010734106025,0.10416666666666667,1.6895788503931424,1132.5721122451844,25,10.509168768378709,21.159383085122773,0.08,2.1373832860574478,1317.8337536757417,23,8.525569031712024,17.372941081657025,0.13043478260869565,1.2028348985841149,931.2007628641439,2,0,12
B_N,3,5.0,15.483333333333333,600005,dbe8c08372089c2ed0a0901e1564d975bcf88168df1d278983035ed0976b7d5d,48,9.558693894559255,18.612010734106025,0.10416666666666667,1.6895788503931424,1132.5721122451844,25,10.509168768378709,21.159383085122773,0.08,2.1373832860574478,1317.8337536757417,23,8.525569031712024,17.372941081657025,0.13043478260869565,1.2028348985841149,931.2007628641439,2,0,12
B_E,3,5.0,15.483333333333333,600006,8d6a7a71faf99cc91a071fee5dc36ffacd913da3b07850fffa35af8740ca7735,54,9.960159363714727,21.854215944058794,0.16666666666666666,2.4106995838678644,1225.3652060762788,29,10.993689704479968,23.022698438999498,0.13793103448275862,2.8417271311434513,1426.3241477925455,25,8.761264168427047,16.203803831805207,0.2,1.910707629028184,992.2528336854095,4,1,12
B_N,3,5.0,15.483333333333333,600006,8d6a7a71faf99cc91a071fee5dc36ffacd913da3b07850fffa35af8740ca7735,54,9.960159363714727,21.854215944058794,0.16666666666666666,2.4106995838678644,1225.3652060762788,29,10.993689704479968,23.022698438999498,0.13793103448275862,2.8417271311434513,1426.3241477925455,25,8.761264168427047,16.203803831805207,0.2,1.910707629028184,992.2528336854095,4,1,12
B_E,3,5.0,15.483333333333333,600007,727212a48d719d05d94d01a9dea9153e5b40f12946545431fca725866546e152,43,6.37740966081397,11.94427190999916,0.3488372093023256,0.03852716586664238,545.2493740232593,20,7.251304593059868,11.94427190999916,0.3,0.0,710.2609186119737,23,5.617501024078409,11.164489254981278,0.391304347826087,0.0720290492289401,401.76107438089906,1,0,12
B_N,3,5.0,15.483333333333333,600007,727212a48d719d05d94d01a9dea9153e5b40f12946545431fca725866546e152,43,6.37740966081397,11.94427190999916,0.3488372093023256,0.03852716586664238,545.2493740232593,20,7.251304593059868,11.94427190999916,0.3,0.0,710.2609186119737,23,5.617501024078409,11.164489254981278,0.391304347826087,0.0720290492289401,401.76107438089906,1,0,12
B_E,3,5.0,15.483333333333333,600008,66be682bc9af2bfe1ba842483cd8af97c980d65ef2668f8d67898d0d4633480a,45,10.792118519793421,34.290625640165395,0.17777777777777778,3.1013579469103005,1393.9792595142394,20,11.425908827882205,30.98988334707773,0.05,3.306198649200451,1495.1817655764407,25,10.285086273322392,34.34057238531568,0.28,2.93748538507818,1313.0172546644785,6,0,12
B_N,3,5.0,15.483333333333333,600008,66be682bc9af2bfe1ba842483cd8af97c980d65ef2668f8d67898d0d4633480a,45,10.792118519793421,34.290625640165395,0.17777777777777778,3.1013579469103005,1393.9792595142394,20,11.425908827882205,30.98988334707773,0.05,3.306198649200451,1495.1817655764407,25,10.285086273322392,34.34057238531568,0.28,2.93748538507818,1313.0172546644785,6,0,12
B_E,3,5.0,15.483333333333333,600009,07d41f12b67ffaeeee91c4bda8dbab97852ae8300e2645db19afd0519c59b016,50,7.676955382083186,15.048263664746196,0.28,0.7535468341621163,791.3910764166371,20,8.96071680646283,14.51366177408593,0.2,0.952821286184917,1032.1433612925662,30,6.821114432496756,14.800782642579335,0.3333333333333333,0.6206971994802492,630.8895531660179,3,0,12
B_N,3,5.0,15.483333333333333,600009,07d41f12b67ffaeeee91c4bda8dbab97852ae8300e2645db19afd0519c59b016,50,7.676955382083186,15.048263664746196,0.28,0.7535468341621163,791.3910764166371,20,8.96071680646283,14.51366177408593,0.2,0.952821286184917,1032.1433612925662,30,6.821114432496756,14.800782642579335,0.3333333333333333,0.6206971994802492,630.8895531660179,3,0,12
B_E,3,6.0,14.983333333333333,600000,1e83634afbf0023faa29f49d3e7ca468f9168f3f3382255cbf6c57a16e180984,73,23.857423925393064,62.577885995992006,0.1917808219178082,15.750382698792885,4009.840949462174,23,20.899694800599583,53.32937587979261,0.30434782608695654,13.625242987586281,3440.808525337308,50,25.217979322798065,68.3241795259708,0.14,16.727946965947922,4271.595864559613,9,8,12
B_N,3,6.0,14.983333333333333,600000,1e83634afbf0023faa29f49d3e7ca468f9168f3f3382255cbf6c57a16e180984,73,23.857423925393064,62.577885995992006,0.1917808219178082,15.750382698792885,4009.840949462174,23,20.899694800599583,53.32937587979261,0.30434782608695654,13.625242987586281,3440.808525337308,50,25.217979322798065,68.3241795259708,0.14,16.727946965947922,4271.595864559613,9,8,12
B_E,3,6.0,14.983333333333333,600001,ef13753d6c179d3435f779fe0df9cccfe192c46c9c76b5827d44b37d11d553c5,62,10.126049331698857,31.185748526750416,0.24193548387096775,3.4001954149858764,1273.5969631139644,32,9.992276892109803,23.421877875521723,0.25,3.0896209116247064,1248.4553784219609,30,10.268739933927174,30.791368868225383,0.23333333333333334,3.7314748852377915,1300.4146534521014,5,4,12
B_N,3,6.0,14.983333333333333,600001,ef13753d6c179d3435f779fe0df9cccfe192c46c9c76b5827d44b37d11d553c5,62,10.630274812162067,35.841740336188934,0.22580645161290322,3.7646311525711478,1371.216252754994,32,11.071049129931232,31.614226974370016,0.21875,3.79571515319617,1457.9598259862464,30,10.160115539874955,32.98389819061045,0.23333333333333334,3.7314748852377915,1278.6897746416578,5,4,12
B_E,3,6.0,14.983333333333333,600002,dd5eefb7e6ac3b764627492a7d9e83e0b9c1f63a0c5e9ef25a8f6ca30fa2e346,56,11.424524889281702,33.24157519497529,0.14285714285714285,4.112274201217068,1513.476406427769,22,9.84029512864993,17.782338886232964,0.18181818181818182,2.2267054291938124,1204.4226620936224,34,12.449614734396377,35.64263788397566,0.11764705882352941,5.332348112526233,1713.4523586439814,5,3,12
B_N,3,6.0,14.983333333333333,600002,dd5eefb7e6ac3b764627492a7d9e83e0b9c1f63a0c5e9ef25a8f6ca30fa2e346,56,11.424524889281702,33.24157519497529,0.14285714285714285,4.112274201217068,1513.476406427769,22,9.84029512864993,17.782338886232964,0.18181818181818182,2.2267054291938124,1204.4226620936224,34,12.449614734396377,35.64263788397566,0.11764705882352941,5.332348112526233,1713.4523586439814,5,3,12
B_E,3,6.0,14.983333333333333,600003,2374393284e10aeac3a8158410506dec38c954917ff22e4dae10cf33a4a22702,63,15.689877326184373,49.770956976502106,0.12698412698412698,7.726991761640607,2363.3722906337007,25,14.575186895906768,21.55975698416398,0.08,6.359888274186233,2131.037379181353,38,16.423226293472272,51.20430344003986,0.15789473684210525,8.626401950755328,2516.224206062876,5,4,12
B_N,3,6.0,14.983333333333333,600003,2374393284e10aeac3a8158410506dec38c954917ff22e4dae10cf33a4a22702,63,15.689877326184373,49.770956976502106,0.12698412698412698,7.726991761640607,2363.3722906337007,25,14.575186895906768,21.55975698416398,0.08,6.359888274186233,2131.037379181353,38,16.423226293472272,51.20430344003986,0.15789473684210525,8.626401950755328,2516.224206062876,5,4,12
B_E,3,6.0,14.983333333333333,600004,756695b4089dc7d0d000cdd6a4292c8b658d008960cb32bb3d710ee10042e4bb,78,52.382516951322586,212.7841322053585,0.08974358974358974,44.29312441540951,9694.452108213234,37,58.8326480393055,212.11686898523382,0.08108108108108109,50.959092843870756,10982.745824077316,41,46.561666945094096,215.95558100361055,0.0975609756097561,38.27749437021277,8531.84558414077,15,15,12
B_N,3,6.0,14.983333333333333,600004,756695b4089dc7d0d000cdd6a4292c8b658d008960cb32bb3d710ee10042e4bb,78,52.362807849697234,212.7841322053585,0.08974358974358974,44.29312441540951,9690.510287888166,37,58.8326480393055,212.11686898523382,0.08108108108108109,50.959092843870756,10982.745824077316,41,46.52417158102636,215.95558100361055,0.0975609756097561,38.27749437021277,8524.346511327223,15,15,12
B_E,3,6.0,14.983333333333333,600005,59b9ba786ef09e1bf82811166e3494466d46d352426a94e48e1c5aead4db7745,59,14.153090390277978,28.65103543705914,0.2033898305084746,6.649589488244693,2071.29604415729,30,13.137035652427162,28.760398470592147,0.16666666666666666,5.0108869886176155,1860.7404638187659,29,15.204181498399505,22.269414097010603,0.2413793103448276,8.344798970617532,2289.112161748867,4,3,12
B_N,3,6.0,14.983333333333333,600005,59b9ba786ef09e1bf82811166e3494466d46d352426a94e48e1c5aead4db7745,59,14.153090390277978,28.65103543705914,0.2033898305084746,6.649589488244693,2071.29604415729,30,13.137035652427162,28.760398470592147,0.16666666666666666,5.0108869886176155,1860.7404638187659,29,15.204181498399505,22.269414097010603,0.2413793103448276,8.344798970617532,2289.112161748867,4,3,12
B_E,3,6.0,14.983333333333333,600006,67d211c605d6dcaf32ee87b5592632e108b8b9b3239e5b675f0b5bc31d9283ac,67,17.32043927899765,45.81509030640042,0.19402985074626866,9.805822822675603,2702.8938259487836,35,20.903818451825945,79.50315973186426,0.11428571428571428,12.914706727686903,3403.620833222332,32,13.401118308716699,45.663370312005576,0.28125,6.405481051569495,1936.4736617433396,6,6,12
B_N,3,6.0,14.983333333333333,600006,67d211c605d6dcaf32ee87b5592632e108b8b9b3239e5b675f0b5bc31d9283ac,67,17.32043927899765,45.81509030640042,0.19402985074626866,9.805822822675603,2702.8938259487836,35,20.903818451825945,79.50315973186426,0.11428571428571428,12.914706727686903,3403.620833222332,32,13.401118308716699,45.663370312005576,0.28125,6.405481051569495,1936.4736617433396,6,6,12
B_E,3,6.0,14.983333333333333,600007,fec17e3acb90e51fa25ba51f5c7d62663d7ae5bfdf62ba590e66992811939eef,52,7.155888613620989,14.615178824386025,0.28846153846153844,0.6995094292334005,688.8700304165056,23,7.878850638732746,15.113823568463085,0.30434782608695654,0.9438930277303924,836.6396929639407,29,6.582504938532355,13.92967399486574,0.27586206896551724,0.5056879545633726,571.6734014995745,3,0,12
B_N,3,6.0,14.983333333333333,600007,fec17e3acb90e51fa25ba51f5c7d62663d7ae5bfdf62ba590e66992811939eef,52,7.155888613620989,14.615178824386025,0.28846153846153844,0.6995094292334005,688.8700304165056,23,7.878850638732746,15.113823568463085,0.30434782608695654,0.9438930277303924,836.6396929639407,29,6.582504938532355,13.92967399486574,0.27586206896551724,0.5056879545633726,571.6734014995745,3,0,12
B_E,3,6.0,14.983333333333333,600008,d803a140956b5268272660a0bc30439694399d67c69bf191b4eba54ed69bf18a,53,12.063557926309995,36.62873304258097,0.1509433962264151,4.126352530387796,1642.9002645072821,25,10.80797515845423,28.21291528436419,0.12,2.7209214433081796,1385.595031690846,28,13.184613969038354,37.787596613762744,0.17857142857142858,5.38120171528031,1872.6370795219568,5,3,12
B_N,3,6.0,14.983333333333333,600008,d803a140956b5268272660a0bc30439694399d67c69bf191b4eba54ed69bf18a,53,12.063557926309995,36.62873304258097,0.1509433962264151,4.126352530387796,1642.9002645072821,25,10.80797515845423,28.21291528436419,0.12,2.7209214433081796,1385.595031690846,28,13.184613969038354,37.787596613762744,0.17857142857142858,5.38120171528031,1872.6370795219568,5,3,12
B_E,3,6.0,14.983333333333333,600009,58a83ac9eb6e4115f52dec69f1ac8e52f40736828093500f5cf0c7178cb796aa,58,7.652676207219783,13.2695178973963,0.27586206896551724,1.1413302169439077,785.7076552370601,23,8.332536168180562,12.947884712975192,0.17391304347826086,0.470649636364175,901.2898423317645,35,7.205911090016985,15.95980370080218,0.34285714285714286,1.5820631698963032,709.7536465748258,2,1,12
B_N,3,6.0,14.983333333333333,600009,58a83ac9eb6e4115f52dec69f1ac8e52f40736828093500f5cf0c7178cb796aa,58,7.652676207219783,13.2695178973963,0.27586206896551724,1.1413302169439077,785.7076552370601,23,8.332536168180562,12.947884712975192,0.17391304347826086,0.470649636364175,901.2898423317645,35,7.205911090016985,15.95980370080218,0.34285714285714286,1.5820631698963032,709.7536465748258,2,1,12
B_E,3,8.0,13.883333333333333,600000,6f87a4242f650d474affe598b9d065c6b5507bebf4e31353bcc6d8d562157cad,84,45.47876814344344,194.2641838122015,0.2023809523809523,37.85847150423069,8336.229819164877,31,51.98568192669426,174.3699397366026,0.1935483870967742,44.4095927642979,9635.846062758208,53,41.67283744003257,197.82341792018136,0.2075471698113207,34.02668359739893,7576.076921968778,12,10,12
B_N,3,8.0,13.883333333333333,600000,6f87a4242f650d474affe598b9d065c6b5507bebf4e31353bcc6d8d562157cad,84,45.47876814344344,194.2641838122015,0.2023809523809523,37.85847150423069,8336.229819164877,31,51.98568192669426,174.3699397366026,0.1935483870967742,44.4095927642979,9635.846062758208,53,41.67283744003257,197.82341792018136,0.2075471698113207,34.02668359739893,7576.076921968778,12,10,12
B_E,3,8.0,13.883333333333333,600001,fd7016c2c73bf4ee57696127fa27ace7da6aaf2a45fdfeac61d0ec2910d838a7,82,35.196109778164804,172.04670541292725,0.2560975609756097,28.59236205828542,6290.441467828084,41,34.21954375089251,162.00224530021802,0.2439024390243902,27.03326359540796,6092.689237983381,41,36.1726758054371,177.35966357628058,0.2682926829268293,30.15146052116289,6488.193697672786,13,13,12
B_N,3,8.0,13.883333333333333,600001,fd7016c2c73bf4ee57696127fa27ace7da6aaf2a45fdfeac61d0ec2910d838a7,82,35.196109778164804,172.04670541292725,0.2560975609756097,28.59236205828542,6290.441467828084,41,34.21954375089251,162.00224530021802,0.2439024390243902,27.03326359540796,6092.689237983381,41,36.1726758054371,177.35966357628058,0.2682926829268293,30.15146052116289,6488.193697672786,13,13,12
B_E,3,8.0,13.883333333333333,600002,3a0a77ea882a5dd137f910a4fa34a0af220b55b3c7279bcfdf316332faa257db,71,26.47056174646012,152.6609356608099,0.2112676056338028,19.38670911218405,4536.365870418785,29,28.15118598633536,154.36040354360895,0.2413793103448276,21.153230142696604,4878.513059336038,42,25.31013072368912,145.80110527669004,0.1904761904761904,18.166968400639668,4300.121382833062,8,8,12
B_N,3,8.0,13.883333333333333,600002,3a0a77ea882a5dd137f910a4fa34a0af220b55b3c7279bcfdf316332faa257db,71,27.26877605322744,152.6609356608099,0.1971830985915492,19.802016484870965,4693.191830363799,29,28.346910389298728,154.36040354360895,0.2413793103448276,21.37275014796589,4917.657939928712,42,26.52434996403536,145.7255900208236,0.1666666666666666,18.71746228892447,4538.203326140405,8,8,12
B_E,3,8.0,13.883333333333333,600003,735f129760f7f3c741fead28417cb6c2b80ce4a633d39ef0d13a6f662085f4fb,76,29.92699013044908,157.22844400131655,0.1447368421052631,22.387452507543124,5214.345394510869,32,26.8138803966922,133.0754929059766,0.15625,19.518813621833036,4594.0260793384405,44,32.19106993681772,157.0642026422633,0.1363636363636363,24.473735333514096,5665.486714636272,8,7,12
B_N,3,8.0,13.883333333333333,600003,735f129760f7f3c741fead28417cb6c2b80ce4a633d39ef0d13a6f662085f4fb,76,29.92699013044908,157.22844400131655,0.1447368421052631,22.387452507543124,5214.345394510869,32,26.8138803966922,133.0754929059766,0.15625,19.518813621833036,4594.0260793384405,44,32.19106993681772,157.0642026422633,0.1363636363636363,24.473735333514096,5665.486714636272,8,7,12
B_E,3,8.0,13.883333333333333,600004,575df134f21c5d22e0540d3ab6e06fc7d57c227b3ddcdcb8e15449bc04d54f75,100,75.55546076358968,229.59943261970284,0.11,67.95965917982227,14333.092152717933,46,81.03586576859804,239.90614151235425,0.0652173913043478,73.28379752744719,15420.216631980478,54,70.88696761117514,229.10524552746,0.1481481481481481,63.42428206888252,13407.023151864658,28,27,12
B_N,3,8.0,13.883333333333333,600004,575df134f21c5d22e0540d3ab6e06fc7d57c227b3ddcdcb8e15449bc04d54f75,100,75.55546076358968,229.59943261970284,0.11,67.95965917982227,14333.092152717933,46,81.03586576859804,239.90614151235425,0.0652173913043478,73.28379752744719,15420.216631980478,54,70.88696761117514,229.10524552746,0.1481481481481481,63.42428206888252,13407.023151864658,28,27,12
B_E,3,8.0,13.883333333333333,600005,c98ab69e11140695438f930b9dc57043a1e0a82e5def36e587847224e7ce5984,80,40.05785075346605,190.01928774915905,0.15,32.495555706701815,7241.570150693211,39,30.380224417422195,189.57232253467876,0.1025641025641025,22.202862882874168,5296.55770399726,41,49.26339775604436,189.89901908660977,0.1951219512195122,42.28616595375738,9091.703941452774,14,14,12
B_N,3,8.0,13.883333333333333,600005,c98ab69e11140695438f930b9dc57043a1e0a82e5def36e587847224e7ce5984,80,40.11218606182771,190.01928774915905,0.1375,32.49660941601432,7249.937212365543,39,30.38238587242221,189.57232253467876,0.1025641025641025,22.205024337874185,5296.989994997264,41,49.36736185175002,189.89901908660977,0.1707317073170731,42.28616595375738,9107.618711813417,14,14,12
B_E,3,8.0,13.883333333333333,600006,458ed7dc023cedab41a9f2b4821c1e30f0a4cdf47bb8adaa0cfc1ccdbd58d30e,83,41.78126021223276,191.355002090778,0.1325301204819277,34.28078369530037,7582.758066542938,43,37.02025567099722,189.4805084025451,0.1395348837209302,29.031573642657456,6631.958110943631,40,46.89934009406095,191.3994508773445,0.125,39.92368450189152,8604.86801881219,14,14,12
B_N,3,8.0,13.883333333333333,600006,458ed7dc023cedab41a9f2b4821c1e30f0a4cdf47bb8adaa0cfc1ccdbd58d30e,83,41.78126021223276,191.355002090778,0.1325301204819277,34.28078369530037,7582.758066542938,43,37.02025567099722,189.4805084025451,0.1395348837209302,29.031573642657456,6631.958110943631,40,46.89934009406095,191.3994508773445,0.125,39.92368450189152,8604.86801881219,14,14,12
B_E,3,8.0,13.883333333333333,600007,2290e3b4a7efe2b3df2174780e0d1d354a7f2868f6bd69eb286a426979a3ca88,75,16.44827255815014,89.00327658654399,0.3066666666666666,10.029171430238057,2550.987844963361,31,22.623233257957693,143.33733665438754,0.2258064516129032,15.40958356050091,3769.807941914119,44,12.097732065103912,39.35711813629614,0.3636363636363636,6.238426520280138,1692.2736857480552,6,5,12
B_N,3,8.0,13.883333333333333,600007,2290e3b4a7efe2b3df2174780e0d1d354a7f2868f6bd69eb286a426979a3ca88,75,16.44827255815014,89.00327658654399,0.3066666666666666,10.029171430238057,2550.987844963361,31,22.623233257957693,143.33733665438754,0.2258064516129032,15.40958356050091,3769.807941914119,44,12.097732065103912,39.35711813629614,0.3636363636363636,6.238426520280138,1692.2736857480552,6,5,12
B_E,3,8.0,13.883333333333333,600008,ff9bf5e814da64b15a96912ee06af8b00ddb7e6917656c337f515d481de3253f,70,34.96608872561816,178.7555201229236,0.1857142857142857,28.04537065290642,6230.360602266489,31,31.427599967933503,158.8270956512851,0.1612903225806451,23.4229204881788,5517.778058102831,39,37.77873363557262,180.70287338830573,0.2051282051282051,31.71962591204889,6796.772368140165,11,11,12
B_N,3,8.0,13.883333333333333,600008,ff9bf5e814da64b15a96912ee06af8b00ddb7e6917656c337f515d481de3253f,70,34.96608872561816,178.7555201229236,0.1857142857142857,28.04537065290642,6230.360602266489,31,31.427599967933503,158.8270956512851,0.1612903225806451,23.4229204881788,5517.778058102831,39,37.77873363557262,180.70287338830573,0.2051282051282051,31.71962591204889,6796.772368140165,11,11,12
B_E,3,8.0,13.883333333333333,600009,289192ab7a6d53262cb14ade8432f8a29b90bf8d8e50ee1efccdb82bbbf57f73,74,29.802291392048197,165.75183845628197,0.2297297297297297,23.03580048400397,5206.404224355585,31,25.67358532929973,162.8737664742895,0.1935483870967742,18.653431286662865,4373.4267432793,43,32.77880041402965,167.08744313771385,0.2558139534883721,26.19518292859873,5806.922873503603,10,10,12
B_N,3,8.0,13.883333333333333,600009,289192ab7a6d53262cb14ade8432f8a29b90bf8d8e50ee1efccdb82bbbf57f73,74,29.900438510253657,165.75183845628197,0.2297297297297297,23.01287904225545,5226.033647996677,31,25.74813024796946,162.8737664742895,0.1935483870967742,18.653431286662865,4388.335727013247,43,32.89396307143529,167.08744313771385,0.2558139534883721,26.155736726519876,5829.955404984732,10,9,12
B_E,3,10.0,10.266666666666666,600000,be4a846d25d7c5faedafa331b8d5f38eaeb22c7e3a02f42972843ec30459f55f,104,31.961008341199616,238.31506888535534,0.18269230769230768,24.390211965786104,5628.7401297783845,38,29.05650477606265,118.81184132144493,0.21052631578947367,21.72653811366476,5053.406218370425,66,33.633298272642115,238.12595477910787,0.16666666666666666,25.923842365492337,5959.992987861755,11,10,12
B_N,3,10.0,10.266666666666666,600000,be4a846d25d7c5faedafa331b8d5f38eaeb22c7e3a02f42972843ec30459f55f,104,31.961008341199616,238.31506888535534,0.18269230769230768,24.390211965786104,5628.7401297783845,38,29.05650477606265,118.81184132144493,0.21052631578947367,21.72653811366476,5053.406218370425,66,33.633298272642115,238.12595477910787,0.16666666666666666,25.923842365492337,5959.992987861755,11,10,12
B_E,3,10.0,10.266666666666666,600001,84def41384bde04c9df59597aff7973c60cde9b9c18c5138654365f5e38134f6,97,27.73439983651105,237.17231407135446,0.30927835051546393,21.589699004525794,4808.735637405302,45,34.64208965329117,236.32234524328928,0.2222222222222222,27.405947028864627,6172.862375102679,52,21.75659134122056,148.4578616085366,0.38461538461538464,16.556407445001803,3628.241345167189,9,9,12
B_N,3,10.0,10.266666666666666,600001,84def41384bde04c9df59597aff7973c60cde9b9c18c5138654365f5e38134f6,97,27.73439983651105,237.17231407135446,0.30927835051546393,21.589699004525794,4808.735637405302,45,34.64208965329117,236.32234524328928,0.2222222222222222,27.405947028864627,6172.862375102679,52,21.75659134122056,148.4578616085366,0.38461538461538464,16.556407445001803,3628.241345167189,9,9,12
B_E,3,10.0,10.266666666666666,600002,82e0a5f9043199079dbb6c1099a9c446daf3dd5f3df5cf0356c7a17a84053eb3,89,11.275772009803942,32.81986791320686,0.2247191011235955,4.1216442371412665,1500.0982221855077,35,11.510117570818233,36.694816101985765,0.22857142857142856,4.203032496268653,1547.7377998779325,54,11.123881368405792,32.000048303153314,0.2222222222222222,4.068892587706849,1469.2207181256026,5,4,12
B_N,3,10.0,10.266666666666666,600002,82e0a5f9043199079dbb6c1099a9c446daf3dd5f3df5cf0356c7a17a84053eb3,89,11.307413703247168,32.81986791320686,0.21348314606741572,4.1216442371412665,1504.1793698629167,35,11.647471905121622,36.694816101985765,0.2,4.203032496268653,1569.4943810243246,54,11.08700560943965,32.000048303153314,0.2222222222222222,4.068892587706849,1461.8455663323741,5,4,12
B_E,3,10.0,10.266666666666666,600003,b52af4970203bfaa8c945a833ef428072a17d8f4e1f955fb16814d806d393af0,97,25.807270897402812,83.6264565487923,0.18556701030927836,18.574269010305834,4398.567581542418,41,17.19247529109557,47.075641461300215,0.21951219512195122,9.698580409878781,2682.397497243504,56,32.11453196630633,233.408088127222,0.16071428571428573,25.072541021332786,5655.049250404123,8,8,12
B_N,3,10.0,10.266666666666666,600003,b52af4970203bfaa8c945a833ef428072a17d8f4e1f955fb16814d806d393af0,97,25.807270897402812,83.6264565487923,0.18556701030927836,18.574269010305834,4398.567581542418,41,17.19247529109557,47.075641461300215,0.21951219512195122,9.698580409878781,2682.397497243504,56,32.11453196630633,233.408088127222,0.16071428571428573,25.072541021332786,5655.049250404123,8,8,12
B_E,3,10.0,10.266666666666666,600004,7f82f0650819d4e1c975868dc5bb1b884962d953ec3089c32651fe6615a9c072,111,76.04569700955645,306.31033068221586,0.21621621621621623,69.15557693004862,14452.382645154537,53,72.99769312915056,290.1885732662727,0.16981132075471697,65.64050161197328,13833.500889981056,58,78.83094193475493,306.7626987549174,0.25862068965517243,72.36762851380715,15017.912524882022,23,23,12
B_N,3,10.0,10.266666666666666,600004,7f82f0650819d4e1c975868dc5bb1b884962d953ec3089c32651fe6615a9c072,111,76.04569700955645,306.31033068221586,0.21621621621621623,69.15557693004862,14452.382645154537,53,72.99769312915056,290.1885732662727,0.16981132075471697,65.64050161197328,13833.500889981056,58,78.83094193475493,306.7626987549174,0.25862068965517243,72.36762851380715,15017.912524882022,23,23,12
B_E,3,10.0,10.266666666666666,600005,ac7a556e083d8aff608ca61d4b36d64870671d3d8c7cefbaab80c7563d3692c9,97,41.52168544671266,283.1971416129037,0.24742268041237114,34.271249383938134,7553.821625425005,48,54.52589849106812,285.85220909627657,0.20833333333333334,47.14847680449626,10146.846364880294,49,28.782864505303223,101.69688230394183,0.2857142857142857,21.656822522983223,5013.7157582035015,11,10,12
B_N,3,10.0,10.266666666666666,600005,ac7a556e083d8aff608ca61d4b36d64870671d3d8c7cefbaab80c7563d3692c9,97,41.52168544671266,283.1971416129037,0.24742268041237114,34.271249383938134,7553.8216254250065,48,54.52589849106812,285.85220909627657,0.20833333333333334,47.14847680449626,10146.846364880294,49,28.782864505303223,101.69688230394183,0.2857142857142857,21.656822522983223,5013.7157582035015,11,10,12
B_E,3,10.0,10.266666666666666,600006,77b57e906610606e4b8eae29069b8264dfb70456cfbfa7ed872d4bd4a83d015b,98,26.756461602203025,240.3387765877633,0.24489795918367346,19.971350425665076,4600.271912277339,49,29.055049140755983,241.43336434931126,0.20408163265306123,21.593525057723888,5051.8261546818085,49,24.45787406365006,168.30540795114177,0.2857142857142857,18.349175793606264,4148.717669872869,9,9,12
B_N,3,10.0,10.266666666666666,600006,77b57e906610606e4b8eae29069b8264dfb70456cfbfa7ed872d4bd4a83d015b,98,26.78519742584024,240.3387765877633,0.23469387755102042,19.971350425665076,4603.978260678251,49,29.15315937954412,241.43336434931126,0.1836734693877551,21.593525057723888,5067.366569786374,49,24.417235472136355,168.30540795114177,0.2857142857142857,18.349175793606264,4140.589951570128,9,9,12
B_E,3,10.0,10.266666666666666,600007,979878ea13af6ac3a2758b7ca667c2ff7cb13a93f731acc808852fef4dafda44,83,8.220080983185554,23.60731877184737,0.3253012048192771,1.8349078370293979,909.076437600966,34,9.331877190947916,27.093045488919692,0.29411764705882354,2.3486259461897134,1125.1989676013482,49,7.448630553309628,13.005790677341476,0.3469387755102041,1.4784503735304033,759.1138657639665,5,5,12
B_N,3,10.0,10.266666666666666,600007,979878ea13af6ac3a2758b7ca667c2ff7cb13a93f731acc808852fef4dafda44,83,8.220080983185554,23.60731877184737,0.3253012048192771,1.8349078370293979,909.076437600966,34,9.331877190947916,27.093045488919692,0.29411764705882354,2.3486259461897134,1125.1989676013482,49,7.448630553309628,13.005790677341476,0.3469387755102041,1.4784503735304033,759.1138657639665,5,5,12
B_E,3,10.0,10.266666666666666,600008,62c04fdef7671b321ca3a8c8c6b96296b639394a805d4cd77fcacae0ed8c60c9,92,27.46702425677692,241.1805336589486,0.21739130434782608,20.450489940068465,4736.8831122249485,36,36.83056519182755,246.30267225380072,0.2222222222222222,30.089846565599146,6610.557482809953,56,21.447605084244376,58.190427309652996,0.21428571428571427,14.253760680798743,3532.3781597060174,7,7,12
B_N,3,10.0,10.266666666666666,600008,62c04fdef7671b321ca3a8c8c6b96296b639394a805d4cd77fcacae0ed8c60c9,92,27.448373599373962,241.1805336589486,0.21739130434782608,20.403683377868298,4733.152980744359,36,36.96464693283455,246.30267225380072,0.2222222222222222,30.089846565599146,6637.373831011355,56,21.33076931357788,57.28292448420385,0.21428571428571427,14.17686418575561,3509.0110055727187,7,6,12
B_E,3,10.0,10.266666666666666,600009,0bc9217d8dc79a6d95ee444a2405b6082906e4f6092c26ae270a1f9fc3039e31,97,14.879358556782996,55.01551790598283,0.32989690721649484,8.717523886631565,2241.8510927998977,38,17.025249892491036,66.00638754615085,0.23684210526315788,9.375536004452059,2652.4183995508392,59,13.497259052428664,52.5708792152268,0.3898305084745763,8.293719471764126,1977.417912180648,8,4,12
B_N,3,10.0,10.266666666666666,600009,0bc9217d8dc79a6d95ee444a2405b6082906e4f6092c26ae270a1f9fc3039e31,97,14.879358556782996,55.01551790598283,0.32989690721649484,8.717523886631565,2241.8510927998977,38,17.025249892491036,66.00638754615085,0.23684210526315788,9.375536004452059,2652.4183995508392,59,13.497259052428664,52.5708792152268,0.3898305084745763,8.293719471764126,1977.417912180648,8,4,12
B_E,3,11.0,8.7,600000,76433e8f93ab79650d167198b3ec0308bc754775c3f3f10c2bfd64e50fc99275,113,26.857982765649716,164.2215103202643,0.23893805309734514,19.788571615574305,4619.384163749412,41,18.148685955449203,57.73718398819033,0.2926829268292683,11.102360659614334,2888.273776455694,72,31.817443449236123,278.8895135734913,0.20833333333333334,24.734886187718175,5605.155356513891,10,9,12
B_N,3,11.0,8.7,600000,76433e8f93ab79650d167198b3ec0308bc754775c3f3f10c2bfd64e50fc99275,113,26.857982765649716,164.2215103202643,0.23893805309734514,19.788571615574305,4619.384163749412,41,18.148685955449203,57.73718398819033,0.2926829268292683,11.102360659614334,2888.273776455694,72,31.817443449236123,278.8895135734913,0.20833333333333334,24.734886187718175,5605.155356513891,10,9,12
B_E,3,11.0,8.7,600001,04231ad04efd0760d30cf8fcbe5fbe149d3c333f3fbae16bdac2d4f59e4ebe15,108,29.817315545010214,273.4391233530331,0.3148148148148148,23.48325657005949,5226.417379423325,49,45.81640952664672,291.9530083282442,0.24489795918367346,38.696776026395256,8412.24233809462,59,16.529932407718874,39.95277475918279,0.3728813559322034,10.848299733441648,2580.562752730215,8,8,12
B_N,3,11.0,8.7,600001,04231ad04efd0760d30cf8fcbe5fbe149d3c333f3fbae16bdac2d4f59e4ebe15,108,30.076398066589817,273.4391233530331,0.3055555555555556,23.770923321926198,5276.390724429074,49,46.34615839325457,291.9530083282442,0.22448979591836735,39.18926004135782,8514.129637834587,59,16.56422423596994,42.13615025646301,0.3728813559322034,10.965864012567735,2587.4211183804287,8,8,12
B_E,3,11.0,8.7,600002,11b1adde3bb49ff00d25d8e97b7fc211a4e0b50c24ecc50fa68ce4ecc8852a85,100,10.296529300474663,35.47717218375605,0.25,3.4811864029944264,1309.3058600949328,38,10.652129869012256,35.57585207765359,0.2631578947368421,3.6541571104793737,1383.0575527498197,62,10.078580564919367,35.31997126947539,0.24193548387096775,3.375172098406878,1264.1032097580667,5,4,12
B_N,3,11.0,8.7,600002,11b1adde3bb49ff00d25d8e97b7fc211a4e0b50c24ecc50fa68ce4ecc8852a85,100,10.369687105175874,35.47717218375605,0.24,3.4811864029944264,1321.9374210351746,38,10.766393761857241,35.57585207765359,0.23684210526315788,3.6541571104793737,1400.6471734240797,62,10.126544315596972,35.31997126947539,0.24193548387096775,3.375172098406878,1273.6959598935878,5,4,12
B_E,3,11.0,8.7,600003,53df7ea5b6c330d2b8d9308b075bbe3b9983c36c25639b2adf465e024564c638,103,18.667935034521186,54.71460036636793,0.21359223300970873,11.858160620125224,2976.3054535061788,46,16.653232265902574,46.09944838435854,0.1956521739130435,9.349626909791962,2569.7768879631235,57,20.293835514459012,61.65508297347828,0.22807017543859648,13.882591333727504,3304.381137979521,7,6,12
B_N,3,11.0,8.7,600003,53df7ea5b6c330d2b8d9308b075bbe3b9983c36c25639b2adf465e024564c638,103,18.667935034521186,54.71460036636793,0.21359223300970873,11.858160620125224,2976.3054535061788,46,16.653232265902574,46.09944838435854,0.1956521739130435,9.349626909791962,2569.7768879631235,57,20.293835514459012,61.65508297347828,0.22807017543859648,13.882591333727504,3304.381137979521,7,6,12
B_E,3,11.0,8.7,600004,1083c858f01e978ed285323ed4eba1c99f03cf0998d6c9ab2290f669a58d620c,123,74.39501549721888,337.0145202751292,0.22764227642276422,67.48940868403552,14124.53155472833,58,56.86710991930536,325.6127786151917,0.1896551724137931,49.10611983812374,10611.353018343832,65,90.03530047443402,341.08504306502573,0.26153846153846155,83.89295873115681,17259.367787194496,23,23,12
B_N,3,11.0,8.7,600004,1083c858f01e978ed285323ed4eba1c99f03cf0998d6c9ab2290f669a58d620c,123,75.5743320157781,337.0145202751292,0.22764227642276422,68.56442052174395,14360.39485844017,58,58.34389200617297,325.6127786151917,0.1896551724137931,50.60248649850423,10906.709435717354,65,90.94918617819498,341.08504306502573,0.26153846153846155,84.59199241940402,17442.144927946687,23,23,12
B_E,3,11.0,8.7,600005,a91f0f9c06f7d39cda7cf7846494e3dbacbd99c5b12efa840d575ac893d0bf82,112,49.08573964900639,320.2011970154535,0.24107142857142858,42.16767106249186,9065.362215515564,54,59.46595541674546,324.89763378752815,0.18518518518518517,51.99344091104326,11130.228120386131,58,39.42140083076658,313.4648618438468,0.29310344827586204,33.01954051384056,7142.900855808489,16,15,12
B_N,3,11.0,8.7,600005,a91f0f9c06f7d39cda7cf7846494e3dbacbd99c5b12efa840d575ac893d0bf82,112,49.08859607910093,320.2011970154535,0.24107142857142858,42.16767106249186,9065.933501534473,54,59.43177914440745,324.89763378752815,0.18518518518518517,51.99344091104326,11123.39286591853,58,39.458735983815565,313.4648618438468,0.29310344827586204,33.01954051384056,7150.367886418285,16,15,12
B_E,3,11.0,8.7,600006,28a479973c161a6f347801a7cb5465f84bcf65c7c852089e04a78ba4e1cca4db,111,16.56535130773574,36.73939758215127,0.22522522522522523,9.505262104265663,2558.1153065921926,52,13.85973361211983,24.46513474818341,0.23076923076923078,6.554957196919181,2018.1005685778123,59,18.949963514041283,43.39331163277047,0.22033898305084745,12.105530836164258,3034.060499418426,5,4,12
B_N,3,11.0,8.7,600006,28a479973c161a6f347801a7cb5465f84bcf65c7c852089e04a78ba4e1cca4db,111,17.007846474481287,46.066507876532285,0.21621621621621623,9.831897747194498,2644.8125381395007,52,14.313850877155302,29.548428270480706,0.21153846153846154,6.894404309262357,2105.077867738753,59,19.382215475514357,53.29423689702066,0.22033898305084745,12.420875014524519,3120.510891713041,5,4,12
B_E,3,11.0,8.7,600007,ea4d51e805ae1fec2b7b096c702ae26cf2994732f897678c170a091f261fe61b,92,7.258648651218758,17.641025854132927,0.34782608695652173,1.0923872266225574,721.2949476350555,38,8.80341414251215,30.60391475412368,0.34210526315789475,2.028570282334266,1029.1038811340088,54,6.1715914536419225,10.407274889249067,0.35185185185185186,0.4335917429735774,504.6886610987551,5,5,12
B_N,3,11.0,8.7,600007,ea4d51e805ae1fec2b7b096c702ae26cf2994732f897678c170a091f261fe61b,92,6.945681458142594,15.665125790779875,0.33695652173913043,0.8358246343762837,656.5275959763445,38,8.564573948449175,21.948779118745374,0.3157894736842105,1.6754661954263084,976.0726844266775,54,5.806460816815736,10.407274889249067,0.35185185185185186,0.244965758081822,431.66253373351765,5,5,12
B_E,3,11.0,8.7,600008,586020113ac03fe21a5d8f598e770166f333b10152b69b75898d8e84d0b151db,109,27.8466510306178,273.3532346005595,0.2018348623853211,20.78749244457367,4809.697178600623,39,29.62062860046881,271.28423090432136,0.23076923076923078,22.662157008293434,5170.279566247608,70,26.85829209884366,180.19339830426804,0.18571428571428572,19.74303647335837,4608.801276911589,7,7,12
B_N,3,11.0,8.7,600008,586020113ac03fe21a5d8f598e770166f333b10152b69b75898d8e84d0b151db,109,27.910786719750924,273.3532346005595,0.1926605504587156,20.79298369639896,4820.689454041926,39,29.6911360465298,271.28423090432136,0.20512820512820512,22.532950975620622,5179.252850331602,70,26.918877809116974,181.7657261380284,0.18571428571428572,19.82357335511832,4620.918418966252,7,7,12
B_E,3,11.0,8.7,600009,04403cda7c6d30206f7f52b3eecedc58c4e2f699899f0a9a04afa8265093add5,108,22.81787253083651,56.720199841782176,0.25925925925925924,15.928247975495955,3815.4263580191537,43,20.871386064374054,50.79223681842918,0.23255813953488372,13.394922966950066,3420.788840781787,65,24.10554819326552,57.49567747995438,0.27692307692307694,17.60413990422631,4076.49425403772,8,5,12
B_N,3,11.0,8.7,600009,04403cda7c6d30206f7f52b3eecedc58c4e2f699899f0a9a04afa8265093add5,108,22.80637722649681,56.720199841782176,0.25925925925925924,15.978526661192383,3813.127297151214,43,20.970689463780285,52.713757596939786,0.23255813953488372,13.4942263663563,3440.6495206630343,65,24.020755284909278,57.49567747995438,0.27692307692307694,17.621986856237793,4059.535672366472,8,5,12
B_E,3,12.0,8.05,600000,1638bec6b66441c3126b06fd4b81916f31576cebf613a7c21dcfd6fdb8b39453,122,39.29901105358512,291.5809167369847,0.2377049180327868,32.29040225602691,7107.34319432358,45,41.7179661228208,289.87304124281263,0.2888888888888888,34.86322247603223,7601.371002341937,77,37.8853360131227,277.23071852407764,0.2077922077922078,30.786806023556267,6818.625644182983,14,14,12
B_N,3,12.0,8.05,600000,1638bec6b66441c3126b06fd4b81916f31576cebf613a7c21dcfd6fdb8b39453,122,39.29901105358512,291.5809167369847,0.2377049180327868,32.29040225602691,7107.34319432358,45,41.7179661228208,289.87304124281263,0.2888888888888888,34.86322247603223,7601.371002341937,77,37.8853360131227,277.23071852407764,0.2077922077922078,30.786806023556267,6818.625644182983,14,14,12
B_E,3,12.0,8.05,600001,ebd6f35f7bfeea07e47e7e97d3319552e095128c36e375ce0601efb190521a1c,117,46.20894390193567,302.848372828946,0.3076923076923077,39.9902950452829,8501.680604658965,53,61.46446271533884,319.2262914129702,0.2830188679245283,54.88953871798388,11545.861287215024,64,33.57546738458616,270.33712389542,0.328125,27.6518588788274,5980.718476917232,15,15,12
B_N,3,12.0,8.05,600001,ebd6f35f7bfeea07e47e7e97d3319552e095128c36e375ce0601efb190521a1c,117,46.20894390193567,302.848372828946,0.3076923076923077,39.9902950452829,8501.680604658965,53,61.46446271533884,319.2262914129702,0.2830188679245283,54.88953871798388,11545.861287215024,64,33.57546738458616,270.33712389542,0.328125,27.6518588788274,5980.718476917232,15,15,12
B_E,3,12.0,8.05,600002,e649d5e219bac445bd0a182ddeb0bec796085a81c30fd11141720cb6f342f0dc,109,20.191423096578685,54.941912386968205,0.2477064220183486,13.805121276537122,3287.8259037194066,41,21.57847303738546,51.8149681133021,0.2439024390243902,14.694890702099478,3564.47509528197,68,19.355113573445188,51.33103605752276,0.25,13.268642652300995,3121.022714689038,7,7,12
B_N,3,12.0,8.05,600002,e649d5e219bac445bd0a182ddeb0bec796085a81c30fd11141720cb6f342f0dc,109,21.267529957441013,83.42629079262909,0.2293577981651376,14.644213569470894,3499.3775511212293,41,22.52111109751535,55.5259141274549,0.2439024390243902,15.396674629180158,3753.002707307948,68,20.511694270043247,84.55508634166218,0.2205882352941176,14.190523812881484,3346.456501067473,8,8,12
B_E,3,12.0,8.05,600003,60758ab4f80825836a9e3cf81f4e2778ae82b3d1f1343f2d566f843b85c40393,112,31.30068269877827,255.5476465913224,0.1964285714285714,24.60790491437495,5497.909285066594,49,34.1391462673439,278.4758951524117,0.1632653061224489,26.922200119146478,6060.482314693269,63,29.092988812116115,234.68900238744595,0.2222222222222222,22.807897532885985,5060.352484245846,10,9,12
B_N,3,12.0,8.05,600003,60758ab4f80825836a9e3cf81f4e2778ae82b3d1f1343f2d566f843b85c40393,112,31.391388980833533,255.5476465913224,0.1964285714285714,24.60790491437495,5516.050541477646,49,34.115565731846324,278.4758951524117,0.1632653061224489,26.922200119146478,6055.766207593754,63,29.272584841156917,234.68900238744595,0.2222222222222222,22.807897532885985,5096.271690054006,10,9,12
B_E,3,12.0,8.05,600004,8ff7391e0743e2492e1e1bfc5d04c03c39c89720606ed761d1224b05ce59b277,136,80.46582584696029,342.87664010042414,0.25,74.01633761987875,15343.165169392058,64,77.62334851781466,344.1050229951894,0.203125,70.48105228321879,14765.294703562931,72,82.9924723617564,339.24175234481794,0.2916666666666667,77.15881347468763,15856.827805684614,28,28,12
B_N,3,12.0,8.05,600004,8ff7391e0743e2492e1e1bfc5d04c03c39c89720606ed761d1224b05ce59b277,136,80.46582584696029,342.87664010042414,0.25,74.01633761987875,15343.165169392058,64,77.62334851781466,344.1050229951894,0.203125,70.48105228321879,14765.294703562931,72,82.9924723617564,339.24175234481794,0.2916666666666667,77.15881347468763,15856.827805684614,28,28,12
B_E,3,12.0,8.05,600005,8af2b72511c94d49617f644ee5a31d97ca897bbba962498caa45c37b3d3e65fd,121,53.60255243496543,318.91258730642096,0.2644628099173554,46.94869931865081,9973.403048976556,58,66.35175910918417,329.24184736717206,0.2068965517241379,58.94678340192469,12511.73113218166,63,41.86518756028784,317.2432216868161,0.3174603174603174,35.902844130874854,7636.529575549634,16,16,12
B_N,3,12.0,8.05,600005,8af2b72511c94d49617f644ee5a31d97ca897bbba962498caa45c37b3d3e65fd,121,53.60255243496543,318.91258730642096,0.2644628099173554,46.94869931865081,9973.403048976556,58,66.35175910918417,329.24184736717206,0.2068965517241379,58.94678340192469,12511.73113218166,63,41.86518756028784,317.2432216868161,0.3174603174603174,35.902844130874854,7636.529575549634,16,16,12
B_E,3,12.0,8.05,600006,58d5a865efe573a092054a337b97b1e53874a180f3fee3ce58d0cfd33fd466cd,127,34.720759228862605,261.2292157846659,0.2204724409448819,28.063126933941756,6188.246333961498,59,36.80137917222834,262.5681853558606,0.1525423728813559,29.36652160138464,6590.7843090219385,68,32.91551545447175,261.170019043099,0.2794117647058823,26.932240384248654,5838.985443835527,12,12,12
B_N,3,12.0,8.05,600006,58d5a865efe573a092054a337b97b1e53874a180f3fee3ce58d0cfd33fd466cd,127,34.720759228862605,261.2292157846659,0.2204724409448819,28.063126933941756,6188.246333961498,59,36.80137917222834,262.5681853558606,0.1525423728813559,29.36652160138464,6590.7843090219385,68,32.91551545447175,261.170019043099,0.2794117647058823,26.932240384248654,5838.985443835527,12,12,12
B_E,3,12.0,8.05,600007,a93fa2393387f2f291ba352f0831d50d616db8041b3e17a602b8cdb0efaf1dde,102,19.49911666151793,48.864884257019824,0.3235294117647059,13.391336495759235,3164.5292146565284,43,25.670437784321063,223.1691731101745,0.2558139534883721,18.6311781843246,4385.250347561888,59,15.001374148288535,38.61826441713967,0.3728813559322034,9.572468824431937,2274.8511008441483,7,7,12
B_N,3,12.0,8.05,600007,a93fa2393387f2f291ba352f0831d50d616db8041b3e17a602b8cdb0efaf1dde,102,19.099622021780103,51.71022282053624,0.3235294117647059,13.148751293873634,3084.6302867089626,43,25.46506662218432,223.47742867808623,0.2558139534883721,18.468726061868143,4344.176115134539,59,14.460399685892284,29.929517603030437,0.3728813559322034,9.271481547708143,2166.656208364898,7,7,12
B_E,3,12.0,8.05,600008,7c626c5d560b3d3170ae025dd6382fd0cba8cccf9ac9315dc756f90df4bcff53,120,41.698996140231685,297.3710550662448,0.1916666666666666,34.44207409798661,7578.132561379671,43,43.5308906707544,255.39559591462543,0.2325581395348837,35.96904393526364,7952.689762057856,77,40.67599010370601,308.0988512287728,0.1688311688311688,33.589350682364376,7368.964254507438,13,13,12
B_N,3,12.0,8.05,600008,7c626c5d560b3d3170ae025dd6382fd0cba8cccf9ac9315dc756f90df4bcff53,120,41.64444077868857,297.3710550662448,0.1916666666666666,34.44207409798661,7567.221489071047,43,43.5308906707544,255.39559591462543,0.2325581395348837,35.96904393526364,7952.689762057856,77,40.59096876104141,308.0988512287728,0.1688311688311688,33.589350682364376,7351.959985974517,13,13,12
B_E,3,12.0,8.05,600009,a2eccc758f5916f33390e79d4c42b4605316a49a781ee64488a571093b7bee99,114,29.946999146781444,276.6413909071624,0.2807017543859649,23.45690543565172,5245.540180233481,46,36.80623728376795,283.8386411915111,0.2608695652173913,29.857050213907907,6613.421369797069,68,25.306926289408217,187.8794227237161,0.2941176470588235,19.12739573271371,4320.208787293408,9,9,12
B_N,3,12.0,8.05,600009,a2eccc758f5916f33390e79d4c42b4605316a49a781ee64488a571093b7bee99,114,29.89604882628759,276.6413909071624,0.2807017543859649,23.41310021205981,5235.350116134709,46,36.73386343609436,283.8386411915111,0.2608695652173913,29.78467636623432,6598.946600262351,68,25.27046835494771,187.29681324994365,0.2941176470588235,19.102916343059405,4312.917200401306,9,9,12
B_E,4,0.5,17.75,600000,88065c86fbd3a156918c585277c8594ab6326531e8b04f10245d2f57b2a9ada5,9,5.511338185239089,9.666666666666668,0.4444444444444444,0.0,391.1565259367067,1,3.0,3.0,1.0,0.0,0.0,8,5.825255458393976,9.666666666666668,0.375,0.0,440.0510916787951,1,0,12
B_N,4,0.5,17.75,600000,88065c86fbd3a156918c585277c8594ab6326531e8b04f10245d2f57b2a9ada5,9,5.511338185239089,9.666666666666668,0.4444444444444444,0.0,391.1565259367067,1,3.0,3.0,1.0,0.0,0.0,8,5.825255458393976,9.666666666666668,0.375,0.0,440.0510916787951,1,0,12
B_E,4,0.5,17.75,600001,92b1cc8c0984871ee5658d639e8f144baaf539552088bb61fb59644b75727aa1,5,3.0,3.0,1.0,0.0,0.0,1,3.0,3.0,1.0,0.0,0.0,4,3.0,3.0,1.0,0.0,0.0,1,0,12
B_N,4,0.5,17.75,600001,92b1cc8c0984871ee5658d639e8f144baaf539552088bb61fb59644b75727aa1,5,3.0,3.0,1.0,0.0,0.0,1,3.0,3.0,1.0,0.0,0.0,4,3.0,3.0,1.0,0.0,0.0,1,0,12
B_E,4,0.5,17.75,600002,01bb2a6b9060e124dca102e66dc2c62cd19cab55b0de66e2932178d9d7d53160,0,,,,,,0,,,,,,0,,,,,,0,0,12
B_N,4,0.5,17.75,600002,01bb2a6b9060e124dca102e66dc2c62cd19cab55b0de66e2932178d9d7d53160,0,,,,,,0,,,,,,0,,,,,,0,0,12
B_E,4,0.5,17.75,600003,7f004e60f20f07d97c8ad713019af0750940dac735f18ba2a79bd18b18b33fd9,10,10.038003153821922,22.750225071803506,0.1,1.9231251582947155,1227.6006307643845,0,,,,,,10,10.038003153821922,22.750225071803506,0.1,1.9231251582947155,1227.6006307643845,2,2,12
B_N,4,0.5,17.75,600003,7f004e60f20f07d97c8ad713019af0750940dac735f18ba2a79bd18b18b33fd9,10,10.038003153821922,22.750225071803506,0.1,1.9231251582947155,1227.6006307643845,0,,,,,,10,10.038003153821922,22.750225071803506,0.1,1.9231251582947155,1227.6006307643845,2,2,12
B_E,4,0.5,17.75,600004,a410efe0ae6645b8e04a69b7fdb379dcf3a8034996c240703b4036dccd29b626,3,6.007923971392164,7.748298551912571,0.3333333333333333,0.0,468.2514609450994,1,3.0,3.0,1.0,0.0,0.0,2,7.511885957088246,7.777850126265612,0.0,0.0,702.3771914176491,1,0,12
B_N,4,0.5,17.75,600004,a410efe0ae6645b8e04a69b7fdb379dcf3a8034996c240703b4036dccd29b626,3,6.007923971392164,7.748298551912571,0.3333333333333333,0.0,468.2514609450994,1,3.0,3.0,1.0,0.0,0.0,2,7.511885957088246,7.777850126265612,0.0,0.0,702.3771914176491,1,0,12
B_E,4,0.5,17.75,600005,64b2b031fdbc9f60f150abf27975570f5517c7de3dbec5c8749dbb6b56b43ec2,10,11.597693889303216,21.88138828451369,0.1,3.487696686912386,1539.5387778606432,4,12.217891282767711,20.544799563063897,0.0,2.856861602473145,1643.5782565535424,6,11.184228960326886,21.1782406401948,0.1666666666666666,3.90825340987188,1470.1791253987103,3,3,12
B_N,4,0.5,17.75,600005,64b2b031fdbc9f60f150abf27975570f5517c7de3dbec5c8749dbb6b56b43ec2,10,11.597693889303216,21.88138828451369,0.1,3.487696686912386,1539.5387778606432,4,12.217891282767711,20.544799563063897,0.0,2.856861602473145,1643.5782565535424,6,11.184228960326886,21.1782406401948,0.1666666666666666,3.90825340987188,1470.1791253987103,3,3,12
B_E,4,0.5,17.75,600006,6ef0f6e5884d5ce40571133a5c93bc8cdc3f46a39613f5e7ebd3ce2351fdc201,4,4.201850425154663,7.086291445525853,0.75,0.0,190.3700850309326,1,3.0,3.0,1.0,0.0,0.0,3,4.60246723353955,7.326661530556787,0.6666666666666666,0.0,253.8267800412435,1,0,12
B_N,4,0.5,17.75,600006,6ef0f6e5884d5ce40571133a5c93bc8cdc3f46a39613f5e7ebd3ce2351fdc201,4,4.201850425154663,7.086291445525853,0.75,0.0,190.3700850309326,1,3.0,3.0,1.0,0.0,0.0,3,4.60246723353955,7.326661530556787,0.6666666666666666,0.0,253.8267800412435,1,0,12
B_E,4,0.5,17.75,600007,affe10e3aeefa29366a4556e87e016fb407b3d34bff48211038c4a5e220013ab,2,3.942809041582064,4.791337179005921,0.5,0.0,88.56180831641271,0,,,,,,2,3.942809041582064,4.791337179005921,0.5,0.0,88.56180831641271,1,0,12
B_N,4,0.5,17.75,600007,affe10e3aeefa29366a4556e87e016fb407b3d34bff48211038c4a5e220013ab,2,3.942809041582064,4.791337179005921,0.5,0.0,88.56180831641271,0,,,,,,2,3.942809041582064,4.791337179005921,0.5,0.0,88.56180831641271,1,0,12
B_E,4,0.5,17.75,600008,bf7aa4bcb9982cccd87d06944123b1624712b9b481afab54289303e7d2a59dc5,2,3.0,3.0,1.0,0.0,0.0,1,3.0,3.0,1.0,0.0,0.0,1,3.0,3.0,1.0,0.0,0.0,1,0,12
B_N,4,0.5,17.75,600008,bf7aa4bcb9982cccd87d06944123b1624712b9b481afab54289303e7d2a59dc5,2,3.0,3.0,1.0,0.0,0.0,1,3.0,3.0,1.0,0.0,0.0,1,3.0,3.0,1.0,0.0,0.0,1,0,12
B_E,4,0.5,17.75,600009,b81854d2598655eb778e4da6b17af39e5db3435b3ba42747e0ac33af7b6eb944,4,4.525497074180492,6.866757393998782,0.5,0.0,205.09941483609836,0,,,,,,4,4.525497074180492,6.866757393998782,0.5,0.0,205.09941483609836,1,0,12
B_N,4,0.5,17.75,600009,b81854d2598655eb778e4da6b17af39e5db3435b3ba42747e0ac33af7b6eb944,4,4.525497074180492,6.866757393998782,0.5,0.0,205.09941483609836,0,,,,,,4,4.525497074180492,6.866757393998782,0.5,0.0,205.09941483609836,1,0,12
B_E,4,1.0,17.5,600000,b55f1c18627060c081e15a8d1c86a2a4049c05cd2173cd1d52d4325b58aaacf4,14,6.131260193908875,10.208757402674276,0.4285714285714285,0.1324930096930724,511.9663244960608,2,3.0,3.0,1.0,0.0,0.0,12,6.653136892893688,10.295810498641371,0.3333333333333333,0.1545751779752512,597.2940452454042,1,0,12
B_N,4,1.0,17.5,600000,b55f1c18627060c081e15a8d1c86a2a4049c05cd2173cd1d52d4325b58aaacf4,14,6.131260193908875,10.208757402674276,0.4285714285714285,0.1324930096930724,511.9663244960608,2,3.0,3.0,1.0,0.0,0.0,12,6.653136892893688,10.295810498641371,0.3333333333333333,0.1545751779752512,597.2940452454042,1,0,12
B_E,4,1.0,17.5,600001,54d759c3e9dfe908c6532d030f9f63fd5065470669c26e8809d06be44ae2b0b9,8,3.235702260395516,4.225651754056682,0.875,0.0,22.140452079103177,3,3.0,3.0,1.0,0.0,0.0,5,3.377123616632825,4.508494466531301,0.8,0.0,35.424723326565086,1,0,12
B_N,4,1.0,17.5,600001,54d759c3e9dfe908c6532d030f9f63fd5065470669c26e8809d06be44ae2b0b9,8,3.235702260395516,4.225651754056682,0.875,0.0,22.140452079103177,3,3.0,3.0,1.0,0.0,0.0,5,3.377123616632825,4.508494466531301,0.8,0.0,35.424723326565086,1,0,12
B_E,4,1.0,17.5,600002,5fec6754f8393bcd745a75f8a077fcb9908fc7b49053948570336e4b0dd051d5,6,4.818231666223436,7.659643828853449,0.5,0.0,263.64633324468724,0,,,,,,6,4.818231666223436,7.659643828853449,0.5,0.0,263.64633324468724,1,0,12
B_N,4,1.0,17.5,600002,5fec6754f8393bcd745a75f8a077fcb9908fc7b49053948570336e4b0dd051d5,6,4.818231666223436,7.659643828853449,0.5,0.0,263.64633324468724,0,,,,,,6,4.818231666223436,7.659643828853449,0.5,0.0,263.64633324468724,1,0,12
B_E,4,1.0,17.5,600003,02c26a65f7ca569fcd01b1af36dd5e09f00a9e6b83073b51ed7bcc6b9aa826ee,13,9.239581175559696,20.78580024800853,0.2307692307692307,3.235868777569872,1094.0700812657851,1,7.8074017006186525,7.8074017006186525,0.0,0.0,761.4803401237305,12,9.358929465138118,21.28706165668517,0.25,3.5055245090340272,1121.7858930276234,3,1,12
B_N,4,1.0,17.5,600003,02c26a65f7ca569fcd01b1af36dd5e09f00a9e6b83073b51ed7bcc6b9aa826ee,13,9.239581175559696,20.78580024800853,0.2307692307692307,3.235868777569872,1094.0700812657851,1,7.8074017006186525,7.8074017006186525,0.0,0.0,761.4803401237305,12,9.358929465138118,21.28706165668517,0.25,3.5055245090340272,1121.7858930276234,3,1,12
B_E,4,1.0,17.5,600004,eff9a5cf4df8473e6349b25d03327a7b2124d6573c8bd9225972c4887a7a3fb0,6,6.437205729731445,8.324956050772323,0.1666666666666666,0.0,520.7744792796224,1,3.0,3.0,1.0,0.0,0.0,5,7.124646875677733,8.359459674115902,0.0,0.0,624.9293751355468,1,0,12
B_N,4,1.0,17.5,600004,eff9a5cf4df8473e6349b25d03327a7b2124d6573c8bd9225972c4887a7a3fb0,6,6.437205729731445,8.324956050772323,0.1666666666666666,0.0,520.7744792796224,1,3.0,3.0,1.0,0.0,0.0,5,7.124646875677733,8.359459674115902,0.0,0.0,624.9293751355468,1,0,12
B_E,4,1.0,17.5,600005,0d5337e061950c0d9abbca2786db5b78da15b4cddee94d01441e9e9127bfc4a0,16,11.077511862518229,20.43542065319336,0.0625,2.9905732228380657,1428.002372503646,6,11.05045222655894,17.960072428395907,0.0,2.437674973107884,1410.090445311788,10,11.093747644093805,20.88111264539422,0.1,3.322312172676175,1438.7495288187606,4,0,12
B_N,4,1.0,17.5,600005,0d5337e061950c0d9abbca2786db5b78da15b4cddee94d01441e9e9127bfc4a0,16,11.077511862518229,20.43542065319336,0.0625,2.9905732228380657,1428.002372503646,6,11.05045222655894,17.960072428395907,0.0,2.437674973107884,1410.090445311788,10,11.093747644093805,20.88111264539422,0.1,3.322312172676175,1438.7495288187606,4,0,12
B_E,4,1.0,17.5,600006,eadf7c56cb2d38331bcc53dee0f40c6f745eb91c35a0ae7e0bce40b74222acd0,9,3.7436688648647536,6.6386882536368415,0.7777777777777778,0.0,104.2893285285062,3,3.0,3.0,1.0,0.0,0.0,6,4.11550329729713,7.076955796255021,0.6666666666666666,0.0,156.4339927927593,1,0,12
B_N,4,1.0,17.5,600006,eadf7c56cb2d38331bcc53dee0f40c6f745eb91c35a0ae7e0bce40b74222acd0,9,3.7436688648647536,6.6386882536368415,0.7777777777777778,0.0,104.2893285285062,3,3.0,3.0,1.0,0.0,0.0,6,4.11550329729713,7.076955796255021,0.6666666666666666,0.0,156.4339927927593,1,0,12
B_E,4,1.0,17.5,600007,1694f2722bb5ae2a529a58e9a391c1771697d189a0e474acbe915698e37f6a9c,3,3.628539361054709,4.697056274847714,0.6666666666666666,0.0,59.04120554427514,1,3.0,3.0,1.0,0.0,0.0,2,3.942809041582064,4.791337179005921,0.5,0.0,88.56180831641271,1,0,12
B_N,4,1.0,17.5,600007,1694f2722bb5ae2a529a58e9a391c1771697d189a0e474acbe915698e37f6a9c,3,3.628539361054709,4.697056274847714,0.6666666666666666,0.0,59.04120554427514,1,3.0,3.0,1.0,0.0,0.0,2,3.942809041582064,4.791337179005921,0.5,0.0,88.56180831641271,1,0,12
B_E,4,1.0,17.5,600008,34b013389ba932d9ee4bf0bb32b742ea13f6cd1e5351ba769826abca8a00a5c7,3,3.0,3.0,1.0,0.0,0.0,1,3.0,3.0,1.0,0.0,0.0,2,3.0,3.0,1.0,0.0,0.0,1,0,12
B_N,4,1.0,17.5,600008,34b013389ba932d9ee4bf0bb32b742ea13f6cd1e5351ba769826abca8a00a5c7,3,3.0,3.0,1.0,0.0,0.0,1,3.0,3.0,1.0,0.0,0.0,2,3.0,3.0,1.0,0.0,0.0,1,0,12
B_E,4,1.0,17.5,600009,2104a98f7e63097ee9af789dd8feb88b5d9ff305fe6f91acf7ee453c5fb3034d,8,3.762748537090245,6.400606967920039,0.75,0.0,102.54970741804917,2,3.0,3.0,1.0,0.0,0.0,6,4.016998049453661,6.633682180959411,0.6666666666666666,0.0,136.73294322406556,1,0,12
B_N,4,1.0,17.5,600009,2104a98f7e63097ee9af789dd8feb88b5d9ff305fe6f91acf7ee453c5fb3034d,8,3.762748537090245,6.400606967920039,0.75,0.0,102.54970741804917,2,3.0,3.0,1.0,0.0,0.0,6,4.016998049453661,6.633682180959411,0.6666666666666666,0.0,136.73294322406556,1,0,12
B_E,4,2.0,17.0,600000,0d5af14a56f02c48f8a426a64125e252a0b5b527e27d0df93ad8725a28621e08,23,6.821855523837059,10.734974480016952,0.3478260869565217,0.544138115326464,633.9363221587163,5,6.471612897843374,14.623709891576544,0.6,1.7558853244539931,614.3225795686749,18,6.91914514216864,10.43776413169108,0.2777777777777778,0.2075416683465947,639.3845839892836,1,0,12
B_N,4,2.0,17.0,600000,0d5af14a56f02c48f8a426a64125e252a0b5b527e27d0df93ad8725a28621e08,23,6.821855523837059,10.734974480016952,0.3478260869565217,0.544138115326464,633.9363221587163,5,6.471612897843374,14.623709891576544,0.6,1.7558853244539931,614.3225795686749,18,6.91914514216864,10.43776413169108,0.2777777777777778,0.2075416683465947,639.3845839892836,1,0,12
B_E,4,2.0,17.0,600001,ee0112fb0e822121089c53eec9cbfcea45061a654f0d48710c4b744443ab82cf,19,5.80511085171864,8.890535792323247,0.4210526315789473,0.0,445.2326966595173,6,5.058312338879193,7.548360317046052,0.5,0.0,311.66246777583865,13,6.149787088413768,10.069720666822375,0.3846153846153846,0.0,506.8804946058305,1,0,12
B_N,4,2.0,17.0,600001,ee0112fb0e822121089c53eec9cbfcea45061a654f0d48710c4b744443ab82cf,19,5.80511085171864,8.890535792323247,0.4210526315789473,0.0,445.2326966595173,6,5.058312338879193,7.548360317046052,0.5,0.0,311.66246777583865,13,6.149787088413768,10.069720666822375,0.3846153846153846,0.0,506.8804946058305,1,0,12
B_E,4,2.0,17.0,600002,0ec2f72a58cdb9e1531947346364bfcd8e1fb4dbde85471321b1d11804c0f734,19,5.792568404432053,8.00653079903582,0.2631578947368421,0.0,411.1452598337792,3,5.859545955648969,7.703785147189612,0.3333333333333333,0.0,438.5758577964604,16,5.780010113578882,8.305224446661585,0.25,0.0,406.0020227157764,1,0,12
B_N,4,2.0,17.0,600002,0ec2f72a58cdb9e1531947346364bfcd8e1fb4dbde85471321b1d11804c0f734,19,5.792568404432053,8.00653079903582,0.2631578947368421,0.0,411.1452598337792,3,5.859545955648969,7.703785147189612,0.3333333333333333,0.0,438.5758577964604,16,5.780010113578882,8.305224446661585,0.25,0.0,406.0020227157764,1,0,12
B_E,4,2.0,17.0,600003,c777887e83b1c4d70171ea65150ed1ee7c15d24ae72d3185d07fbefb602c8256,20,11.86677647755705,30.317840095376848,0.25,4.217856274860606,1623.3552955114096,5,11.294933876482755,24.36157598447611,0.4,3.960357365512755,1538.9867752965513,15,12.057390677915146,31.57423763202081,0.2,4.3036892446432224,1651.4781355830294,4,0,12
B_N,4,2.0,17.0,600003,c777887e83b1c4d70171ea65150ed1ee7c15d24ae72d3185d07fbefb602c8256,20,11.86677647755705,30.317840095376848,0.25,4.217856274860606,1623.3552955114096,5,11.294933876482755,24.36157598447611,0.4,3.960357365512755,1538.9867752965513,15,12.057390677915146,31.57423763202081,0.2,4.3036892446432224,1651.4781355830294,4,0,12
B_E,4,2.0,17.0,600004,2078881bbdaeee8ec8b85d3eb7b772c54b89a323099c2dedbd62aa9830af12d5,23,6.184349751947416,10.9791843048369,0.3043478260869565,0.0,497.7395156068742,6,5.058312338879193,7.548360317046052,0.5,0.0,311.66246777583865,17,6.58177472126561,11.277134414317931,0.2352941176470588,0.0,563.4137677825338,1,0,12
B_N,4,2.0,17.0,600004,2078881bbdaeee8ec8b85d3eb7b772c54b89a323099c2dedbd62aa9830af12d5,23,6.184349751947416,10.9791843048369,0.3043478260869565,0.0,497.7395156068742,6,5.058312338879193,7.548360317046052,0.5,0.0,311.66246777583865,17,6.58177472126561,11.277134414317931,0.2352941176470588,0.0,563.4137677825338,1,0,12
B_E,4,2.0,17.0,600005,2bced08a17100f94676d01ad925844ee79f05fb0bf4cbe4ae2f11740c221299e,25,9.763911388832035,22.68300918140817,0.16,2.0843801421817627,1184.782277766407,8,9.415886802414771,21.645921907719547,0.25,2.745730261497556,1133.177360482955,17,9.9276876647931,19.98753882016196,0.1176470588235294,1.7731565566213892,1209.0669447233258,4,0,12
B_N,4,2.0,17.0,600005,2bced08a17100f94676d01ad925844ee79f05fb0bf4cbe4ae2f11740c221299e,25,9.763911388832035,22.68300918140817,0.16,2.0843801421817627,1184.782277766407,8,9.415886802414771,21.645921907719547,0.25,2.745730261497556,1133.177360482955,17,9.9276876647931,19.98753882016196,0.1176470588235294,1.7731565566213892,1209.0669447233258,4,0,12
B_E,4,2.0,17.0,600006,7991651496aa5d7dd8f5684387f4035c6c40eb83e6d23c9dd691d1590c9cbf44,21,6.148241436052963,11.43274042711568,0.3809523809523809,0.0,505.83876340106855,8,6.285011078485132,10.405397236246763,0.375,0.0,532.0022156970263,13,6.06407550224855,11.068762852493672,0.3846153846153846,0.0,489.7381773727868,1,0,12
B_N,4,2.0,17.0,600006,7991651496aa5d7dd8f5684387f4035c6c40eb83e6d23c9dd691d1590c9cbf44,21,6.148241436052963,11.43274042711568,0.3809523809523809,0.0,505.83876340106855,8,6.285011078485132,10.405397236246763,0.375,0.0,532.0022156970263,13,6.06407550224855,11.068762852493672,0.3846153846153846,0.0,489.7381773727868,1,0,12
B_E,4,2.0,17.0,600007,2183b785dd7d8446305c1af5f56f4da872a60e931706a9261e690f211c8ef9bb,9,4.703477555919431,7.077010608371079,0.3333333333333333,0.0,207.36217785055288,1,3.0,3.0,1.0,0.0,0.0,8,4.91641225040936,7.168309494902025,0.25,0.0,233.282450081872,1,0,12
B_N,4,2.0,17.0,600007,2183b785dd7d8446305c1af5f56f4da872a60e931706a9261e690f211c8ef9bb,9,4.703477555919431,7.077010608371079,0.3333333333333333,0.0,207.36217785055288,1,3.0,3.0,1.0,0.0,0.0,8,4.91641225040936,7.168309494902025,0.25,0.0,233.282450081872,1,0,12
B_E,4,2.0,17.0,600008,95e2035f584cfe8a5a5a87fc3cb85fa3641902ee168a24bd07db9d3d1c400b7e,13,5.079725643730358,9.01796157441028,0.4615384615384615,0.0,308.252821053764,3,4.257078722109418,6.394112549695428,0.6666666666666666,0.0,184.7490777552169,10,5.32651972021664,9.213144352005305,0.4,0.0,345.3039440433281,1,0,12
B_N,4,2.0,17.0,600008,95e2035f584cfe8a5a5a87fc3cb85fa3641902ee168a24bd07db9d3d1c400b7e,13,5.079725643730358,9.01796157441028,0.4615384615384615,0.0,308.252821053764,3,4.257078722109418,6.394112549695428,0.6666666666666666,0.0,184.7490777552169,10,5.32651972021664,9.213144352005305,0.4,0.0,345.3039440433281,1,0,12
B_E,4,2.0,17.0,600009,1dfebc4a5a95570246a6282134d9e0f1fc4eb0b84d99082ab775f7067f346879,19,4.675679047240141,7.8074017006186525,0.5263157894736842,0.0,240.39896734276508,6,5.058312338879193,7.548360317046052,0.5,0.0,311.66246777583865,13,4.499079066483656,7.8074017006186525,0.5384615384615384,0.0,207.50812098903887,1,0,12
B_N,4,2.0,17.0,600009,1dfebc4a5a95570246a6282134d9e0f1fc4eb0b84d99082ab775f7067f346879,19,4.169636762964494,7.275473362263919,0.631578947368421,0.0,160.24314206658295,6,4.257078722109418,6.771236166328253,0.6666666666666666,0.0,184.7490777552169,13,4.129278935666837,7.452782808382164,0.6153846153846154,0.0,148.93271021029037,1,0,12
B_E,4,4.0,16.0,600000,aadf17df2587e88093fac638e2d84cb9592f0a8d246c5047bd1253ca64731bb0,40,7.863126673179932,22.5655959989962,0.375,1.6308807930536204,847.6253346359866,7,9.450608050952605,22.762898816439964,0.4285714285714285,3.235716883177312,1175.8358959048066,33,7.526388199106941,18.90964438578369,0.3636363636363636,1.2904610163607162,778.0049125486611,3,0,12
B_N,4,4.0,16.0,600000,aadf17df2587e88093fac638e2d84cb9592f0a8d246c5047bd1253ca64731bb0,40,7.863126673179932,22.5655959989962,0.375,1.6308807930536204,847.6253346359866,7,9.450608050952605,22.762898816439964,0.4285714285714285,3.235716883177312,1175.8358959048066,33,7.526388199106941,18.90964438578369,0.3636363636363636,1.2904610163607162,778.0049125486611,3,0,12
B_E,4,4.0,16.0,600001,99f593313dad1d5c0fec570a1cfac9e5d882c6aa8e3e4199e36c63f240c09ef6,34,5.007173243457148,8.497474167490214,0.5,0.0,301.43464869142963,9,4.98303868897393,8.22144518074159,0.5555555555555556,0.0,307.7188489058972,25,5.015861683071106,8.497474167490214,0.48,0.0,299.1723366142212,1,0,12
B_N,4,4.0,16.0,600001,99f593313dad1d5c0fec570a1cfac9e5d882c6aa8e3e4199e36c63f240c09ef6,34,4.790798563058964,8.048927064023697,0.5294117647058824,0.0,264.0420655529694,9,4.98303868897393,8.22144518074159,0.5555555555555556,0.0,307.7188489058972,25,4.7215921177295765,7.8074017006186525,0.52,0.0,248.31842354591535,1,0,12
B_E,4,4.0,16.0,600002,13c489d7398ae0b9d386704e4ccbcf1515e545ab6491c03427a6ba02a08227e0,40,6.523743806402595,13.096519684119286,0.375,0.2048274368627972,579.748761280519,12,5.953081026400401,12.11636302456358,0.5,0.2041984385808367,490.6162052800801,28,6.768313569260679,13.861846132042546,0.3214285714285714,0.2050970075550659,617.94842813785,2,0,12
B_N,4,4.0,16.0,600002,13c489d7398ae0b9d386704e4ccbcf1515e545ab6491c03427a6ba02a08227e0,40,6.523743806402595,13.096519684119286,0.375,0.2048274368627972,579.748761280519,12,5.953081026400401,12.11636302456358,0.5,0.2041984385808367,490.6162052800801,28,6.768313569260679,13.861846132042546,0.3214285714285714,0.2050970075550659,617.94842813785,2,0,12
B_E,4,4.0,16.0,600003,3652346e24ff46fb7ba4e2651525493d5791a4ff92f8369b4ff83a4c5f5d3152,39,8.474052227298484,17.641441608557088,0.282051282051282,1.8405400178112008,951.2207018699536,9,9.567172327238868,23.3500934192724,0.3333333333333333,2.51889979734632,1180.1011321144406,30,8.14611619731637,16.545394806179907,0.2666666666666666,1.6370320839506651,882.5565727966073,4,0,12
B_N,4,4.0,16.0,600003,3652346e24ff46fb7ba4e2651525493d5791a4ff92f8369b4ff83a4c5f5d3152,39,8.474052227298484,17.641441608557088,0.282051282051282,1.8405400178112008,951.2207018699536,9,9.567172327238868,23.3500934192724,0.3333333333333333,2.51889979734632,1180.1011321144406,30,8.14611619731637,16.545394806179907,0.2666666666666666,1.6370320839506651,882.5565727966073,4,0,12
B_E,4,4.0,16.0,600004,33e573bb767852459c4c80f0c49af36c78bb848c9abc21663ea49433f3dcea4a,46,8.124320568059924,17.338972707663437,0.3043478260869565,1.6724484642262447,885.733678829376,11,7.320321468945949,14.224097649773558,0.3636363636363636,1.7453135786689182,736.7915665164627,35,8.37700599921003,18.946788600180124,0.2857142857142857,1.6495479996871187,932.5440569848628,3,1,12
B_N,4,4.0,16.0,600004,33e573bb767852459c4c80f0c49af36c78bb848c9abc21663ea49433f3dcea4a,46,7.521169525933439,13.345481740968824,0.2826086956521739,1.3145371406742767,760.7556443171226,11,7.48851328181921,11.814709531189576,0.1818181818181818,1.1336292218197328,734.0662927274784,35,7.531432916940767,16.056398703291958,0.3142857142857143,1.371393915171419,769.1437262452964,3,1,12
B_E,4,4.0,16.0,600005,f1ebc314e6777e9940c73da5283eb8869c92ec467ecd3caa1fb1ae5a9958b4d5,37,6.901034404886229,13.986747432259358,0.3243243243243243,0.4021996465673657,645.0717458421107,14,5.451039390556259,7.8074017006186525,0.4285714285714285,0.0,375.9221638255375,23,7.783640065782732,14.808327324031438,0.2608695652173913,0.6470168227388058,808.9019262000247,2,0,12
B_N,4,4.0,16.0,600005,f1ebc314e6777e9940c73da5283eb8869c92ec467ecd3caa1fb1ae5a9958b4d5,37,6.901034404886229,13.986747432259358,0.3243243243243243,0.4021996465673657,645.0717458421107,14,5.451039390556259,7.8074017006186525,0.4285714285714285,0.0,375.9221638255375,23,7.783640065782732,14.808327324031438,0.2608695652173913,0.6470168227388058,808.9019262000247,2,0,12
B_E,4,4.0,16.0,600006,d85c793b0122b531b7300fe16a0970d45e760bdfa9313500831fe4aac45f6246,38,6.22862094681114,13.15436414115188,0.3421052631578947,0.1130600946125923,514.1452419938068,17,6.910656663300969,13.15436414115188,0.2941176470588235,0.0,640.9548620719586,21,5.676496795366992,9.666666666666668,0.3809523809523809,0.2045849331085004,411.4898352638746,1,0,12
B_N,4,4.0,16.0,600006,d85c793b0122b531b7300fe16a0970d45e760bdfa9313500831fe4aac45f6246,38,6.216374268587213,13.15436414115188,0.3421052631578947,0.1130600946125923,511.6959063490214,17,6.910656663300969,13.15436414115188,0.2941176470588235,0.0,640.9548620719586,21,5.65433613953322,9.666666666666668,0.3809523809523809,0.2045849331085004,407.0577040971201,1,0,12
B_E,4,4.0,16.0,600007,eab24e6beb61cd20c24bb905abfc3206404918d0ec7dd48a8ec342a327a72031,33,4.663577774027638,8.683623676493903,0.4848484848484848,0.0,229.6852517752244,9,3.838052481406279,6.771236166328253,0.7777777777777778,0.0,123.16605183681128,24,4.973149758760647,8.893041874123055,0.375,0.0,269.6299517521293,1,0,12
B_N,4,4.0,16.0,600007,eab24e6beb61cd20c24bb905abfc3206404918d0ec7dd48a8ec342a327a72031,33,4.663577774027638,8.683623676493903,0.4848484848484848,0.0,229.6852517752244,9,3.838052481406279,6.771236166328253,0.7777777777777778,0.0,123.16605183681128,24,4.973149758760647,8.893041874123055,0.375,0.0,269.6299517521293,1,0,12
B_E,4,4.0,16.0,600008,d4c6fec65c404a1d946338fca8f31fdd2910f11a1f501bc58b17838cfd1eaf11,29,5.771249273861215,10.779121330185555,0.4827586206896552,0.70311309584288,450.80157891017393,5,4.686548085423135,9.746192341692542,0.8,0.0,297.3096170846271,24,5.997228688119148,9.79869268479038,0.4166666666666667,0.8495949908101466,482.77907095716296,1,0,12
B_N,4,4.0,16.0,600008,d4c6fec65c404a1d946338fca8f31fdd2910f11a1f501bc58b17838cfd1eaf11,29,5.771249273861215,10.779121330185555,0.4827586206896552,0.70311309584288,450.80157891017393,5,4.686548085423135,9.746192341692542,0.8,0.0,297.3096170846271,24,5.997228688119148,9.79869268479038,0.4166666666666667,0.8495949908101466,482.77907095716296,1,0,12
B_E,4,4.0,16.0,600009,0f07576495d57c02fd89f2ad7edaaed5d3e7003b48e8f98870d23a358993105b,39,5.650597149410092,13.051403730837082,0.4358974358974359,0.2177879765423802,417.2989170615056,12,5.578305353479881,10.149089489031685,0.5,0.433645886743155,415.6610706959763,27,5.682726836490185,11.938808614426604,0.4074074074074074,0.1218511275642581,418.02684877951873,2,0,12
B_N,4,4.0,16.0,600009,0f07576495d57c02fd89f2ad7edaaed5d3e7003b48e8f98870d23a358993105b,39,5.84912709710866,13.051403730837082,0.4102564102564102,0.2177879765423802,451.876701473014,12,6.281033722406188,12.143025788605051,0.4166666666666667,0.433645886743155,539.540077814571,27,5.657168596976425,11.731786874365136,0.4074074074074074,0.1218511275642581,412.9152008767665,2,0,12
B_E,4,5.0,15.483333333333333,600000,7cdd34bb5d3eaac9fefe5c60b142e53a731ddc2729c24ea6ce8171112f1d2871,55,9.822121272526438,25.173289281336743,0.21818181818181817,2.630034720635608,1208.0606181416513,11,9.410853191042735,24.07915800882224,0.36363636363636365,3.835845300765703,1154.8979109358195,44,9.924938292897362,24.66880633629978,0.18181818181818182,2.328582075603084,1221.351294943109,5,0,12
B_N,4,5.0,15.483333333333333,600000,7cdd34bb5d3eaac9fefe5c60b142e53a731ddc2729c24ea6ce8171112f1d2871,55,9.774804235533704,25.173289281336743,0.21818181818181817,2.630034720635608,1198.5972107431046,11,9.410853191042735,24.07915800882224,0.36363636363636365,3.835845300765703,1154.8979109358195,44,9.865791996656446,24.66880633629978,0.18181818181818182,2.328582075603084,1209.5220356949258,5,0,12
B_E,4,5.0,15.483333333333333,600001,151a0184dc1a4235dfaf64a9a244c9937f0c3d97addb3a7f0d76427ed5112563,45,5.268715323801442,8.869773185497593,0.4888888888888889,0.17347537782609126,351.52084253806623,12,5.452081364105645,11.630810711689197,0.5833333333333334,0.6505326668478423,407.08293948779556,33,5.202036763690823,8.683623676493903,0.45454545454545453,0.0,331.31644364725554,1,0,12
B_N,4,5.0,15.483333333333333,600001,151a0184dc1a4235dfaf64a9a244c9937f0c3d97addb3a7f0d76427ed5112563,45,5.268715323801442,8.869773185497593,0.4888888888888889,0.17347537782609126,351.52084253806623,12,5.452081364105645,11.630810711689197,0.5833333333333334,0.6505326668478423,407.08293948779556,33,5.202036763690823,8.683623676493903,0.45454545454545453,0.0,331.31644364725554,1,0,12
B_E,4,5.0,15.483333333333333,600002,a4ccfb967b72cced81b96d7c84d4d84e33ded910ecd7c67a7ea8da61bdb22bef,42,6.768708808189178,13.003708957160642,0.2619047619047619,0.34471926716304596,606.1227140187877,8,6.432768950250335,8.255948804085167,0.25,0.0,536.5537900500669,34,6.847753480645375,14.017594154974255,0.2647058823529412,0.42582968296611556,622.4918725996633,1,0,12
B_N,4,5.0,15.483333333333333,600002,a4ccfb967b72cced81b96d7c84d4d84e33ded910ecd7c67a7ea8da61bdb22bef,42,6.768708808189178,13.003708957160642,0.2619047619047619,0.34471926716304596,606.1227140187877,8,6.432768950250335,8.255948804085167,0.25,0.0,536.5537900500669,34,6.847753480645375,14.017594154974255,0.2647058823529412,0.42582968296611556,622.4918725996633,1,0,12
B_E,4,5.0,15.483333333333333,600003,eba81fcc447dca691454a9ecc53580243581bf7fe9a4be131cc0dd8a48996e08,48,8.497271951883576,20.783027002975707,0.2916666666666667,1.2907530473028903,957.7877237100483,9,10.041165995633074,25.63088834946417,0.4444444444444444,3.4119197064436673,1297.1220880155042,39,8.140988711018304,17.249675860750422,0.2564102564102564,0.8012530490396341,879.4797934857127,3,0,12
B_N,4,5.0,15.483333333333333,600003,eba81fcc447dca691454a9ecc53580243581bf7fe9a4be131cc0dd8a48996e08,48,8.548447156986603,20.783027002975707,0.2916666666666667,1.2907530473028903,968.0227647306538,9,10.041165995633074,25.63088834946417,0.4444444444444444,3.4119197064436673,1297.1220880155042,39,8.203973578837417,17.249675860750422,0.2564102564102564,0.8012530490396341,892.0767670495346,3,0,12
B_E,4,5.0,15.483333333333333,600004,fbe5772461b6171b9f853dabde85616b5d6e64539eb292817f7a2f0b0aff4878,59,13.689086198110797,42.02632208056996,0.1864406779661017,6.377700595515292,1975.1053752153798,18,15.138915200661549,42.038471183843946,0.16666666666666666,8.093285461472583,2261.116373465643,41,13.05257590430803,28.14994425862792,0.1951219512195122,5.624516995826725,1849.5395711055082,6,6,12
B_N,4,5.0,15.483333333333333,600004,fbe5772461b6171b9f853dabde85616b5d6e64539eb292817f7a2f0b0aff4878,59,13.689086198110797,42.02632208056996,0.1864406779661017,6.377700595515292,1975.1053752153798,18,15.138915200661549,42.038471183843946,0.16666666666666666,8.093285461472583,2261.116373465643,41,13.05257590430803,28.14994425862792,0.1951219512195122,5.624516995826725,1849.5395711055082,6,6,12
B_E,4,5.0,15.483333333333333,600005,7f68c573342791079e512c9053cd30683046e5d34935ffa74d7e2d5c189c870d,40,6.019284009878239,9.996358566567073,0.375,0.31921466953644995,478.85680197564795,13,5.190075710221429,7.8074017006186525,0.46153846153846156,0.0,330.32283435197803,27,6.418532450453741,12.56601502966425,0.3333333333333333,0.4729106215354814,550.3731567574149,2,0,12
B_N,4,5.0,15.483333333333333,600005,7f68c573342791079e512c9053cd30683046e5d34935ffa74d7e2d5c189c870d,40,6.019284009878239,9.996358566567073,0.375,0.31921466953644995,478.85680197564795,13,5.190075710221429,7.8074017006186525,0.46153846153846156,0.0,330.32283435197803,27,6.418532450453741,12.56601502966425,0.3333333333333333,0.4729106215354814,550.3731567574149,2,0,12
B_E,4,5.0,15.483333333333333,600006,262f1b552d70126dc40befc35d77419055681ed9e3885732a3516d9047466c77,45,5.897539285378283,9.79869268479038,0.4,0.0,459.50785707565655,16,4.844196860448061,7.8074017006186525,0.5625,0.0,281.33937208961214,29,6.478693726719096,10.51947707391615,0.3103448275862069,0.0,557.8077108610603,1,0,12
B_N,4,5.0,15.483333333333333,600006,262f1b552d70126dc40befc35d77419055681ed9e3885732a3516d9047466c77,45,5.897539285378283,9.79869268479038,0.4,0.0,459.50785707565655,16,4.844196860448061,7.8074017006186525,0.5625,0.0,281.33937208961214,29,6.478693726719096,10.51947707391615,0.3103448275862069,0.0,557.8077108610603,1,0,12
B_E,4,5.0,15.483333333333333,600007,93afbf5e0c52da1ec5f95401587acce6e1146e0babaea3ac86ae6f52ae35e295,36,4.807702352679703,8.96284793999944,0.4722222222222222,0.0,255.98491498038504,7,4.0774960475223585,6.771236166328253,0.7142857142857143,0.0,158.35635236161448,29,4.983959047028028,8.96284793999944,0.41379310344827586,0.0,279.5504300952606,1,0,12
B_N,4,5.0,15.483333333333333,600007,93afbf5e0c52da1ec5f95401587acce6e1146e0babaea3ac86ae6f52ae35e295,36,4.807702352679703,8.96284793999944,0.4722222222222222,0.0,255.98491498038504,7,4.0774960475223585,6.771236166328253,0.7142857142857143,0.0,158.35635236161448,29,4.983959047028028,8.96284793999944,0.41379310344827586,0.0,279.5504300952606,1,0,12
B_E,4,5.0,15.483333333333333,600008,125ef6358acdb6534b0d3fd14b1fd922a0abd3a846444d1d2999423dcc1f8237,37,6.759954428213598,20.901106095980726,0.4594594594594595,1.4648268254069892,643.8827775346115,11,7.976074969167013,24.193475313780993,0.5454545454545454,3.0734829782377346,904.3059029243116,26,6.245441891656385,12.205442557676426,0.4230769230769231,0.7842415299785969,533.7037629466614,3,0,12
B_N,4,5.0,15.483333333333333,600008,125ef6358acdb6534b0d3fd14b1fd922a0abd3a846444d1d2999423dcc1f8237,37,6.759954428213598,20.901106095980726,0.4594594594594595,1.4648268254069892,643.8827775346115,11,7.976074969167013,24.193475313780993,0.5454545454545454,3.0734829782377346,904.3059029243116,26,6.245441891656385,12.205442557676426,0.4230769230769231,0.7842415299785969,533.7037629466614,3,0,12
B_E,4,5.0,15.483333333333333,600009,48dc6c5b2582a4fbb9a1d760c6f85a3fdbfcc83c05fc9c1822a7cbbe48b783a2,43,5.6290397764232,9.668570833060361,0.37209302325581395,0.05397563586573301,400.2265599358028,10,6.717506454992872,11.792659596913857,0.3,0.23209523422265194,603.5012909985743,33,5.299201388977845,8.083430687367276,0.3939393939393939,0.0,338.6281565834477,1,0,12
B_N,4,5.0,15.483333333333333,600009,48dc6c5b2582a4fbb9a1d760c6f85a3fdbfcc83c05fc9c1822a7cbbe48b783a2,43,5.6290397764232,9.668570833060361,0.37209302325581395,0.05397563586573301,400.2265599358028,10,6.717506454992872,11.792659596913857,0.3,0.23209523422265194,603.5012909985743,33,5.299201388977845,8.083430687367276,0.3939393939393939,0.0,338.6281565834477,1,0,12
B_E,4,6.0,14.983333333333333,600000,32700e67dfc2a82d6ea6740cdf67af43366932fd06b595a760b054ba0b6eadd4,64,10.030371230874337,24.503201602199827,0.1875,2.3765519085742426,1243.574246174867,14,10.282643656592544,24.40770691251437,0.2857142857142857,3.331360334871923,1313.671588461366,50,9.959734951673237,24.38110022300479,0.16,2.109205549210892,1223.9469903346474,5,1,12
B_N,4,6.0,14.983333333333333,600000,32700e67dfc2a82d6ea6740cdf67af43366932fd06b595a760b054ba0b6eadd4,64,10.030371230874337,24.503201602199827,0.1875,2.3765519085742426,1243.574246174867,14,10.282643656592544,24.40770691251437,0.2857142857142857,3.331360334871923,1313.671588461366,50,9.959734951673237,24.38110022300479,0.16,2.109205549210892,1223.9469903346474,5,1,12
B_E,4,6.0,14.983333333333333,600001,2f109f516643b4bbb0bfc68f957c5966b87de2964bf9b9a18251ae86d54c12f0,52,5.378189491206237,8.497474167490214,0.40384615384615385,0.0,356.4071290104784,14,5.623632995415796,8.497474167490214,0.42857142857142855,0.0,410.44088479744494,38,5.287762937023769,8.567280233366597,0.39473684210526316,0.0,336.4999558258063,1,0,12
B_N,4,6.0,14.983333333333333,600001,2f109f516643b4bbb0bfc68f957c5966b87de2964bf9b9a18251ae86d54c12f0,52,5.378189491206237,8.497474167490214,0.40384615384615385,0.0,356.4071290104784,14,5.623632995415796,8.497474167490214,0.42857142857142855,0.0,410.44088479744494,38,5.287762937023769,8.567280233366597,0.39473684210526316,0.0,336.4999558258063,1,0,12
B_E,4,6.0,14.983333333333333,600002,f46667c603d04114e1a725198bfcef855574c2531a19a05bbacad265550406e2,48,6.670163782221306,13.068714697989654,0.2916666666666667,0.2780742702467857,592.3660897775948,11,6.791320189611037,12.869922325604474,0.36363636363636365,0.5281481869639141,630.9913106494803,37,6.63414430975409,12.625205579564945,0.2702702702702703,0.203727970682234,580.8829160048721,2,0,12
B_N,4,6.0,14.983333333333333,600002,f46667c603d04114e1a725198bfcef855574c2531a19a05bbacad265550406e2,48,6.670163782221306,13.068714697989654,0.2916666666666667,0.2780742702467857,592.3660897775948,11,6.791320189611037,12.869922325604474,0.36363636363636365,0.5281481869639141,630.9913106494803,37,6.63414430975409,12.625205579564945,0.2702702702702703,0.203727970682234,580.8829160048721,2,0,12
B_E,4,6.0,14.983333333333333,600003,f9cfb47d4b3e102d7ac20fe28c891b465e72d7e06af3acce91c47887cc79d444,54,7.9082546979725565,18.198313738913576,0.25925925925925924,1.0103856529873425,833.5027914463631,11,8.935593423120167,21.563624601492208,0.36363636363636365,2.3432646532574752,1059.8459573513064,43,7.645447117120842,16.004176402571428,0.23255813953488372,0.6694166064066108,775.6010513311447,3,0,12
B_N,4,6.0,14.983333333333333,600003,f9cfb47d4b3e102d7ac20fe28c891b465e72d7e06af3acce91c47887cc79d444,54,8.043733599364186,18.198313738913576,0.25925925925925924,1.0103856529873425,860.598571724689,11,8.935593423120167,21.563624601492208,0.36363636363636365,2.3432646532574752,1059.8459573513064,43,7.815583411891725,16.004176402571428,0.23255813953488372,0.6694166064066108,809.6283102853216,3,0,12
B_E,4,6.0,14.983333333333333,600004,6101a86c109f81222e120f01262e49c990b5ee7eb1352ef339fc02af36079f25,66,19.63478326812535,58.88374589294387,0.21212121212121213,12.93732225270254,3169.3808960493116,20,24.097189412551053,65.30284894274517,0.25,17.834612909084534,4069.4378825102103,46,17.694606683592433,41.880871924731856,0.1956521739130435,10.808065445579933,2778.051771501096,7,5,12
B_N,4,6.0,14.983333333333333,600004,6101a86c109f81222e120f01262e49c990b5ee7eb1352ef339fc02af36079f25,66,19.719378532017256,58.88374589294387,0.19696969696969696,12.93732225270254,3183.2696457973902,20,24.37206312092556,65.30284894274517,0.2,17.834612909084534,4114.412624185113,46,17.696472189013637,41.880871924731856,0.1956521739130435,10.808065445579933,2778.4248725853367,7,5,12
B_E,4,6.0,14.983333333333333,600005,5ead83a2dcdffa3f5f12536b407098a578555090a93bc8b91c67ee482dce3ebc,49,6.215882713627141,9.983514931743107,0.3469387755102041,0.0784983594080122,512.5642978274691,15,5.082225851222062,8.01442344068012,0.5333333333333333,0.0,323.1118369110791,34,6.716025447041146,10.91920599151642,0.2647058823529412,0.11312998855860582,596.1462658788176,1,0,12
B_N,4,6.0,14.983333333333333,600005,5ead83a2dcdffa3f5f12536b407098a578555090a93bc8b91c67ee482dce3ebc,49,6.122284080697666,9.983514931743107,0.3469387755102041,0.0784983594080122,493.84457124157416,15,5.264563893357919,8.01442344068012,0.4666666666666667,0.0,346.24611200491717,34,6.500690045700497,10.326497710004036,0.29411764705882354,0.11312998855860582,558.9615385518641,1,0,12
B_E,4,6.0,14.983333333333333,600006,b19cb28287d565239fd678043079eecf0b17e52e4aae6fe9b1cc707ce196faea,57,6.498423893818403,10.0389541478323,0.3157894736842105,0.2594102163480752,562.8426735005226,19,5.601412054553428,7.876408947305807,0.42105263157894735,0.0,404.4929372264752,38,6.94692981345089,11.227129571951034,0.2631578947368421,0.3891153245221128,642.0175416375464,1,1,12
B_N,4,6.0,14.983333333333333,600006,b19cb28287d565239fd678043079eecf0b17e52e4aae6fe9b1cc707ce196faea,57,6.465579412397469,11.086548085423134,0.3333333333333333,0.2594102163480752,559.7825491461606,19,5.792219355948009,8.791000793452755,0.42105263157894735,0.0,442.6543975053912,38,6.8022594406221994,11.227129571951034,0.2894736842105263,0.3891153245221128,618.3466249665453,1,1,12
B_E,4,6.0,14.983333333333333,600007,7f8c0b236194d80f3a2af11bb1b1ca4b14ed7230aefd433b859909da225ef95e,44,5.030753938312319,7.8074017006186525,0.4090909090909091,0.0,287.9689694806457,10,4.7157275733893815,7.8074017006186525,0.6,0.0,263.14551467787624,34,5.1234087515249485,8.211807884401926,0.35294117647058826,0.0,295.2699855991073,1,0,12
B_N,4,6.0,14.983333333333333,600007,7f8c0b236194d80f3a2af11bb1b1ca4b14ed7230aefd433b859909da225ef95e,44,5.066807509731692,8.96284793999944,0.4318181818181818,0.0,299.72513830997485,10,5.181877999468123,9.801338000192013,0.6,0.0,356.3755998936247,34,5.032963248044506,8.96284793999944,0.38235294117647056,0.0,283.0632378441955,1,0,12
B_E,4,6.0,14.983333333333333,600008,9d59783fb42027d4a3924b7683029596cdaf0fe4b500e3f693bd0b5898442057,43,7.120899007093653,16.006238572719624,0.4186046511627907,1.0772610462142418,707.9007316512889,12,5.103660257799221,9.818343984321672,0.5833333333333334,0.0,337.3987182265109,31,7.901765619723756,22.806193466116596,0.3548387096774194,1.4942653221681417,851.3208658802353,3,0,12
B_N,4,6.0,14.983333333333333,600008,9d59783fb42027d4a3924b7683029596cdaf0fe4b500e3f693bd0b5898442057,43,7.120899007093653,16.006238572719624,0.4186046511627907,1.0772610462142418,707.9007316512889,12,5.103660257799221,9.818343984321672,0.5833333333333334,0.0,337.3987182265109,31,7.901765619723756,22.806193466116596,0.3548387096774194,1.4942653221681417,851.3208658802353,3,0,12
B_E,4,6.0,14.983333333333333,600009,4f77de4354d782a90c3fe99cc21ed2602c18b7daceb8d93b4ba89aa8066506a8,49,5.063348699748747,8.497474167490214,0.46938775510204084,0.0,306.5472909701575,12,4.429772977824484,7.8074017006186525,0.6666666666666666,0.0,219.2879288982302,37,5.268832717670129,8.497474167490214,0.40540540540540543,0.0,334.84762461510695,1,0,12
B_N,4,6.0,14.983333333333333,600009,4f77de4354d782a90c3fe99cc21ed2602c18b7daceb8d93b4ba89aa8066506a8,49,5.063348699748747,8.497474167490214,0.46938775510204084,0.0,306.5472909701575,12,4.429772977824484,7.8074017006186525,0.6666666666666666,0.0,219.2879288982302,37,5.268832717670129,8.497474167490214,0.40540540540540543,0.0,334.84762461510695,1,0,12
B_E,4,8.0,13.883333333333333,600000,213ecdf8ccb4b7765f4f221a259e6e53194af009cd5d91771c14eddafd206eb6,72,8.959080560046232,20.54991025647056,0.2222222222222222,1.695216948612243,1036.2605564536907,18,8.289005047723046,19.650402599075505,0.3333333333333333,1.8350958049522887,924.467676211276,54,9.182439064153955,20.478837400979184,0.1851851851851851,1.6485906631655611,1073.5248498678286,4,1,12
B_N,4,8.0,13.883333333333333,600000,213ecdf8ccb4b7765f4f221a259e6e53194af009cd5d91771c14eddafd206eb6,72,8.970045764663206,20.699770956966603,0.2916666666666667,2.255884687702544,1052.3424862659745,18,8.458034026885006,21.478180427753884,0.3888888888888889,2.6821234837500216,969.384583154779,54,9.140716343922604,19.828277957084367,0.2592592592592592,2.1138050890200515,1079.995120636373,4,1,12
B_E,4,8.0,13.883333333333333,600001,f6e6a87c391a5a4b334fe77e783fe343dc329806157a7cb51b97d1371e4d0a36,69,10.228234142797447,44.13166536930357,0.4202898550724637,4.494762564254284,1329.7047995739824,17,7.774361734531216,21.43233906569389,0.5294117647058824,2.4007390065787204,860.7546998474196,52,11.030461660884487,44.023303785917776,0.3846153846153846,5.179347188878987,1483.015409099974,5,4,12
B_N,4,8.0,13.883333333333333,600001,f6e6a87c391a5a4b334fe77e783fe343dc329806157a7cb51b97d1371e4d0a36,69,10.228234142797447,44.13166536930357,0.4202898550724637,4.494762564254284,1329.7047995739824,17,7.774361734531216,21.43233906569389,0.5294117647058824,2.4007390065787204,860.7546998474196,52,11.030461660884487,44.023303785917776,0.3846153846153846,5.179347188878987,1483.015409099974,5,4,12
B_E,4,8.0,13.883333333333333,600002,6e23614d249901ce88ac1efd5abd8ef30135824b4048c71d2621b8bfa1c3c652,61,9.111817907463228,28.048213687688985,0.3442622950819672,2.40849507244561,1091.216040509039,13,6.896196712833533,17.097303709930905,0.4615384615384615,1.3475437517823037,671.5470348743991,48,9.71188198100877,30.545123592377195,0.3125,2.695836055125256,1204.876396201754,4,2,12
B_N,4,8.0,13.883333333333333,600002,6e23614d249901ce88ac1efd5abd8ef30135824b4048c71d2621b8bfa1c3c652,61,9.031054673958357,28.048213687688985,0.3442622950819672,2.40849507244561,1075.0633938080643,13,6.896196712833533,17.097303709930905,0.4615384615384615,1.3475437517823037,671.5470348743991,48,9.609245371762992,30.545123592377195,0.3125,2.695836055125256,1184.349074352599,4,2,12
B_E,4,8.0,13.883333333333333,600003,4e4a70685884d447a881943d459adb23381724f9a6b5318139a0360e5a9c7454,64,6.9823853660532205,12.972850306478964,0.328125,0.6624446239733288,662.102073210644,13,7.808725093833372,17.497406961100413,0.3846153846153846,1.5984293263793985,838.6680956897513,51,6.771749749168083,12.54931802557552,0.3137254901960784,0.4238602880658992,617.0950478728323,3,0,12
B_N,4,8.0,13.883333333333333,600003,4e4a70685884d447a881943d459adb23381724f9a6b5318139a0360e5a9c7454,64,7.056606526178523,12.924189971769554,0.3125,0.7139824990321131,673.8213052357046,13,7.808725093833372,17.497406961100413,0.3846153846153846,1.5984293263793985,838.6680956897513,51,6.86489002854101,12.520694299275869,0.2941176470588235,0.4885352685318246,631.8015351199671,3,0,12
B_E,4,8.0,13.883333333333333,600004,ee7314db4bd3f79cac292a1c1914252288adaf2fd8748b98e8a7ad7b412f35e1,85,36.3195248765135,160.12973531099124,0.2705882352941176,29.561389602388957,6518.022622361522,25,41.18144826699911,158.7255779661746,0.24,34.84346484201349,7484.289653399821,60,34.29372346381115,159.05717361019742,0.2833333333333333,27.360524919212065,6115.411359428896,14,14,12
B_N,4,8.0,13.883333333333333,600004,ee7314db4bd3f79cac292a1c1914252288adaf2fd8748b98e8a7ad7b412f35e1,85,36.33936413298945,160.12973531099124,0.2588235294117647,29.561389602388957,6519.637532480242,25,41.09855502425587,158.7255779661746,0.24,34.84346484201349,7467.711004851174,60,34.35636792829509,159.05717361019742,0.2666666666666666,27.360524919212065,6124.606918992353,14,14,12
B_E,4,8.0,13.883333333333333,600005,ab8a0625dc9006b48ddf5a14bac02e9f86dc4a38ad9f026161da460788f1dcdb,67,9.841495421606588,21.112718660294075,0.3283582089552239,3.471653292890714,1233.9707261123624,18,9.407586033334516,20.457121183551862,0.3888888888888889,3.353475638632517,1159.2949844446807,49,10.000890707094287,20.04899694691871,0.3061224489795918,3.515065492414133,1261.402631214776,4,4,12
B_N,4,8.0,13.883333333333333,600005,ab8a0625dc9006b48ddf5a14bac02e9f86dc4a38ad9f026161da460788f1dcdb,67,11.03722180964517,25.721438312788703,0.2985074626865671,4.55695798796258,1467.1458544663474,18,11.10988351221787,24.33221412144409,0.3333333333333333,4.78869524525928,1488.6433691102409,49,11.01052975563887,25.51893052530748,0.2857142857142857,4.471830015894405,1459.2488082706311,4,4,12
B_E,4,8.0,13.883333333333333,600006,1788dc03272c05eac689ebfff4102d0f222a0a8ab6168f876c9562054e8afd4e,70,10.699558849190373,36.58593139248172,0.3142857142857143,4.43693675281746,1402.7689126952173,22,7.87758350420114,19.04692914207548,0.3181818181818182,1.4589329192002134,839.1530644765916,48,11.992964215643772,43.43264923225291,0.3125,5.801855176558699,1661.092843128754,5,4,12
B_N,4,8.0,13.883333333333333,600006,1788dc03272c05eac689ebfff4102d0f222a0a8ab6168f876c9562054e8afd4e,70,10.699558849190373,36.58593139248172,0.3142857142857143,4.43693675281746,1402.7689126952173,22,7.87758350420114,19.04692914207548,0.3181818181818182,1.4589329192002134,839.1530644765916,48,11.992964215643772,43.43264923225291,0.3125,5.801855176558699,1661.092843128754,5,4,12
B_E,4,8.0,13.883333333333333,600007,c359b1e4610b59992462fee9c2b17fa54b4597e5c52d87773e4bba68593b1711,64,5.578282200494318,11.06225655404823,0.375,0.0075595762965576,390.6564400988634,12,4.916736914066905,7.8074017006186525,0.5833333333333334,0.0,300.01404948004773,52,5.730946497362181,11.455723032254484,0.3269230769230769,0.0093040939034556,411.5739148570517,1,0,12
B_N,4,8.0,13.883333333333333,600007,c359b1e4610b59992462fee9c2b17fa54b4597e5c52d87773e4bba68593b1711,64,5.315705229294213,8.893041874123053,0.40625,0.0075595762965576,344.3910458588426,12,4.916736914066905,7.8074017006186525,0.5833333333333334,0.0,300.01404948004773,52,5.4077748405005135,9.33897807515536,0.3653846153846153,0.0093040939034556,354.631891177026,1,0,12
B_E,4,8.0,13.883333333333333,600008,817f77f884004cb74b095a8851f60ba6cdaaec732111f4f5b8e72f57bcb86602,57,5.6725593496112205,9.874998096401503,0.3859649122807017,0.090738875759263,411.7048523783845,17,5.118438621502064,7.8074017006186525,0.4705882352941176,0.0,317.80537135923623,40,5.908060659057613,10.209938882026725,0.35,0.1293028979569498,451.6121318115226,1,0,12
B_N,4,8.0,13.883333333333333,600008,817f77f884004cb74b095a8851f60ba6cdaaec732111f4f5b8e72f57bcb86602,57,5.6725593496112205,9.874998096401503,0.3859649122807017,0.090738875759263,411.7048523783845,17,5.118438621502064,7.8074017006186525,0.4705882352941176,0.0,317.80537135923623,40,5.908060659057613,10.209938882026725,0.35,0.1293028979569498,451.6121318115226,1,0,12
B_E,4,8.0,13.883333333333333,600009,331c79eaa1d3c5acff2a330b003ce7c681e7ad2ed700c0d8fe49d679f371cd7a,63,8.049766282748031,26.460048406039267,0.365079365079365,2.148363160121436,882.9691295654792,16,8.125347600283257,19.650372289035538,0.4375,1.9468064833527023,912.5695200566516,47,8.024036472523273,25.50854428994049,0.3404255319148936,2.21697819902143,872.8924008876331,3,3,12
B_N,4,8.0,13.883333333333333,600009,331c79eaa1d3c5acff2a330b003ce7c681e7ad2ed700c0d8fe49d679f371cd7a,63,8.805473889319707,31.52223578760256,0.3492063492063492,2.866116937604457,1030.936047705211,16,9.54576629029146,34.753516674979,0.4375,3.4967458651472043,1196.653258058292,47,8.553459454946342,30.44822583145259,0.3191489361702128,2.651434749504799,974.521678223311,4,2,12
B_E,4,10.0,10.266666666666666,600000,ec5b25c852f9bd5a19fd7ad90aeb9287ea5bc3d0110e7495a4893c40fdf1b33f,89,6.768668975524006,14.609320024500255,0.3146067415730337,0.3338418710056962,616.6551434194081,20,5.635303734779667,8.644237480471489,0.45,0.0,417.06074695593327,69,7.097180639507874,14.973563116328698,0.2753623188405797,0.4306076307174922,674.5085916696906,2,1,12
B_N,4,10.0,10.266666666666666,600000,ec5b25c852f9bd5a19fd7ad90aeb9287ea5bc3d0110e7495a4893c40fdf1b33f,89,6.768668975524006,14.609320024500255,0.3146067415730337,0.3338418710056962,616.6551434194081,20,5.635303734779667,8.644237480471489,0.45,0.0,417.06074695593327,69,7.097180639507874,14.973563116328698,0.2753623188405797,0.4306076307174922,674.5085916696906,2,1,12
B_E,4,10.0,10.266666666666666,600001,08083473337e06b80c2a1d08f2c54aab74f397dd2977abb27ff0ae0888e7a6e4,81,4.905711305612781,7.8074017006186525,0.48148148148148145,0.0,277.43855741885244,23,5.0588912159971455,7.8074017006186525,0.5217391304347826,0.0,316.1260692863856,58,4.844967548046567,7.910912570649386,0.46551724137931033,0.0,262.0969578851756,1,0,12
B_N,4,10.0,10.266666666666666,600001,08083473337e06b80c2a1d08f2c54aab74f397dd2977abb27ff0ae0888e7a6e4,81,4.965061943892024,7.8074017006186525,0.4691358024691358,0.0,286.83954927223186,23,5.342962507378911,8.428466920803057,0.4782608695652174,0.0,364.2446753888257,58,4.815204823888601,7.8074017006186525,0.46551724137931033,0.0,256.1444130535826,1,0,12
B_E,4,10.0,10.266666666666666,600002,f24cfef7216330ab7601434ef6e7e1d86f85652fdfa98ff920439e7f937558cd,76,5.503283554801981,9.138802621666247,0.39473684210526316,0.0,379.60407938144886,18,5.115877090784215,7.8074017006186525,0.5,0.0,323.1754181568431,58,5.623513147083355,9.666666666666668,0.3620689655172414,0.0,397.1164225201196,1,0,12
B_N,4,10.0,10.266666666666666,600002,f24cfef7216330ab7601434ef6e7e1d86f85652fdfa98ff920439e7f937558cd,76,5.555915133749349,9.138802621666247,0.39473684210526316,0.0,390.13039517092255,18,5.058312338879193,7.8074017006186525,0.5,0.0,311.66246777583865,58,5.710343587329742,9.743699628093568,0.3620689655172414,0.0,414.4825105693968,1,0,12
B_E,4,10.0,10.266666666666666,600003,e5bc0abec65d6572628051ecabd2d94523d9ff5c91fd3be7e906563c17c6c491,83,7.573575633002398,16.116658297627005,0.25301204819277107,1.0996175830298753,765.3175362390338,16,8.217976736016569,19.44802862452442,0.3125,2.0300286361512008,906.0953472033136,67,7.41968880243185,15.020667985861985,0.23880597014925373,0.8774298688516484,731.6989545162207,4,0,12
B_N,4,10.0,10.266666666666666,600003,e5bc0abec65d6572628051ecabd2d94523d9ff5c91fd3be7e906563c17c6c491,83,7.666369035588647,16.116658297627005,0.25301204819277107,1.0996175830298753,783.8762167562837,16,8.088456044230268,19.44802862452442,0.3125,2.0300286361512008,880.1912088460537,67,7.565572138002588,15.020667985861985,0.23880597014925373,0.8774298688516484,760.8756216303684,4,0,12
B_E,4,10.0,10.266666666666666,600004,43546ca56336d9544b6c574d09b948065b26b442535fed31b7c67f57bbce634e,93,25.63079788936956,174.943631850626,0.3763440860215054,19.24448141550856,4399.730363046818,30,34.860113050184495,217.66680576841003,0.43333333333333335,28.461717949258553,6258.689276703566,63,21.23588590802912,86.31432152631592,0.3492063492063492,14.855321161341895,3514.5118327340806,10,9,12
B_N,4,10.0,10.266666666666666,600004,43546ca56336d9544b6c574d09b948065b26b442535fed31b7c67f57bbce634e,93,25.63079788936956,174.943631850626,0.3763440860215054,19.24448141550856,4399.730363046818,30,34.860113050184495,217.66680576841003,0.43333333333333335,28.461717949258553,6258.689276703566,63,21.23588590802912,86.31432152631592,0.3492063492063492,14.855321161341895,3514.5118327340806,10,9,12
B_E,4,10.0,10.266666666666666,600005,e49ba2d4717ae43e8c2c7ecb283a2306d8c68bda6642072f0f484677f5b3227d,82,6.653155030537419,13.747743137641592,0.3780487804878049,0.6659307969330701,606.2407622050447,22,6.204003722880601,12.887016019125214,0.4090909090909091,0.4028132072972684,522.618926394302,60,6.817843843344919,13.967396816758107,0.36666666666666664,0.7624072464661974,636.9021020023171,3,0,12
B_N,4,10.0,10.266666666666666,600005,e49ba2d4717ae43e8c2c7ecb283a2306d8c68bda6642072f0f484677f5b3227d,82,6.653155030537419,13.747743137641592,0.3780487804878049,0.6659307969330701,606.2407622050447,22,6.204003722880601,12.887016019125214,0.4090909090909091,0.4028132072972684,522.618926394302,60,6.817843843344919,13.967396816758107,0.36666666666666664,0.7624072464661974,636.9021020023171,3,0,12
B_E,4,10.0,10.266666666666666,600006,1f865b8d3428a4a821fa55f8441a12fc2d88fa60bfeb4580b1c60231b5c1a5a5,82,5.314245360517165,9.756900447550835,0.45121951219512196,0.0007467728751291316,352.9436199674317,24,4.929930518068498,7.8074017006186525,0.5416666666666666,0.0,294.3194369470329,58,5.4732721918752345,9.855921743498723,0.41379310344827586,0.0010557823406998068,377.20190259656226,1,0,12
B_N,4,10.0,10.266666666666666,600006,1f865b8d3428a4a821fa55f8441a12fc2d88fa60bfeb4580b1c60231b5c1a5a5,82,5.372469953959918,9.631475730333309,0.43902439024390244,0.0007467728751291316,362.29886884076404,24,5.130238922260942,7.8074017006186525,0.5,0.0,326.0477844521883,58,5.4727034843181155,9.855921743498723,0.41379310344827586,0.0010557823406998068,377.2993175532782,1,0,12
B_E,4,10.0,10.266666666666666,600007,b5054fffbe77843c84b8b7d25938f3aacee3b97f520e484d09c7fc8929ca4a01,70,5.10360996740633,9.79869268479038,0.45714285714285713,0.06389015298066494,312.1505649098373,14,4.484472461456488,9.076270254892611,0.7142857142857143,0.0,239.75163514844053,56,5.25839434389379,9.79869268479038,0.39285714285714285,0.07986269122583119,330.2502973501865,1,1,12
B_N,4,10.0,10.266666666666666,600007,b5054fffbe77843c84b8b7d25938f3aacee3b97f520e484d09c7fc8929ca4a01,70,5.10360996740633,9.79869268479038,0.45714285714285713,0.06389015298066494,312.1505649098373,14,4.484472461456488,9.076270254892611,0.7142857142857143,0.0,239.75163514844053,56,5.25839434389379,9.79869268479038,0.39285714285714285,0.07986269122583119,330.2502973501865,1,1,12
B_E,4,10.0,10.266666666666666,600008,9e47ee831d0cf1345f1654a657473f39f08dbf0163e62ab68bc7ce76b79957d4,77,6.558773221638311,11.715617269759168,0.35064935064935066,0.5293790216102414,581.8845144575324,22,5.516302667166301,8.497474167490214,0.45454545454545453,0.11394029737427692,394.16962434235137,55,6.975761443427113,12.936515137182134,0.3090909090909091,0.6955545113046273,656.9704705036047,2,0,12
B_N,4,10.0,10.266666666666666,600008,9e47ee831d0cf1345f1654a657473f39f08dbf0163e62ab68bc7ce76b79957d4,77,6.558773221638311,11.715617269759168,0.35064935064935066,0.5293790216102414,581.8845144575324,22,5.516302667166301,8.497474167490214,0.45454545454545453,0.11394029737427692,394.16962434235137,55,6.975761443427113,12.936515137182134,0.3090909090909091,0.6955545113046273,656.9704705036047,2,0,12
B_E,4,10.0,10.266666666666666,600009,722eec44fd50630b7c3fd06653c591ab9c0c4c25d6b2bea772e808cbff1b976b,84,4.819084565825195,7.8074017006186525,0.4880952380952381,0.0,261.43596078408655,21,5.018884978112319,7.8074017006186525,0.5714285714285714,0.0,318.06270990817814,63,4.752484428396153,7.8074017006186525,0.4603174603174603,0.0,242.56037774272264,1,0,12
B_N,4,10.0,10.266666666666666,600009,722eec44fd50630b7c3fd06653c591ab9c0c4c25d6b2bea772e808cbff1b976b,84,4.879096586367423,8.393963297459475,0.4880952380952381,0.0,273.43836489253215,21,5.06822619403091,7.8074017006186525,0.5714285714285714,0.0,327.9309530918962,63,4.816053383812928,8.428466920803057,0.4603174603174603,0.0,255.2741688260776,1,0,12
B_E,4,11.0,8.7,600000,a14f5ec2011e5ac0a1d98d1e93700a898ba3bb8fa04e431d4e26869cc1451100,97,5.855191197582096,10.962682348271663,0.3711340206185567,0.10144141436632202,445.2650436401306,23,5.709537551807284,11.273311390677604,0.4782608695652174,0.16410156731264736,437.55968427450006,74,5.900461925322917,10.548571737673692,0.33783783783783783,0.08196596142354522,447.65995263215103,1,0,12
B_N,4,11.0,8.7,600000,a14f5ec2011e5ac0a1d98d1e93700a898ba3bb8fa04e431d4e26869cc1451100,97,6.118669374333029,11.6937451114579,0.35051546391752575,0.1352385081667045,493.8369676501107,23,6.076178439942747,11.566838016640155,0.43478260869565216,0.16410156731264736,502.1922097276798,74,6.1318760161029795,11.680902374343168,0.32432432432432434,0.12626755735107362,491.24006808546096,2,0,12
B_E,4,11.0,8.7,600001,a0f28a9e14c003cffb49d0d0c397859cc0ecfeaf973b2523ebdb4cb7889e8a32,91,5.102135092888161,8.497474167490214,0.46153846153846156,0.0,312.7347108853245,27,5.588372927621329,8.497474167490214,0.48148148148148145,0.0,413.97088182056206,64,4.897003506360106,8.497474167490214,0.453125,0.0,270.02570127202114,1,0,12
B_N,4,11.0,8.7,600001,a0f28a9e14c003cffb49d0d0c397859cc0ecfeaf973b2523ebdb4cb7889e8a32,91,5.103445869867176,8.730161053744826,0.46153846153846156,0.0,312.99686628112755,27,5.549996426351314,8.497474167490214,0.48148148148148145,0.0,406.2955815665591,64,4.915057353850431,8.893041874123053,0.453125,0.0,273.63647077008613,1,0,12
B_E,4,11.0,8.7,600002,d9e4d88e266ffdeeae56948f5042888e0afa7c9278e41603f36ae9647c69a01e,86,5.482814230785564,11.26820595195186,0.45348837209302323,0.0820067523239887,387.26052057571763,22,4.818737330130248,7.8074017006186525,0.6363636363636364,0.0,291.0201932987768,64,5.71109066538583,11.334019742017384,0.390625,0.11019657343535982,420.34313307716604,1,0,12
B_N,4,11.0,8.7,600002,d9e4d88e266ffdeeae56948f5042888e0afa7c9278e41603f36ae9647c69a01e,86,5.336589941293575,10.626006830556804,0.46511627906976744,0.0820067523239887,360.3412440726684,22,4.990157155872441,7.8074017006186525,0.5909090909090909,0.0,316.21324935630633,64,5.455676211282089,10.68544510891824,0.421875,0.11019657343535982,375.5102422564179,1,0,12
B_E,4,11.0,8.7,600003,3b1395ec1fb4f0a362799173c4e218ec826b4234868cd258830455ef38c9bc38,87,7.787706520689239,23.936195421713283,0.367816091954023,1.7223435979930788,831.1045225286522,18,6.84569186698764,19.784463897044798,0.5,1.1543051064331342,669.1383733975283,69,8.033449473828785,25.339070165517505,0.3333333333333333,1.8705275523130642,873.3565614324237,5,0,12
B_N,4,11.0,8.7,600003,3b1395ec1fb4f0a362799173c4e218ec826b4234868cd258830455ef38c9bc38,87,7.710580481822862,23.936195421713283,0.367816091954023,1.7223435979930788,815.6793147553765,18,6.788127115082619,19.784463897044798,0.5,1.1543051064331342,657.6254230165238,69,7.951220490537706,25.339070165517505,0.3333333333333333,1.8705275523130642,856.9107647742079,5,0,12
B_E,4,11.0,8.7,600004,89556caf88806d33699aafa899241c7e9dea168275d336502dc15d5cc7ff2055,103,24.885624318507837,155.50849386536632,0.4174757281553398,18.801673880192574,4260.620009332633,33,31.103012581989706,176.91271819929614,0.45454545454545453,24.655049816248443,5511.511607307032,70,21.954569851437803,94.11836293266286,0.4,16.042225224623376,3670.913970287561,11,11,12
B_N,4,11.0,8.7,600004,89556caf88806d33699aafa899241c7e9dea168275d336502dc15d5cc7ff2055,103,24.885624318507837,155.50849386536632,0.4174757281553398,18.801673880192574,4260.620009332633,33,31.103012581989706,176.91271819929614,0.45454545454545453,24.655049816248443,5511.511607307032,70,21.954569851437803,94.11836293266286,0.4,16.042225224623376,3670.913970287561,11,11,12
B_E,4,11.0,8.7,600005,ef4d0210c49eb360f1164c9b08521a502ca94f6f945035627a0d420ec6e44d74,95,9.104259074655012,33.82559142616356,0.42105263157894735,3.1417424918965002,1105.0623412467917,25,9.937521676663703,32.68573120725575,0.44,4.003994579502614,1275.5043353327403,70,8.806665288223337,33.349204997651185,0.4142857142857143,2.833795317751459,1044.19020050181,5,2,12
B_N,4,11.0,8.7,600005,ef4d0210c49eb360f1164c9b08521a502ca94f6f945035627a0d420ec6e44d74,95,7.942108274913722,24.987683694519816,0.4,2.157573593332812,868.4216549827443,25,8.962679960007346,25.03705294254026,0.4,3.0507352924428415,1072.5359920014691,70,7.5776183873802845,23.601928972858172,0.4,1.8385872722220873,795.523677476057,5,1,12
B_E,4,11.0,8.7,600006,2d0530524ed79a5c20fc4b8beb200244c30c7ba769cca7ab5c0a5baaeab6e43b,94,5.994144991464654,11.944267058174407,0.4148936170212766,0.41685262899517644,481.807721697186,28,5.842585915742097,11.7098244339968,0.4642857142857143,0.2056294077634188,461.3743260055623,66,6.058442781165132,13.36806076195722,0.3939393939393939,0.5064624804268313,490.4764350209051,2,0,12
B_N,4,11.0,8.7,600006,2d0530524ed79a5c20fc4b8beb200244c30c7ba769cca7ab5c0a5baaeab6e43b,94,5.8951172091824775,11.944267058174407,0.425531914893617,0.41685262899517644,464.1298248152192,28,5.768574091864212,11.7098244339968,0.4642857142857143,0.2056294077634188,446.5719612299853,66,5.948802168044773,13.341871122925191,0.4090909090909091,0.5064624804268313,471.5786154271365,2,0,12
B_E,4,11.0,8.7,600007,32562092b0b79b4db935e630b1059969c4d2476b7f1194ecadab16393ad2bb67,78,5.157284296798442,10.059513629558378,0.46153846153846156,0.038078059855951536,323.76455166738054,17,4.946528431286462,9.347211526715023,0.6470588235294118,0.07726003155874102,318.7174509631748,61,5.216019538006697,9.79869268479038,0.4098360655737705,0.02715849397156758,325.17112071609364,1,1,12
B_N,4,11.0,8.7,600007,32562092b0b79b4db935e630b1059969c4d2476b7f1194ecadab16393ad2bb67,78,5.144799630971964,9.068420748999518,0.44871794871794873,0.038078059855951536,318.7035159379824,17,5.390203274383904,9.347211526715023,0.5294117647058824,0.07726003155874102,383.9230078179573,61,5.07640845166044,8.96284793999944,0.4262295081967213,0.02715849397156758,300.527591971432,1,1,12
B_E,4,11.0,8.7,600008,6d206fe9183e6a2418ce54446a03acb3c94cdc894e389a46fb63a2c42daff1f6,92,5.8351022446963094,11.090436318541919,0.3804347826086957,0.22461439436198777,443.1074054610011,25,5.84006331940539,10.970485333767657,0.52,0.5671271622317726,472.0126638810779,67,5.833251097416802,11.051900291371073,0.3283582089552239,0.09681112276878444,432.3218612744054,2,0,12
B_N,4,11.0,8.7,600008,6d206fe9183e6a2418ce54446a03acb3c94cdc894e389a46fb63a2c42daff1f6,92,5.749071966627984,11.090436318541919,0.40217391304347827,0.22461439436198777,430.24917593429234,25,5.798616698033774,10.970485333767657,0.52,0.5671271622317726,463.72333960675473,67,5.730585126551195,11.051900291371073,0.3582089552238806,0.09681112276878444,417.75881635501537,2,0,12
B_E,4,11.0,8.7,600009,5d5c281a5d2cc7da1fbe03127749eb5d963c825b1dc54ae5d55a76592f9e7fd1,92,4.956563112687644,8.497474167490214,0.5,0.22732216430686886,291.312622537529,21,4.577737547317428,7.8074017006186525,0.6666666666666666,0.0,248.88084279681902,71,5.068610110895737,8.497474167490214,0.4507042253521127,0.2945582974117174,303.86286724956994,2,1,12
B_N,4,11.0,8.7,600009,5d5c281a5d2cc7da1fbe03127749eb5d963c825b1dc54ae5d55a76592f9e7fd1,92,4.956563112687644,8.497474167490214,0.5,0.22732216430686886,291.312622537529,21,4.577737547317428,7.8074017006186525,0.6666666666666666,0.0,248.88084279681902,71,5.068610110895737,8.497474167490214,0.4507042253521127,0.2945582974117174,303.86286724956994,2,1,12
B_E,4,12.0,8.05,600000,3e8dfaeb31f0602804268d61d9816895131eda4124979f9c977846c1fc83688a,104,6.940406363951894,13.51495770586171,0.3269230769230769,0.7939094105319012,653.465888174994,25,6.493922048332939,10.845687175190577,0.4,0.7269909298283165,578.7844096665879,79,7.0816988688946,13.885953638450015,0.3037974683544304,0.8150861449317699,677.0992674498061,3,0,12
B_N,4,12.0,8.05,600000,3e8dfaeb31f0602804268d61d9816895131eda4124979f9c977846c1fc83688a,104,6.841444773633011,13.51495770586171,0.3365384615384615,0.7939094105319012,635.5966470342947,25,6.493922048332939,10.845687175190577,0.4,0.7269909298283165,578.7844096665879,79,6.951420319614047,13.885953638450015,0.3164556962025316,0.8150861449317699,653.5752031633157,3,0,12
B_E,4,12.0,8.05,600001,e26ae3a88c1547c0d795a321c38c21d551f016dd090d2569aef50abe2ad54375,98,5.221358447157639,8.567280233366594,0.4591836734693877,0.0782877618785649,336.10842412540546,29,6.048369183375817,13.15436414115188,0.4827586206896552,0.2645586435896332,506.2255608130945,69,4.87377422468913,8.497474167490214,0.4492753623188406,0.0,264.60991740159415,1,1,12
B_N,4,12.0,8.05,600001,e26ae3a88c1547c0d795a321c38c21d551f016dd090d2569aef50abe2ad54375,98,5.318467308182256,8.497474167490214,0.4387755102040816,0.0892169198209279,351.44856367726754,29,6.251074672305824,13.15436414115188,0.4482758620689655,0.3014916600845152,539.8701068749581,69,4.926501894275249,8.497474167490214,0.4347826086956521,0.0,272.25690059418025,1,1,12
B_E,4,12.0,8.05,600002,7a06955b49ec92a9468c89da9340d18e3e83b3c436fa1aefe05bcb4cae4d6f2d,94,5.878369489334709,13.166886217500556,0.4361702127659574,0.3332266889381262,462.9079404201334,24,5.033204220205234,10.520102620192413,0.6666666666666666,0.3085222953465442,339.97417737438025,70,6.16814043875053,13.242818530436448,0.3571428571428571,0.3416967667409543,505.05665917867736,2,0,12
B_N,4,12.0,8.05,600002,7a06955b49ec92a9468c89da9340d18e3e83b3c436fa1aefe05bcb4cae4d6f2d,94,5.97079794506655,13.166886217500556,0.4361702127659574,0.5413079612281241,481.39363156650165,24,5.397577414798531,10.520102620192413,0.625,0.6668164299468723,404.5154829597061,70,6.1673306983013,13.242818530436448,0.3714285714285714,0.4982764862388389,507.7518539459743,3,0,12
B_E,4,12.0,8.05,600003,cb72777854e4a66ef925f9b3aa3d0ff0b528fb210c5047afe718664e3466cda7,95,8.54789015568411,30.903093352972537,0.3157894736842105,2.3535510514220253,972.7359258736642,20,7.003876924301499,15.640972766837542,0.4,0.7570077146789117,680.7753848602999,75,8.95962701738614,32.29962543036284,0.2933333333333333,2.779295941220189,1050.5920701438947,6,0,12
B_N,4,12.0,8.05,600003,cb72777854e4a66ef925f9b3aa3d0ff0b528fb210c5047afe718664e3466cda7,95,8.589572559174442,32.29962543036284,0.3052631578947368,2.3535510514220253,978.967143413836,20,6.822609987976648,15.640972766837542,0.4,0.7570077146789117,644.5219975953298,75,9.06076257816052,33.567898754563394,0.28,2.779295941220189,1068.1525156321045,6,0,12
B_E,4,12.0,8.05,600004,cb8c9263dc3c9d53f1006bdbc5dc0fe9a7983a9a10963fb6e811771193b6adb6,115,28.326718027917448,250.50722336206255,0.417391304347826,22.738919971047256,4948.821866453055,37,43.298611319915246,258.6102706488595,0.4594594594594595,37.67036053198319,7951.614155874941,78,21.22466608171337,116.4807112769742,0.3974358974358974,15.6560571408597,3524.420395829853,12,11,12
B_N,4,12.0,8.05,600004,cb8c9263dc3c9d53f1006bdbc5dc0fe9a7983a9a10963fb6e811771193b6adb6,115,28.75722076131987,250.50722336206255,0.3826086956521739,22.82551518782085,5027.9658913944095,37,42.525627873077546,258.6102706488595,0.4054054054054054,36.8707154193709,7786.206655696591,78,22.2260532852297,106.28807926762951,0.3717948717948718,16.16304841131634,3719.569631404914,12,12,12
B_E,4,12.0,8.05,600005,8dc3576ea6320d523c5b19d8f447dc307b26feb46bcfa6f282aa69c527310330,103,8.300066084781731,30.12940863272723,0.3883495145631068,2.4149532932551487,937.6831198689674,27,10.734898959054084,39.8874223699934,0.4444444444444444,4.476507521288618,1435.8686806997057,76,7.435059668921814,27.234293822415687,0.3684210526315789,1.682559028032732,760.696144310679,4,1,12
B_N,4,12.0,8.05,600005,8dc3576ea6320d523c5b19d8f447dc307b26feb46bcfa6f282aa69c527310330,103,8.300066084781731,30.12940863272723,0.3883495145631068,2.4149532932551487,937.6831198689674,27,10.734898959054084,39.8874223699934,0.4444444444444444,4.476507521288618,1435.8686806997057,76,7.435059668921814,27.234293822415687,0.3684210526315789,1.682559028032732,760.696144310679,4,1,12
B_E,4,12.0,8.05,600006,94ebe8d2527c71da8e157e6e79458fdcbbfec06d0fc837f6e16124df3199a0e4,109,6.1379484455049385,11.953091499897765,0.3944954128440367,0.2161607299546856,506.48877166979497,31,6.032760601234486,11.584403810351834,0.4516129032258064,0.1793712694641492,496.8747008920585,78,6.179753870791913,12.029339104895396,0.3717948717948718,0.2307821822009244,510.3097485173569,2,0,12
B_N,4,12.0,8.05,600006,94ebe8d2527c71da8e157e6e79458fdcbbfec06d0fc837f6e16124df3199a0e4,109,6.311609915103024,11.94427190999916,0.3669724770642202,0.2161607299546856,534.2144162159295,31,6.365175951818643,11.584403810351834,0.3870967741935484,0.1793712694641492,545.1731006311607,78,6.290320849228867,11.94647680747381,0.358974358974359,0.2307821822009244,529.8590416406453,2,0,12
B_E,4,12.0,8.05,600007,be91eda3e1a06860f3c3a1fd6483bbd04118927f1e13e05e9c981baf41998016,85,5.313247037964642,11.18973772355311,0.4470588235294118,0.2359188623567152,352.06117229881085,18,5.709713163551673,10.869755843655774,0.6111111111111112,0.916960202294932,464.1648549325568,67,5.206733750493498,11.015857093707766,0.4029850746268656,0.05295253222406,321.9437650240731,1,1,12
B_N,4,12.0,8.05,600007,be91eda3e1a06860f3c3a1fd6483bbd04118927f1e13e05e9c981baf41998016,85,5.31724069850843,11.18973772355311,0.4470588235294118,0.2359188623567152,352.8599044075684,18,5.709713163551673,10.869755843655774,0.6111111111111112,0.916960202294932,464.1648549325568,67,5.211800334765469,11.015857093707766,0.4029850746268656,0.05295253222406,322.95708187846714,1,1,12
B_E,4,12.0,8.05,600008,20fc8a2046ac16499234f28bddb653dfa307c10caab49b79928f04f2c76e3b38,102,5.863003260765573,10.774602526460402,0.3725490196078431,0.0936334132434864,447.11045607468304,27,5.8507605022335785,11.43274042711568,0.4814814814814814,0.2941908532415659,466.4483967430121,75,5.86741065383709,10.334740761052508,0.3333333333333333,0.0214327348441778,440.1487974340847,1,0,12
B_N,4,12.0,8.05,600008,20fc8a2046ac16499234f28bddb653dfa307c10caab49b79928f04f2c76e3b38,102,5.900424674481458,10.744883387279677,0.3235294117647059,0.0810714120934255,444.7908172492327,27,6.420365940093274,12.637877026941018,0.3703703703703703,0.2467344044524469,558.147262092729,75,5.713245818861203,9.809824654118945,0.3066666666666666,0.0214327348441778,403.982497105574,1,0,12
B_E,4,12.0,8.05,600009,c76023e862cd57236d53c8a53c36f3b3b63c06ce13bf5027823c7397e8cabdc3,97,5.294317938805586,11.20852472218074,0.4639175257731959,0.1428758594638472,351.6470929157563,24,5.290502920685315,11.251415687312802,0.5833333333333334,0.1006877969921333,374.7672508037295,73,5.295572191338278,10.34020392925302,0.4246575342465753,0.1567459073997531,344.0459451169706,2,0,12
B_N,4,12.0,8.05,600009,c76023e862cd57236d53c8a53c36f3b3b63c06ce13bf5027823c7397e8cabdc3,97,5.294317938805586,11.20852472218074,0.4639175257731959,0.1428758594638472,351.6470929157563,24,5.290502920685315,11.251415687312802,0.5833333333333334,0.1006877969921333,374.7672508037295,73,5.295572191338278,10.34020392925302,0.4246575342465753,0.1567459073997531,344.0459451169706,2,0,12
B_E,5,0.5,17.75,600000,ce6694e6c9efbeb4eab3af32b26f31061eaa163b50ddac724debb6216b30db69,8,6.442683923236771,9.75248357844708,0.25,0.0,538.5367846473541,0,,,,,,8,6.442683923236771,9.75248357844708,0.25,0.0,538.5367846473541,1,0,12
B_N,5,0.5,17.75,600000,ce6694e6c9efbeb4eab3af32b26f31061eaa163b50ddac724debb6216b30db69,8,5.5928473376379735,9.257449291954908,0.375,0.0,393.5694675275947,0,,,,,,8,5.5928473376379735,9.257449291954908,0.375,0.0,393.5694675275947,1,0,12
B_E,5,0.5,17.75,600001,b58a2d4c867bd27691d7fceaa8e1d1151bacc066cb609d8ec1a780a3a4c6833e,5,3.0,3.0,1.0,0.0,0.0,1,3.0,3.0,1.0,0.0,0.0,4,3.0,3.0,1.0,0.0,0.0,1,0,12
B_N,5,0.5,17.75,600001,b58a2d4c867bd27691d7fceaa8e1d1151bacc066cb609d8ec1a780a3a4c6833e,5,3.0,3.0,1.0,0.0,0.0,1,3.0,3.0,1.0,0.0,0.0,4,3.0,3.0,1.0,0.0,0.0,1,0,12
B_E,5,0.5,17.75,600002,01bb2a6b9060e124dca102e66dc2c62cd19cab55b0de66e2932178d9d7d53160,0,,,,,,0,,,,,,0,,,,,,0,0,12
B_N,5,0.5,17.75,600002,01bb2a6b9060e124dca102e66dc2c62cd19cab55b0de66e2932178d9d7d53160,0,,,,,,0,,,,,,0,,,,,,0,0,12
B_E,5,0.5,17.75,600003,7f004e60f20f07d97c8ad713019af0750940dac735f18ba2a79bd18b18b33fd9,10,10.038003153821922,22.750225071803506,0.1,1.9231251582947155,1227.6006307643845,2,6.39934634239519,9.45875805055086,0.5,0.0,579.8692684790379,8,10.947667356678608,22.92466654997606,0.0,2.403906447868394,1389.5334713357213,2,2,12
B_N,5,0.5,17.75,600003,7f004e60f20f07d97c8ad713019af0750940dac735f18ba2a79bd18b18b33fd9,10,10.038003153821922,22.750225071803506,0.1,1.9231251582947155,1227.6006307643845,2,6.39934634239519,9.45875805055086,0.5,0.0,579.8692684790379,8,10.947667356678608,22.92466654997606,0.0,2.403906447868394,1389.5334713357213,2,2,12
B_E,5,0.5,17.75,600004,2eae417bf40eeb7c7460e0d526e7c14c76850932084e70d65bd9b3d67ed99027,3,8.274154866322291,9.599563586373208,0.0,0.0,854.8309732644581,2,8.803047192704517,9.699128135581793,0.0,0.0,960.6094385409032,1,7.216370213557839,7.216370213557839,0.0,0.0,643.2740427115679,1,0,12
B_N,5,0.5,17.75,600004,2eae417bf40eeb7c7460e0d526e7c14c76850932084e70d65bd9b3d67ed99027,3,8.274154866322291,9.599563586373208,0.0,0.0,854.8309732644581,2,8.803047192704517,9.699128135581793,0.0,0.0,960.6094385409032,1,7.216370213557839,7.216370213557839,0.0,0.0,643.2740427115679,1,0,12
B_E,5,0.5,17.75,600005,2ce22bdc805e6736215993264f9e76936f6276d7309ff1953dd14f073867f094,10,11.841184575785316,21.08575086395491,0.2,3.487696686912386,1608.236915157063,4,11.859624503503888,19.559104378929693,0.25,2.856861602473145,1621.9249007007777,6,11.828891290639602,21.1782406401948,0.1666666666666666,3.90825340987188,1599.1115914612535,3,3,12
B_N,5,0.5,17.75,600005,2ce22bdc805e6736215993264f9e76936f6276d7309ff1953dd14f073867f094,10,11.841184575785316,21.08575086395491,0.2,3.487696686912386,1608.236915157063,4,11.859624503503888,19.559104378929693,0.25,2.856861602473145,1621.9249007007777,6,11.828891290639602,21.1782406401948,0.1666666666666666,3.90825340987188,1599.1115914612535,3,3,12
B_E,5,0.5,17.75,600006,b61194ed2c8c0fc2d356c1526c632435dafff1eff9a341facedc3e378ebe3223,4,4.201850425154663,7.086291445525853,0.75,0.0,190.3700850309326,1,3.0,3.0,1.0,0.0,0.0,3,4.60246723353955,7.326661530556787,0.6666666666666666,0.0,253.8267800412435,1,0,12
B_N,5,0.5,17.75,600006,b61194ed2c8c0fc2d356c1526c632435dafff1eff9a341facedc3e378ebe3223,4,4.201850425154663,7.086291445525853,0.75,0.0,190.3700850309326,1,3.0,3.0,1.0,0.0,0.0,3,4.60246723353955,7.326661530556787,0.6666666666666666,0.0,253.8267800412435,1,0,12
B_E,5,0.5,17.75,600007,affe10e3aeefa29366a4556e87e016fb407b3d34bff48211038c4a5e220013ab,2,3.942809041582064,4.791337179005921,0.5,0.0,88.56180831641271,0,,,,,,2,3.942809041582064,4.791337179005921,0.5,0.0,88.56180831641271,1,0,12
B_N,5,0.5,17.75,600007,affe10e3aeefa29366a4556e87e016fb407b3d34bff48211038c4a5e220013ab,2,3.942809041582064,4.791337179005921,0.5,0.0,88.56180831641271,0,,,,,,2,3.942809041582064,4.791337179005921,0.5,0.0,88.56180831641271,1,0,12
B_E,5,0.5,17.75,600008,d910c8692718bb53b2b3944a68a8ba4f583efda354abb3cedf8ea6ecdc2dcf18,1,3.0,3.0,1.0,0.0,0.0,0,,,,,,1,3.0,3.0,1.0,0.0,0.0,1,0,12
B_N,5,0.5,17.75,600008,d910c8692718bb53b2b3944a68a8ba4f583efda354abb3cedf8ea6ecdc2dcf18,1,3.0,3.0,1.0,0.0,0.0,0,,,,,,1,3.0,3.0,1.0,0.0,0.0,1,0,12
B_E,5,0.5,17.75,600009,b81854d2598655eb778e4da6b17af39e5db3435b3ba42747e0ac33af7b6eb944,4,4.525497074180492,6.866757393998782,0.5,0.0,205.09941483609836,0,,,,,,4,4.525497074180492,6.866757393998782,0.5,0.0,205.09941483609836,1,0,12
B_N,5,0.5,17.75,600009,b81854d2598655eb778e4da6b17af39e5db3435b3ba42747e0ac33af7b6eb944,4,4.525497074180492,6.866757393998782,0.5,0.0,205.09941483609836,0,,,,,,4,4.525497074180492,6.866757393998782,0.5,0.0,205.09941483609836,1,0,12
B_E,5,1.0,17.5,600000,681ce8462a0e5df7d97253c5b7c992568c47af2b1357f5f2b37d4181d11446ce,14,6.602182737344776,10.787478163950356,0.3571428571428571,0.1324930096930724,591.8651188975264,1,3.0,3.0,1.0,0.0,0.0,13,6.879273717140527,10.913679106401911,0.3076923076923077,0.1426847796694626,637.3932049665668,1,0,12
B_N,5,1.0,17.5,600000,681ce8462a0e5df7d97253c5b7c992568c47af2b1357f5f2b37d4181d11446ce,14,6.48407645953333,10.208757402674276,0.3571428571428571,0.1324930096930724,568.2438633352374,1,9.79869268479038,9.79869268479038,0.0,0.0,1159.738536958076,13,6.229105980667403,10.252283950657825,0.3846153846153846,0.1426847796694626,522.7442730565574,1,0,12
B_E,5,1.0,17.5,600001,a3e6add95c60f6cc738f8920d5816c8b2a9737f729082c1bcccd62b0096ee575,8,3.836627472972848,6.784777434509567,0.75,0.0,117.32549459456948,3,4.60246723353955,7.326661530556787,0.6666666666666666,0.0,253.8267800412435,5,3.377123616632825,4.508494466531301,0.8,0.0,35.424723326565086,1,0,12
B_N,5,1.0,17.5,600001,a3e6add95c60f6cc738f8920d5816c8b2a9737f729082c1bcccd62b0096ee575,8,3.836627472972848,6.784777434509567,0.75,0.0,117.32549459456948,3,4.60246723353955,7.326661530556787,0.6666666666666666,0.0,253.8267800412435,5,3.377123616632825,4.508494466531301,0.8,0.0,35.424723326565086,1,0,12
B_E,5,1.0,17.5,600002,5fec6754f8393bcd745a75f8a077fcb9908fc7b49053948570336e4b0dd051d5,6,4.818231666223436,7.659643828853449,0.5,0.0,263.64633324468724,0,,,,,,6,4.818231666223436,7.659643828853449,0.5,0.0,263.64633324468724,1,0,12
B_N,5,1.0,17.5,600002,5fec6754f8393bcd745a75f8a077fcb9908fc7b49053948570336e4b0dd051d5,6,4.818231666223436,7.659643828853449,0.5,0.0,263.64633324468724,0,,,,,,6,4.818231666223436,7.659643828853449,0.5,0.0,263.64633324468724,1,0,12
B_E,5,1.0,17.5,600003,03aafc12347d4cc90eac49a0bf6cfb1553b3699a8fe569d987251833331cf3f5,13,9.670832293553817,20.78580024800853,0.2307692307692307,3.235868777569872,1180.3203048646092,3,8.737452973110862,13.052168879567022,0.3333333333333333,0.0,1014.157261288839,10,9.950846089686705,22.289584474038428,0.2,4.206629410840833,1230.1692179373404,3,1,12
B_N,5,1.0,17.5,600003,03aafc12347d4cc90eac49a0bf6cfb1553b3699a8fe569d987251833331cf3f5,13,9.670832293553817,20.78580024800853,0.2307692307692307,3.235868777569872,1180.3203048646092,3,8.737452973110862,13.052168879567022,0.3333333333333333,0.0,1014.157261288839,10,9.950846089686705,22.289584474038428,0.2,4.206629410840833,1230.1692179373404,3,1,12
B_E,5,1.0,17.5,600004,b275ac49d71c201a0659a634a36e301d31fcd51dfc28233019927eb1de98183d,6,6.654075482614807,9.300869938747448,0.1666666666666666,0.0,564.1484298562946,2,5.403700850309326,7.567031615587719,0.5,0.0,380.7401700618652,4,7.279262798767546,9.4113443141055,0.0,0.0,655.8525597535092,1,0,12
B_N,5,1.0,17.5,600004,b275ac49d71c201a0659a634a36e301d31fcd51dfc28233019927eb1de98183d,6,6.437205729731445,8.324956050772323,0.1666666666666666,0.0,520.7744792796224,2,5.403700850309326,7.567031615587719,0.5,0.0,380.7401700618652,4,6.9539581694425046,8.305308574400357,0.0,0.0,590.791633888501,1,0,12
B_E,5,1.0,17.5,600005,e41764ea53b225d9d48bd59d78bf5b13b21f1f8cb5d3e9f7ea0cc47d6cd6d31c,16,11.239543150863412,20.512989591211348,0.1875,2.9905732228380657,1485.4086301726825,6,10.793057293916007,19.44065100676101,0.3333333333333333,2.437674973107884,1425.2781254498684,10,11.507434665031855,20.88111264539422,0.1,3.322312172676175,1521.4869330063707,4,0,12
B_N,5,1.0,17.5,600005,e41764ea53b225d9d48bd59d78bf5b13b21f1f8cb5d3e9f7ea0cc47d6cd6d31c,16,11.239543150863412,20.512989591211348,0.1875,2.9905732228380657,1485.4086301726825,6,10.793057293916007,19.44065100676101,0.3333333333333333,2.437674973107884,1425.2781254498684,10,11.507434665031855,20.88111264539422,0.1,3.322312172676175,1521.4869330063707,4,0,12
B_E,5,1.0,17.5,600006,277d743ecf21e5147d042bb11dfc95c4e102d109fce52eedd1e369a33e5cc398,8,4.437552685550179,7.8074017006186525,0.625,0.0,212.51053711003576,2,5.403700850309326,7.567031615587719,0.5,0.0,380.7401700618652,6,4.11550329729713,7.076955796255021,0.6666666666666666,0.0,156.4339927927593,1,0,12
B_N,5,1.0,17.5,600006,277d743ecf21e5147d042bb11dfc95c4e102d109fce52eedd1e369a33e5cc398,8,4.437552685550179,7.8074017006186525,0.625,0.0,212.51053711003576,2,5.403700850309326,7.567031615587719,0.5,0.0,380.7401700618652,6,4.11550329729713,7.076955796255021,0.6666666666666666,0.0,156.4339927927593,1,0,12
B_E,5,1.0,17.5,600007,affe10e3aeefa29366a4556e87e016fb407b3d34bff48211038c4a5e220013ab,2,3.942809041582064,4.791337179005921,0.5,0.0,88.56180831641271,0,,,,,,2,3.942809041582064,4.791337179005921,0.5,0.0,88.56180831641271,1,0,12
B_N,5,1.0,17.5,600007,affe10e3aeefa29366a4556e87e016fb407b3d34bff48211038c4a5e220013ab,2,3.942809041582064,4.791337179005921,0.5,0.0,88.56180831641271,0,,,,,,2,3.942809041582064,4.791337179005921,0.5,0.0,88.56180831641271,1,0,12
B_E,5,1.0,17.5,600008,3462cae159904d1d86c93aaa82a081a3c56867c20a18dca2923789eed49b285f,3,3.0,3.0,1.0,0.0,0.0,1,3.0,3.0,1.0,0.0,0.0,2,3.0,3.0,1.0,0.0,0.0,1,0,12
B_N,5,1.0,17.5,600008,3462cae159904d1d86c93aaa82a081a3c56867c20a18dca2923789eed49b285f,3,3.0,3.0,1.0,0.0,0.0,1,3.0,3.0,1.0,0.0,0.0,2,3.0,3.0,1.0,0.0,0.0,1,0,12
B_E,5,1.0,17.5,600009,8102101e9edeb84780bb87135dbbdc7d0a755f3332fc6376b2a2ff77edc54533,7,3.871712613817424,6.517144574439724,0.7142857142857143,0.0,117.1996656206276,1,3.0,3.0,1.0,0.0,0.0,6,4.016998049453661,6.633682180959411,0.6666666666666666,0.0,136.73294322406556,1,0,12
B_N,5,1.0,17.5,600009,8102101e9edeb84780bb87135dbbdc7d0a755f3332fc6376b2a2ff77edc54533,7,3.871712613817424,6.517144574439724,0.7142857142857143,0.0,117.1996656206276,1,3.0,3.0,1.0,0.0,0.0,6,4.016998049453661,6.633682180959411,0.6666666666666666,0.0,136.73294322406556,1,0,12
B_E,5,2.0,17.0,600000,e1d5b2827e983be301efbda3711d3f7a0e1207fcacc0759d8755bf38b2fe4b22,21,8.082304934711681,16.556902509424923,0.2857142857142857,1.0878528944965746,873.6038440851934,2,6.39934634239519,9.45875805055086,0.5,0.0,579.8692684790379,19,8.259458470744995,16.99529335464973,0.2631578947368421,1.202363725496214,904.5232730963672,2,0,12
B_N,5,2.0,17.0,600000,e1d5b2827e983be301efbda3711d3f7a0e1207fcacc0759d8755bf38b2fe4b22,21,8.042137497912673,16.556902509424923,0.2857142857142857,1.0878528944965746,865.570356725392,2,9.79869268479038,9.79869268479038,0.0,0.0,1159.738536958076,19,7.857236951925547,16.865171502919715,0.3157894736842105,1.202363725496214,834.6052851219516,2,0,12
B_E,5,2.0,17.0,600001,1d713dc58e587c579f8be808f95ecdb4627785d04affecd0ce0f946acb42be7f,19,6.668221779556457,13.180294350490913,0.3157894736842105,0.0,596.8022506481335,6,8.36235412685052,13.348840711194624,0.3333333333333333,0.0,939.1374920367706,13,5.886314542343812,8.083430687367276,0.3076923076923077,0.0,438.80137000722414,1,0,12
B_N,5,2.0,17.0,600001,1d713dc58e587c579f8be808f95ecdb4627785d04affecd0ce0f946acb42be7f,19,6.668221779556457,13.180294350490913,0.3157894736842105,0.0,596.8022506481335,6,8.36235412685052,13.348840711194624,0.3333333333333333,0.0,939.1374920367706,13,5.886314542343812,8.083430687367276,0.3076923076923077,0.0,438.80137000722414,1,0,12
B_E,5,2.0,17.0,600002,d35205dc908f6918f6fade2202de6e82812b3d4b3b3fa741b8881987c3443fcc,18,5.738197973215598,8.10609534824441,0.2777777777777778,0.0,403.1951501986752,2,6.39934634239519,9.45875805055086,0.5,0.0,579.8692684790379,16,5.655554427068149,7.8074017006186525,0.25,0.0,381.1108854136298,1,0,12
B_N,5,2.0,17.0,600002,d35205dc908f6918f6fade2202de6e82812b3d4b3b3fa741b8881987c3443fcc,18,5.738197973215598,8.10609534824441,0.2777777777777778,0.0,403.1951501986752,2,6.39934634239519,9.45875805055086,0.5,0.0,579.8692684790379,16,5.655554427068149,7.8074017006186525,0.25,0.0,381.1108854136298,1,0,12
B_E,5,2.0,17.0,600003,90da83639a264918aa970e6a6e9d74e66d9743088ebc7132f60810704bf72d4a,18,9.224736604216824,22.05245915911328,0.1666666666666666,1.1182489953874513,1078.2806541766984,4,8.099019513592784,9.79869268479038,0.25,0.0,869.8039027185569,14,9.546370058680836,22.40134211545839,0.1428571428571428,1.437748708355295,1137.8454403075957,2,0,12
B_N,5,2.0,17.0,600003,90da83639a264918aa970e6a6e9d74e66d9743088ebc7132f60810704bf72d4a,18,9.224736604216824,22.05245915911328,0.1666666666666666,1.1182489953874513,1078.2806541766984,4,8.099019513592784,9.79869268479038,0.25,0.0,869.8039027185569,14,9.546370058680836,22.40134211545839,0.1428571428571428,1.437748708355295,1137.8454403075957,2,0,12
B_E,5,2.0,17.0,600004,e1cd12699291dbf8cb31546c3540f6bcf1dd2762661865891f1e90f2cd235fd4,22,7.330891939551566,13.340196518315052,0.2272727272727272,0.0,711.6329333648587,7,9.077994308484422,15.733354668617194,0.2857142857142857,0.0,1072.7417188397417,15,6.515577500716233,10.442366452353012,0.2,0.0,543.1155001432465,1,0,12
B_N,5,2.0,17.0,600004,e1cd12699291dbf8cb31546c3540f6bcf1dd2762661865891f1e90f2cd235fd4,22,7.330891939551566,13.340196518315052,0.2272727272727272,0.0,711.6329333648587,7,9.077994308484422,15.733354668617194,0.2857142857142857,0.0,1072.7417188397417,15,6.515577500716233,10.442366452353012,0.2,0.0,543.1155001432465,1,0,12
B_E,5,2.0,17.0,600005,679b94af85934d3eb43e21af6b154c73ce657cbd7695db7417e3ae026be93c15,24,8.547899064790862,16.2811823745006,0.2083333333333333,0.5919023409963605,951.246479624839,7,9.362464449080385,15.733354668617194,0.2857142857142857,0.0,1129.6357469589336,17,8.212489788906941,14.940365854524082,0.1764705882352941,0.835626834347803,877.792075428447,2,0,12
B_N,5,2.0,17.0,600005,679b94af85934d3eb43e21af6b154c73ce657cbd7695db7417e3ae026be93c15,24,8.782741366877067,16.2811823745006,0.2083333333333333,0.5919023409963605,998.2149400420798,7,9.362464449080385,15.733354668617194,0.2857142857142857,0.0,1129.6357469589336,17,8.544031862440406,14.940365854524082,0.1764705882352941,0.835626834347803,944.10049013514,2,0,12
B_E,5,2.0,17.0,600006,3104567bd7d4ceae82ca9648179e7d3b4379a1b665cccfa87270620ef1ee5ea2,20,5.907823680164292,9.79869268479038,0.35,0.0,451.5647360328583,5,6.680957414039883,9.79869268479038,0.4,0.0,616.1914828079764,15,5.650112435539096,8.497474167490214,0.3333333333333333,0.0,396.6891537744856,1,0,12
B_N,5,2.0,17.0,600006,3104567bd7d4ceae82ca9648179e7d3b4379a1b665cccfa87270620ef1ee5ea2,20,5.907823680164292,9.79869268479038,0.35,0.0,451.5647360328583,5,6.680957414039883,9.79869268479038,0.4,0.0,616.1914828079764,15,5.650112435539096,8.497474167490214,0.3333333333333333,0.0,396.6891537744856,1,0,12
B_E,5,2.0,17.0,600007,d0e10fcfea5018f32c1639d3337fa7c7c4dd813e376b77931d6a1316699bba8a,9,4.703477555919431,7.077010608371079,0.3333333333333333,0.0,207.36217785055288,1,3.0,3.0,1.0,0.0,0.0,8,4.91641225040936,7.168309494902025,0.25,0.0,233.282450081872,1,0,12
B_N,5,2.0,17.0,600007,d0e10fcfea5018f32c1639d3337fa7c7c4dd813e376b77931d6a1316699bba8a,9,4.703477555919431,7.077010608371079,0.3333333333333333,0.0,207.36217785055288,1,3.0,3.0,1.0,0.0,0.0,8,4.91641225040936,7.168309494902025,0.25,0.0,233.282450081872,1,0,12
B_E,5,2.0,17.0,600008,54eb01a80a7896acd371f13ee4905d9c7738108fd4094eb89ebd8a5682af31a5,13,6.060575665740571,11.244682104691105,0.3846153846153846,0.0,489.03821007119126,3,8.737452973110862,13.052168879567022,0.3333333333333333,0.0,1014.157261288839,10,5.257512473529485,8.9026117419131,0.4,0.0,331.5024947058969,1,0,12
B_N,5,2.0,17.0,600008,54eb01a80a7896acd371f13ee4905d9c7738108fd4094eb89ebd8a5682af31a5,13,6.060575665740571,11.244682104691105,0.3846153846153846,0.0,489.03821007119126,3,8.737452973110862,13.052168879567022,0.3333333333333333,0.0,1014.157261288839,10,5.257512473529485,8.9026117419131,0.4,0.0,331.5024947058969,1,0,12
B_E,5,2.0,17.0,600009,ec672957f0067b19c924f71458e3f58b3e352faef672ceb200b099b5ed3c9ddf,18,5.745962444965664,10.3020434032446,0.4444444444444444,0.0,438.0813778820215,4,8.93793737768316,12.651013422697652,0.25,0.0,1037.587475536632,14,4.833969607046378,8.497474167490214,0.5,0.0,266.7939214092757,1,0,12
B_N,5,2.0,17.0,600009,ec672957f0067b19c924f71458e3f58b3e352faef672ceb200b099b5ed3c9ddf,18,5.745962444965664,10.3020434032446,0.4444444444444444,0.0,438.0813778820215,4,8.93793737768316,12.651013422697652,0.25,0.0,1037.587475536632,14,4.833969607046378,8.497474167490214,0.5,0.0,266.7939214092757,1,0,12
B_E,5,4.0,16.0,600000,1d084a4d86ae9cfd2a8e2f17ac177130f50486a64e14114ccca041fc902e05b5,40,8.44855158081003,20.75260622601545,0.325,1.6308807930536204,954.7103161620062,8,9.333701081709735,20.27790194898993,0.375,2.831252272780148,1141.7402163419474,32,8.227264205585104,19.51426973042074,0.3125,1.3307879231219886,907.9528411170209,3,0,12
B_N,5,4.0,16.0,600000,1d084a4d86ae9cfd2a8e2f17ac177130f50486a64e14114ccca041fc902e05b5,40,8.44855158081003,20.75260622601545,0.325,1.6308807930536204,954.7103161620062,8,9.333701081709735,20.27790194898993,0.375,2.831252272780148,1141.7402163419474,32,8.227264205585104,19.51426973042074,0.3125,1.3307879231219886,907.9528411170209,3,0,12
B_E,5,4.0,16.0,600001,a3bf80a6ad310a0258c766b202e43cc1209af9be205e146fd3ad46b82e66f06d,32,5.1161066614393125,8.497474167490214,0.5,0.0,323.22133228786254,7,5.824166791769883,11.550275408991908,0.5714285714285714,0.0,479.1190726396909,25,4.917849824946753,8.3594596741159,0.48,0.0,279.5699649893506,1,0,12
B_N,5,4.0,16.0,600001,a3bf80a6ad310a0258c766b202e43cc1209af9be205e146fd3ad46b82e66f06d,32,5.1161066614393125,8.497474167490214,0.5,0.0,323.22133228786254,7,5.824166791769883,11.550275408991908,0.5714285714285714,0.0,479.1190726396909,25,4.917849824946753,8.3594596741159,0.48,0.0,279.5699649893506,1,0,12
B_E,5,4.0,16.0,600002,2eb1fcc27530218b7a3880e5004ccd6994b22ae2b7d1e799fe0c3078085c9228,37,6.539682103338052,12.31504441001451,0.3243243243243243,0.092328916913224,572.8012855324752,7,7.874797844145783,14.648862603691644,0.4285714285714285,0.0,860.6738545434421,30,6.228155097149582,11.43274042711568,0.3,0.113872330859643,505.63101942991614,1,0,12
B_N,5,4.0,16.0,600002,2eb1fcc27530218b7a3880e5004ccd6994b22ae2b7d1e799fe0c3078085c9228,37,6.539682103338052,12.31504441001451,0.3243243243243243,0.092328916913224,572.8012855324752,7,7.874797844145783,14.648862603691644,0.4285714285714285,0.0,860.6738545434421,30,6.228155097149582,11.43274042711568,0.3,0.113872330859643,505.63101942991614,1,0,12
B_E,5,4.0,16.0,600003,9d6a82386bbd31c557c87c4c3a937778a9154c1b040bd85bddae8a0019de7972,37,8.840719616260726,18.614099294569385,0.2432432432432432,2.0245217862360043,1016.7925719007944,9,10.49016120486477,22.20363833633799,0.3333333333333333,2.154371959504109,1364.6989076396203,28,8.310541962780858,17.745089093403674,0.2142857142857142,1.9827842305426853,904.9655354133146,4,0,12
B_N,5,4.0,16.0,600003,9d6a82386bbd31c557c87c4c3a937778a9154c1b040bd85bddae8a0019de7972,37,8.913188898721359,18.614099294569385,0.2432432432432432,2.0245217862360043,1031.2864283929202,9,11.24557150317481,22.20363833633799,0.2222222222222222,2.154371959504109,1493.5587450794064,28,8.163494490147034,17.745089093403674,0.25,1.9827842305426853,882.6988980294069,4,0,12
B_E,5,4.0,16.0,600004,52fb981d11fae83462642c0ba98ffbbddb1b55257067a6ba4669abf12d4c4681,43,8.78925145897248,23.01916123720669,0.2790697674418604,1.6284753944612105,1013.664245282868,11,9.989868439061622,20.33399585832268,0.1818181818181818,1.6496879855813775,1234.3373241759607,32,8.376539372066837,21.526730309281312,0.3125,1.6211835662636531,937.8078744133676,3,0,12
B_N,5,4.0,16.0,600004,52fb981d11fae83462642c0ba98ffbbddb1b55257067a6ba4669abf12d4c4681,43,8.046464839072113,14.79375649527478,0.2790697674418604,0.7651426092862642,865.1069213027948,11,9.325252272708676,13.15436414115188,0.0909090909090909,0.3905817654647928,1083.2322727235537,32,7.606881658759544,15.417638626543033,0.34375,0.8938978993498949,790.1263317519089,2,0,12
B_E,5,4.0,16.0,600005,b3c36526767e95953bfa5474b75b0dffdfdeda80dbd32b185a6631ae63659c18,35,8.156762158144318,13.413666234542204,0.2285714285714285,0.1642280112369917,877.0667173431493,12,10.117834150130044,14.904894513590412,0.25,0.0,1273.5668300260088,23,7.13359416232568,12.001888681812252,0.217391304347826,0.2499121910128135,670.1970933347009,1,0,12
B_N,5,4.0,16.0,600005,b3c36526767e95953bfa5474b75b0dffdfdeda80dbd32b185a6631ae63659c18,35,8.626797789343568,15.466239172394012,0.2285714285714285,0.1642280112369917,971.0738435829994,12,11.261793054684157,16.727506854649334,0.1666666666666666,0.0,1485.691944270164,23,7.252017650905,13.102543781653209,0.2608695652173913,0.2499121910128135,702.5774432244783,1,0,12
B_E,5,4.0,16.0,600006,54972859125802791677ff1c0f302f3f89fb1300e926aa164a8df8200b195e48,35,7.400309947986503,14.407818420574335,0.2571428571428571,0.0338391057153265,731.490561025872,11,9.5329221243448,16.727506854649334,0.2727272727272727,0.0,1161.129879414414,24,6.422862700488952,11.167829363048323,0.25,0.0493486958348512,534.5725400977901,1,0,12
B_N,5,4.0,16.0,600006,54972859125802791677ff1c0f302f3f89fb1300e926aa164a8df8200b195e48,35,7.400309947986503,14.407818420574335,0.2571428571428571,0.0338391057153265,731.490561025872,11,9.5329221243448,16.727506854649334,0.2727272727272727,0.0,1161.129879414414,24,6.422862700488952,11.167829363048323,0.25,0.0493486958348512,534.5725400977901,1,0,12
B_E,5,4.0,16.0,600007,d4e6fd203d05c5c2dc604b698ba92343867c9e09c1649953e453725ea3756f6c,29,4.968247861307798,8.96284793999944,0.4482758620689655,0.0,283.3047446753528,4,5.603416558635551,11.85161629936087,0.75,0.0,470.6833117271103,25,4.866620869735358,8.731758692123279,0.4,0.0,253.3241739470716,1,0,12
B_N,5,4.0,16.0,600007,d4e6fd203d05c5c2dc604b698ba92343867c9e09c1649953e453725ea3756f6c,29,4.968247861307798,8.96284793999944,0.4482758620689655,0.0,283.3047446753528,4,5.603416558635551,11.85161629936087,0.75,0.0,470.6833117271103,25,4.866620869735358,8.731758692123279,0.4,0.0,253.3241739470716,1,0,12
B_E,5,4.0,16.0,600008,d0ec4c9b8b42da51d7b914999f44528b4603ef669db96c69a32c1130328da396,29,5.949340478773804,9.79869268479038,0.4482758620689655,0.70311309584288,479.5232681685539,6,6.39934634239519,9.79869268479038,0.5,0.0,579.8692684790379,23,5.831947644785616,9.79869268479038,0.4347826086956521,0.886533903454066,453.34605069625366,1,0,12
B_N,5,4.0,16.0,600008,d0ec4c9b8b42da51d7b914999f44528b4603ef669db96c69a32c1130328da396,29,5.97313608107972,9.79869268479038,0.4482758620689655,0.70311309584288,484.28238862973706,6,6.39934634239519,9.79869268479038,0.5,0.0,579.8692684790379,23,5.861950795519163,9.79869268479038,0.4347826086956521,0.886533903454066,459.3466808429629,1,0,12
B_E,5,4.0,16.0,600009,bf788c5db960dd9577f5e74ab13fbfac9272547f7093dc09a641301a7211bc61,37,6.587379186457165,12.79632337679626,0.3513513513513513,0.0679980993248849,587.7461075617032,9,8.232673307402141,15.29824976925035,0.3333333333333333,0.0,913.201328147095,28,6.058534647581993,10.84453878309645,0.3571428571428571,0.0898546312507408,483.13550094497,1,0,12
B_N,5,4.0,16.0,600009,bf788c5db960dd9577f5e74ab13fbfac9272547f7093dc09a641301a7211bc61,37,6.587379186457165,12.79632337679626,0.3513513513513513,0.0679980993248849,587.7461075617032,9,8.232673307402141,15.29824976925035,0.3333333333333333,0.0,913.201328147095,28,6.058534647581993,10.84453878309645,0.3571428571428571,0.0898546312507408,483.13550094497,1,0,12
B_E,5,5.0,15.483333333333333,600000,0fdb31b9ef2a867e277fe0f33d04efa48a3171d49aea9e4c005e0295168554ea,51,7.686049905209185,16.292319434735866,0.29411764705882354,1.0114777091960194,796.0335104536017,8,9.716640735882656,24.532333134141183,0.375,2.513408860212621,1218.328147176531,43,7.308265564618773,15.791629390708792,0.27906976744186046,0.7320486578440936,717.4670664121265,3,0,12
B_N,5,5.0,15.483333333333333,600000,0fdb31b9ef2a867e277fe0f33d04efa48a3171d49aea9e4c005e0295168554ea,51,7.686049905209185,16.292319434735866,0.29411764705882354,1.0114777091960194,796.0335104536017,8,9.716640735882656,24.532333134141183,0.375,2.513408860212621,1218.328147176531,43,7.308265564618773,15.791629390708792,0.27906976744186046,0.7320486578440936,717.4670664121265,3,0,12
B_E,5,5.0,15.483333333333333,600001,d3716421997fa5def4c0ed6552d18b0b44d839b35ef8b045eee39ad3c821ef51,42,5.772953239971496,9.75690044755083,0.38095238095238093,0.0,430.7811241847754,10,6.817395461258859,11.644311985789201,0.4,0.0,643.4790922517719,32,5.446565045819195,8.497474167490214,0.375,0.0,364.31300916383907,1,0,12
B_N,5,5.0,15.483333333333333,600001,d3716421997fa5def4c0ed6552d18b0b44d839b35ef8b045eee39ad3c821ef51,42,5.772953239971496,9.75690044755083,0.38095238095238093,0.0,430.7811241847754,10,6.817395461258859,11.644311985789201,0.4,0.0,643.4790922517719,32,5.446565045819195,8.497474167490214,0.375,0.0,364.31300916383907,1,0,12
B_E,5,5.0,15.483333333333333,600002,b285494c65d9b472dce4260fec81ca1dc2d27ea56d33b12a8c4acc7b5db77ff3,47,6.5346248721532385,15.521298753966724,0.425531914893617,0.24296269580837032,592.0313574093711,10,7.924812145060878,18.59108322376022,0.5,0.3388320671110705,884.9624290121758,37,6.158898582178201,12.096780165140796,0.40540540540540543,0.21705205491574864,512.8607975167212,1,0,12
B_N,5,5.0,15.483333333333333,600002,b285494c65d9b472dce4260fec81ca1dc2d27ea56d33b12a8c4acc7b5db77ff3,47,6.5346248721532385,15.521298753966724,0.425531914893617,0.24296269580837032,592.0313574093711,10,7.924812145060878,18.59108322376022,0.5,0.3388320671110705,884.9624290121758,37,6.158898582178201,12.096780165140796,0.40540540540540543,0.21705205491574864,512.8607975167212,1,0,12
B_E,5,5.0,15.483333333333333,600003,18357fe0b3702e77afc90c35168dc91c67d3a9116095bf171fb23d98110ef3b3,47,8.312604431544258,15.980904387317196,0.23404255319148937,1.2072434650295651,909.3293969471493,10,10.042086936128351,21.03715947927313,0.3,1.759136445241893,1268.4173872256702,37,7.84517672760261,15.659147123447164,0.21621621621621623,1.0580832001073144,812.2785887637658,4,0,12
B_N,5,5.0,15.483333333333333,600003,18357fe0b3702e77afc90c35168dc91c67d3a9116095bf171fb23d98110ef3b3,47,8.332775520098552,16.595183908708616,0.19148936170212766,1.2072434650295651,904.8529763601363,10,11.737392618722577,21.03715947927313,0.1,1.759136445241893,1567.4785237445153,37,7.412608736686658,16.294308792230474,0.21621621621621623,1.0580832001073144,725.7649905805745,4,0,12
B_E,5,5.0,15.483333333333333,600004,109a1209f0c42b3145dba6b49421ca314cbd7cf162313c13cc6053309234c2c6,52,7.769703665354748,18.45161397102495,0.3269230769230769,1.0013342640519953,819.325348455565,14,10.227201186239727,22.416769355483925,0.35714285714285715,1.4136585435995326,1316.8688086765164,38,6.864309841870809,11.77801337479453,0.3157894736842105,0.8494253189555342,636.0198631110039,2,0,12
B_N,5,5.0,15.483333333333333,600004,109a1209f0c42b3145dba6b49421ca314cbd7cf162313c13cc6053309234c2c6,52,8.005872255669901,18.45161397102495,0.28846153846153844,1.1302533510658508,858.8667588262881,14,11.191664415490504,22.416769355483925,0.21428571428571427,1.8925008667938528,1481.1900259552428,38,6.832159354683365,11.77801337479453,0.3157894736842105,0.8494253189555342,629.5897656735152,2,0,12
B_E,5,5.0,15.483333333333333,600005,65ce606ca0628697622dce285d01be3417cce90e9612d8c8e86e0a1a5d1fb7d3,41,8.464270471335846,16.727506854649334,0.24390243902439024,0.323485188694066,941.6345820720475,14,10.822382289606978,16.727506854649334,0.21428571428571427,0.0,1407.3336007785383,27,7.24154582482489,13.590766537029328,0.25925925925925924,0.49121824949839654,700.1610168168297,2,0,12
B_N,5,5.0,15.483333333333333,600005,65ce606ca0628697622dce285d01be3417cce90e9612d8c8e86e0a1a5d1fb7d3,41,8.464270471335846,16.727506854649334,0.24390243902439024,0.323485188694066,941.6345820720475,14,10.822382289606978,16.727506854649334,0.21428571428571427,0.0,1407.3336007785383,27,7.24154582482489,13.590766537029328,0.25925925925925924,0.49121824949839654,700.1610168168297,2,0,12
B_E,5,5.0,15.483333333333333,600006,1ae4f6ab76009f33652f853d20b2144a183ded0d1501b1d5bb5081b24da95313,46,6.954865874961387,11.816389039278288,0.30434782608695654,0.010710015231661206,651.8427402096686,13,8.647470056480573,12.767282632996517,0.23076923076923078,0.03789697697357042,975.6478574499605,33,6.288082409514436,11.637353020269071,0.3333333333333333,0.0,524.2831485695536,1,0,12
B_N,5,5.0,15.483333333333333,600006,1ae4f6ab76009f33652f853d20b2144a183ded0d1501b1d5bb5081b24da95313,46,7.256716483552829,11.352142830436165,0.2608695652173913,0.033779206798973734,703.517209754044,13,9.017270187297392,12.767282632996517,0.15384615384615385,0.03789697697357042,1034.223268228709,33,6.563165024501941,11.239306195084847,0.30303030303030304,0.03215705491201141,573.2390655064486,1,0,12
B_E,5,5.0,15.483333333333333,600007,48c3f5b453246b5bb147f62cd9aba504cf1563f7f9919c19f9983e21f42b4b5b,38,5.56530964943953,9.79869268479038,0.39473684210526316,0.0,392.0092983089587,8,5.901523596352257,9.79869268479038,0.5,0.0,480.3047192704516,30,5.47565259692947,8.753429742370287,0.36666666666666664,0.0,368.46385271922725,1,0,12
B_N,5,5.0,15.483333333333333,600007,48c3f5b453246b5bb147f62cd9aba504cf1563f7f9919c19f9983e21f42b4b5b,38,5.56530964943953,9.79869268479038,0.39473684210526316,0.0,392.0092983089587,8,5.901523596352257,9.79869268479038,0.5,0.0,480.3047192704516,30,5.47565259692947,8.753429742370287,0.36666666666666664,0.0,368.46385271922725,1,0,12
B_E,5,5.0,15.483333333333333,600008,21308c37fe63ea552822a99888b1704d1478d2207d6b5bd574e553abb4841a8d,31,6.064360179313569,11.47652841297113,0.45161290322580644,0.6577509606272103,503.1946165078751,6,6.958624918455439,12.315446277061504,0.5,0.0,691.7249836910879,25,5.84973664191952,9.79869268479038,0.44,0.8156111911777407,457.9473283839039,1,0,12
B_N,5,5.0,15.483333333333333,600008,21308c37fe63ea552822a99888b1704d1478d2207d6b5bd574e553abb4841a8d,31,6.086620581470716,11.47652841297113,0.45161290322580644,0.6577509606272103,507.64669693930443,6,6.958624918455439,12.315446277061504,0.5,0.0,691.7249836910879,25,5.877339540594383,9.79869268479038,0.44,0.8156111911777407,463.46790811887644,1,0,12
B_E,5,5.0,15.483333333333333,600009,5322a54ecc9e28ccec1bccb07b70e84a48412ca8442b20c82efb6ac7aef593fd,45,6.020063633824828,9.79869268479038,0.37777777777777777,0.0,479.56828232052106,11,7.157243572220864,13.263099769719858,0.45454545454545453,0.0,722.3578053532638,34,5.652152477284935,8.497474167490214,0.35294117647058826,0.0,401.01873075110444,1,0,12
B_N,5,5.0,15.483333333333333,600009,5322a54ecc9e28ccec1bccb07b70e84a48412ca8442b20c82efb6ac7aef593fd,45,6.020063633824828,9.79869268479038,0.37777777777777777,0.0,479.56828232052106,11,7.157243572220864,13.263099769719858,0.45454545454545453,0.0,722.3578053532638,34,5.652152477284935,8.497474167490214,0.35294117647058826,0.0,401.01873075110444,1,0,12
B_E,5,6.0,14.983333333333333,600000,6ded0cb36965f4ae42581085015cfe4c45556169b3590abe3bc2f2718eb35a71,61,9.104207768868353,17.79976656846216,0.21311475409836064,1.625186210628823,1063.464504593343,13,11.235383094463653,23.974266152387514,0.23076923076923078,2.795714802749549,1493.2304650465765,48,8.527014451519628,17.232270940163573,0.20833333333333334,1.3081680502627933,947.0695569705923,4,0,12
B_N,5,6.0,14.983333333333333,600000,6ded0cb36965f4ae42581085015cfe4c45556169b3590abe3bc2f2718eb35a71,61,8.847285454488635,20.940810961673066,0.19672131147540983,1.3530773640058975,1008.8013531928095,13,10.960504766289784,23.974266152387514,0.23076923076923078,2.34771393014783,1438.254799411803,48,8.27495522420916,17.364764147799125,0.1875,1.0836966273424575,892.4910448418319,4,0,12
B_E,5,6.0,14.983333333333333,600001,e667b202b2bd8971792bbbae7b6d18af0c31dc1a8ebb47b70a013628471dfa8e,49,5.984691717197728,12.621295911571583,0.3877551020408163,0.0,474.48936384770883,12,6.904635996362451,13.413666234542205,0.4166666666666667,0.0,664.2605326058233,37,5.6863314104416025,10.125502233255432,0.3783783783783784,0.0,412.9419577639961,1,0,12
B_N,5,6.0,14.983333333333333,600001,e667b202b2bd8971792bbbae7b6d18af0c31dc1a8ebb47b70a013628471dfa8e,49,5.984691717197728,12.621295911571583,0.3877551020408163,0.0,474.48936384770883,12,6.904635996362451,13.413666234542205,0.4166666666666667,0.0,664.2605326058233,37,5.6863314104416025,10.125502233255432,0.3783783783783784,0.0,412.9419577639961,1,0,12
B_E,5,6.0,14.983333333333333,600002,aa4b50a81565e32dfc843e436aa8b3311b96fce50303a50bddcf05bb65e1ae6c,46,6.304502851770491,11.432740427115679,0.32608695652173914,0.12629630557832727,526.1179616584463,6,8.52242038013886,16.44771082633536,0.5,0.9682716761005091,1004.4840760277717,40,5.971815222515238,10.807509421493164,0.3,0.0,454.36304450304743,1,0,12
B_N,5,6.0,14.983333333333333,600002,aa4b50a81565e32dfc843e436aa8b3311b96fce50303a50bddcf05bb65e1ae6c,46,6.458928724868477,11.432740427115679,0.30434782608695654,0.12629630557832727,552.6553101910869,6,9.655535827603922,16.44771082633536,0.3333333333333333,0.9682716761005091,1197.773832187451,40,5.979437659458161,11.021637021355783,0.3,0.0,455.8875318916321,1,0,12
B_E,5,6.0,14.983333333333333,600003,0e838493617fca2233d076525c6baf8c87a170de111bf28e3345cd78ce2417ab,51,7.446549823554917,19.925174722202488,0.3137254901960784,0.938856734177891,752.0550627501992,10,9.294727429321096,21.157921704472134,0.4,1.8540144634716853,1138.945485864219,41,6.995774797758289,16.26389970656085,0.2926829268292683,0.7156475319111117,657.6915449175116,3,0,12
B_N,5,6.0,14.983333333333333,600003,0e838493617fca2233d076525c6baf8c87a170de111bf28e3345cd78ce2417ab,51,7.558371133318737,19.925174722202488,0.2549019607843137,0.938856734177891,762.6546188206103,10,9.974596697800134,21.157921704472134,0.3,1.8540144634716853,1254.9193395600266,41,6.969047824908642,16.26389970656085,0.24390243902439024,0.7156475319111117,642.5900527866062,3,0,12
B_E,5,6.0,14.983333333333333,600004,8fb651bea530b98f5ca71c41158a878f2528ca187fe4a9466c0271d4d65b1031,63,12.68073956619184,30.115340940313676,0.19047619047619047,4.757624781933186,1774.243151333606,20,15.27319678423567,32.02187001719911,0.15,5.55364407287816,2284.6393568471344,43,11.474945511287734,24.69742771226334,0.20930232558139536,4.387383251261104,1536.8495673738257,5,3,12
B_N,5,6.0,14.983333333333333,600004,8fb651bea530b98f5ca71c41158a878f2528ca187fe4a9466c0271d4d65b1031,63,12.605370666041404,30.115340940313676,0.1746031746031746,4.757624781933186,1755.994768128916,20,15.27319678423567,32.02187001719911,0.1,5.55364407287816,2274.6393568471344,43,11.364521308741748,24.96002366320141,0.20930232558139536,4.387383251261104,1514.7647268646285,5,3,12
B_E,5,6.0,14.983333333333333,600005,ef730a5f8db4b0b832106222b76d1bf606d8026b4185a6bc9358b3f2422368b6,46,7.154121607285428,13.348840711194624,0.2826086956521739,0.5125225710675612,687.3460605875205,13,7.4136618858533,13.258084978508009,0.38461538461538464,0.0,759.655454093737,33,7.051878467243539,13.322085284445588,0.24242424242424243,0.7144254020941762,658.8605419335563,1,0,12
B_N,5,6.0,14.983333333333333,600005,ef730a5f8db4b0b832106222b76d1bf606d8026b4185a6bc9358b3f2422368b6,46,7.154121607285428,13.348840711194624,0.2826086956521739,0.5125225710675612,687.3460605875205,13,7.4136618858533,13.258084978508009,0.38461538461538464,0.0,759.655454093737,33,7.051878467243539,13.322085284445588,0.24242424242424243,0.7144254020941762,658.8605419335563,1,0,12
B_E,5,6.0,14.983333333333333,600006,d18716150f289de3bc7531f6dd6d412bc3f6f467b13c28e9bcdaa370c92a9373,54,6.792305817781868,12.367804190902604,0.3333333333333333,0.0,625.1278302230404,13,8.242990705325134,13.258084978508009,0.3076923076923077,0.0,910.1366026034883,41,6.3323325607559555,11.537498983243799,0.34146341463414637,0.0,534.7591950780202,1,0,12
B_N,5,6.0,14.983333333333333,600006,d18716150f289de3bc7531f6dd6d412bc3f6f467b13c28e9bcdaa370c92a9373,54,6.792305817781868,12.367804190902604,0.3333333333333333,0.0,625.1278302230404,13,8.242990705325134,13.258084978508009,0.3076923076923077,0.0,910.1366026034883,41,6.3323325607559555,11.537498983243799,0.34146341463414637,0.0,534.7591950780202,1,0,12
B_E,5,6.0,14.983333333333333,600007,91861e66129e01620b4d96df8a446e37f8c0cae79527442068c02d0800ca5912,42,4.912270231656482,8.96284793999944,0.4523809523809524,0.0,272.9302368074867,7,4.942483624225823,9.79869268479038,0.7142857142857143,0.0,331.3538677023074,35,4.906227553142614,8.96284793999944,0.4,0.0,261.24551062852254,1,0,12
B_N,5,6.0,14.983333333333333,600007,91861e66129e01620b4d96df8a446e37f8c0cae79527442068c02d0800ca5912,42,4.912270231656482,8.96284793999944,0.4523809523809524,0.0,272.9302368074867,7,4.942483624225823,9.79869268479038,0.7142857142857143,0.0,331.3538677023074,35,4.906227553142614,8.96284793999944,0.4,0.0,261.24551062852254,1,0,12
B_E,5,6.0,14.983333333333333,600008,4bd75593f060a3dc52c21ba23fca755d0defc393d6b94796d1a2b172a3cfd18e,41,5.980046065117773,9.79869268479038,0.4146341463414634,0.5712369190821447,478.9360422918473,11,6.489843436278735,11.47652841297113,0.45454545454545453,0.2754939911749468,588.8777781648379,30,5.793120362358753,9.79869268479038,0.4,0.6796759926481173,438.6240724717507,2,0,12
B_N,5,6.0,14.983333333333333,600008,4bd75593f060a3dc52c21ba23fca755d0defc393d6b94796d1a2b172a3cfd18e,41,5.980046065117773,9.79869268479038,0.4146341463414634,0.5712369190821447,478.9360422918473,11,6.489843436278735,11.47652841297113,0.45454545454545453,0.2754939911749468,588.8777781648379,30,5.793120362358753,9.79869268479038,0.4,0.6796759926481173,438.6240724717507,2,0,12
B_E,5,6.0,14.983333333333333,600009,20936df4af0176dddebd5764a5fc83b5d9b08d96e9958aad5bf29a7c12e918ac,47,5.629048721312964,9.408327129600325,0.3829787234042553,0.0,402.40548894344397,8,5.901523596352257,9.79869268479038,0.5,0.0,480.3047192704516,39,5.573156439253623,8.497474167490214,0.358974358974359,0.0,386.42615964559616,1,0,12
B_N,5,6.0,14.983333333333333,600009,20936df4af0176dddebd5764a5fc83b5d9b08d96e9958aad5bf29a7c12e918ac,47,5.656734221681052,9.79869268479038,0.3829787234042553,0.0,407.94258901706166,8,5.901523596352257,9.79869268479038,0.5,0.0,480.3047192704516,39,5.6065210166202935,8.627596019220233,0.358974358974359,0.0,393.0990751189303,1,0,12
B_E,5,8.0,13.883333333333333,600000,4bc9f9a0f02e2d44e7d9319d640318bc733046dc45856c4bf3f7d303aa85c8ec,69,9.567916180037477,20.698308539379447,0.2028985507246377,1.9294210373370424,1154.162946152422,16,11.37421402343904,23.26830658215691,0.25,2.729916443798629,1524.842804687808,53,9.022618717878512,19.79170807449421,0.1886792452830188,1.6877620467071297,1042.259592632306,4,0,12
B_N,5,8.0,13.883333333333333,600000,4bc9f9a0f02e2d44e7d9319d640318bc733046dc45856c4bf3f7d303aa85c8ec,69,9.463726990620666,20.698308539379447,0.217391304347826,1.9294210373370424,1136.223658993698,16,11.249758336928306,23.26830658215691,0.25,2.729916443798629,1499.9516673856613,53,8.92454771626364,18.78507623791408,0.2075471698113207,1.6877620467071297,1026.4189772149923,4,0,12
B_E,5,8.0,13.883333333333333,600001,54af03842f4454c74bccb8da22fccb73d19300e1d56161f84453430fecffd52b,66,7.26244309884126,17.340368064067917,0.3484848484848485,0.7429659172470785,722.1855894652216,16,8.5974016852192,14.076380254900997,0.375,0.1818848859265927,994.48033704384,50,6.835256351200319,17.92648572594701,0.34,0.922511847269634,635.0512702400636,2,2,12
B_N,5,8.0,13.883333333333333,600001,54af03842f4454c74bccb8da22fccb73d19300e1d56161f84453430fecffd52b,66,6.738172593367936,15.834221176274973,0.3636363636363636,0.4978890724288993,620.3617914008599,16,7.938055152145754,14.047649819526242,0.375,0.0,862.6110304291509,50,6.354210174559034,15.076676427104902,0.36,0.657213575606147,542.8420349118069,2,2,12
B_E,5,8.0,13.883333333333333,600002,3a737dc213ceee17122fdb81af481811fc6e977a50d827492d09929a2fe9a02c,59,7.293840091114699,17.576728836118086,0.3728813559322034,1.0671903851847273,733.3442894093804,9,8.355084975806035,21.87735163278382,0.5555555555555556,1.5635755414704262,982.128106272318,50,7.1028160118702575,16.689502288752987,0.34,0.9778410570533016,688.5632023740515,3,1,12
B_N,5,8.0,13.883333333333333,600002,3a737dc213ceee17122fdb81af481811fc6e977a50d827492d09929a2fe9a02c,59,7.351663319756973,17.41508728444218,0.3728813559322034,0.8706010806977786,744.9089351378354,9,9.880363515211515,23.605002345002944,0.4444444444444444,1.5635755414704262,1264.961591931192,50,6.896497284575155,14.253486410420871,0.36,0.745865677758702,651.2994569150312,2,0,12
B_E,5,8.0,13.883333333333333,600003,a60c7e95f6a79a5ba03b55f39fd886a0df48156d5b063684a466d22efa9c8ca5,62,7.359114660728119,16.58967537557818,0.2741935483870967,0.6838138053918233,726.6616418230433,13,9.681227979050869,18.19491295686373,0.2307692307692307,1.3365026863460885,1182.3994419640198,49,6.743043780356778,9.79869268479038,0.2857142857142857,0.5106514492202835,605.7516132142129,3,0,12
B_N,5,8.0,13.883333333333333,600003,a60c7e95f6a79a5ba03b55f39fd886a0df48156d5b063684a466d22efa9c8ca5,62,7.52729036984066,16.6026404802477,0.2580645161290322,0.6838138053918233,757.0709771939385,13,9.959302867493316,18.19491295686373,0.2307692307692307,1.3365026863460885,1238.0144196525096,49,6.882062564340977,10.77912133018555,0.2653061224489796,0.5106514492202835,629.4737373579911,3,0,12
B_E,5,8.0,13.883333333333333,600004,35cba769f6afe99b1dc2c5753db2b96799689584abec1e7d3e1b7b7bdf21b888,81,27.06647542008052,145.16163522134835,0.1975308641975308,19.646344610064663,4652.8012568556105,23,29.59278038288171,139.31622863147268,0.1304347826086956,20.3231084436468,5144.643033098081,58,26.0646648313835,140.7832497922637,0.2241379310344827,19.377972745023477,4457.760552483596,9,8,12
B_N,5,8.0,13.883333333333333,600004,35cba769f6afe99b1dc2c5753db2b96799689584abec1e7d3e1b7b7bdf21b888,81,27.32094755812288,145.16163522134835,0.1851851851851851,20.096095454486477,4701.226548661613,23,30.144203692733907,139.31622863147268,0.0869565217391304,21.241633136260056,5246.232042894608,58,26.20138047025989,140.7832497922637,0.2241379310344827,19.64183051171419,4485.103680258874,9,8,12
B_E,5,8.0,13.883333333333333,600005,e6e3407e55275f322189f7a069e4c833dc1614949175ddad7ba90320bb01e822,64,7.639133543071315,13.44512946501072,0.265625,0.7066414832647752,780.951708614263,16,9.182153807568492,16.77389490009361,0.3125,0.9601600934615816,1098.930761513698,48,7.124793454905589,13.190327784867108,0.25,0.6221352798658396,674.9586909811179,2,2,12
B_N,5,8.0,13.883333333333333,600005,e6e3407e55275f322189f7a069e4c833dc1614949175ddad7ba90320bb01e822,64,7.747640808113655,13.44512946501072,0.25,0.7066414832647752,799.528161622731,16,9.60707210036789,16.77389490009361,0.25,0.9601600934615816,1171.414420073578,48,7.127830377362243,13.190327784867108,0.25,0.6221352798658396,675.5660754724486,2,2,12
B_E,5,8.0,13.883333333333333,600006,9ccdf6065c741afa1935c7d51e9a561114cdfe1efedad5fe0177c7441c981191,67,10.330202553235624,38.21485768009161,0.3432835820895522,3.4554694663103818,1334.5144348985857,16,12.032488832637918,34.61618555724405,0.25,2.861792799849354,1656.4977665275835,51,9.79615195577608,44.5315625092353,0.3725490196078431,3.6417209695138415,1233.5000563483115,6,3,12
B_N,5,8.0,13.883333333333333,600006,9ccdf6065c741afa1935c7d51e9a561114cdfe1efedad5fe0177c7441c981191,67,10.330202553235624,38.21485768009161,0.3432835820895522,3.4554694663103818,1334.5144348985857,16,12.032488832637918,34.61618555724405,0.25,2.861792799849354,1656.4977665275835,51,9.79615195577608,44.5315625092353,0.3725490196078431,3.6417209695138415,1233.5000563483115,6,3,12
B_E,5,8.0,13.883333333333333,600007,81b24ca452ad2796a7ce4f00c797f17b7af418c32c903530003ad3abfa18cfa0,62,5.449735551988006,9.79869268479038,0.4193548387096774,0.0,373.8180781395368,10,5.881845330474162,11.78692813715388,0.6,0.0,496.3690660948323,52,5.3666375176637455,8.706892365119364,0.3846153846153846,0.0,350.250580455826,1,0,12
B_N,5,8.0,13.883333333333333,600007,81b24ca452ad2796a7ce4f00c797f17b7af418c32c903530003ad3abfa18cfa0,62,5.449735551988006,9.79869268479038,0.4193548387096774,0.0,373.8180781395368,10,5.881845330474162,11.78692813715388,0.6,0.0,496.3690660948323,52,5.3666375176637455,8.706892365119364,0.3846153846153846,0.0,350.250580455826,1,0,12
B_E,5,8.0,13.883333333333333,600008,3ad3b085f15c813dcaa365f09842c1c168f9d7c81f48765f1783f7228c04bdd1,54,5.87083542299759,10.973177694516885,0.3888888888888889,0.0957799244125554,451.9448623772958,14,6.612779416521609,13.245119873838494,0.5,0.0,622.5558833043218,40,5.611155025264184,9.79869268479038,0.35,0.1293028979569498,392.2310050528369,1,0,12
B_N,5,8.0,13.883333333333333,600008,3ad3b085f15c813dcaa365f09842c1c168f9d7c81f48765f1783f7228c04bdd1,54,5.87083542299759,10.973177694516885,0.3888888888888889,0.0957799244125554,451.9448623772958,14,6.612779416521609,13.245119873838494,0.5,0.0,622.5558833043218,40,5.611155025264184,9.79869268479038,0.35,0.1293028979569498,392.2310050528369,1,0,12
B_E,5,8.0,13.883333333333333,600009,e8e3f26dc9d7665660fc8a579082d60f4eef47c9166bc3dd770d97f946e18e3c,60,6.1678037193313,12.729190733479582,0.3666666666666666,0.3034729555621501,506.8940771995932,10,6.336655291196994,11.6443119857892,0.5,0.0,567.3310582393989,50,6.13403340495816,12.017279713244472,0.34,0.36416754667458,494.806680991632,2,0,12
B_N,5,8.0,13.883333333333333,600009,e8e3f26dc9d7665660fc8a579082d60f4eef47c9166bc3dd770d97f946e18e3c,60,6.1678037193313,12.729190733479582,0.3666666666666666,0.3034729555621501,506.8940771995932,10,6.336655291196994,11.6443119857892,0.5,0.0,567.3310582393989,50,6.13403340495816,12.017279713244472,0.34,0.36416754667458,494.806680991632,2,0,12
B_E,5,10.0,10.266666666666666,600000,e18600f4a516c27271f27d9840ceeca3dff46e98e76f83ee68ebdc64ec168f01,86,7.29241583137541,13.666666666666666,0.27906976744186046,0.2679471666532938,714.297119763454,20,8.592587427183576,13.413666234542205,0.3,0.0,978.5174854367149,66,6.898424438706268,14.535288197759586,0.2727272727272727,0.34914327776035253,634.230342286708,2,0,12
B_N,5,10.0,10.266666666666666,600000,e18600f4a516c27271f27d9840ceeca3dff46e98e76f83ee68ebdc64ec168f01,86,7.041803377903538,13.154364141151879,0.26744186046511625,0.321606529702136,661.8490476737306,20,8.631034672194218,13.333021276826754,0.25,0.15306844070146325,976.2069344388434,66,6.560218137209391,11.432740427115679,0.2727272727272727,0.37267867788415804,566.5890819873329,2,0,12
B_E,5,10.0,10.266666666666666,600001,97ee0b206a2718eb7891a8d7bff14ed9fe7363188474a0206e9549eb6f757912,77,5.4601605390755426,9.79869268479038,0.4025974025974026,0.0,372.5515883345891,19,6.307256506719148,9.79869268479038,0.42105263157894735,0.0,545.6618276596191,58,5.18266358415781,8.497474167490214,0.39655172413793105,0.0,315.84306165914813,1,0,12
B_N,5,10.0,10.266666666666666,600001,97ee0b206a2718eb7891a8d7bff14ed9fe7363188474a0206e9549eb6f757912,77,5.4601605390755426,9.79869268479038,0.4025974025974026,0.0,372.5515883345891,19,6.307256506719148,9.79869268479038,0.42105263157894735,0.0,545.6618276596191,58,5.18266358415781,8.497474167490214,0.39655172413793105,0.0,315.84306165914813,1,0,12
B_E,5,10.0,10.266666666666666,600002,0d942c6459dd85512639844c84bedb2568088acb96d024a1977c7067ab1a2095,73,5.392620406145293,9.79869268479038,0.4383561643835616,0.0,366.19531410577116,10,6.0010881455608445,9.79869268479038,0.5,0.0,500.2176291121688,63,5.296038225285683,9.785490082978008,0.42857142857142855,0.0,344.9219307714223,1,0,12
B_N,5,10.0,10.266666666666666,600002,0d942c6459dd85512639844c84bedb2568088acb96d024a1977c7067ab1a2095,73,5.356056135929618,9.79869268479038,0.4383561643835616,0.0,358.8824600626359,10,6.0010881455608445,9.79869268479038,0.5,0.0,500.2176291121688,63,5.253670102654821,8.96284793999944,0.42857142857142855,0.0,336.44830624524974,1,0,12
B_E,5,10.0,10.266666666666666,600003,38587e628021092db210a842a53463f7d8d9e1ec8e85f802d07be0290dbfc3c6,80,6.456131385469436,12.030391647832529,0.325,0.4197466946890927,556.2262770938871,15,6.413986486438924,10.039544020771661,0.4666666666666667,0.5067686980929769,576.130630621118,65,6.465857131399554,13.32218771533316,0.2923076923076923,0.39966469390358095,551.6329647414493,2,0,12
B_N,5,10.0,10.266666666666666,600003,38587e628021092db210a842a53463f7d8d9e1ec8e85f802d07be0290dbfc3c6,80,6.456131385469436,12.030391647832529,0.325,0.4197466946890927,556.2262770938871,15,6.413986486438924,10.039544020771661,0.4666666666666667,0.5067686980929769,576.130630621118,65,6.465857131399554,13.32218771533316,0.2923076923076923,0.39966469390358095,551.6329647414493,2,0,12
B_E,5,10.0,10.266666666666666,600004,b2ab7075ea8dc90f9b97c40083498ab049d3ccdf3da67bd96f68f35e1cf0ff5b,88,10.931640446630709,34.61998062536149,0.36363636363636365,4.214338837496391,1455.415121291609,27,15.00068711741483,47.131283510478404,0.2962962962962963,6.26628107601573,2253.380971330409,61,9.130587002185276,30.294390038393125,0.39344262295081966,3.306102108971438,1102.2171220941075,5,4,12
B_N,5,10.0,10.266666666666666,600004,b2ab7075ea8dc90f9b97c40083498ab049d3ccdf3da67bd96f68f35e1cf0ff5b,88,10.96364170477215,34.61998062536149,0.3522727272727273,4.214338837496391,1459.5426456471703,27,14.926935599482547,47.131283510478404,0.2962962962962963,6.26628107601573,2238.630667743952,61,9.209396866129845,30.294390038393125,0.3770491803278688,3.306102108971438,1114.7004063584309,5,4,12
B_E,5,10.0,10.266666666666666,600005,c53533e7638f973fcef3447920937303b37c03e3a5ea9fb151b1d785439a4409,78,7.701666441230957,20.73153137113928,0.3717948717948718,1.4596027552928343,813.4611546288979,19,8.495883955023427,19.47052333277284,0.42105263157894735,0.9524008336601056,978.3332951021137,59,7.445901479162194,20.643009692747846,0.3559322033898305,1.6229389673440522,760.3667365104047,3,0,12
B_N,5,10.0,10.266666666666666,600005,c53533e7638f973fcef3447920937303b37c03e3a5ea9fb151b1d785439a4409,78,7.9295963950000345,20.73153137113928,0.34615384615384615,1.4596027552928343,853.9189402545081,19,9.57841186953364,19.47052333277284,0.3157894736842105,0.9524008336601056,1173.7862464252091,59,7.398621920150227,20.643009692747846,0.3559322033898305,1.6229389673440522,750.9108247080113,3,0,12
B_E,5,10.0,10.266666666666666,600006,f22bd7be3d7e87bc852466dfc28977673ce32905f2f93f8541d1e0fd67a9dc06,79,6.205461186422739,11.14258907906943,0.35443037974683544,0.0,511.978313233915,21,7.636709418644299,9.79869268479038,0.2857142857142857,0.0,784.4847408717169,58,5.6872506195838985,11.158708598405333,0.3793103448275862,0.0,413.3121928822969,1,0,12
B_N,5,10.0,10.266666666666666,600006,f22bd7be3d7e87bc852466dfc28977673ce32905f2f93f8541d1e0fd67a9dc06,79,6.2352402968435685,11.14258907906943,0.3291139240506329,0.0,512.8708441788403,21,7.4769155397699425,9.79869268479038,0.2857142857142857,0.0,752.5259650968453,58,5.785668226128848,11.432740427115679,0.3448275862068966,0.0,426.0991624671489,1,0,12
B_E,5,10.0,10.266666666666666,600007,765cd378e3dc3a57bbc75179d6d03d1585e53f9636b2111b2b38b3bd8179de45,67,5.532158398447322,9.79869268479038,0.3880597014925373,0.0,384.04361998797197,13,6.201305833924422,9.79869268479038,0.46153846153846156,0.0,532.5688590925766,54,5.3710673491658,9.86397580513495,0.37037037037037035,0.0,348.2875439072338,1,0,12
B_N,5,10.0,10.266666666666666,600007,765cd378e3dc3a57bbc75179d6d03d1585e53f9636b2111b2b38b3bd8179de45,67,5.532158398447322,9.79869268479038,0.3880597014925373,0.0,384.04361998797197,13,6.201305833924422,9.79869268479038,0.46153846153846156,0.0,532.5688590925766,54,5.3710673491658,9.86397580513495,0.37037037037037035,0.0,348.2875439072338,1,0,12
B_E,5,10.0,10.266666666666666,600008,5369ce7f4e56bc98914cc355d2d49ec3c344e503fae69c6da58195ad9474eee7,74,5.656340742520749,9.79869268479038,0.4189189189189189,0.0,415.0519322879337,18,6.378923652473432,10.340938717253149,0.5,0.0,575.7847304946865,56,5.424081950035959,9.79869268479038,0.39285714285714285,0.0,363.3878185786203,1,0,12
B_N,5,10.0,10.266666666666666,600008,5369ce7f4e56bc98914cc355d2d49ec3c344e503fae69c6da58195ad9474eee7,74,5.732415069353371,9.79869268479038,0.40540540540540543,0.0,427.5640949517551,18,6.7566288016284535,10.340938717253149,0.4444444444444444,0.0,640.2146492145796,56,5.403203512550665,9.79869268479038,0.39285714285714285,0.0,359.2121310815615,1,0,12
B_E,5,10.0,10.266666666666666,600009,59239666377ca65165294b1a7ad8086c81592fcb3b723f8a4843ce5aa21cff74,80,5.46624760452783,9.79869268479038,0.425,0.0,378.2495209055659,13,6.785733181470212,11.244682104691105,0.46153846153846156,0.0,649.4543286017347,67,5.210228014971844,8.82323580824667,0.417910447761194,0.0,325.62769254660776,1,0,12
B_N,5,10.0,10.266666666666666,600009,59239666377ca65165294b1a7ad8086c81592fcb3b723f8a4843ce5aa21cff74,80,5.46624760452783,9.79869268479038,0.425,0.0,378.2495209055659,13,6.785733181470212,11.244682104691105,0.46153846153846156,0.0,649.4543286017347,67,5.210228014971844,8.82323580824667,0.417910447761194,0.0,325.62769254660776,1,0,12
B_E,5,11.0,8.7,600000,19b339c53d05f295a8fa8e9823580ada97a01c4bf9ffcf03f7d1f91a76646bb1,93,6.779433683512915,13.258084978508007,0.3225806451612903,0.23650455942846238,620.4028657348408,20,8.909769022678422,16.999032931089715,0.3,0.43721810744573303,1041.9538045356844,73,6.195780165933322,12.005224664229212,0.3287671232876712,0.18151454627304578,504.90945784419864,2,0,12
B_N,5,11.0,8.7,600000,19b339c53d05f295a8fa8e9823580ada97a01c4bf9ffcf03f7d1f91a76646bb1,93,6.858343200710513,14.891002741859708,0.3333333333333333,0.44390075107312243,638.3353068087691,20,8.779484420439918,17.625220390178836,0.35,0.814651712264822,1025.8968840879834,73,6.3320031405106745,12.32253324237473,0.3287671232876712,0.3423251452671774,532.1540527596692,2,0,12
B_E,5,11.0,8.7,600001,d1545ff554cee5ef1fbb62bc6b73a1203b305c806ea05670b24f4d884869bd85,86,5.45187057495233,9.79869268479038,0.43023255813953487,0.0,376.42062661837286,21,7.256179855041573,13.154364141151879,0.38095238095238093,0.0,727.4264471987912,65,4.868939884461958,8.497474167490214,0.4461538461538462,0.0,263.0187461231608,1,0,12
B_N,5,11.0,8.7,600001,d1545ff554cee5ef1fbb62bc6b73a1203b305c806ea05670b24f4d884869bd85,86,5.448330416693314,9.79869268479038,0.43023255813953487,0.0,375.7125949665698,21,7.16135647484292,13.154364141151879,0.38095238095238093,0.0,708.4617711590604,65,4.894891228675749,8.497474167490214,0.4461538461538462,0.0,268.2090149659189,1,0,12
B_E,5,11.0,8.7,600002,b97052065e8634962811f7e978db8f2b4b3c1365626677d211f0317509950950,83,5.050593757777942,9.79869268479038,0.5060240963855421,0.0,311.32357083269676,14,5.745232621855638,11.063933427203517,0.5714285714285714,0.0,463.3322386568417,69,4.909652538979569,9.666666666666668,0.4927536231884058,0.0,280.48123243359476,1,0,12
B_N,5,11.0,8.7,600002,b97052065e8634962811f7e978db8f2b4b3c1365626677d211f0317509950950,83,5.216824934039627,9.79869268479038,0.4819277108433735,0.0,339.7505289766,14,6.230853527912093,11.063933427203517,0.5,0.0,546.1707055824186,69,5.011080001949561,9.198989666996079,0.4782608695652174,0.0,297.86817430295554,1,0,12
B_E,5,11.0,8.7,600003,9c9de3d1512eb551ffb50703dd42862edbcd83d9f7951946418f5768fd300075,83,5.966729594949879,13.07192480315095,0.39759036144578314,0.439596053601838,472.8639912791322,17,6.375153206828994,13.206224559829943,0.5294117647058824,0.0,580.9129943069754,66,5.861529573708288,12.289258052477482,0.36363636363636365,0.5528253401356448,445.0331874689302,3,0,12
B_N,5,11.0,8.7,600003,9c9de3d1512eb551ffb50703dd42862edbcd83d9f7951946418f5768fd300075,83,6.075029468927488,13.07192480315095,0.37349397590361444,0.439596053601838,489.7046889662206,17,6.375153206828994,13.206224559829943,0.5294117647058824,0.0,580.9129943069754,66,5.99772486977104,12.289258052477482,0.3333333333333333,0.5528253401356448,466.2116406208747,3,0,12
B_E,5,11.0,8.7,600004,1fe734e596e9c8642beda4564c13f5f940782cf4dc27e3f0e4d5f9b40953a7eb,98,11.536425620797038,44.09061592729903,0.336734693877551,4.860702526940722,1574.632062934918,29,15.852277741973673,48.502361346795766,0.2413793103448276,7.117465155959131,2418.7314104637,69,9.722516758273525,38.01020789184823,0.37681159420289856,3.912208088657623,1219.8656704952848,6,6,12
B_N,5,11.0,8.7,600004,1fe734e596e9c8642beda4564c13f5f940782cf4dc27e3f0e4d5f9b40953a7eb,98,11.536425620797038,44.09061592729903,0.336734693877551,4.860702526940722,1574.632062934918,29,15.852277741973673,48.502361346795766,0.2413793103448276,7.117465155959131,2418.7314104637,69,9.722516758273525,38.01020789184823,0.37681159420289856,3.912208088657623,1219.8656704952848,6,6,12
B_E,5,11.0,8.7,600005,e37a7efa872c1f0953439f20afc7e87d069397069dd58b65ea4cb8a4e28c5412,91,7.547975521696133,20.682789100845792,0.3516483516483517,1.2049955690292715,779.9247746688972,21,9.278204001099839,20.80865348425658,0.3333333333333333,0.8539004952177666,1122.3074668866345,70,7.028906977875022,20.070858896273826,0.35714285714285715,1.310324091172723,677.2099670035759,4,0,12
B_N,5,11.0,8.7,600005,e37a7efa872c1f0953439f20afc7e87d069397069dd58b65ea4cb8a4e28c5412,91,7.547975521696133,20.682789100845792,0.3516483516483517,1.2049955690292715,779.9247746688972,21,9.278204001099839,20.80865348425658,0.3333333333333333,0.8539004952177666,1122.3074668866345,70,7.028906977875022,20.070858896273826,0.35714285714285715,1.310324091172723,677.2099670035759,4,0,12
B_E,5,11.0,8.7,600006,253929fb41397f33a70de3cf25984615d74e04b60a01a17b8292c890f1544ed5,90,6.310279108599165,11.490357632986145,0.34444444444444444,0.21999259630530205,530.9447106087216,21,7.289028215046968,13.413666234542205,0.38095238095238093,0.020500641272519715,733.9961191998694,69,6.012398945767224,11.303784272428455,0.3333333333333333,0.28070753914136626,469.1464558201115,2,0,12
B_N,5,11.0,8.7,600006,253929fb41397f33a70de3cf25984615d74e04b60a01a17b8292c890f1544ed5,90,6.2564091427269295,13.154364141151879,0.36666666666666664,0.21520911334171414,524.6151618787194,21,8.223262154198897,13.154364141151879,0.2857142857142857,0.0,901.7952879826365,69,5.657801704452853,10.532876690905233,0.391304347826087,0.28070753914136626,409.82121045578793,2,0,12
B_E,5,11.0,8.7,600007,a25f1162252d38a81b64151ce7c3a843e1bbeacfb24a4f20280fad674d1110cf,74,5.181730637851231,9.79869268479038,0.4189189189189189,0.0,320.1299113540302,15,6.451422665477958,10.805394121698827,0.4666666666666667,0.0,583.6178664289248,59,4.85892757998003,8.96284793999944,0.4067796610169492,0.0,253.14144819939597,1,0,12
B_N,5,11.0,8.7,600007,a25f1162252d38a81b64151ce7c3a843e1bbeacfb24a4f20280fad674d1110cf,74,5.181730637851231,9.79869268479038,0.4189189189189189,0.0,320.1299113540302,15,6.451422665477958,10.805394121698827,0.4666666666666667,0.0,583.6178664289248,59,4.85892757998003,8.96284793999944,0.4067796610169492,0.0,253.14144819939597,1,0,12
B_E,5,11.0,8.7,600008,6b57ec0e9bec8a79a25388e08549ece37362498393a27213baaa5b43ac5f0fec,88,6.081425215850226,11.765235890989937,0.36363636363636365,0.19825606124835427,489.0123158973178,20,7.460522924505132,14.086360323563495,0.4,0.6117819376471744,772.1045849010263,68,5.67580824271643,11.202392161886332,0.35294117647058826,0.07663080348399542,405.74988383740356,1,0,12
B_N,5,11.0,8.7,600008,6b57ec0e9bec8a79a25388e08549ece37362498393a27213baaa5b43ac5f0fec,88,6.151666633741616,10.627735567378334,0.36363636363636365,0.23482413956025994,503.06059947559584,20,8.016620302018724,15.470924152118542,0.4,0.7089089527897159,883.3240604037449,68,5.603150848954231,9.34326620373532,0.35294117647058826,0.09538742978689055,391.21840508496376,2,0,12
B_E,5,11.0,8.7,600009,15520341e2c33dce7220b79ddca7ef6c356fb57ddd5bc4f5bdc27fdb2a8c2d23,89,5.70184701006612,9.79869268479038,0.38202247191011235,0.0,416.77389639524654,16,7.195158087649924,14.242126389568988,0.4375,0.0,726.5316175299848,73,5.374545951965561,8.6836236764939,0.3698630136986301,0.0,348.88179313283825,1,0,12
B_N,5,11.0,8.7,600009,15520341e2c33dce7220b79ddca7ef6c356fb57ddd5bc4f5bdc27fdb2a8c2d23,89,5.829729227979984,11.086040219915635,0.3707865168539326,0.0,440.1031489667831,16,7.620076380449323,14.242126389568988,0.375,0.0,799.0152760898645,73,5.4373243726442375,8.6836236764939,0.3698630136986301,0.0,361.43747726857356,1,0,12
B_E,5,12.0,8.05,600000,427a46077b35ed532287cd4d1ac4d54304b2a8ce486668186d83c13a18212d44,100,7.269137230414843,16.803638669574152,0.34,0.794935374316774,721.8274460829687,23,9.61790299597616,30.102346217690016,0.391304347826087,1.843180094965488,1201.8414687604493,77,6.567557845896529,12.675805665989843,0.3246753246753247,0.4818233149022229,578.4466341143707,3,0,12
B_N,5,12.0,8.05,600000,427a46077b35ed532287cd4d1ac4d54304b2a8ce486668186d83c13a18212d44,100,7.269137230414843,16.803638669574152,0.34,0.794935374316774,721.8274460829687,23,9.61790299597616,30.102346217690016,0.391304347826087,1.843180094965488,1201.8414687604493,77,6.567557845896529,12.675805665989843,0.3246753246753247,0.4818233149022229,578.4466341143707,3,0,12
B_E,5,12.0,8.05,600001,ae73b4b90f8af92e5e96b06fba75ca336592f17e451f7665b80610dcea1674af,93,5.623843256569315,9.79869268479038,0.4086021505376344,0.0,406.4890814213899,23,7.507513106495969,13.15436414115188,0.3478260869565217,0.0,771.0678386904979,70,5.004923163021986,8.497474167490214,0.4285714285714285,0.0,286.698918318683,1,0,12
B_N,5,12.0,8.05,600001,ae73b4b90f8af92e5e96b06fba75ca336592f17e451f7665b80610dcea1674af,93,5.623843256569315,9.79869268479038,0.4086021505376344,0.0,406.4890814213899,23,7.507513106495969,13.15436414115188,0.3478260869565217,0.0,771.0678386904979,70,5.004923163021986,8.497474167490214,0.4285714285714285,0.0,286.698918318683,1,0,12
B_E,5,12.0,8.05,600002,a36f579727754b833bbf8a71610fb57c615211738160c647e3bf2d5a6565aa2a,90,5.068242960761851,9.73928097663471,0.4777777777777778,0.0,309.20414770792564,15,5.412177575227791,10.805394121698829,0.6,0.0,402.4355150455583,75,4.999456037868663,9.173993557999609,0.4533333333333333,0.0,290.55787424039914,1,0,12
B_N,5,12.0,8.05,600002,a36f579727754b833bbf8a71610fb57c615211738160c647e3bf2d5a6565aa2a,90,5.068242960761851,9.73928097663471,0.4777777777777778,0.0,309.20414770792564,15,5.412177575227791,10.805394121698829,0.6,0.0,402.4355150455583,75,4.999456037868663,9.173993557999609,0.4533333333333333,0.0,290.55787424039914,1,0,12
B_E,5,12.0,8.05,600003,d72c060de9eb9f5d04162d4150973b6cd99c5b5efe60fe031a59e94b7618a674,91,6.920424443432513,18.203821173345418,0.3516483516483517,0.9771586371414462,654.4145590161728,19,7.05687713307568,13.998303589479583,0.4736842105263157,0.3213513496191713,706.1122687203991,72,6.884416094776676,19.30126804518222,0.3194444444444444,1.1502188935709354,640.7721078442241,4,0,12
B_N,5,12.0,8.05,600003,d72c060de9eb9f5d04162d4150973b6cd99c5b5efe60fe031a59e94b7618a674,91,6.920424443432513,18.203821173345418,0.3516483516483517,0.9771586371414462,654.4145590161728,19,7.05687713307568,13.998303589479583,0.4736842105263157,0.3213513496191713,706.1122687203991,72,6.884416094776676,19.30126804518222,0.3194444444444444,1.1502188935709354,640.7721078442241,4,0,12
B_E,5,12.0,8.05,600004,c1d0b2b7991af950820ee5fc9418b0cd0458809e5bb8b0a4c9e9abadd5111377,109,12.976760288279504,41.5937114747482,0.3761467889908257,6.559388332725292,1870.5814154540656,31,16.20636495304762,50.201262977206696,0.2903225806451613,7.715214260343806,2499.3375067385555,78,11.693199459974222,31.45392251990917,0.4102564102564102,6.100021617902549,1620.691174046127,7,5,12
B_N,5,12.0,8.05,600004,c1d0b2b7991af950820ee5fc9418b0cd0458809e5bb8b0a4c9e9abadd5111377,109,12.976760288279504,41.5937114747482,0.3761467889908257,6.559388332725292,1870.5814154540656,31,16.20636495304762,50.201262977206696,0.2903225806451613,7.715214260343806,2499.3375067385555,78,11.693199459974222,31.45392251990917,0.4102564102564102,6.100021617902549,1620.691174046127,7,5,12
B_E,5,12.0,8.05,600005,fee8c1c04280c5f6e99abae7f0cd3c5f5a5be44a0fbe30a7fe4dff1169c179bb,98,6.487483566552532,13.413666234542204,0.3775510204081632,0.3293294647503769,573.0069173921391,22,8.64893138457865,13.413666234542204,0.3636363636363636,0.3285416653627842,1002.5135496430026,76,5.86180130343971,9.439639724154318,0.3815789473684211,0.3295575119415221,448.67605016162594,3,0,12
B_N,5,12.0,8.05,600005,fee8c1c04280c5f6e99abae7f0cd3c5f5a5be44a0fbe30a7fe4dff1169c179bb,98,6.487483566552532,13.413666234542204,0.3775510204081632,0.3293294647503769,573.0069173921391,22,8.64893138457865,13.413666234542204,0.3636363636363636,0.3285416653627842,1002.5135496430026,76,5.86180130343971,9.439639724154318,0.3815789473684211,0.3295575119415221,448.67605016162594,3,0,12
B_E,5,12.0,8.05,600006,45f076d171eb87bcb0394be7cc5959d9168c164a9df04a0e4d4185b8c25d88ae,104,6.613174433270406,13.19309334785348,0.3365384615384615,0.2369194867933401,589.9425789617736,24,8.445983539074788,13.374770920533656,0.2916666666666667,0.1033412976812542,947.5300411482908,80,6.063331701529092,11.52109980144699,0.35,0.2769929435269659,482.6663403058183,2,1,12
B_N,5,12.0,8.05,600006,45f076d171eb87bcb0394be7cc5959d9168c164a9df04a0e4d4185b8c25d88ae,104,6.615426989030539,13.15436414115188,0.3365384615384615,0.2369194867933401,590.3930901137999,24,8.869082044956118,13.374770920533656,0.25,0.1033412976812542,1023.8164089912232,80,5.939330472252864,11.482507926550923,0.3625,0.2769929435269659,460.3660944505729,2,1,12
B_E,5,12.0,8.05,600007,b3766d2095a7d2bc921f9dd175a387d9e3fe8bf0c35514f516f169cb27beb2e3,82,5.466902637965896,9.79869268479038,0.4024390243902439,0.0,373.8683324712281,17,7.135661678672784,13.868992683851369,0.4117647058823529,0.0,709.4852769110275,65,5.030457965781018,8.96284793999944,0.4,0.0,286.09159315620366,1,0,12
B_N,5,12.0,8.05,600007,b3766d2095a7d2bc921f9dd175a387d9e3fe8bf0c35514f516f169cb27beb2e3,82,5.406426396043532,9.79869268479038,0.4024390243902439,0.0,361.7730840867552,17,7.018526914897977,13.868992683851369,0.4117647058823529,0.0,686.0583241560662,65,4.984800106496984,8.869773185497593,0.4,0.0,276.96002129939694,1,0,12
B_E,5,12.0,8.05,600008,91752b5f19a0ab5bb17936d17663d64b64d8791d747bd97a06f7fcf5189cd0a0,98,5.873505643507034,11.5374989832438,0.4081632653061224,0.0810525820155334,456.33378176263136,22,7.363696419736672,13.400701129872688,0.5,0.3610524107964672,772.7392839473342,76,5.442134629335297,10.328815438749604,0.3815789473684211,0.0,364.7427153407437,1,0,12
B_N,5,12.0,8.05,600008,91752b5f19a0ab5bb17936d17663d64b64d8791d747bd97a06f7fcf5189cd0a0,98,5.861575107801153,11.5374989832438,0.4081632653061224,0.0810525820155334,453.9476746214549,22,7.582214678855703,13.400701129872688,0.4545454545454545,0.3610524107964672,807.3520266802312,76,5.363495231969573,10.328815438749604,0.3947368421052631,0.0,351.64641481496705,1,0,12
B_E,5,12.0,8.05,600009,2dcf2132f943cc2fc3756ff0247e372ff3feb34664c695667250722d6605344a,93,5.657880566791388,10.723131439005112,0.4086021505376344,0.0,413.2965434658044,18,7.094652823891845,13.193259455160428,0.4444444444444444,0.0,707.8194536672579,75,5.313055225087278,8.63708629924298,0.4,0.0,342.61104501745547,1,0,12
B_N,5,12.0,8.05,600009,2dcf2132f943cc2fc3756ff0247e372ff3feb34664c695667250722d6605344a,93,5.861617237834324,12.005224664229212,0.3870967741935484,0.0,449.7428024055743,18,7.864468794056906,13.413666234542204,0.3333333333333333,0.0,839.5604254780477,75,5.380932864340904,8.497474167490214,0.4,0.0,356.1865728681807,1,0,12
B_E,6,0.5,17.75,600000,ce6694e6c9efbeb4eab3af32b26f31061eaa163b50ddac724debb6216b30db69,8,5.5928473376379735,9.257449291954908,0.375,0.0,393.5694675275947,0,,,,,,8,5.5928473376379735,9.257449291954908,0.375,0.0,393.5694675275947,1,0,12
B_N,6,0.5,17.75,600000,ce6694e6c9efbeb4eab3af32b26f31061eaa163b50ddac724debb6216b30db69,8,5.5928473376379735,9.257449291954908,0.375,0.0,393.5694675275947,0,,,,,,8,5.5928473376379735,9.257449291954908,0.375,0.0,393.5694675275947,1,0,12
B_E,6,0.5,17.75,600001,db6610f4fc2a19bf29972a114fbd86179102106da637f81d15cfd80cfb57acc1,5,3.7542472332656502,6.016988933062602,0.8,0.0,110.84944665313014,2,4.885618083164127,6.5826743580118405,0.5,0.0,277.12361663282536,3,3.0,3.0,1.0,0.0,0.0,1,0,12
B_N,6,0.5,17.75,600001,db6610f4fc2a19bf29972a114fbd86179102106da637f81d15cfd80cfb57acc1,5,3.7542472332656502,6.016988933062602,0.8,0.0,110.84944665313014,2,4.885618083164127,6.5826743580118405,0.5,0.0,277.12361663282536,3,3.0,3.0,1.0,0.0,0.0,1,0,12
B_E,6,0.5,17.75,600002,01bb2a6b9060e124dca102e66dc2c62cd19cab55b0de66e2932178d9d7d53160,0,,,,,,0,,,,,,0,,,,,,0,0,12
B_N,6,0.5,17.75,600002,01bb2a6b9060e124dca102e66dc2c62cd19cab55b0de66e2932178d9d7d53160,0,,,,,,0,,,,,,0,,,,,,0,0,12
B_E,6,0.5,17.75,600003,7f004e60f20f07d97c8ad713019af0750940dac735f18ba2a79bd18b18b33fd9,10,10.038003153821922,22.750225071803506,0.1,1.9231251582947155,1227.6006307643845,0,,,,,,10,10.038003153821922,22.750225071803506,0.1,1.9231251582947155,1227.6006307643845,2,2,12
B_N,6,0.5,17.75,600003,7f004e60f20f07d97c8ad713019af0750940dac735f18ba2a79bd18b18b33fd9,10,10.038003153821922,22.750225071803506,0.1,1.9231251582947155,1227.6006307643845,0,,,,,,10,10.038003153821922,22.750225071803506,0.1,1.9231251582947155,1227.6006307643845,2,2,12
B_E,6,0.5,17.75,600004,1c90f03d122dad7a20f9c63e6b4eed6544b91eeb9e2aa4191d0745be0cdf6175,3,6.007923971392164,7.748298551912571,0.3333333333333333,0.0,468.2514609450994,1,3.0,3.0,1.0,0.0,0.0,2,7.511885957088246,7.777850126265612,0.0,0.0,702.3771914176491,1,0,12
B_N,6,0.5,17.75,600004,1c90f03d122dad7a20f9c63e6b4eed6544b91eeb9e2aa4191d0745be0cdf6175,3,6.007923971392164,7.748298551912571,0.3333333333333333,0.0,468.2514609450994,1,3.0,3.0,1.0,0.0,0.0,2,7.511885957088246,7.777850126265612,0.0,0.0,702.3771914176491,1,0,12
B_E,6,0.5,17.75,600005,5e12f702ddac652810989f1d3bd3b3e96942dd7ec12afce41c9a21897426c379,8,7.238460714623773,11.10596370063183,0.25,0.629830337084968,697.6921429247548,2,7.404939431503999,11.369384919857598,0.5,2.519321348339872,780.9878863007999,6,7.182967808997032,9.79869268479038,0.1666666666666666,0.0,669.9268951327398,1,1,12
B_N,6,0.5,17.75,600005,5e12f702ddac652810989f1d3bd3b3e96942dd7ec12afce41c9a21897426c379,8,7.238460714623773,11.10596370063183,0.25,0.629830337084968,697.6921429247548,2,7.404939431503999,11.369384919857598,0.5,2.519321348339872,780.9878863007999,6,7.182967808997032,9.79869268479038,0.1666666666666666,0.0,669.9268951327398,1,1,12
B_E,6,0.5,17.75,600006,a91b90d417adf515141db11f5aec27bbc69a447076f797cf7179691ea9a46905,4,4.201850425154663,7.086291445525853,0.75,0.0,190.3700850309326,1,3.0,3.0,1.0,0.0,0.0,3,4.60246723353955,7.326661530556787,0.6666666666666666,0.0,253.8267800412435,1,0,12
B_N,6,0.5,17.75,600006,a91b90d417adf515141db11f5aec27bbc69a447076f797cf7179691ea9a46905,4,4.201850425154663,7.086291445525853,0.75,0.0,190.3700850309326,1,3.0,3.0,1.0,0.0,0.0,3,4.60246723353955,7.326661530556787,0.6666666666666666,0.0,253.8267800412435,1,0,12
B_E,6,0.5,17.75,600007,affe10e3aeefa29366a4556e87e016fb407b3d34bff48211038c4a5e220013ab,2,3.942809041582064,4.791337179005921,0.5,0.0,88.56180831641271,0,,,,,,2,3.942809041582064,4.791337179005921,0.5,0.0,88.56180831641271,1,0,12
B_N,6,0.5,17.75,600007,affe10e3aeefa29366a4556e87e016fb407b3d34bff48211038c4a5e220013ab,2,3.942809041582064,4.791337179005921,0.5,0.0,88.56180831641271,0,,,,,,2,3.942809041582064,4.791337179005921,0.5,0.0,88.56180831641271,1,0,12
B_E,6,0.5,17.75,600008,d910c8692718bb53b2b3944a68a8ba4f583efda354abb3cedf8ea6ecdc2dcf18,1,3.0,3.0,1.0,0.0,0.0,0,,,,,,1,3.0,3.0,1.0,0.0,0.0,1,0,12
B_N,6,0.5,17.75,600008,d910c8692718bb53b2b3944a68a8ba4f583efda354abb3cedf8ea6ecdc2dcf18,1,3.0,3.0,1.0,0.0,0.0,0,,,,,,1,3.0,3.0,1.0,0.0,0.0,1,0,12
B_E,6,0.5,17.75,600009,b81854d2598655eb778e4da6b17af39e5db3435b3ba42747e0ac33af7b6eb944,4,4.525497074180492,6.866757393998782,0.5,0.0,205.09941483609836,0,,,,,,4,4.525497074180492,6.866757393998782,0.5,0.0,205.09941483609836,1,0,12
B_N,6,0.5,17.75,600009,b81854d2598655eb778e4da6b17af39e5db3435b3ba42747e0ac33af7b6eb944,4,4.525497074180492,6.866757393998782,0.5,0.0,205.09941483609836,0,,,,,,4,4.525497074180492,6.866757393998782,0.5,0.0,205.09941483609836,1,0,12
B_E,6,1.0,17.5,600000,e146016eb9f5bbf242aa602a5eab0133970762642d958c0484c4f8f55a95cb73,14,6.11656183128832,10.787478163950356,0.4285714285714285,0.1324930096930724,509.0266519719496,1,3.0,3.0,1.0,0.0,0.0,13,6.3562973567720364,10.913679106401911,0.3846153846153846,0.1426847796694626,548.1825482774841,1,0,12
B_N,6,1.0,17.5,600000,e146016eb9f5bbf242aa602a5eab0133970762642d958c0484c4f8f55a95cb73,14,6.11656183128832,10.787478163950356,0.4285714285714285,0.1324930096930724,509.0266519719496,1,3.0,3.0,1.0,0.0,0.0,13,6.3562973567720364,10.913679106401911,0.3846153846153846,0.1426847796694626,548.1825482774841,1,0,12
B_E,6,1.0,17.5,600001,067ee38c7b5677ffc9f4294ee73cbb6415b802c875b995ae13d24651a5b97f05,6,3.942809041582063,6.299831645537222,0.6666666666666666,0.0,121.895141649746,2,4.885618083164127,6.5826743580118405,0.5,0.0,277.12361663282536,4,3.471404520791032,4.602775370689508,0.75,0.0,44.280904158206354,1,0,12
B_N,6,1.0,17.5,600001,067ee38c7b5677ffc9f4294ee73cbb6415b802c875b995ae13d24651a5b97f05,6,3.942809041582063,6.299831645537222,0.6666666666666666,0.0,121.895141649746,2,4.885618083164127,6.5826743580118405,0.5,0.0,277.12361663282536,4,3.471404520791032,4.602775370689508,0.75,0.0,44.280904158206354,1,0,12
B_E,6,1.0,17.5,600002,5fec6754f8393bcd745a75f8a077fcb9908fc7b49053948570336e4b0dd051d5,6,4.818231666223436,7.659643828853449,0.5,0.0,263.64633324468724,1,3.0,3.0,1.0,0.0,0.0,5,5.181877999468123,7.689195403206489,0.4,0.0,316.3755998936247,1,0,12
B_N,6,1.0,17.5,600002,5fec6754f8393bcd745a75f8a077fcb9908fc7b49053948570336e4b0dd051d5,6,4.818231666223436,7.659643828853449,0.5,0.0,263.64633324468724,1,3.0,3.0,1.0,0.0,0.0,5,5.181877999468123,7.689195403206489,0.4,0.0,316.3755998936247,1,0,12
B_E,6,1.0,17.5,600003,7f004e60f20f07d97c8ad713019af0750940dac735f18ba2a79bd18b18b33fd9,12,8.865002628184937,22.575783593630945,0.25,1.6026042985789293,1023.0005256369872,1,3.0,3.0,1.0,0.0,0.0,11,9.39818468529266,22.663004332717225,0.1818181818181818,1.748295598449741,1116.0005734221677,2,0,12
B_N,6,1.0,17.5,600003,7f004e60f20f07d97c8ad713019af0750940dac735f18ba2a79bd18b18b33fd9,12,8.865002628184937,22.575783593630945,0.25,1.6026042985789293,1023.0005256369872,1,3.0,3.0,1.0,0.0,0.0,11,9.39818468529266,22.663004332717225,0.1818181818181818,1.748295598449741,1116.0005734221677,2,0,12
B_E,6,1.0,17.5,600004,0b2d4f4d6887b0d0b3f55f9b0bc1e234238f4b042f6b7e89fa58c4d635f1b2dd,6,6.437205729731445,8.324956050772323,0.1666666666666666,0.0,520.7744792796224,1,3.0,3.0,1.0,0.0,0.0,5,7.124646875677733,8.359459674115902,0.0,0.0,624.9293751355468,1,0,12
B_N,6,1.0,17.5,600004,0b2d4f4d6887b0d0b3f55f9b0bc1e234238f4b042f6b7e89fa58c4d635f1b2dd,6,6.437205729731445,8.324956050772323,0.1666666666666666,0.0,520.7744792796224,1,3.0,3.0,1.0,0.0,0.0,5,7.124646875677733,8.359459674115902,0.0,0.0,624.9293751355468,1,0,12
B_E,6,1.0,17.5,600005,f5cf7c495b3417715114b849a971a412fc44e4d0483cfcfa50089ee3e90a6745,14,7.946635590244095,15.821153268814076,0.2142857142857142,1.118113207087195,832.1842609059619,4,7.89237000680486,13.40208867074958,0.5,1.2828942985561298,878.474001360972,10,7.968341823619788,14.935570043040908,0.1,1.0522007704996212,813.6683647239577,2,0,12
B_N,6,1.0,17.5,600005,f5cf7c495b3417715114b849a971a412fc44e4d0483cfcfa50089ee3e90a6745,14,8.550544974638484,17.81069939100281,0.2142857142857142,1.118113207087195,952.9661377848396,4,11.324246720467194,16.26838082645193,0.25,1.2828942985561298,1514.8493440934387,10,7.441064276307,14.935570043040908,0.2,1.0522007704996212,728.2128552614001,2,0,12
B_E,6,1.0,17.5,600006,a999d193e43ed42518ce42982324ea843e132265b18b035fadb5ec238a929c3e,7,3.95614568339754,6.930866615382293,0.7142857142857143,0.0,134.08627953665084,1,3.0,3.0,1.0,0.0,0.0,6,4.11550329729713,7.076955796255021,0.6666666666666666,0.0,156.4339927927593,1,0,12
B_N,6,1.0,17.5,600006,a999d193e43ed42518ce42982324ea843e132265b18b035fadb5ec238a929c3e,7,3.95614568339754,6.930866615382293,0.7142857142857143,0.0,134.08627953665084,1,3.0,3.0,1.0,0.0,0.0,6,4.11550329729713,7.076955796255021,0.6666666666666666,0.0,156.4339927927593,1,0,12
B_E,6,1.0,17.5,600007,affe10e3aeefa29366a4556e87e016fb407b3d34bff48211038c4a5e220013ab,2,3.942809041582064,4.791337179005921,0.5,0.0,88.56180831641271,0,,,,,,2,3.942809041582064,4.791337179005921,0.5,0.0,88.56180831641271,1,0,12
B_N,6,1.0,17.5,600007,affe10e3aeefa29366a4556e87e016fb407b3d34bff48211038c4a5e220013ab,2,3.942809041582064,4.791337179005921,0.5,0.0,88.56180831641271,0,,,,,,2,3.942809041582064,4.791337179005921,0.5,0.0,88.56180831641271,1,0,12
B_E,6,1.0,17.5,600008,7a11fb2862da7ffb10f2a0f5ee3771e590476f1b78e12152342a3f1324867bb2,3,3.0,3.0,1.0,0.0,0.0,1,3.0,3.0,1.0,0.0,0.0,2,3.0,3.0,1.0,0.0,0.0,1,0,12
B_N,6,1.0,17.5,600008,7a11fb2862da7ffb10f2a0f5ee3771e590476f1b78e12152342a3f1324867bb2,3,3.0,3.0,1.0,0.0,0.0,1,3.0,3.0,1.0,0.0,0.0,2,3.0,3.0,1.0,0.0,0.0,1,0,12
B_E,6,1.0,17.5,600009,b81854d2598655eb778e4da6b17af39e5db3435b3ba42747e0ac33af7b6eb944,6,4.016998049453661,6.633682180959411,0.6666666666666666,0.0,136.73294322406556,0,,,,,,6,4.016998049453661,6.633682180959411,0.6666666666666666,0.0,136.73294322406556,1,0,12
B_N,6,1.0,17.5,600009,b81854d2598655eb778e4da6b17af39e5db3435b3ba42747e0ac33af7b6eb944,6,4.016998049453661,6.633682180959411,0.6666666666666666,0.0,136.73294322406556,0,,,,,,6,4.016998049453661,6.633682180959411,0.6666666666666666,0.0,136.73294322406556,1,0,12
B_E,6,2.0,17.0,600000,88ed31a0ad84551605baea979364b5ee6194e25edeed186a79fec786a2b6033e,20,6.616506323325973,10.480810479715643,0.35,0.1867875015119352,593.3012646651946,1,3.0,3.0,1.0,0.0,0.0,19,6.806848761395761,10.583298897405374,0.3157894736842105,0.1966184226441424,624.5276470159943,1,0,12
B_N,6,2.0,17.0,600000,88ed31a0ad84551605baea979364b5ee6194e25edeed186a79fec786a2b6033e,20,6.616506323325973,10.480810479715643,0.35,0.1867875015119352,593.3012646651946,1,3.0,3.0,1.0,0.0,0.0,19,6.806848761395761,10.583298897405374,0.3157894736842105,0.1966184226441424,624.5276470159943,1,0,12
B_E,6,2.0,17.0,600001,b5dda1e1e28b84c2c216bf6a20bd4833f1a58c7ef595c78e8e86d63c99bf682f,19,5.812752888044166,8.890535792323247,0.4210526315789473,0.0,446.76110392462255,7,4.862849500020961,7.979602767141625,0.5714285714285714,0.0,286.8556142899063,12,6.36686319772437,10.2662514792389,0.3333333333333333,0.0,540.0393062115404,1,0,12
B_N,6,2.0,17.0,600001,b5dda1e1e28b84c2c216bf6a20bd4833f1a58c7ef595c78e8e86d63c99bf682f,19,5.812752888044166,8.890535792323247,0.4210526315789473,0.0,446.76110392462255,7,4.862849500020961,7.979602767141625,0.5714285714285714,0.0,286.8556142899063,12,6.36686319772437,10.2662514792389,0.3333333333333333,0.0,540.0393062115404,1,0,12
B_E,6,2.0,17.0,600002,f941b1552031a7909b7991ad173f3712df6b0002fa91b657f1d4748bb6b80506,17,5.671214967679113,7.8074017006186525,0.2941176470588235,0.0,393.0665229475872,2,3.0,3.0,1.0,0.0,0.0,15,6.027376963369662,7.8074017006186525,0.2,0.0,445.47539267393216,1,0,12
B_N,6,2.0,17.0,600002,f941b1552031a7909b7991ad173f3712df6b0002fa91b657f1d4748bb6b80506,17,5.671214967679113,7.8074017006186525,0.2941176470588235,0.0,393.0665229475872,2,3.0,3.0,1.0,0.0,0.0,15,6.027376963369662,7.8074017006186525,0.2,0.0,445.47539267393216,1,0,12
B_E,6,2.0,17.0,600003,acfa2c8a79bb66159db9a95830e939b28816fd53872760e229c20e59e1132202,17,9.412103646249964,24.188356809289623,0.1764705882352941,2.609721738964949,1117.7148468970513,2,8.493539957820758,13.43772591985944,0.5,5.493539957820758,998.7079915641516,15,9.534578804707191,24.514929352144435,0.1333333333333333,2.225212643117508,1133.5824276081046,3,0,12
B_N,6,2.0,17.0,600003,acfa2c8a79bb66159db9a95830e939b28816fd53872760e229c20e59e1132202,17,9.412103646249964,24.188356809289623,0.1764705882352941,2.609721738964949,1117.7148468970513,2,8.493539957820758,13.43772591985944,0.5,5.493539957820758,998.7079915641516,15,9.534578804707191,24.514929352144435,0.1333333333333333,2.225212643117508,1133.5824276081046,3,0,12
B_E,6,2.0,17.0,600004,13aa334f6661125920c89293785c0426e71e976a9ebbe1bc451ef86f3e92a3b2,18,6.124435871892332,9.01449382886655,0.2777777777777778,0.0,480.442729934022,1,3.0,3.0,1.0,0.0,0.0,17,6.308226217297763,9.186833715992,0.2352941176470588,0.0,508.7040669889644,1,0,12
B_N,6,2.0,17.0,600004,13aa334f6661125920c89293785c0426e71e976a9ebbe1bc451ef86f3e92a3b2,18,6.124435871892332,9.01449382886655,0.2777777777777778,0.0,480.442729934022,1,3.0,3.0,1.0,0.0,0.0,17,6.308226217297763,9.186833715992,0.2352941176470588,0.0,508.7040669889644,1,0,12
B_E,6,2.0,17.0,600005,c3ed54059c44d65e5ef6962bef3af5a5f0cb4882a3a2bb89d9255aa1f2b2732e,24,7.126229462572138,13.48084955877568,0.2916666666666667,0.5919023409963605,683.579225847761,6,6.035497040636272,11.082572474371922,0.5,0.0,507.0994081272542,18,7.48980693655076,14.643276970974178,0.2222222222222222,0.7892031213284807,742.4058317545965,2,0,12
B_N,6,2.0,17.0,600005,c3ed54059c44d65e5ef6962bef3af5a5f0cb4882a3a2bb89d9255aa1f2b2732e,24,7.126229462572138,13.48084955877568,0.2916666666666667,0.5919023409963605,683.579225847761,6,6.035497040636272,11.082572474371922,0.5,0.0,507.0994081272542,18,7.48980693655076,14.643276970974178,0.2222222222222222,0.7892031213284807,742.4058317545965,2,0,12
B_E,6,2.0,17.0,600006,fbe4afe10f3326ed31dc72f1f5088bd7695ac1052fd9911aa28850041d95d610,18,4.923111286897446,9.272853042366677,0.5555555555555556,0.0,295.7333684906,3,6.5555555555555545,12.599999999999998,0.6666666666666666,0.0,644.4444444444445,15,4.596622433165822,8.01442344068012,0.5333333333333333,0.0,225.9911532998312,1,0,12
B_N,6,2.0,17.0,600006,fbe4afe10f3326ed31dc72f1f5088bd7695ac1052fd9911aa28850041d95d610,18,5.132624407249015,9.272853042366677,0.5,0.0,326.5248814498029,3,7.812634277664974,12.977123616632824,0.3333333333333333,0.0,829.1935221996613,15,4.596622433165822,8.01442344068012,0.5333333333333333,0.0,225.9911532998312,1,0,12
B_E,6,2.0,17.0,600007,5e8656b4fd08e2cd2b1a4df14ae02e9f65c502505a38f243a4c66addadbe464d,9,4.703477555919431,7.077010608371079,0.3333333333333333,0.0,207.36217785055288,1,3.0,3.0,1.0,0.0,0.0,8,4.91641225040936,7.168309494902025,0.25,0.0,233.282450081872,1,0,12
B_N,6,2.0,17.0,600007,5e8656b4fd08e2cd2b1a4df14ae02e9f65c502505a38f243a4c66addadbe464d,9,4.703477555919431,7.077010608371079,0.3333333333333333,0.0,207.36217785055288,1,3.0,3.0,1.0,0.0,0.0,8,4.91641225040936,7.168309494902025,0.25,0.0,233.282450081872,1,0,12
B_E,6,2.0,17.0,600008,f34d9f3c456b8a5a5ddcc7c1343127e0350785557934133e98fc216c02c9e921,11,5.115017927469673,9.148083426140296,0.4545454545454545,0.0,313.9126764030256,1,3.0,3.0,1.0,0.0,0.0,10,5.32651972021664,9.213144352005305,0.4,0.0,345.3039440433281,1,0,12
B_N,6,2.0,17.0,600008,f34d9f3c456b8a5a5ddcc7c1343127e0350785557934133e98fc216c02c9e921,11,5.115017927469673,9.148083426140296,0.4545454545454545,0.0,313.9126764030256,1,3.0,3.0,1.0,0.0,0.0,10,5.32651972021664,9.213144352005305,0.4,0.0,345.3039440433281,1,0,12
B_E,6,2.0,17.0,600009,5989fab25b483bc5386d8943e4277efdf9203d12c00fdc4acc98e9dbed9d6c88,17,4.732165333233974,8.497474167490214,0.5294117647058824,0.0,252.3154195879713,3,6.089570111272823,8.324850367374017,0.3333333333333333,0.0,484.5806889212311,14,4.441292880797078,8.0489270640237,0.5714285714285714,0.0,202.5442904451298,1,0,12
B_N,6,2.0,17.0,600009,5989fab25b483bc5386d8943e4277efdf9203d12c00fdc4acc98e9dbed9d6c88,17,4.732165333233974,8.497474167490214,0.5294117647058824,0.0,252.3154195879713,3,6.089570111272823,8.324850367374017,0.3333333333333333,0.0,484.5806889212311,14,4.441292880797078,8.0489270640237,0.5714285714285714,0.0,202.5442904451298,1,0,12
B_E,6,4.0,16.0,600000,76b7421de7cad9238edf9ca24c05a16a105810eeb3ab1c78610aa23244cbad98,40,7.807363590162292,26.287845553164967,0.4,1.6308807930536204,841.4727180324584,5,10.275505007378104,25.60471053976193,0.6,4.530003636448237,1375.1010014756207,35,7.454771959131462,19.44048810148152,0.3714285714285714,1.2167203868543897,765.2401061120066,3,0,12
B_N,6,4.0,16.0,600000,76b7421de7cad9238edf9ca24c05a16a105810eeb3ab1c78610aa23244cbad98,40,7.943029282107432,26.287845553164967,0.4,1.6308807930536204,868.6058564214864,5,10.275505007378104,25.60471053976193,0.6,4.530003636448237,1375.1010014756207,35,7.609818464211622,19.44048810148152,0.3714285714285714,1.2167203868543897,796.2494071280386,3,0,12
B_E,6,4.0,16.0,600001,52cea333898171062fb18666aa8a7ac4fa6bd0bfdd75e2ddc86bc43e03700399,31,4.5657186164751495,8.152437934054433,0.5806451612903226,0.0,229.27275555309444,7,3.785353452498602,6.848231917243146,0.8571428571428571,0.0,128.49926192829182,24,4.793325122634976,7.8074017006186525,0.5,0.0,258.6650245269952,1,0,12
B_N,6,4.0,16.0,600001,52cea333898171062fb18666aa8a7ac4fa6bd0bfdd75e2ddc86bc43e03700399,31,4.5657186164751495,8.152437934054433,0.5806451612903226,0.0,229.27275555309444,7,3.785353452498602,6.848231917243146,0.8571428571428571,0.0,128.49926192829182,24,4.793325122634976,7.8074017006186525,0.5,0.0,258.6650245269952,1,0,12
B_E,6,4.0,16.0,600002,f10f0918b5136ac95e0620c3e8558373b489dcb521c1292dd2975da36d72b1cb,34,6.087745759892874,11.450876257196832,0.3529411764705882,0.0,488.1373872726922,5,6.9870754000970265,12.632828166831375,0.4,0.0,677.4150800194053,29,5.932688925374917,10.38423858979239,0.3448275862068966,0.0,455.5033023163624,1,0,12
B_N,6,4.0,16.0,600002,f10f0918b5136ac95e0620c3e8558373b489dcb521c1292dd2975da36d72b1cb,34,6.087745759892874,11.450876257196832,0.3529411764705882,0.0,488.1373872726922,5,6.9870754000970265,12.632828166831375,0.4,0.0,677.4150800194053,29,5.932688925374917,10.38423858979239,0.3448275862068966,0.0,455.5033023163624,1,0,12
B_E,6,4.0,16.0,600003,281c19f90c7e80952c7ff25c14411900c3f6d2d26aa5efbae67c0c22db327826,35,8.27076835864685,24.28378331333621,0.2857142857142857,1.69209319339508,911.2965288722276,6,6.863311301899903,14.807736650058263,0.5,1.689986885208782,672.6622603799805,29,8.561966370387601,25.03235490309243,0.2413793103448276,1.6925289812956932,960.6691361464856,4,0,12
B_N,6,4.0,16.0,600003,281c19f90c7e80952c7ff25c14411900c3f6d2d26aa5efbae67c0c22db327826,35,8.27076835864685,24.28378331333621,0.2857142857142857,1.69209319339508,911.2965288722276,6,6.863311301899903,14.807736650058263,0.5,1.689986885208782,672.6622603799805,29,8.561966370387601,25.03235490309243,0.2413793103448276,1.6925289812956932,960.6691361464856,4,0,12
B_E,6,4.0,16.0,600004,1708f509de153cf21c920d5c65e31b70c47272b702e0c8bc2de38afd419bc47b,42,6.015595676730151,13.588538450522528,0.4285714285714285,0.1974574734951948,488.8334210603159,8,6.086116652630642,13.521193969150907,0.625,0.1633448097563814,542.2233305261282,34,5.999002505930036,12.52598245296472,0.3823529411764705,0.2054839826102098,476.2710894213012,2,0,12
B_N,6,4.0,16.0,600004,1708f509de153cf21c920d5c65e31b70c47272b702e0c8bc2de38afd419bc47b,42,6.051433730861696,13.588538450522528,0.4047619047619047,0.1974574734951948,491.2391271247202,8,6.557521173421673,13.521193969150907,0.5,0.1633448097563814,611.5042346843345,34,5.93235433261229,12.261580050573734,0.3823529411764705,0.2054839826102098,462.941454757752,2,0,12
B_E,6,4.0,16.0,600005,428814a86ec8593d5787211b523b6193be9155d8116a2159a6045afdf410d83e,33,6.245365510186518,13.427132601491929,0.4242424242424242,0.1741812240392336,533.9215868857885,8,4.1585887917273086,7.893290867083527,0.75,0.0,181.71775834546168,25,6.913134060093466,14.426174787163225,0.32,0.2299192157317884,646.6268120186932,1,0,12
B_N,6,4.0,16.0,600005,428814a86ec8593d5787211b523b6193be9155d8116a2159a6045afdf410d83e,33,6.380556680889543,13.427132601491929,0.3939393939393939,0.1741812240392336,554.8992149657876,8,4.629993312518341,7.893290867083527,0.625,0.0,250.998662503668,25,6.940736958768327,14.426174787163225,0.32,0.2299192157317884,652.1473917536657,1,0,12
B_E,6,4.0,16.0,600006,6c1e6d2a384cd9faf814850108afc412b7cf039e0a49413b73099250440e3f05,31,5.578064570985425,12.333333333333332,0.4838709677419355,0.0,412.3871077454719,6,7.184094916610264,13.666666666666666,0.5,0.0,736.8189833220528,25,5.192617288035463,9.79869268479038,0.48,0.0,334.5234576070925,1,0,12
B_N,6,4.0,16.0,600006,6c1e6d2a384cd9faf814850108afc412b7cf039e0a49413b73099250440e3f05,31,5.578064570985425,12.333333333333332,0.4838709677419355,0.0,412.3871077454719,6,7.184094916610264,13.666666666666666,0.5,0.0,736.8189833220528,25,5.192617288035463,9.79869268479038,0.48,0.0,334.5234576070925,1,0,12
B_E,6,4.0,16.0,600007,b348b5dc18954f21aa0c332777cfbd0f9ce6c8e4c0ac7ab1b0a86a79b6b72d99,27,4.685558352000118,7.8074017006186525,0.4444444444444444,0.0,226.00055928891237,4,3.0,3.0,1.0,0.0,0.0,23,4.97869893495666,7.8074017006186525,0.3478260869565217,0.0,265.3050043826362,1,0,12
B_N,6,4.0,16.0,600007,b348b5dc18954f21aa0c332777cfbd0f9ce6c8e4c0ac7ab1b0a86a79b6b72d99,27,4.685558352000118,7.8074017006186525,0.4444444444444444,0.0,226.00055928891237,4,3.0,3.0,1.0,0.0,0.0,23,4.97869893495666,7.8074017006186525,0.3478260869565217,0.0,265.3050043826362,1,0,12
B_E,6,4.0,16.0,600008,76771f4d1aeda2dfa2fce2461f523fd115011a4ee47608c2dafcfd87eb6211fb,29,5.660179610935253,11.376331323408529,0.5172413793103449,0.70311309584288,435.4841980491197,4,3.0,3.0,1.0,0.0,0.0,25,6.0858083486848935,11.902210869614576,0.44,0.8156111911777407,505.1616697369788,1,0,12
B_N,6,4.0,16.0,600008,76771f4d1aeda2dfa2fce2461f523fd115011a4ee47608c2dafcfd87eb6211fb,29,5.848281213156077,12.119477073916144,0.4827586206896552,0.70311309584288,466.2079667691464,4,5.666666666666666,12.066666666666665,0.75,0.0,483.3333333333333,25,5.877339540594381,9.79869268479038,0.44,0.8156111911777407,463.4679081188764,1,0,12
B_E,6,4.0,16.0,600009,b78f4fd780310b50125c7b8e8fcff060f02434080880ac2026c7cda66620a0b3,35,5.387766075741456,9.820732589520468,0.4857142857142857,0.0,374.6960722911484,7,3.5387480237611797,5.639865316429775,0.8571428571428571,0.0,79.17817618080724,28,5.850020588736525,10.000476166183237,0.3928571428571428,0.0,448.5755463187337,1,0,12
B_N,6,4.0,16.0,600009,b78f4fd780310b50125c7b8e8fcff060f02434080880ac2026c7cda66620a0b3,35,5.303323047601309,8.848231917243147,0.4857142857142857,0.0,357.8074666631191,7,3.785353452498602,6.848231917243146,0.8571428571428571,0.0,128.49926192829182,28,5.682815446376987,9.257449291954908,0.3928571428571428,0.0,415.134517846826,1,0,12
B_E,6,5.0,15.483333333333333,600000,dd40ecddb46d2db6f46fce26ae777a74716a32b6613dd4fb0e9efefaae1b9661,51,7.021723046807334,18.098247476898912,0.35294117647058826,1.0114777091960194,674.9328446555844,5,8.120949009838236,22.112159177165935,0.6,4.021454176340194,944.1898019676473,46,6.9022419638691925,15.01841894796818,0.32608695652173914,0.6843063540716526,645.6657840781863,3,0,12
B_N,6,5.0,15.483333333333333,600000,dd40ecddb46d2db6f46fce26ae777a74716a32b6613dd4fb0e9efefaae1b9661,51,7.1281275110780316,18.098247476898912,0.35294117647058826,1.0114777091960194,696.2137375097242,5,8.120949009838236,22.112159177165935,0.6,4.021454176340194,944.1898019676473,46,7.020212130778009,15.01841894796818,0.32608695652173914,0.6843063540716526,669.2598174599499,3,0,12
B_E,6,5.0,15.483333333333333,600001,cfaea7a96784198634029600e8a1288d0be4ad4dac0a43f226b74cdd3f3bc701,40,4.5597172612701105,7.841905323962228,0.575,0.0,226.94345225402213,8,3.0,3.0,1.0,0.0,0.0,32,4.949646576587638,8.117934310710854,0.46875,0.0,283.67931531752765,1,0,12
B_N,6,5.0,15.483333333333333,600001,cfaea7a96784198634029600e8a1288d0be4ad4dac0a43f226b74cdd3f3bc701,40,4.5597172612701105,7.841905323962228,0.575,0.0,226.94345225402213,8,3.0,3.0,1.0,0.0,0.0,32,4.949646576587638,8.117934310710854,0.46875,0.0,283.67931531752765,1,0,12
B_E,6,5.0,15.483333333333333,600002,e990e44023f252ae5ce580f2863187a3fa648967000c8d8dc3591eef3c64a915,44,5.759078392228161,10.180219742846006,0.45454545454545453,0.154647513565909,442.72476935472315,9,4.598141000676793,10.530466570156635,0.7777777777777778,0.3764800745678561,275.1837556909141,35,6.057605150055656,10.180219742846006,0.37142857142857144,0.09760485502255116,485.80674429684547,1,0,12
B_N,6,5.0,15.483333333333333,600002,e990e44023f252ae5ce580f2863187a3fa648967000c8d8dc3591eef3c64a915,44,5.759078392228161,10.180219742846006,0.45454545454545453,0.154647513565909,442.72476935472315,9,4.598141000676793,10.530466570156635,0.7777777777777778,0.3764800745678561,275.1837556909141,35,6.057605150055656,10.180219742846006,0.37142857142857144,0.09760485502255116,485.80674429684547,1,0,12
B_E,6,5.0,15.483333333333333,600003,9f0a0bad4f0041cf2515cfc8d09a72c5377ad254325f4cddd68a5b292488674d,46,7.907368439535,16.76365844760896,0.2826086956521739,1.2334878881823819,837.995427037435,8,10.309035277048824,26.90003442771978,0.375,2.198920556552366,1336.807055409765,38,7.401754368479459,16.73473717324126,0.2631578947368421,1.0302389053676482,732.9824526432603,4,0,12
B_N,6,5.0,15.483333333333333,600003,9f0a0bad4f0041cf2515cfc8d09a72c5377ad254325f4cddd68a5b292488674d,46,7.907368439535,16.76365844760896,0.2826086956521739,1.2334878881823819,837.995427037435,8,10.309035277048824,26.90003442771978,0.375,2.198920556552366,1336.807055409765,38,7.401754368479459,16.73473717324126,0.2631578947368421,1.0302389053676482,732.9824526432603,4,0,12
B_E,6,5.0,15.483333333333333,600004,c1b8d4c6f18b77b933eced8f5f803b3a1abbaf6ca8d992d59bbc529a17371a10,49,6.435981341356434,13.642520813103165,0.40816326530612246,0.5019132223442655,568.8289213325112,9,6.342845670221661,18.918033285863636,0.7777777777777778,0.6323819456309947,624.1246895998879,40,6.456936867361756,13.176961035732178,0.325,0.4725577596047515,556.3873734723514,2,0,12
B_N,6,5.0,15.483333333333333,600004,c1b8d4c6f18b77b933eced8f5f803b3a1abbaf6ca8d992d59bbc529a17371a10,49,6.84577667433399,13.666666666666666,0.3469387755102041,0.5019132223442655,638.543089968839,9,8.366083336813125,18.918033285863636,0.4444444444444444,0.6323819456309947,962.1055562515139,40,6.503707675276186,13.176961035732178,0.325,0.4725577596047515,565.741535055237,2,0,12
B_E,6,5.0,15.483333333333333,600005,aca0dd9ffe67ea9ff11d22562059f6121be21e87fbc9d51ba571bf993c5eb322,39,4.877026884494325,8.96284793999944,0.5128205128205128,0.05736317988302266,277.9694794629674,10,3.926871033381847,7.72066706696733,0.8,0.0,145.37420667636934,29,5.2046668331538,8.96284793999944,0.41379310344827586,0.07714358673923737,323.69198732041497,1,0,12
B_N,6,5.0,15.483333333333333,600005,aca0dd9ffe67ea9ff11d22562059f6121be21e87fbc9d51ba571bf993c5eb322,39,4.877026884494325,8.96284793999944,0.5128205128205128,0.05736317988302266,277.9694794629674,10,3.926871033381847,7.72066706696733,0.8,0.0,145.37420667636934,29,5.2046668331538,8.96284793999944,0.41379310344827586,0.07714358673923737,323.69198732041497,1,0,12
B_E,6,5.0,15.483333333333333,600006,a77b9d7738a4b97d18d8ff936653709f8dc36ecf76d7ca2c2c1e5999f0cc1f6c,43,6.073819400206445,10.879869268479036,0.3953488372093023,0.0,493.8336474831494,9,7.430083777885585,13.666666666666666,0.3333333333333333,0.0,752.6834222437838,34,5.714808241409025,9.79869268479038,0.4117647058823529,0.0,425.3145894582755,1,0,12
B_N,6,5.0,15.483333333333333,600006,a77b9d7738a4b97d18d8ff936653709f8dc36ecf76d7ca2c2c1e5999f0cc1f6c,43,6.073819400206445,10.879869268479036,0.3953488372093023,0.0,493.8336474831494,9,7.430083777885585,13.666666666666666,0.3333333333333333,0.0,752.6834222437838,34,5.714808241409025,9.79869268479038,0.4117647058823529,0.0,425.3145894582755,1,0,12
B_E,6,5.0,15.483333333333333,600007,ab5f639f61e75ad95c5a4432768f2d03274559b3a836aa6c05227d61fe23db03,33,4.687554353259408,8.269580196370965,0.48484848484848486,0.0,234.48056762157847,5,3.0,3.0,1.0,0.0,0.0,28,4.988903344912873,8.558441756216162,0.39285714285714285,0.0,276.3520975540032,1,0,12
B_N,6,5.0,15.483333333333333,600007,ab5f639f61e75ad95c5a4432768f2d03274559b3a836aa6c05227d61fe23db03,33,4.687554353259408,8.269580196370965,0.48484848484848486,0.0,234.48056762157847,5,3.0,3.0,1.0,0.0,0.0,28,4.988903344912873,8.558441756216162,0.39285714285714285,0.0,276.3520975540032,1,0,12
B_E,6,5.0,15.483333333333333,600008,22f78882ef93a19db19376c120a7b0be80a2f17d212bb851500112e313831fa4,31,5.643632594120676,11.113391550305508,0.5161290322580645,0.6577509606272103,431.95232527574836,4,3.0,3.0,1.0,0.0,0.0,27,6.035281867323739,11.639271096511555,0.4444444444444444,0.755195547386797,495.945262353637,1,0,12
B_N,6,5.0,15.483333333333333,600008,22f78882ef93a19db19376c120a7b0be80a2f17d212bb851500112e313831fa4,31,5.643632594120676,11.113391550305508,0.5161290322580645,0.6577509606272103,431.95232527574836,4,3.0,3.0,1.0,0.0,0.0,27,6.035281867323739,11.639271096511555,0.4444444444444444,0.755195547386797,495.945262353637,1,0,12
B_E,6,5.0,15.483333333333333,600009,9c66c348bc7bf99c0d1b71ca7b37cddad9e1e241eac82d56875ed6f7653cc7cc,43,5.299722624842898,8.497474167490214,0.4418604651162791,0.0,348.3166179918353,10,5.575161133197968,10.563722941514373,0.5,0.0,415.0322266395936,33,5.216256410189846,8.497474167490214,0.42424242424242425,0.0,328.09976688645395,1,0,12
B_N,6,5.0,15.483333333333333,600009,9c66c348bc7bf99c0d1b71ca7b37cddad9e1e241eac82d56875ed6f7653cc7cc,43,5.299722624842898,8.497474167490214,0.4418604651162791,0.0,348.3166179918353,10,5.575161133197968,10.563722941514373,0.5,0.0,415.0322266395936,33,5.216256410189846,8.497474167490214,0.42424242424242425,0.0,328.09976688645395,1,0,12
B_E,6,6.0,14.983333333333333,600000,f2ccc4e83e453540cb9a0b10674a234dcd2fcfaa410fca04430d74a4f988ad36,58,6.860727451809845,16.676994376521165,0.3275862068965517,0.7515162984941682,637.6627317412798,5,7.660357373346474,16.2748663473864,0.6,2.8715029913466426,852.071474669295,53,6.785290666759222,13.54526039371624,0.3018867924528302,0.5515175538854443,617.4354918424104,3,0,12
B_N,6,6.0,14.983333333333333,600000,f2ccc4e83e453540cb9a0b10674a234dcd2fcfaa410fca04430d74a4f988ad36,58,6.954289997978909,16.676994376521165,0.3275862068965517,0.7515162984941682,656.3752409750922,5,7.660357373346474,16.2748663473864,0.6,2.8715029913466426,852.071474669295,53,6.887679868227251,13.54526039371624,0.3018867924528302,0.5515175538854443,637.9133321360164,3,0,12
B_E,6,6.0,14.983333333333333,600001,de263e588891c6eef631c691d16c2081ca364eed158dad620e955f8881c7706d,45,4.670748856251315,7.8074017006186525,0.5333333333333333,0.0,240.81643791692963,8,3.0,3.0,1.0,0.0,0.0,37,5.031991852197544,7.945416193992962,0.43243243243243246,0.0,292.8848569259955,1,0,12
B_N,6,6.0,14.983333333333333,600001,de263e588891c6eef631c691d16c2081ca364eed158dad620e955f8881c7706d,45,4.670748856251315,7.8074017006186525,0.5333333333333333,0.0,240.81643791692963,8,3.0,3.0,1.0,0.0,0.0,37,5.031991852197544,7.945416193992962,0.43243243243243246,0.0,292.8848569259955,1,0,12
B_E,6,6.0,14.983333333333333,600002,aee3b6e412a567d1f7cea3bf9d6639dccbd773147eeb77041f2bff28907b63e5,49,6.122153656517564,11.900994265651423,0.3877551020408163,0.07387717557124845,501.9817517116762,10,4.303994650014673,7.72066706696733,0.7,0.0,200.7989300029344,39,6.588348273569588,12.526647997692793,0.3076923076923077,0.09282004110233781,579.2081162523792,1,0,12
B_N,6,6.0,14.983333333333333,600002,aee3b6e412a567d1f7cea3bf9d6639dccbd773147eeb77041f2bff28907b63e5,49,6.122153656517564,11.900994265651423,0.3877551020408163,0.07387717557124845,501.9817517116762,10,4.303994650014673,7.72066706696733,0.7,0.0,200.7989300029344,39,6.588348273569588,12.526647997692793,0.3076923076923077,0.09282004110233781,579.2081162523792,1,0,12
B_E,6,6.0,14.983333333333333,600003,7634dd5c7481be2974b1e10e037a1f51faf8f6f3bdaf79bbaaca02fa145d05db,51,8.033165747552351,21.54604121294173,0.23529411764705882,1.0138756548700507,853.691973039882,9,8.89495737659258,23.83972579948138,0.4444444444444444,1.5438064851898363,1067.8803642074047,42,7.848496112758015,19.35554937808323,0.19047619047619047,0.9003190483729538,807.7944606468412,4,0,12
B_N,6,6.0,14.983333333333333,600003,7634dd5c7481be2974b1e10e037a1f51faf8f6f3bdaf79bbaaca02fa145d05db,51,8.007651658977839,21.54604121294173,0.23529411764705882,1.0138756548700507,848.5891553249794,9,8.89495737659258,23.83972579948138,0.4444444444444444,1.5438064851898363,1067.8803642074047,42,7.8175147194889645,19.35554937808323,0.19047619047619047,0.9003190483729538,801.5981819930308,4,0,12
B_E,6,6.0,14.983333333333333,600004,586daf81d10546b30a30d7731e27f91f1ed0594b2c4be4a9fd4998c9d17f6156,55,5.781795616041119,10.480505484719004,0.4,0.20233008759347615,436.3591232082242,10,4.853742066763693,8.497474167490214,0.6,0.0,290.7484133527387,45,5.988029738102771,10.507096588256818,0.35555555555555557,0.2472923292809153,468.7170587316654,2,0,12
B_N,6,6.0,14.983333333333333,600004,586daf81d10546b30a30d7731e27f91f1ed0594b2c4be4a9fd4998c9d17f6156,55,5.781795616041119,10.480505484719004,0.4,0.20233008759347615,436.3591232082242,10,4.853742066763693,8.497474167490214,0.6,0.0,290.7484133527387,45,5.988029738102771,10.507096588256818,0.35555555555555557,0.2472923292809153,468.7170587316654,2,0,12
B_E,6,6.0,14.983333333333333,600005,de0c5024937998f91be1f73a07bf5df1a9e4f0fa3d6d908c6f939e73b15dfd35,46,4.97961232167009,9.473388055465339,0.5,0.04863400033560617,295.92246433401783,10,4.303994650014673,7.72066706696733,0.7,0.0,200.7989300029344,36,5.167283897129928,9.79869268479038,0.4444444444444444,0.06214344487327455,322.3456683148744,1,0,12
B_N,6,6.0,14.983333333333333,600005,de0c5024937998f91be1f73a07bf5df1a9e4f0fa3d6d908c6f939e73b15dfd35,46,4.97961232167009,9.473388055465339,0.5,0.04863400033560617,295.92246433401783,10,4.303994650014673,7.72066706696733,0.7,0.0,200.7989300029344,36,5.167283897129928,9.79869268479038,0.4444444444444444,0.06214344487327455,322.3456683148744,1,0,12
B_E,6,6.0,14.983333333333333,600006,c3417e192d777a82c227246f07bf88a2d1b210c2b0605267bf0e1179d19558cc,54,5.885270300868076,10.257772759252909,0.4074074074074074,0.0,458.5355416550966,10,4.6811182666474975,7.72066706696733,0.6,0.0,256.2236533294995,44,6.158941217736389,10.91360143705654,0.36363636363636365,0.0,504.51551627455046,1,0,12
B_N,6,6.0,14.983333333333333,600006,c3417e192d777a82c227246f07bf88a2d1b210c2b0605267bf0e1179d19558cc,54,6.0473004745776056,10.257772759252909,0.3888888888888889,0.0,487.2378726932991,10,4.6811182666474975,7.72066706696733,0.6,0.0,256.2236533294995,44,6.357796430925359,10.91360143705654,0.3409090909090909,0.0,539.7411043668899,1,0,12
B_E,6,6.0,14.983333333333333,600007,435b3357c474328a85a1f3e873a4d12966aef7031b5d5da6c31006049cfc6797,44,4.96837267642675,8.893041874123057,0.45454545454545453,0.0,284.5836261944408,10,4.303994650014672,7.72066706696733,0.7,0.0,200.7989300029344,34,5.163777978312655,9.255393600676268,0.38235294117647056,0.0,309.226183897825,1,0,12
B_N,6,6.0,14.983333333333333,600007,435b3357c474328a85a1f3e873a4d12966aef7031b5d5da6c31006049cfc6797,44,4.96837267642675,8.893041874123057,0.45454545454545453,0.0,284.5836261944408,10,4.303994650014672,7.72066706696733,0.7,0.0,200.7989300029344,34,5.163777978312655,9.255393600676268,0.38235294117647056,0.0,309.226183897825,1,0,12
B_E,6,6.0,14.983333333333333,600008,ebe91594a1a059708184fbec950fe4d108c2d6acf1a33b998a72209ea88068ba,36,5.269143861722604,10.456042117547943,0.4722222222222222,0.056098306691839954,348.27321678896527,4,3.0,3.0,1.0,0.0,0.0,32,5.55278684443793,10.981921663753992,0.40625,0.06311059502831995,391.807368887586,1,0,12
B_N,6,6.0,14.983333333333333,600008,ebe91594a1a059708184fbec950fe4d108c2d6acf1a33b998a72209ea88068ba,36,5.373900421898389,10.456042117547943,0.4444444444444444,0.056098306691839954,363.6689732685667,4,3.9428090415820636,6.205550741379014,0.75,0.0,138.56180831641268,32,5.55278684443793,10.981921663753992,0.40625,0.06311059502831995,391.807368887586,1,0,12
B_E,6,6.0,14.983333333333333,600009,d2b96c6b48232e46c067a33e7d0f02770e18ba35a0c773493e07b4533558f7d1,49,4.912630211613636,8.497474167490214,0.4897959183673469,0.0,280.4852259961965,11,5.028059712178654,8.497474167490214,0.5454545454545454,0.0,314.7028515266398,38,4.8792164088184995,8.497474167490214,0.47368421052631576,0.0,270.5801238689629,1,0,12
B_N,6,6.0,14.983333333333333,600009,d2b96c6b48232e46c067a33e7d0f02770e18ba35a0c773493e07b4533558f7d1,49,4.910473621797154,8.497474167490214,0.4897959183673469,0.0,280.05390803290015,11,4.871128984800293,7.634355166909234,0.5454545454545454,0.0,283.31670605096775,38,4.9218628588225615,8.497474167490214,0.47368421052631576,0.0,279.1094138697754,1,0,12
B_E,6,8.0,13.883333333333333,600000,4d48d11377f7f28df66bbdfed9de1844a079a987140054c3b821cb53cef7d9ec,63,6.998008317036261,12.339031272562949,0.2698412698412698,0.4966800760185357,653.5699173755064,5,4.72183719906303,7.624607096455165,0.6,0.9675899657973788,264.3674398126059,58,7.194229965137404,13.047412229861273,0.2413793103448276,0.4560843958651872,687.1218550964462,2,0,12
B_N,6,8.0,13.883333333333333,600000,4d48d11377f7f28df66bbdfed9de1844a079a987140054c3b821cb53cef7d9ec,63,6.88418563609633,12.339031272562949,0.3015873015873015,0.4966800760185357,637.1545875367264,5,4.72183719906303,7.624607096455165,0.6,0.9675899657973788,264.3674398126059,58,7.070594984116443,13.047412229861273,0.2758620689655172,0.4560843958651872,669.2914106163921,2,0,12
B_E,6,8.0,13.883333333333333,600001,9d24944ed5435c9a66d8c24be68a7256572e505b4cc94bf4e3ca70fb01eb906c,61,5.478698074786822,9.79869268479038,0.4426229508196721,0.0,384.2642051212986,11,4.528289333315907,7.634355166909234,0.6363636363636364,0.0,232.93059393590863,50,5.687787997910422,10.008532566720971,0.4,0.0,417.5575995820844,1,0,12
B_N,6,8.0,13.883333333333333,600001,9d24944ed5435c9a66d8c24be68a7256572e505b4cc94bf4e3ca70fb01eb906c,61,5.478698074786822,9.79869268479038,0.4426229508196721,0.0,384.2642051212986,11,4.528289333315907,7.634355166909234,0.6363636363636364,0.0,232.93059393590863,50,5.687787997910422,10.008532566720971,0.4,0.0,417.5575995820844,1,0,12
B_E,6,8.0,13.883333333333333,600002,6637da4f333691ead08a6b733902a94b921da26b9771684c4cb4a9ea296a2034,63,10.549316945292874,41.99289890320497,0.3333333333333333,4.421650015063712,1376.530055725242,14,8.041716063137056,23.700562117890428,0.5,2.416961801211333,908.3432126274108,49,11.26577434019454,49.911739382053945,0.2857142857142857,4.994418076164391,1510.2977251817654,5,4,12
B_N,6,8.0,13.883333333333333,600002,6637da4f333691ead08a6b733902a94b921da26b9771684c4cb4a9ea296a2034,63,10.549316945292874,41.99289890320497,0.3333333333333333,4.421650015063712,1376.530055725242,14,8.041716063137056,23.700562117890428,0.5,2.416961801211333,908.3432126274108,49,11.26577434019454,49.911739382053945,0.2857142857142857,4.994418076164391,1510.2977251817654,5,4,12
B_E,6,8.0,13.883333333333333,600003,e42856163f85f38f7023b2d4bb1bda7fb99774537bb7818d18d0bb12240cdb99,61,7.680028580694858,21.790796941854445,0.2786885245901639,0.744762594441618,791.7434210570045,12,9.151525640300004,26.89800516127842,0.5,1.7442035671938356,1130.305128060001,49,7.3196619538527825,13.518607191339264,0.2244897959183673,0.5000015398900545,708.83034995423,2,0,12
B_N,6,8.0,13.883333333333333,600003,e42856163f85f38f7023b2d4bb1bda7fb99774537bb7818d18d0bb12240cdb99,61,7.680028580694858,21.790796941854445,0.2786885245901639,0.744762594441618,791.7434210570045,12,9.151525640300004,26.89800516127842,0.5,1.7442035671938356,1130.305128060001,49,7.3196619538527825,13.518607191339264,0.2244897959183673,0.5000015398900545,708.83034995423,2,0,12
B_E,6,8.0,13.883333333333333,600004,8b6f6b8ab580dbf95a296dfddbb25b1e83ea985a734af0ee2c18cb202c1877dc,73,12.153001602324506,56.188780896199646,0.3972602739726027,6.034038505585619,1710.0523752594218,14,16.68068697469631,67.14829807993945,0.5714285714285714,10.272210376260771,2650.423109224977,59,11.078635581761706,36.66684160922382,0.3559322033898305,5.028370604069481,1486.913557030307,6,6,12
B_N,6,8.0,13.883333333333333,600004,8b6f6b8ab580dbf95a296dfddbb25b1e83ea985a734af0ee2c18cb202c1877dc,73,12.159079946556144,56.188780896199646,0.3835616438356164,6.034038505585619,1708.5283180783524,14,16.950060986576904,67.14829807993945,0.5,10.272210376260771,2690.0121973153805,59,11.022236987907151,36.66684160922382,0.3559322033898305,5.028370604069481,1475.6338382593965,6,6,12
B_E,6,8.0,13.883333333333333,600005,3d233690dc6dff8d6dbc9630704fdc020a31e0d46a919abb53d319ee2b35b7ef,63,6.140740655833691,12.262741626884608,0.4126984126984127,0.3951278191406533,510.687813706421,12,5.146761069690759,8.497474167490214,0.5833333333333334,0.0,346.01888060481843,51,6.374618205514382,13.04737854124365,0.3725490196078431,0.4880990707031599,549.4334450244451,2,2,12
B_N,6,8.0,13.883333333333333,600005,3d233690dc6dff8d6dbc9630704fdc020a31e0d46a919abb53d319ee2b35b7ef,63,6.176095931923355,11.36692663705015,0.3968253968253968,0.3951278191406533,514.5842657497507,12,5.4610307502181135,8.497474167490214,0.5,0.0,392.2061500436227,51,6.344346562912825,11.930415421468156,0.3725490196078431,0.4880990707031599,543.3791165041335,2,2,12
B_E,6,8.0,13.883333333333333,600006,7262fbe80a7f933c659baa076196f8058d212f7561eb49f2dc9bf50a8bbc964d,67,6.098060603631323,11.299135542427228,0.373134328358209,0.0596896010582854,494.2389863979065,13,5.404071441843412,9.876193264493788,0.5384615384615384,0.0,388.50659606099,54,6.265132068506192,11.036869034443813,0.3333333333333333,0.0740593198315764,519.6930803679049,1,0,12
B_N,6,8.0,13.883333333333333,600006,7262fbe80a7f933c659baa076196f8058d212f7561eb49f2dc9bf50a8bbc964d,67,5.780972637956496,11.006362589926216,0.4328358208955223,0.036262285931591,442.7616917704035,13,5.113976352125854,9.876193264493788,0.6153846153846154,0.0,345.8721935020937,54,5.941545817878686,10.402527637358292,0.3888888888888889,0.0449920955077147,466.0869413535152,1,0,12
B_E,6,8.0,13.883333333333333,600007,289be18a73a08cdf815c1ebde456996ba3ef80b8431f3357dbda1de52e5b4441,62,5.229745777518927,8.939579251373976,0.4193548387096774,0.0078034335964466,329.8201232457209,10,4.303994650014672,7.72066706696733,0.7,0.0,200.7989300029344,52,5.4077748405005135,9.33897807515536,0.3653846153846153,0.0093040939034556,354.631891177026,1,0,12
B_N,6,8.0,13.883333333333333,600007,289be18a73a08cdf815c1ebde456996ba3ef80b8431f3357dbda1de52e5b4441,62,5.159713069001033,8.96284793999944,0.4354838709677419,0.0078034335964466,319.039387993755,10,4.303994650014672,7.72066706696733,0.7,0.0,200.7989300029344,52,5.324274303421486,9.33897807515536,0.3846153846153846,0.0093040939034556,341.7779376073743,1,0,12
B_E,6,8.0,13.883333333333333,600008,bfb20693e8185fb5bb18f2eb44ade7282bd7dfa54db5c8b4309d95f4b9bd07ff,48,4.970733428425383,9.79869268479038,0.4791666666666667,0.0,289.98001901840985,5,3.0,3.0,1.0,0.0,0.0,43,5.199888478242287,9.79869268479038,0.4186046511627907,0.0,323.6986258810157,1,0,12
B_N,6,8.0,13.883333333333333,600008,bfb20693e8185fb5bb18f2eb44ade7282bd7dfa54db5c8b4309d95f4b9bd07ff,48,4.876125330279035,8.497474167490214,0.4583333333333333,0.0,266.8917327224738,5,4.099494833498043,7.39797933399217,0.8,0.0,179.89896669960856,43,4.966431201997756,8.497474167490214,0.4186046511627907,0.0,277.0071706321093,1,0,12
B_E,6,8.0,13.883333333333333,600009,4ede64e0f180451bb3685520cac2a7a87c7174ee9df019aa9b5b4db5a6bced83,63,9.511897947587842,37.04200715108295,0.3809523809523809,3.9212271984581584,1178.5700657080445,15,8.756733851887919,25.71968672340231,0.5333333333333333,3.787909251713427,1058.01343704425,48,9.747886727494068,34.80143216436724,0.3333333333333333,3.962889056815887,1216.2440121654802,4,3,12
B_N,6,8.0,13.883333333333333,600009,4ede64e0f180451bb3685520cac2a7a87c7174ee9df019aa9b5b4db5a6bced83,63,9.854910372017049,37.072061402140434,0.3809523809523809,4.171048152963594,1247.172550593886,15,9.241823077110103,29.30663114100831,0.5333333333333333,3.906500199102932,1155.0312820886872,48,10.046500151675469,34.80143216436724,0.3333333333333333,4.253719388545051,1275.9666970017606,4,3,12
B_E,6,10.0,10.266666666666666,600000,7bc917c1d39cf6b3553e05b8cb48aab4608db5283ac7678029a405ddafb24951,82,6.1414884896470445,11.931035343465506,0.4024390243902439,0.04555792719803299,508.7855028074576,9,5.59801941588823,12.977708763999663,0.6666666666666666,0.0,452.93721651097957,73,6.208491526137856,11.531460487999833,0.3698630136986301,0.051174657948475415,515.6709079672975,1,0,12
B_N,6,10.0,10.266666666666666,600000,7bc917c1d39cf6b3553e05b8cb48aab4608db5283ac7678029a405ddafb24951,82,6.141488489647044,11.931035343465506,0.4024390243902439,0.04555792719803299,508.78550280745753,9,5.59801941588823,12.977708763999663,0.6666666666666666,0.0,452.93721651097957,73,6.208491526137856,11.531460487999833,0.3698630136986301,0.051174657948475415,515.6709079672975,1,0,12
B_E,6,10.0,10.266666666666666,600001,5ee672ce9f8766b4a05e8470630d7a8cc829697f90f64b9646564d749cc0a0e3,73,4.4633069150860845,7.8074017006186525,0.5616438356164384,0.0,204.99015014050477,13,4.003072807703594,7.461731366793035,0.7692307692307693,0.0,154.46071538687264,60,4.563024305018958,7.8074017006186525,0.5166666666666667,0.0,215.93819433712505,1,0,12
B_N,6,10.0,10.266666666666666,600001,5ee672ce9f8766b4a05e8470630d7a8cc829697f90f64b9646564d749cc0a0e3,73,4.4633069150860845,7.8074017006186525,0.5616438356164384,0.0,204.99015014050477,13,4.003072807703594,7.461731366793035,0.7692307692307693,0.0,154.46071538687264,60,4.563024305018958,7.8074017006186525,0.5166666666666667,0.0,215.93819433712505,1,0,12
B_E,6,10.0,10.266666666666666,600002,744a2ea262e0f19c9e3dee5eb047b20891356efa3f328dfd6fd20a817f5f3bfa,71,5.055965888151606,9.79869268479038,0.49295774647887325,0.0,309.78472692609586,11,4.18544968183152,7.634355166909234,0.7272727272727273,0.0,182.54448182084946,60,5.215560525976955,9.81776903769316,0.45,0.0,333.1121051953911,1,0,12
B_N,6,10.0,10.266666666666666,600002,744a2ea262e0f19c9e3dee5eb047b20891356efa3f328dfd6fd20a817f5f3bfa,71,5.202396136004918,9.79869268479038,0.4647887323943662,0.0,333.4369736798568,11,4.842150788072627,8.497474167490214,0.6363636363636364,0.0,295.70288488725265,60,5.268441116459171,9.81776903769316,0.43333333333333335,0.0,340.35488995850096,1,0,12
B_E,6,10.0,10.266666666666666,600003,4dfb88a1b6c1d46c1ca07743f0242929f19e028c377ac478f7025570e4f4af03,76,6.654606782589415,14.132611054474788,0.3026315789473684,0.4223895516579911,591.4476723073567,13,7.152738512513194,17.93161493041758,0.5384615384615384,0.5847331131842041,738.2400101949463,63,6.551817695462286,13.318021974284594,0.25396825396825395,0.3888900865811535,561.1571898861081,2,0,12
B_N,6,10.0,10.266666666666666,600003,4dfb88a1b6c1d46c1ca07743f0242929f19e028c377ac478f7025570e4f4af03,76,6.852880271312065,14.132611054474788,0.27631578947368424,0.4223895516579911,625.8392121571496,13,7.732928691948309,17.93161493041758,0.38461538461538464,0.5847331131842041,823.5088153127386,63,6.6712829781649035,13.318021974284594,0.25396825396825395,0.3888900865811535,585.0502464266315,2,0,12
B_E,6,10.0,10.266666666666666,600004,2189404217210aafd82baebd62208aee8c79cfa2a5b73d0876814d625763f36d,83,6.2622482052343935,9.666666666666668,0.4578313253012048,0.9117198681727252,544.0159061071197,20,7.411908966096671,29.04814220621691,0.55,1.8717915566005103,792.3817932193341,63,5.897276535119384,9.607949819209564,0.42857142857142855,0.6069352051797776,465.16959273816263,3,3,12
B_N,6,10.0,10.266666666666666,600004,2189404217210aafd82baebd62208aee8c79cfa2a5b73d0876814d625763f36d,83,6.322796043904648,16.952535906710818,0.46987951807228917,0.7146273744336389,558.5351123953873,20,7.9796921001618575,22.53459148551181,0.5,1.322115922858211,895.9384200323714,63,5.796797295886486,11.729713987478279,0.4603174603174603,0.5217738669972667,451.42295124078925,3,2,12
B_E,6,10.0,10.266666666666666,600005,825d033d40d9affd90b9336d76daa00290f1e6fd63458d613730d0a7b9a0305d,74,5.139460156057431,9.712875773009966,0.4864864864864865,0.030231946154565998,325.18932850878343,11,4.498794931150515,9.357754038163707,0.7272727272727273,0.0,245.21353168464847,63,5.251322338184035,9.596284793999944,0.4444444444444444,0.035510539927585454,339.15335652569587,1,0,12
B_N,6,10.0,10.266666666666666,600005,825d033d40d9affd90b9336d76daa00290f1e6fd63458d613730d0a7b9a0305d,74,5.139460156057431,9.712875773009966,0.4864864864864865,0.030231946154565998,325.18932850878343,11,4.498794931150515,9.357754038163707,0.7272727272727273,0.0,245.21353168464847,63,5.251322338184035,9.596284793999944,0.4444444444444444,0.035510539927585454,339.15335652569587,1,0,12
B_E,6,10.0,10.266666666666666,600006,41186f6eb02f53596f7ad07990d8f6c57f72bef88a4ac18c7aa272bb20e2e089,75,5.015302061418382,8.96284793999944,0.49333333333333335,0.0,301.72707895034296,13,4.293167897421152,7.461731366793035,0.6923076923076923,0.0,197.09511794576883,62,5.166717289353285,8.96284793999944,0.45161290322580644,0.0,323.6660385158181,1,0,12
B_N,6,10.0,10.266666666666666,600006,41186f6eb02f53596f7ad07990d8f6c57f72bef88a4ac18c7aa272bb20e2e089,75,5.097802683209872,8.96284793999944,0.48,0.0,315.56053664197435,13,4.71605052568963,8.497474167490214,0.6153846153846154,0.0,266.28702821484904,62,5.177847490431858,8.96284793999944,0.45161290322580644,0.0,325.8920787315329,1,0,12
B_E,6,10.0,10.266666666666666,600007,231d3a1a43784c903785027af8646622b5592a89820fcdc1f9ef1d6cf53ba695,64,4.6299606103621045,7.8074017006186525,0.484375,0.0,222.86712207242073,9,3.8380524814062786,6.771236166328253,0.7777777777777778,0.0,123.16605183681128,55,4.759545576918511,8.154035572432885,0.43636363636363634,0.0,239.18184265642955,1,0,12
B_N,6,10.0,10.266666666666666,600007,231d3a1a43784c903785027af8646622b5592a89820fcdc1f9ef1d6cf53ba695,64,4.6299606103621045,7.8074017006186525,0.484375,0.0,222.86712207242073,9,3.8380524814062786,6.771236166328253,0.7777777777777778,0.0,123.16605183681128,55,4.759545576918511,8.154035572432885,0.43636363636363634,0.0,239.18184265642955,1,0,12
B_E,6,10.0,10.266666666666666,600008,1f30a733eee50067a5777544f4a684190094cf85e7160c3fbb14f31e74f0ac2d,70,5.720379386478688,12.21037208820097,0.4,0.0,424.07587729573766,11,5.15514665152849,11.082070417078441,0.6363636363636364,0.0,358.30205757842526,59,5.825761760791438,11.992653760581304,0.3559322033898305,0.0,436.3387928362535,1,0,12
B_N,6,10.0,10.266666666666666,600008,1f30a733eee50067a5777544f4a684190094cf85e7160c3fbb14f31e74f0ac2d,70,5.7841123669529715,12.21037208820097,0.38571428571428573,0.0,433.9653305334514,11,5.654917030391237,11.082070417078441,0.5454545454545454,0.0,440.0743151691564,59,5.8081996330916,11.992653760581304,0.3559322033898305,0.0,432.82636729628604,1,0,12
B_E,6,10.0,10.266666666666666,600009,605b3baf673768ee04fd812796ab44c04c62146543d1d0a7015bb4007838162b,77,4.5462867957447735,8.497474167490214,0.5324675324675324,0.0,215.75086564246106,9,4.029856703757607,7.8069789670254295,0.7777777777777778,0.0,161.52689630707704,68,4.614637837331309,8.255948804085167,0.5,0.0,222.92756746626193,1,0,12
B_N,6,10.0,10.266666666666666,600009,605b3baf673768ee04fd812796ab44c04c62146543d1d0a7015bb4007838162b,77,4.568377948546248,7.8074017006186525,0.5194805194805194,0.0,217.57169360535343,9,4.029856703757607,7.8069789670254295,0.7777777777777778,0.0,161.52689630707704,68,4.639652819180038,7.8074017006186525,0.4852941176470588,0.0,224.98938736541945,1,0,12
B_E,6,11.0,8.7,600000,b4dd0d0264196ac181121fc391d0852dd635adfa329dacc6593580d3f6cecb6a,90,5.390548774198145,10.33544309770889,0.43333333333333335,0.0,364.7764215062958,11,5.746750099755,14.335889382324247,0.6363636363636364,0.0,476.6227472237273,79,5.340951121272506,9.79869268479038,0.4050632911392405,0.0,349.20288248234965,1,0,12
B_N,6,11.0,8.7,600000,b4dd0d0264196ac181121fc391d0852dd635adfa329dacc6593580d3f6cecb6a,90,5.390548774198145,10.33544309770889,0.43333333333333335,0.0,364.7764215062958,11,5.746750099755,14.335889382324247,0.6363636363636364,0.0,476.6227472237273,79,5.340951121272506,9.79869268479038,0.4050632911392405,0.0,349.20288248234965,1,0,12
B_E,6,11.0,8.7,600001,5c699c16608829e447ec8525da7af983738796fbfe4dd401cd063584e33ee94a,82,4.618532070021571,8.497474167490214,0.5487804878048781,0.0,233.46251156528976,16,4.8252554583939755,9.789772292284328,0.6875,0.0,302.551091678795,66,4.568417309204018,7.8074017006186525,0.5151515151515151,0.0,216.71376487110672,1,0,12
B_N,6,11.0,8.7,600001,5c699c16608829e447ec8525da7af983738796fbfe4dd401cd063584e33ee94a,82,4.618532070021571,8.497474167490214,0.5487804878048781,0.0,233.46251156528976,16,4.8252554583939755,9.789772292284328,0.6875,0.0,302.551091678795,66,4.568417309204018,7.8074017006186525,0.5151515151515151,0.0,216.71376487110672,1,0,12
B_E,6,11.0,8.7,600002,507dc26b9a5b2f1126c64b87c98a0444439f2a9c317a3db7a498b1f72ad6c644,80,4.886712229851788,9.673267967572853,0.5,0.0,277.34244597035774,12,4.5713484026367714,6.771236166328253,0.5833333333333334,0.0,230.93634719402112,68,4.942364669948557,9.75248357844708,0.4852941176470588,0.0,285.531757519123,1,0,12
B_N,6,11.0,8.7,600002,507dc26b9a5b2f1126c64b87c98a0444439f2a9c317a3db7a498b1f72ad6c644,80,4.953767819884341,8.56253509335522,0.4875,0.0,288.2535639768681,12,4.715201569400269,7.548043266851135,0.5833333333333334,0.0,259.70698054672044,68,4.995867746440354,9.34326620373532,0.47058823529411764,0.0,293.2911963468942,1,0,12
B_E,6,11.0,8.7,600003,d6a35781f21944576e4a8042b6a9d5cb75f358d064c94941ef34f6dcbc818cb1,80,6.074366745111579,13.685913057092273,0.3875,0.4391049987697443,492.3733490223158,16,5.384272452768922,12.374870599166035,0.625,0.0,401.8544905537845,64,6.246890318197243,13.65876636796936,0.328125,0.5488812484621803,515.0030636394486,3,0,12
B_N,6,11.0,8.7,600003,d6a35781f21944576e4a8042b6a9d5cb75f358d064c94941ef34f6dcbc818cb1,80,6.121507197190682,13.685913057092273,0.375,0.4391049987697443,499.30143943813636,16,5.619974713164439,12.374870599166035,0.5625,0.0,436.49494263288767,64,6.246890318197243,13.65876636796936,0.328125,0.5488812484621803,515.0030636394486,3,0,12
B_E,6,11.0,8.7,600004,f8977eff836c55f782d57e9fe564be9c6d1db48625ea2bb8c88d732248ff868f,93,8.925822836041206,38.326651413708205,0.45161290322580644,3.3523049430727023,1075.4871478534021,23,9.348425332822044,35.635260085349834,0.5217391304347826,3.436918636789019,1174.0328926513653,70,8.786967729956073,38.39685559916095,0.42857142857142855,3.3245033008516267,1043.1078317055,5,4,12
B_N,6,11.0,8.7,600004,f8977eff836c55f782d57e9fe564be9c6d1db48625ea2bb8c88d732248ff868f,93,8.925822836041206,38.326651413708205,0.45161290322580644,3.3523049430727023,1075.4871478534021,23,9.348425332822044,35.635260085349834,0.5217391304347826,3.436918636789019,1174.0328926513653,70,8.786967729956073,38.39685559916095,0.42857142857142855,3.3245033008516267,1043.1078317055,5,4,12
B_E,6,11.0,8.7,600005,dc5da3d736dc43b9d4399a44da6c629dca48345dd69a9ddb24c5ce04dd81c483,87,5.247693905696098,9.5479392613531,0.4827586206896552,0.1364875667883704,346.09050527715056,13,4.425955435972072,8.497474167490214,0.6923076923076923,0.0,223.65262565595282,74,5.3920533665935615,9.79869268479038,0.44594594594594594,0.1604651123052463,367.59986250790155,1,0,12
B_N,6,11.0,8.7,600005,dc5da3d736dc43b9d4399a44da6c629dca48345dd69a9ddb24c5ce04dd81c483,87,5.219920222155483,9.5479392613531,0.4827586206896552,0.1364875667883704,340.53576856902754,13,4.293167897421152,7.461731366793035,0.6923076923076923,0.0,197.09511794576883,74,5.38272806298719,9.79869268479038,0.44594594594594594,0.1604651123052463,365.73480178662703,1,0,12
B_E,6,11.0,8.7,600006,a9654aa93d41b9254d88969a1c8da627f8bc2b3d6fab9c7a0a84a12f8eb55cfd,86,5.015431747760174,9.589731498592645,0.5116279069767442,0.06270379317585287,305.4119309473835,16,4.933145333466598,9.789772292284328,0.6875,0.0,324.1290666933195,70,5.034240071027276,9.422562549634454,0.4714285714285714,0.07703608875890496,301.1337284911696,1,0,12
B_N,6,11.0,8.7,600006,a9654aa93d41b9254d88969a1c8da627f8bc2b3d6fab9c7a0a84a12f8eb55cfd,86,4.971580164430775,9.589731498592645,0.5232558139534884,0.06270379317585287,298.96719567685267,16,4.933145333466598,9.789772292284328,0.6875,0.0,324.1290666933195,70,4.980365268651158,9.422562549634454,0.4857142857142857,0.07703608875890496,293.21591087308883,1,0,12
B_E,6,11.0,8.7,600007,63864ba781e5319a5abea17d2fd3760d76f27dae1a032d844798e98a1fa6f7e4,71,4.557258659151096,7.8074017006186525,0.49295774647887325,0.0,210.04328112599387,10,3.377123616632825,5.074179891480536,0.9,0.0,55.42472332656507,61,4.750723420219665,7.8074017006186525,0.4262295081967213,0.0,235.39058568327727,1,0,12
B_N,6,11.0,8.7,600007,63864ba781e5319a5abea17d2fd3760d76f27dae1a032d844798e98a1fa6f7e4,71,4.651241476876493,7.8074017006186525,0.4788732394366197,0.0,226.02294326262245,10,3.926871033381847,7.72066706696733,0.8,0.0,145.37420667636934,61,4.769990729908401,7.8074017006186525,0.4262295081967213,0.0,239.24404762102452,1,0,12
B_E,6,11.0,8.7,600008,6d6f4e404af4421c96c66b6e6c368ded7b263eb440b0eb123c3c211289dc7eb2,84,5.628486450953969,9.79869268479038,0.39285714285714285,0.0077719889787182354,404.2687187622224,13,4.186079351963155,8.497474167490214,0.7692307692307693,0.05021900570864091,191.0620242387848,71,5.892589159219893,10.87148229739477,0.323943661971831,0.0,443.3065642383448,1,0,12
B_N,6,11.0,8.7,600008,6d6f4e404af4421c96c66b6e6c368ded7b263eb440b0eb123c3c211289dc7eb2,84,5.623096136147863,11.276678038475776,0.39285714285714285,0.0,403.1906558010013,13,4.981188813574933,9.876193264493788,0.6153846153846154,0.0,319.3146857919097,71,5.740628462816147,10.66809583401709,0.352112676056338,0.0,418.548227774497,1,0,12
B_E,6,11.0,8.7,600009,86e9b600ef4d7a7c398b8f6f4bedb9d319ef1e86569f24af865e11855742d083,85,4.795162618162431,8.3594596741159,0.47058823529411764,0.0,253.1501706913096,10,5.230865683396519,8.497474167490214,0.5,0.0,346.17313667930375,75,4.737068876131218,7.8074017006186525,0.4666666666666667,0.0,240.74710855957707,1,0,12
B_N,6,11.0,8.7,600009,86e9b600ef4d7a7c398b8f6f4bedb9d319ef1e86569f24af865e11855742d083,85,4.66581028480972,7.8074017006186525,0.49411764705882355,0.0,231.98558637370857,10,4.303994650014673,7.72066706696733,0.7,0.0,200.7989300029344,75,4.7140523694490595,7.8074017006186525,0.4666666666666667,0.0,236.14380722314516,1,0,12
B_E,6,12.0,8.05,600000,be0cf2ae91ab06364168ae768656edea922ce29537cd8240a331f3c925bb9ad0,96,5.273550697691463,10.286238781871,0.4791666666666667,0.0193218972469064,350.5434728716259,12,4.2034788397907805,10.048533151619235,0.8333333333333334,0.0,207.36243462482287,84,5.426418105962988,9.88826473448958,0.4285714285714285,0.0220821682821787,370.9979069068835,1,0,12
B_N,6,12.0,8.05,600000,be0cf2ae91ab06364168ae768656edea922ce29537cd8240a331f3c925bb9ad0,96,5.252808083273007,10.286238781871,0.4791666666666667,0.0193218972469064,346.3949499879348,12,4.2034788397907805,10.048533151619235,0.8333333333333334,0.0,207.36243462482287,84,5.402712260913324,9.88826473448958,0.4285714285714285,0.0220821682821787,366.2567378969508,1,0,12
B_E,6,12.0,8.05,600001,55f461964e234cc92b531806c2dde16fd65e4e848fefae6e740e77640f17f895,88,4.561184784981557,8.255948804085161,0.5454545454545454,0.0,221.3278660872205,17,4.838407573174374,9.186833715992,0.6470588235294118,0.0,297.093279340757,71,4.494807497667783,7.8074017006186525,0.5211267605633803,0.0,203.18685164623287,1,0,12
B_N,6,12.0,8.05,600001,55f461964e234cc92b531806c2dde16fd65e4e848fefae6e740e77640f17f895,88,4.561184784981557,8.255948804085161,0.5454545454545454,0.0,221.3278660872205,17,4.838407573174374,9.186833715992,0.6470588235294118,0.0,297.093279340757,71,4.494807497667783,7.8074017006186525,0.5211267605633803,0.0,203.18685164623287,1,0,12
B_E,6,12.0,8.05,600002,d9db9d421eff2009180cbd4fb6e702031117f2cf8f89f8dca011cc8aa91bf6b2,86,4.9027005434789634,9.374368541872554,0.4883720930232558,0.0,278.2145273004439,12,4.715201569400269,7.548043266851135,0.5833333333333334,0.0,259.70698054672044,74,4.933105782518751,9.712875773009966,0.4729729729729729,0.0,281.215751098345,1,0,12
B_N,6,12.0,8.05,600002,d9db9d421eff2009180cbd4fb6e702031117f2cf8f89f8dca011cc8aa91bf6b2,86,4.965077836532499,8.497474167490214,0.4767441860465116,0.0,288.3644045158024,12,4.859054736163765,8.497474167490214,0.5833333333333334,0.0,288.4776138994198,74,4.98227077172743,8.952900648545265,0.4594594594594595,0.0,288.34604623737795,1,0,12
B_E,6,12.0,8.05,600003,10f35774f1a61869d0e32967d9e6a5de8e661fc14a5504cdd13cbefbdfe82b73,87,6.01734882988721,11.300598142436533,0.367816091954023,0.5434532062129296,477.0329843682465,17,4.838407573174373,9.186833715992,0.6470588235294118,0.0,297.093279340757,70,6.303663135088898,11.786928137153874,0.3,0.6754346991503553,520.7326270177795,3,0,12
B_N,6,12.0,8.05,600003,10f35774f1a61869d0e32967d9e6a5de8e661fc14a5504cdd13cbefbdfe82b73,87,6.031090733522755,11.300598142436533,0.367816091954023,0.5434532062129296,479.7813650953557,17,4.736864161341317,9.186833715992,0.6470588235294118,0.0,276.7845969741457,70,6.345402901052533,11.786928137153874,0.3,0.6754346991503553,529.0805802105067,3,0,12
B_E,6,12.0,8.05,600004,2a4d5166fcf0b68d921bf8309b6162bdd5ab1f2ecb13bfb459873f2e8f9db0af,103,8.750191630084217,29.859414120875808,0.4563106796116505,3.2042275013219004,1041.3004619391736,24,13.696226219283398,51.73110882094867,0.4583333333333333,6.833923522107701,2030.911910523347,79,7.247598843492061,26.460812840155796,0.4556962025316455,2.1015350393110244,740.6590092047413,5,5,12
B_N,6,12.0,8.05,600004,2a4d5166fcf0b68d921bf8309b6162bdd5ab1f2ecb13bfb459873f2e8f9db0af,103,8.667235060234459,29.859414120875808,0.4466019417475728,3.1481147630335014,1022.7674003964064,24,13.353308190651768,51.73110882094867,0.4583333333333333,6.833923522107701,1962.3283047970208,79,7.243617906689962,18.289304560584352,0.4430379746835443,2.0283753931881745,737.3311762747012,5,5,12
B_E,6,12.0,8.05,600005,214d0b5c2e3ea9dfe709a5a5c274993e42532fe509ca3a3e3aa55511ed861c94,94,5.3144337523873135,9.79869268479038,0.4680851063829787,0.0,356.50377175405856,14,4.986152214389671,8.497474167490214,0.5714285714285714,0.0,311.5161571636486,80,5.371883021536901,9.79869268479038,0.45,0.0,364.37660430738026,1,0,12
B_N,6,12.0,8.05,600005,214d0b5c2e3ea9dfe709a5a5c274993e42532fe509ca3a3e3aa55511ed861c94,94,5.261327358578066,9.79869268479038,0.4787234042553192,0.0,348.0101525666772,14,4.20079876189107,7.3754194667349395,0.7142857142857143,0.0,183.0168952353568,80,5.446919862998291,9.79869268479038,0.4375,0.0,376.8839725996583,1,0,12
B_E,6,12.0,8.05,600006,2d6593b51a4d275d2b232c07b9eb3af2cb871e56431626e2771f4ed424153d43,99,4.984620081456976,8.96284793999944,0.5050505050505051,0.0544699617487206,297.93411730149614,17,4.635654764791494,8.497474167490214,0.6470588235294118,0.0,256.5427176641812,82,5.056966549546161,8.96284793999944,0.4756097560975609,0.0657625147941871,306.5152611287444,1,0,12
B_N,6,12.0,8.05,600006,2d6593b51a4d275d2b232c07b9eb3af2cb871e56431626e2771f4ed424153d43,99,4.984620081456976,8.96284793999944,0.5050505050505051,0.0544699617487206,297.93411730149614,17,4.635654764791494,8.497474167490214,0.6470588235294118,0.0,256.5427176641812,82,5.056966549546161,8.96284793999944,0.4756097560975609,0.0657625147941871,306.5152611287444,1,0,12
B_E,6,12.0,8.05,600007,ba9fa7315bfac81ba3c0fb09b951efe9766db170a563f2b42ef04a170da086dd,78,4.555325316859824,7.8074017006186525,0.5,0.0,211.06506337196484,11,3.4997703788627463,5.748737083745107,0.9090909090909092,0.0,81.77225759073116,67,4.728625381307106,7.8074017006186525,0.4328358208955223,0.0,232.2922404405256,1,0,12
B_N,6,12.0,8.05,600007,ba9fa7315bfac81ba3c0fb09b951efe9766db170a563f2b42ef04a170da086dd,78,4.555325316859824,7.8074017006186525,0.5,0.0,211.06506337196484,11,3.842610030347133,7.634355166909234,0.8181818181818182,0.0,132.1583697057903,67,4.6723382743469815,7.8074017006186525,0.4477611940298507,0.0,224.01989367536663,1,0,12
B_E,6,12.0,8.05,600008,cad388b5bd9dd0c64c199af24130b9ef03d0d4d5424a9c35c8bdbbad3e13185f,93,5.369808450373855,10.18905662145838,0.4193548387096774,0.0716325690345813,357.8326578167064,14,5.708196976012887,12.035493499443964,0.5714285714285714,0.4758449228725762,455.9251094882917,79,5.309840863551748,9.896283668957375,0.3924050632911392,0.0,340.4491853685774,1,0,12
B_N,6,12.0,8.05,600008,cad388b5bd9dd0c64c199af24130b9ef03d0d4d5424a9c35c8bdbbad3e13185f,93,5.2692859728293024,9.79869268479038,0.4193548387096774,0.0716325690345813,337.7281623077961,14,5.708196976012887,12.035493499443964,0.5714285714285714,0.4758449228725762,455.9251094882917,79,5.191504276062592,9.79869268479038,0.3924050632911392,0.0,316.7818678707462,1,0,12
B_E,6,12.0,8.05,600009,d699abb1404665f264a1fc6d552cff2c0aedebb209b361076b8515d4bfbe133a,89,4.452179777253383,7.8074017006186525,0.550561797752809,0.0,200.54831500123825,11,3.3428396514843866,4.885618083164127,0.9090909090909092,0.0,50.38611211505916,78,4.60862517960542,7.8074017006186525,0.5,0.0,221.725035921084,1,0,12
B_N,6,12.0,8.05,600009,d699abb1404665f264a1fc6d552cff2c0aedebb209b361076b8515d4bfbe133a,89,4.452179777253383,7.8074017006186525,0.550561797752809,0.0,200.54831500123825,11,3.3428396514843866,4.885618083164127,0.9090909090909092,0.0,50.38611211505916,78,4.60862517960542,7.8074017006186525,0.5,0.0,221.725035921084,1,0,12
B_E,7,0.5,17.75,600000,1a048017a006b46de18f8a2d632163a48593b36fba76b760bcc5456ba1205e69,9,6.045493929752273,9.666666666666668,0.3333333333333333,0.0,475.7654526171212,5,8.104765456921266,9.666666666666668,0.0,0.0,820.9530913842533,4,3.471404520791032,4.602775370689508,0.75,0.0,44.280904158206354,1,0,12
B_N,7,0.5,17.75,600000,1a048017a006b46de18f8a2d632163a48593b36fba76b760bcc5456ba1205e69,9,6.045493929752273,9.666666666666668,0.3333333333333333,0.0,475.7654526171212,5,8.104765456921266,9.666666666666668,0.0,0.0,820.9530913842533,4,3.471404520791032,4.602775370689508,0.75,0.0,44.280904158206354,1,0,12
B_E,7,0.5,17.75,600001,a8aa8428c102dbfff79afdb50994cb525d1654afda0e6e1812ba98a78598c3f2,7,4.64291735491449,7.8074017006186525,0.5714285714285714,0.0,242.8691852686123,3,6.833473828133811,7.8074017006186525,0.0,0.0,566.6947656267621,4,3.0,3.0,1.0,0.0,0.0,1,0,12
B_N,7,0.5,17.75,600001,a8aa8428c102dbfff79afdb50994cb525d1654afda0e6e1812ba98a78598c3f2,7,4.64291735491449,7.8074017006186525,0.5714285714285714,0.0,242.8691852686123,3,6.833473828133811,7.8074017006186525,0.0,0.0,566.6947656267621,4,3.0,3.0,1.0,0.0,0.0,1,0,12
B_E,7,0.5,17.75,600002,01bb2a6b9060e124dca102e66dc2c62cd19cab55b0de66e2932178d9d7d53160,0,,,,,,0,,,,,,0,,,,,,0,0,12
B_N,7,0.5,17.75,600002,01bb2a6b9060e124dca102e66dc2c62cd19cab55b0de66e2932178d9d7d53160,0,,,,,,0,,,,,,0,,,,,,0,0,12
B_E,7,0.5,17.75,600003,d9ce2bd180198aecbd9d75bc5c73d459ca0c60579edc9aae2b7d2e0b3d0e7dd6,11,10.555076933313437,21.78832306536181,0.0909090909090909,3.824208555309848,1329.197204844505,1,9.79869268479038,9.79869268479038,0.0,0.0,1159.738536958076,10,10.63071535816574,22.289584474038428,0.1,4.206629410840833,1346.143071633148,3,3,12
B_N,7,0.5,17.75,600003,d9ce2bd180198aecbd9d75bc5c73d459ca0c60579edc9aae2b7d2e0b3d0e7dd6,11,10.63966717270278,21.78832306536181,0.0909090909090909,3.824208555309848,1346.1152527223742,1,7.8074017006186525,7.8074017006186525,0.0,0.0,761.4803401237305,10,10.922893719911192,22.289584474038428,0.1,4.206629410840833,1404.5787439822384,3,3,12
B_E,7,0.5,17.75,600004,b56a060035e40227baee842d984f475eaa6074fd31b0c5ec1c08265da9bdd254,3,7.300226993837448,9.540460437667123,0.0,0.0,660.0453987674897,1,4.885618083164127,4.885618083164127,0.0,0.0,177.12361663282542,2,8.50753144917411,9.669576561228752,0.0,0.0,901.506289834822,1,0,12
B_N,7,0.5,17.75,600004,b56a060035e40227baee842d984f475eaa6074fd31b0c5ec1c08265da9bdd254,3,7.610391204931715,7.8074017006186525,0.0,0.0,722.0782409863428,1,7.8074017006186525,7.8074017006186525,0.0,0.0,761.4803401237305,2,7.511885957088246,7.777850126265612,0.0,0.0,702.3771914176491,1,0,12
B_E,7,0.5,17.75,600005,a787bf48f72e6bac7c77e72b87892a8f211c18b8feb01f26cbeb62a69e83de0d,12,14.619347740778444,26.305810153196614,0.0833333333333333,6.721545951509445,2140.5362148223558,7,18.349711986377557,27.260981406670428,0.0,9.013795362181554,2869.9423972755108,5,9.396837796939684,19.15972537254813,0.2,3.512396776568494,1119.367559387937,5,5,12
B_N,7,0.5,17.75,600005,a787bf48f72e6bac7c77e72b87892a8f211c18b8feb01f26cbeb62a69e83de0d,12,14.619347740778444,26.305810153196614,0.0833333333333333,6.721545951509445,2140.5362148223558,7,18.349711986377557,27.260981406670428,0.0,9.013795362181554,2869.9423972755108,5,9.396837796939684,19.15972537254813,0.2,3.512396776568494,1119.367559387937,5,5,12
B_E,7,0.5,17.75,600006,bc460ce8ad7c6fe855033f95f20a164adb9905e21a838aba4316bb89ab473f54,6,5.717970530836681,7.8074017006186525,0.3333333333333333,0.0,410.2607728340028,3,6.833473828133811,7.8074017006186525,0.0,0.0,566.6947656267621,3,4.60246723353955,7.326661530556787,0.6666666666666666,0.0,253.8267800412435,1,0,12
B_N,7,0.5,17.75,600006,bc460ce8ad7c6fe855033f95f20a164adb9905e21a838aba4316bb89ab473f54,6,5.717970530836681,7.8074017006186525,0.3333333333333333,0.0,410.2607728340028,3,6.833473828133811,7.8074017006186525,0.0,0.0,566.6947656267621,3,4.60246723353955,7.326661530556787,0.6666666666666666,0.0,253.8267800412435,1,0,12
B_E,7,0.5,17.75,600007,42e54945c572c91deb9c563b611b5f94383c26ee4a569101e052a8d8e889b917,3,5.859545955648969,7.515223338873199,0.0,0.0,371.9091911297937,1,4.885618083164127,4.885618083164127,0.0,0.0,177.12361663282542,2,6.34650989189139,7.661312519745926,0.0,0.0,469.3019783782779,1,0,12
B_N,7,0.5,17.75,600007,42e54945c572c91deb9c563b611b5f94383c26ee4a569101e052a8d8e889b917,3,5.859545955648969,7.515223338873199,0.0,0.0,371.9091911297937,1,4.885618083164127,4.885618083164127,0.0,0.0,177.12361663282542,2,6.34650989189139,7.661312519745926,0.0,0.0,469.3019783782779,1,0,12
B_E,7,0.5,17.75,600008,57e455efa6d0c35365050ff1ed49e146170db6e7ebd6ab9186b043911e04dc69,2,5.403700850309326,7.567031615587719,0.5,0.0,380.7401700618652,1,7.8074017006186525,7.8074017006186525,0.0,0.0,761.4803401237305,1,3.0,3.0,1.0,0.0,0.0,1,0,12
B_N,7,0.5,17.75,600008,57e455efa6d0c35365050ff1ed49e146170db6e7ebd6ab9186b043911e04dc69,2,5.403700850309326,7.567031615587719,0.5,0.0,380.7401700618652,1,7.8074017006186525,7.8074017006186525,0.0,0.0,761.4803401237305,1,3.0,3.0,1.0,0.0,0.0,1,0,12
B_E,7,0.5,17.75,600009,e5131bdfd4812c092f91196dac8c14ea00753cc47749f249309644c78ac768ee,6,5.73447736080514,8.324956050772323,0.3333333333333333,0.0,413.5621388276944,2,8.152437934054433,8.462970544146636,0.0,0.0,830.4875868108866,4,4.525497074180492,6.866757393998782,0.5,0.0,205.09941483609836,1,0,12
B_N,7,0.5,17.75,600009,e5131bdfd4812c092f91196dac8c14ea00753cc47749f249309644c78ac768ee,6,5.73447736080514,8.324956050772323,0.3333333333333333,0.0,413.5621388276944,2,8.152437934054433,8.462970544146636,0.0,0.0,830.4875868108866,4,4.525497074180492,6.866757393998782,0.5,0.0,205.09941483609836,1,0,12
B_E,7,1.0,17.5,600000,3d64ce9df3554c2d8b865ba6255d4af6114e0fe15fc0d0e82c8b268be436ad6b,17,9.429118011533824,21.014185584099558,0.1176470588235294,1.805907631817664,1109.3530140714706,9,9.751048224625126,17.208680579960728,0.0,1.4539929575120267,1150.209644925025,8,9.066946521806113,18.28973584415256,0.25,2.2018116404115062,1063.3893043612225,3,1,12
B_N,7,1.0,17.5,600000,3d64ce9df3554c2d8b865ba6255d4af6114e0fe15fc0d0e82c8b268be436ad6b,17,9.429118011533824,21.014185584099558,0.1176470588235294,1.805907631817664,1109.3530140714706,9,9.751048224625126,17.208680579960728,0.0,1.4539929575120267,1150.209644925025,8,9.066946521806113,18.28973584415256,0.25,2.2018116404115062,1063.3893043612225,3,1,12
B_E,7,1.0,17.5,600001,39214e757f1529773d77a93fa0f59ee5906f7dd64e8ddea12fb7e58fc634e1f0,11,6.428574657807212,9.666666666666668,0.2727272727272727,0.0,540.2603861068967,6,8.05520483087083,9.666666666666668,0.0,0.0,811.040966174166,5,4.476618450130869,7.775102950624996,0.6,0.0,215.3236900261737,1,0,12
B_N,7,1.0,17.5,600001,39214e757f1529773d77a93fa0f59ee5906f7dd64e8ddea12fb7e58fc634e1f0,11,6.365840797182525,9.666666666666668,0.2727272727272727,0.0,527.7136139819593,6,8.05520483087083,9.666666666666668,0.0,0.0,811.040966174166,5,4.338603956756556,7.223044977127746,0.6,0.0,187.7207913513112,1,0,12
B_E,7,1.0,17.5,600002,b88afa300997ca5f6cbf7bf16e583c0e092e294cf07baae391848c0da7bde46d,9,6.242461227712925,9.745882277540897,0.3333333333333333,0.0,515.1589122092514,4,8.039594783809957,9.778888782071824,0.0,0.0,807.9189567619912,5,4.8047543828352985,7.689195403206489,0.6,0.0,280.95087656705965,1,0,12
B_N,7,1.0,17.5,600002,b88afa300997ca5f6cbf7bf16e583c0e092e294cf07baae391848c0da7bde46d,9,6.112550950026653,9.278205277870311,0.3333333333333333,0.0,489.176856671997,4,7.747296659015843,9.603509907195354,0.0,0.0,749.4593318031687,5,4.8047543828352985,7.689195403206489,0.6,0.0,280.95087656705965,1,0,12
B_E,7,1.0,17.5,600003,e252b7a2ce2661fc3397391e76390e37be1df51e150d3bc229fe355e15c0300a,16,15.09973424710616,31.980138344300585,0.1875,7.144287174714464,2257.4468494212324,4,18.791115681190675,28.801479280671877,0.0,9.556258751505084,2958.223136238136,12,13.869273769077992,32.81000831505347,0.25,6.34029664911759,2023.854753815598,6,3,12
B_N,7,1.0,17.5,600003,e252b7a2ce2661fc3397391e76390e37be1df51e150d3bc229fe355e15c0300a,16,15.09973424710616,31.980138344300585,0.1875,7.144287174714464,2257.4468494212324,4,18.791115681190675,28.801479280671877,0.0,9.556258751505084,2958.223136238136,12,13.869273769077992,32.81000831505347,0.25,6.34029664911759,2023.854753815598,6,3,12
B_E,7,1.0,17.5,600004,ac09a9cc04a4a2ee655edda54ed00fbe31e6de596a7ef046b19c6a6f74c8181e,11,8.01230396580208,9.79869268479038,0.0,0.0,802.4607931604157,8,8.142357094434367,9.79869268479038,0.0,0.0,828.4714188868732,3,7.665495622782647,9.540460437667123,0.0,0.0,733.0991245565292,1,0,12
B_N,7,1.0,17.5,600004,ac09a9cc04a4a2ee655edda54ed00fbe31e6de596a7ef046b19c6a6f74c8181e,11,8.048462950307023,10.28664760562539,0.0,0.0,809.6925900614045,8,7.747296659015843,9.79869268479038,0.0,0.0,749.4593318031687,3,8.851573060416834,10.6770115422934,0.0,0.0,970.3146120833668,1,0,12
B_E,7,1.0,17.5,600005,714b00df9d5d7e55b84b467f7fd21c6c5019b7172684723869711f78d369dc2e,17,14.11373148884628,25.27222157857315,0.0588235294117647,5.865471949314216,2034.511003651608,8,14.135310840125497,23.736196456294827,0.0,4.872916120964874,2027.0621680250997,9,14.09454984326475,25.490646026934588,0.1111111111111111,6.747743796735853,2041.132190875172,5,0,12
B_N,7,1.0,17.5,600005,714b00df9d5d7e55b84b467f7fd21c6c5019b7172684723869711f78d369dc2e,17,14.11373148884628,25.27222157857315,0.0588235294117647,5.865471949314216,2034.511003651608,8,14.135310840125497,23.736196456294827,0.0,4.872916120964874,2027.0621680250997,9,14.09454984326475,25.490646026934588,0.1111111111111111,6.747743796735853,2041.132190875172,5,0,12
B_E,7,1.0,17.5,600006,4b7c6ebee531c7c60b91bff4212213f5dbfc7d4ddec6450369f9854ad347a981,12,6.6993796044229255,10.508541209126376,0.25,0.0,589.8759208845851,6,8.367010216967019,11.069790904099516,0.0,0.0,873.4020433934037,6,5.031748991878832,8.324956050772323,0.5,0.0,306.3497983757664,1,0,12
B_N,7,1.0,17.5,600006,4b7c6ebee531c7c60b91bff4212213f5dbfc7d4ddec6450369f9854ad347a981,12,6.25225892530905,10.581155519094416,0.3333333333333333,0.0,517.1184517284768,6,8.38901455332097,11.102797408630444,0.0,0.0,877.8029106641942,6,4.11550329729713,7.076955796255021,0.6666666666666666,0.0,156.4339927927593,1,0,12
B_E,7,1.0,17.5,600007,f9c45b4ab3f6711aaa3887a4bff5b62ad7d38c431c835a4e88baa068c2d6978c,4,6.844332637934321,9.49999903716462,0.0,0.0,568.8665275868643,2,7.342155383977253,9.553038954709066,0.0,0.0,668.4310767954506,2,6.34650989189139,7.661312519745926,0.0,0.0,469.3019783782779,1,0,12
B_N,7,1.0,17.5,600007,f9c45b4ab3f6711aaa3887a4bff5b62ad7d38c431c835a4e88baa068c2d6978c,4,6.346509891891389,7.8074017006186525,0.0,0.0,469.3019783782779,2,6.34650989189139,7.661312519745926,0.0,0.0,469.3019783782779,2,6.34650989189139,7.661312519745926,0.0,0.0,469.3019783782779,1,0,12
B_E,7,1.0,17.5,600008,13768f42ccae8c34d3a9fbd47e0b534c0a5cef9fb28956be2fa2aa01facc2e75,5,6.256294013580794,9.294813673457064,0.4,0.0,531.2588027161589,3,8.427156689301324,9.480740170061866,0.0,0.0,885.4313378602648,2,3.0,3.0,1.0,0.0,0.0,1,0,12
B_N,7,1.0,17.5,600008,13768f42ccae8c34d3a9fbd47e0b534c0a5cef9fb28956be2fa2aa01facc2e75,5,6.256294013580794,9.294813673457064,0.4,0.0,531.2588027161589,3,8.427156689301324,9.480740170061866,0.0,0.0,885.4313378602648,2,3.0,3.0,1.0,0.0,0.0,1,0,12
B_E,7,1.0,17.5,600009,0b70d3f6813fd67695b4b50462fccb3dac658c9dc2b05fb919cca7f28d2d621d,11,6.747897520251812,9.314757303333051,0.1818181818181818,0.0,585.9431404139988,5,7.732912463711662,9.432828166831376,0.0,0.0,746.5824927423325,6,5.9270517340352695,8.846504496872134,0.3333333333333333,0.0,452.0770134737206,1,0,12
B_N,7,1.0,17.5,600009,0b70d3f6813fd67695b4b50462fccb3dac658c9dc2b05fb919cca7f28d2d621d,11,6.747897520251812,9.314757303333051,0.1818181818181818,0.0,585.9431404139988,5,7.732912463711662,9.432828166831376,0.0,0.0,746.5824927423325,6,5.9270517340352695,8.846504496872134,0.3333333333333333,0.0,452.0770134737206,1,0,12
B_E,7,2.0,17.0,600000,22a3320ca837e8ab30384b6083364d386968d9eb5a9ab92c84e582e8468db443,24,10.250447638044756,26.377507803644797,0.1666666666666666,3.0165342675106026,1283.4228609422846,12,12.481592121524416,26.405663273253825,0.0,4.23959077393738,1696.3184243048836,12,8.019303154565094,19.18020144620436,0.3333333333333333,1.7934777610838255,870.5272975796855,3,0,12
B_N,7,2.0,17.0,600000,22a3320ca837e8ab30384b6083364d386968d9eb5a9ab92c84e582e8468db443,24,10.250447638044756,26.377507803644797,0.1666666666666666,3.0165342675106026,1283.4228609422846,12,12.481592121524416,26.405663273253825,0.0,4.23959077393738,1696.3184243048836,12,8.019303154565094,19.18020144620436,0.3333333333333333,1.7934777610838255,870.5272975796855,3,0,12
B_E,7,2.0,17.0,600001,c82eeacfce2fc5cd145635f77e0090bad2c89ffd95ffcf8c3037bb4751317d5c,22,6.621113926162247,9.79869268479038,0.2272727272727272,0.0,569.677330686995,9,7.5445730929270685,9.745882277540897,0.0,0.0,708.9146185854137,13,5.981796041478909,10.656924374873888,0.3846153846153846,0.0,473.2822852188587,1,0,12
B_N,7,2.0,17.0,600001,c82eeacfce2fc5cd145635f77e0090bad2c89ffd95ffcf8c3037bb4751317d5c,22,6.483732897370566,9.792091383884197,0.2272727272727272,0.0,542.2011249286587,9,7.531188796527669,10.789166056612943,0.0,0.0,706.2377593055338,13,5.758571121031034,9.297185837915816,0.3846153846153846,0.0,428.6373011292836,1,0,12
B_E,7,2.0,17.0,600002,846123a6797f5fa94dccc975aac9e2fb062659a8cdeadcdd8807acf76f6b8984,27,11.689506799633117,25.030754681747453,0.037037037037037,3.335637574511229,1545.308767334031,14,11.749236137291494,21.87369695843582,0.0,2.78690549275156,1549.847227458299,13,11.625182897539478,25.9464210770948,0.0769230769230769,3.926579816406257,1540.4211948925115,4,0,12
B_N,7,2.0,17.0,600002,846123a6797f5fa94dccc975aac9e2fb062659a8cdeadcdd8807acf76f6b8984,27,11.689506799633117,25.030754681747453,0.037037037037037,3.335637574511229,1545.308767334031,14,11.749236137291494,21.87369695843582,0.0,2.78690549275156,1549.847227458299,13,11.625182897539478,25.9464210770948,0.0769230769230769,3.926579816406257,1540.4211948925115,4,0,12
B_E,7,2.0,17.0,600003,4916d386484a45ca55f6351cb9463273e8ed214ea24d54bc5972783e8415947e,24,15.877357447679122,30.94124274376211,0.0833333333333333,7.471427470372267,2392.1381562024912,9,13.240281444901145,29.05467787338051,0.0,3.788387785206497,1848.0562889802288,15,17.45960304934591,31.43832419773533,0.1333333333333333,9.681251281471727,2718.587276535849,6,0,12
B_N,7,2.0,17.0,600003,4916d386484a45ca55f6351cb9463273e8ed214ea24d54bc5972783e8415947e,24,16.013129165637476,32.17074389937795,0.0833333333333333,7.471427470372267,2419.2924997941614,9,12.63262549144797,28.011394094308457,0.0,3.788387785206497,1726.525098289594,15,18.041431370151177,32.76919982543511,0.1333333333333333,9.681251281471727,2834.9529406969023,6,0,12
B_E,7,2.0,17.0,600004,9fd1e39fb227c96a84dc758f02121fa284f53d5d8f091e64d7dc0768e8910f32,28,10.517482821989828,22.93180523772837,0.0714285714285714,2.632499801669577,1317.78227868368,16,11.692815136507928,25.085930177234705,0.0,3.231821936007236,1538.5630273015854,12,8.950373069299031,18.36095399010039,0.1666666666666666,1.833403622552699,1023.4079471931396,3,3,12
B_N,7,2.0,17.0,600004,9fd1e39fb227c96a84dc758f02121fa284f53d5d8f091e64d7dc0768e8910f32,28,10.803583900434706,26.71530725547516,0.0714285714285714,2.533753147857039,1375.0024943726555,16,11.999743707278595,25.845936381173104,0.0,3.231821936007236,1599.9487414557193,12,9.20870415797619,20.086233305566115,0.1666666666666666,1.6029947636567763,1075.074164928571,3,3,12
B_E,7,2.0,17.0,600005,bf81c493820b596ed93957acc28c793e2fd31c323461e690d9f8d3e070fc75ee,30,13.589847105451645,25.48816828654967,0.0333333333333333,5.256692169999587,1924.636087756996,14,15.19603314629694,24.89647624210762,0.0,6.100897861325003,2239.206629259388,16,12.184434319712018,26.104027460620287,0.0625,4.518012190089848,1649.3868639424034,4,2,12
B_N,7,2.0,17.0,600005,bf81c493820b596ed93957acc28c793e2fd31c323461e690d9f8d3e070fc75ee,30,13.76560628788924,25.48816828654967,0.0333333333333333,5.256692169999587,1959.7879242445156,14,15.19603314629694,25.014974653158298,0.0,6.100897861325003,2239.206629259388,16,12.51398278678251,26.104027460620287,0.0625,4.518012190089848,1715.296557356502,4,2,12
B_E,7,2.0,17.0,600006,75b1275ef18595fbdc75f7c943fef4b7f46cdc7a62fdfcdfc371de19167bcc82,28,9.665076407632302,17.981229741721904,0.1071428571428571,2.0398432635101926,1154.4438529550323,14,9.77909863092866,14.78952576544203,0.0,1.208388586453241,1155.819726185732,14,9.551054184335948,20.102864321393717,0.2142857142857142,2.871297940567144,1153.0679797243322,4,0,12
B_N,7,2.0,17.0,600006,75b1275ef18595fbdc75f7c943fef4b7f46cdc7a62fdfcdfc371de19167bcc82,28,10.003086824570888,17.981229741721904,0.0714285714285714,2.0398432635101926,1214.903079199892,14,9.729807740437836,14.78952576544203,0.0,1.208388586453241,1145.9615480875668,14,10.27636590870394,20.102864321393717,0.1428571428571428,2.871297940567144,1283.8446103122162,4,0,12
B_E,7,2.0,17.0,600007,cbaed8c55160ee41169ab2218bd306fd6e7d8f4fcfe609f467a23d6e6934beeb,16,6.580935905689064,9.699673171197595,0.0625,0.0,528.6871811378126,11,6.892102639693079,9.732679675728525,0.0,0.0,578.4205279386155,5,5.89636909088023,7.8074017006186525,0.2,0.0,419.273818176046,1,0,12
B_N,7,2.0,17.0,600007,cbaed8c55160ee41169ab2218bd306fd6e7d8f4fcfe609f467a23d6e6934beeb,16,6.662262063020323,9.79869268479038,0.0625,0.0,544.9524126040646,11,7.010395232174912,9.79869268479038,0.0,0.0,602.0790464349822,5,5.89636909088023,7.8074017006186525,0.2,0.0,419.273818176046,1,0,12
B_E,7,2.0,17.0,600008,992008345184eed7c72f933498223e2b66a5ee37eaae12f614adf0a042267c1c,15,6.667658997081884,10.320334574326404,0.2666666666666666,0.0,586.8651327497103,8,8.741434086188322,10.9289167787851,0.0,0.0,948.2868172376646,7,4.297630323817384,6.845886340490402,0.5714285714285714,0.0,173.81177904919105,1,0,12
B_N,7,2.0,17.0,600008,992008345184eed7c72f933498223e2b66a5ee37eaae12f614adf0a042267c1c,15,6.667658997081884,10.320334574326404,0.2666666666666666,0.0,586.8651327497103,8,8.741434086188322,10.9289167787851,0.0,0.0,948.2868172376646,7,4.297630323817384,6.845886340490402,0.5714285714285714,0.0,173.81177904919105,1,0,12
B_E,7,2.0,17.0,600009,85772dc4099469251f48fcb4fcb8775a316b8f2b639303029f67b17c2f1dddd0,24,6.670602017421028,9.666666666666668,0.2083333333333333,0.0378318477872502,575.7870701508721,11,8.003252878981911,9.732679675728525,0.0,0.0825422133540004,800.6505757963819,13,5.542974365331049,8.497474167490214,0.3846153846153846,0.0,385.5179499892868,1,0,12
B_N,7,2.0,17.0,600009,85772dc4099469251f48fcb4fcb8775a316b8f2b639303029f67b17c2f1dddd0,24,6.63105604947948,9.778888782071824,0.25,0.0,576.2112098958961,11,8.259810418593831,10.66809583401709,0.0,0.0,851.9620837187664,13,5.252879275613491,8.497474167490214,0.4615384615384615,0.0,342.88354743039054,1,0,12
B_E,7,4.0,16.0,600000,58db8a7a121e2c57fbff9cea2acc5cb004cbf76cdab053da81edc8fa708d7ba3,50,15.063618152155373,35.341475552328525,0.08,6.392099968468829,2228.7236304310745,24,15.218839495975176,33.36340002450294,0.0,6.87515289356088,2243.7678991950347,26,14.920336911706324,35.38691783449909,0.1538461538461538,5.94620496069155,2214.8366131104963,6,2,12
B_N,7,4.0,16.0,600000,58db8a7a121e2c57fbff9cea2acc5cb004cbf76cdab053da81edc8fa708d7ba3,50,14.58889126371878,33.88308417627853,0.1,6.356843765959201,2137.778252743756,24,15.340580480035776,32.17034516659742,0.0,6.87515289356088,2268.116096007156,26,13.89502429481078,33.875051889269656,0.1923076923076923,5.87840457124996,2017.4663974236944,6,2,12
B_E,7,4.0,16.0,600001,c483b01185c35ef14d861c9adbc1438d2e4b287317d35685aa45750ee943338b,44,7.938853917975729,16.082551821966945,0.1818181818181818,0.7445610908725939,824.1344199587821,21,8.7271475440811,11.5374989832438,0.0,0.3775441134206457,945.42950881622,23,7.21910756370561,16.11604591793654,0.3478260869565217,1.079663548546112,713.3867301324261,3,1,12
B_N,7,4.0,16.0,600001,c483b01185c35ef14d861c9adbc1438d2e4b287317d35685aa45750ee943338b,44,7.973241829277995,18.09715055322893,0.2045454545454545,0.7445610908725939,835.5574567646902,21,8.859887550273257,11.5374989832438,0.0,0.3775441134206457,971.9775100546512,23,7.163695736195368,18.20974563813205,0.391304347826087,1.079663548546112,711.000016804291,3,1,12
B_E,7,4.0,16.0,600002,9e6bd175eff0a4a3b0c98ffa45064ec04cdd9b2d34b46d8fb0be80d4fffcd88c,41,8.737877787103251,18.72129422572623,0.1951219512195122,1.8566331566006535,986.5999476645528,16,10.683782752265564,19.633582204038177,0.0,1.7331109130723237,1336.7565504531126,25,7.492498609399371,17.00628644587259,0.32,1.9356873924587852,762.4997218798741,3,0,12
B_N,7,4.0,16.0,600002,9e6bd175eff0a4a3b0c98ffa45064ec04cdd9b2d34b46d8fb0be80d4fffcd88c,41,8.835723063511532,18.031221758854667,0.1707317073170731,1.8566331566006535,1001.2909541657208,16,10.516197536575358,19.116027853884503,0.0,1.7331109130723237,1303.2395073150717,25,7.760219400750682,17.00628644587259,0.28,1.9356873924587852,808.0438801501364,3,0,12
B_E,7,4.0,16.0,600003,16a9de2acc1d8bd7748aad2a485e9e6a8e4205228b6793ca7695bbb9213f949d,45,11.64795213753107,24.64067721498849,0.1333333333333333,4.226897153426479,1556.2570941728802,17,12.442647429305367,25.11738125629908,0.0,3.779455133701798,1688.5294858610737,28,11.165458567525244,23.439196223159456,0.2142857142857142,4.498558379687893,1475.9488563621917,6,0,12
B_N,7,4.0,16.0,600003,16a9de2acc1d8bd7748aad2a485e9e6a8e4205228b6793ca7695bbb9213f949d,45,11.73527396790135,24.778691708362803,0.1333333333333333,4.226897153426479,1573.7214602469369,17,12.592608454771224,25.11738125629908,0.0,3.779455133701798,1718.521690954245,28,11.21474945801607,23.88774332662597,0.2142857142857142,4.498558379687893,1485.8070344603566,6,0,12
B_E,7,4.0,16.0,600004,2e443bcd5df39a35a97065cefd036fd7b102bf0eedde8018bd795e847b9b35ff,61,33.23345704298084,106.51114250502238,0.0655737704918032,24.28275788135633,5859.806162694527,32,35.52724002764187,123.54215903073217,0.0,26.39407976766438,6305.448005528374,29,30.70238616335486,70.45983477654949,0.1379310344827586,21.95302338611986,5368.063439567523,11,10,12
B_N,7,4.0,16.0,600004,2e443bcd5df39a35a97065cefd036fd7b102bf0eedde8018bd795e847b9b35ff,61,32.24745361682146,98.21032403087308,0.0655737704918032,23.21982910368877,5662.605477462651,32,34.60007056942738,117.88059818285696,0.0,25.379730384470804,6120.014113885476,29,29.65146249670456,64.1862984403502,0.1379310344827586,20.83648975937756,5157.878706237464,10,10,12
B_E,7,4.0,16.0,600005,2c9db9a792a275663ac51f14a2dcbf14e59c18b0c53e339a423564d341d8e18f,43,10.382631318945688,21.107773948589543,0.0930232558139534,1.6277213459912292,1295.1309149519284,20,10.907343938625685,21.18875886783385,0.0,1.519645684638817,1381.4687877251367,23,9.926359475745691,17.543644800638933,0.1739130434782608,1.7217001819498483,1220.0545038447908,3,1,12
B_N,7,4.0,16.0,600005,2c9db9a792a275663ac51f14a2dcbf14e59c18b0c53e339a423564d341d8e18f,43,10.382631318945688,21.107773948589543,0.0930232558139534,1.6277213459912292,1295.1309149519284,20,10.907343938625685,21.18875886783385,0.0,1.519645684638817,1381.4687877251367,23,9.926359475745691,17.543644800638933,0.1739130434782608,1.7217001819498483,1220.0545038447908,3,1,12
B_E,7,4.0,16.0,600006,37d4b501bafca6188afcf13a92e86dc358575bce0dfcdb31c7d2f0265bf04930,43,10.014485000116164,22.296567990237087,0.0930232558139534,1.7442183242466092,1221.5016511860238,20,10.578373357961208,22.84629263348493,0.0,1.7898835168311051,1315.674671592241,23,9.524147297642214,17.89276620829302,0.1739130434782608,1.7045094611296563,1139.612068224095,3,0,12
B_N,7,4.0,16.0,600006,37d4b501bafca6188afcf13a92e86dc358575bce0dfcdb31c7d2f0265bf04930,43,9.899913901423208,22.296567990237087,0.0930232558139534,1.7442183242466092,1198.587431447432,20,10.47880880875262,22.84629263348493,0.0,1.7898835168311051,1295.761761750524,23,9.396527025484586,17.89276620829302,0.1739130434782608,1.7045094611296563,1114.0880137925694,3,0,12
B_E,7,4.0,16.0,600007,131589c15773ad4dda0244343f7964e88e411a1ddf0ad131089b0e36b7ac7105,37,6.199145804933402,9.79869268479038,0.2432432432432432,0.0,488.4778096353292,17,7.41346912695592,9.79869268479038,0.0,0.0,682.6938253911837,20,5.166970981214265,9.111919138499427,0.45,0.0,323.3941962428528,1,0,12
B_N,7,4.0,16.0,600007,131589c15773ad4dda0244343f7964e88e411a1ddf0ad131089b0e36b7ac7105,37,6.199145804933401,9.79869268479038,0.2432432432432432,0.0,488.4778096353292,17,7.41346912695592,9.79869268479038,0.0,0.0,682.6938253911837,20,5.166970981214265,9.111919138499427,0.45,0.0,323.3941962428528,1,0,12
B_E,7,4.0,16.0,600008,c5c006ebe272ebbcfea0a7f4f4479b38cca744b0fe5c5569a9e626786ac168d0,41,11.286973973546504,31.199867326252075,0.1707317073170731,3.321226443731753,1491.5411361727158,21,12.3607158954188,25.975247850556716,0.0,3.378150824299761,1672.1431790837596,20,10.1595449555806,31.20465736105416,0.35,3.261455844135344,1301.90899111612,5,0,12
B_N,7,4.0,16.0,600008,c5c006ebe272ebbcfea0a7f4f4479b38cca744b0fe5c5569a9e626786ac168d0,41,11.340734463082182,31.199867326252075,0.1707317073170731,3.321226443731753,1502.293234079851,21,12.443516195345152,25.975247850556716,0.0,3.378150824299761,1688.7032390690304,20,10.18281364420606,31.20465736105416,0.35,3.261455844135344,1306.5627288412122,5,0,12
B_E,7,4.0,16.0,600009,800b918081fef431b4210dbf2807e35a59a763601d40ed50d74f83b2518c60f8,43,9.354229315030494,18.956961417150456,0.1627906976744186,2.31050669315977,1103.4040025409824,16,12.283081975703317,20.1846183880115,0.0,3.872608379275789,1656.6163951406634,27,7.618612923520674,16.225237180676295,0.2592592592592592,1.3848168050910183,775.5744365559866,3,0,12
B_N,7,4.0,16.0,600009,800b918081fef431b4210dbf2807e35a59a763601d40ed50d74f83b2518c60f8,43,9.180071985922076,18.956961417150456,0.1860465116279069,2.31050669315977,1073.2236995099963,16,12.158626289192584,20.1846183880115,0.0,3.872608379275789,1631.7252578385169,27,7.415002769169184,16.225237180676295,0.2962962962962963,1.3848168050910183,742.259813093096,3,0,12
B_E,7,5.0,15.483333333333333,600000,2925a950d77c7623b441e4396d6dee5243e4df1bbc83431d93eed33a5e8d3a04,65,19.09964461709545,53.16755443608436,0.09230769230769231,10.635236862213395,3038.390461880629,32,20.795409271731554,53.54521842138277,0.0,11.754724021351421,3359.081854346311,33,17.455266770175594,45.82017778992599,0.18181818181818182,9.549673556382583,2727.4169903987554,7,5,12
B_N,7,5.0,15.483333333333333,600000,2925a950d77c7623b441e4396d6dee5243e4df1bbc83431d93eed33a5e8d3a04,65,20.72931872239224,58.57701281501702,0.09230769230769231,12.153722830460621,3364.325282939986,32,23.381884124365616,62.28804838185288,0.0,14.455297963553676,3876.3768248731226,33,18.157134090175642,45.82017778992599,0.18181818181818182,9.921892398370387,2867.7904543987643,7,6,12
B_E,7,5.0,15.483333333333333,600001,05e25274c721df78d856993f750f72d1fbba3aff244da5156e2c5cc188db4144,56,8.865097654047549,22.686400170097755,0.26785714285714285,2.017057385823916,1026.590959380938,26,12.09081341663451,24.84345895196013,0.0,3.7062685623266307,1618.1626833269022,30,6.069477326472181,14.914542011692461,0.5,0.5530743661882298,513.8954652944361,3,2,12
B_N,7,5.0,15.483333333333333,600001,05e25274c721df78d856993f750f72d1fbba3aff244da5156e2c5cc188db4144,56,9.285629626872963,24.222076304986857,0.26785714285714285,2.4790915052421303,1110.6973539460207,26,12.65181558306145,29.401075075664792,0.0,4.293811977479401,1730.3631166122902,30,6.368268464842937,19.11441426153584,0.5,0.9063337626364956,573.6536929685873,4,2,12
B_E,7,5.0,15.483333333333333,600002,d97e02e0215f5a5aba9ff0502d71b69d69bb28398d53f45b5a680265f1e13756,51,9.629880154059096,23.181815780407,0.1568627450980392,1.9665004291492354,1157.3485798314273,19,11.138775592913518,23.674703781889054,0.0,2.461470537116647,1427.755118582704,32,8.733973487239282,18.49033237003659,0.25,1.672611927543585,996.7946974478563,5,0,12
B_N,7,5.0,15.483333333333333,600002,d97e02e0215f5a5aba9ff0502d71b69d69bb28398d53f45b5a680265f1e13756,51,9.629880154059096,23.181815780407,0.1568627450980392,1.9665004291492354,1157.3485798314273,19,11.138775592913518,23.674703781889054,0.0,2.461470537116647,1427.755118582704,32,8.733973487239282,18.49033237003659,0.25,1.672611927543585,996.7946974478563,5,0,12
B_E,7,5.0,15.483333333333333,600003,03f7fedbf6d624a7b14bba5781c7f63e471803de7e0226d52333b2897565f940,58,13.438565849733335,30.57582476621816,0.1206896551724138,5.810228859524771,1909.4716453723977,23,15.393617048823481,33.96487399965795,0.0,6.453736723695171,2278.723409764696,35,12.153817918902671,26.86334611555075,0.2,5.387352263069936,1666.8204859146017,5,2,12
B_N,7,5.0,15.483333333333333,600003,03f7fedbf6d624a7b14bba5781c7f63e471803de7e0226d52333b2897565f940,58,13.735606516709995,28.080848445536514,0.1206896551724138,6.1235493573150395,1968.8797787677295,23,15.788673328645995,33.96487399965795,0.0,6.848793003517684,2357.7346657291987,35,12.386448326009198,25.98276623766312,0.2,5.64696067552473,1713.346567335907,5,2,12
B_E,7,5.0,15.483333333333333,600004,c28dcc16d55b3031afafa5044928f24b656676772b8d97ead56bef1122e1110f,72,56.052677402640484,229.06986622569346,0.05555555555555555,47.470638921080536,10421.64659163921,40,61.76122650023601,229.48570973624055,0.0,52.999426809758006,11552.245300047205,32,48.91699103064609,222.29542834787696,0.125,40.5596540602337,9008.398206129215,16,15,12
B_N,7,5.0,15.483333333333333,600004,c28dcc16d55b3031afafa5044928f24b656676772b8d97ead56bef1122e1110f,72,56.052677402640484,229.06986622569346,0.05555555555555555,47.470638921080536,10421.64659163921,40,61.76122650023601,229.48570973624055,0.0,52.999426809758006,11552.245300047205,32,48.91699103064609,222.29542834787696,0.125,40.5596540602337,9008.398206129215,16,15,12
B_E,7,5.0,15.483333333333333,600005,888b8a3683a97b1b27300aa4f1f7e53e59fbbb9fab9e2b5fb332e228d209509a,51,14.498896127175266,41.45820867062366,0.11764705882352941,6.44224501132746,2123.308637199759,26,19.217598973097452,43.90642736633148,0.0,10.151279156522204,3043.51979461949,25,9.591445167416193,21.573497581086826,0.24,2.5848495003249266,1166.2890334832387,4,1,12
B_N,7,5.0,15.483333333333333,600005,888b8a3683a97b1b27300aa4f1f7e53e59fbbb9fab9e2b5fb332e228d209509a,51,14.498896127175266,41.45820867062366,0.11764705882352941,6.44224501132746,2123.308637199759,26,19.217598973097452,43.90642736633148,0.0,10.151279156522204,3043.51979461949,25,9.591445167416193,21.573497581086826,0.24,2.5848495003249266,1166.2890334832387,4,1,12
B_E,7,5.0,15.483333333333333,600006,a2d67f3d608166e8c4418f27df54ef1422acbc28d60b46618c85946284d862b5,56,12.09161438736506,27.417063033789105,0.10714285714285714,4.298865296128497,1639.7514489015837,24,14.094456434005131,27.69755077299184,0.0,5.215161220404298,2018.891286801026,32,10.58948285238501,19.743033656206457,0.1875,3.6116433529216465,1355.3965704770017,4,1,12
B_N,7,5.0,15.483333333333333,600006,a2d67f3d608166e8c4418f27df54ef1422acbc28d60b46618c85946284d862b5,56,11.241969280936207,22.241447336019593,0.10714285714285714,3.2014525454869727,1469.8224276158128,24,12.359210219205108,22.63466794121093,0.0,3.622122012648712,1671.8420438410215,32,10.40403857723453,19.96180294542346,0.1875,2.885950445115668,1318.307715446906,4,2,12
B_E,7,5.0,15.483333333333333,600007,9efe9c7cd14aa18ac68e1c9e2433e6972c1a6e423539aa9a4704cabe7ae5ab8f,45,7.154060952609503,11.537498983243799,0.2,0.32789523366356865,670.8121905219003,20,7.944444049485197,11.537498983243799,0.0,0.0,788.8888098970393,25,6.521754475108946,15.753237385900503,0.36,0.5902114205944236,576.3508950217891,2,0,12
B_N,7,5.0,15.483333333333333,600007,9efe9c7cd14aa18ac68e1c9e2433e6972c1a6e423539aa9a4704cabe7ae5ab8f,45,7.154060952609503,11.537498983243799,0.2,0.32789523366356865,670.8121905219003,20,7.944444049485197,11.537498983243799,0.0,0.0,788.8888098970393,25,6.521754475108946,15.753237385900503,0.36,0.5902114205944236,576.3508950217891,2,0,12
B_E,7,5.0,15.483333333333333,600008,77e69181b32079f205b7b97deca66e8d7c85d6d0243304654368eebec6a143f3,47,11.0968925924274,31.38191631731818,0.1702127659574468,3.0052643140314763,1453.4210716769694,26,10.933019926519425,24.49999169403478,0.0,1.913467766485365,1386.603985303885,21,11.299782559742034,31.41887987232863,0.38095238095238093,4.357012420517138,1536.146988138883,6,0,12
B_N,7,5.0,15.483333333333333,600008,77e69181b32079f205b7b97deca66e8d7c85d6d0243304654368eebec6a143f3,47,11.09999413025547,31.38191631731818,0.1702127659574468,3.0052643140314763,1454.0413792425836,26,10.98306679256943,24.49999169403478,0.0,1.913467766485365,1396.6133585138862,21,11.24476131024771,31.41887987232863,0.38095238095238093,4.357012420517138,1525.1427382400184,6,0,12
B_E,7,5.0,15.483333333333333,600009,2ddb0a06a254577f49c177f687ca45be58074aec80893fb44b1739ac718c2d59,52,7.793272655668213,14.140598605725847,0.21153846153846154,0.8223849532983317,800.9622234413347,20,9.894304216892092,15.376573535631483,0.0,1.2030405964258535,1178.860843378418,32,6.480127929903288,11.73907711444474,0.34375,0.5844751763436307,564.7755859806578,3,0,12
B_N,7,5.0,15.483333333333333,600009,2ddb0a06a254577f49c177f687ca45be58074aec80893fb44b1739ac718c2d59,52,7.793272655668213,14.140598605725847,0.21153846153846154,0.8223849532983317,800.9622234413347,20,9.894304216892092,15.376573535631483,0.0,1.2030405964258535,1178.860843378418,32,6.480127929903288,11.73907711444474,0.34375,0.5844751763436307,564.7755859806578,3,0,12
B_E,7,6.0,14.983333333333333,600000,80f9a1acd2a7bde7fdf4a47d8ce162557b6286029a395cd26f5efe50c53fd97f,75,29.903116580586556,83.54883094776838,0.12,21.536845388175085,5204.623316117311,37,31.304943642268075,83.3100122443693,0.0,22.56337806299947,5460.988728453615,38,28.538179704738766,81.03319125851817,0.23684210526315788,20.537326731109236,4955.004362000385,11,9,12
B_N,7,6.0,14.983333333333333,600000,80f9a1acd2a7bde7fdf4a47d8ce162557b6286029a395cd26f5efe50c53fd97f,75,29.903116580586556,83.54883094776838,0.12,21.536845388175085,5204.623316117311,37,31.304943642268075,83.3100122443693,0.0,22.56337806299947,5460.988728453615,38,28.538179704738766,81.03319125851817,0.23684210526315788,20.537326731109236,4955.004362000385,11,9,12
B_E,7,6.0,14.983333333333333,600001,e721bbb2424398aba12a36011f1c314689c0548c5b5c7d171cec61cb38088d11,65,21.994155131034226,84.19152018817711,0.15384615384615385,14.694547129694994,3629.600256976075,30,22.839886920676257,72.90402623145633,0.0,14.598654280706736,3767.977384135252,35,21.269242168483906,101.23793749240699,0.2857142857142857,14.77674100025636,3510.9912908396386,8,8,12
B_N,7,6.0,14.983333333333333,600001,e721bbb2424398aba12a36011f1c314689c0548c5b5c7d171cec61cb38088d11,65,22.16088693832015,86.92620046212832,0.2,15.34277208602591,3672.1773876640295,30,23.031768403900816,74.49819731774619,0.0,15.206205629419127,3806.3536807801643,35,21.41441711067957,106.3456394096246,0.37142857142857144,15.459829048831722,3557.1691364216285,8,8,12
B_E,7,6.0,14.983333333333333,600002,401ef09a2799f5b9eec6442f00ed3b57af8c4f61c65d4111ae43c6fef89afb56,58,13.11319541897363,37.108974431019035,0.1206896551724138,5.095839961501794,1844.9367959495278,22,11.837676198254826,20.168167671639935,0.0,3.0407094075053465,1567.5352396509652,36,13.892679387190677,40.323882303532024,0.19444444444444445,6.351753077832957,2014.459969243094,6,4,12
B_N,7,6.0,14.983333333333333,600002,401ef09a2799f5b9eec6442f00ed3b57af8c4f61c65d4111ae43c6fef89afb56,58,11.548234380946061,26.84415257142484,0.13793103448275862,3.9281262584671164,1535.3928642060832,22,11.183223493411084,20.742388234417838,0.0,2.3723675316148065,1436.6446986822166,36,11.771296589995215,30.208695774972433,0.2222222222222222,4.878867702654639,1595.7389653595571,6,3,12
B_E,7,6.0,14.983333333333333,600003,9a937f6d9773d3b3870d4657c71383efff62bfe0b3c75a4a5c094c83883187c6,65,19.768825776797634,58.24056399712619,0.07692307692307693,11.097888955257748,3169.149770744142,29,22.163971014356218,79.67042728321597,0.0,13.050559120594198,3632.794202871244,36,17.83940322431988,53.97748461635206,0.1388888888888889,9.524904655403386,2795.658422641754,6,5,12
B_N,7,6.0,14.983333333333333,600003,9a937f6d9773d3b3870d4657c71383efff62bfe0b3c75a4a5c094c83883187c6,65,19.770412440864334,58.311712931970135,0.07692307692307693,11.119780935209732,3169.4671035574816,29,22.1198399234689,79.67042728321597,0.0,13.075093236057628,3623.9679846937806,36,17.877818079877315,54.066420784906995,0.1388888888888889,9.544668248415595,2803.3413937532405,6,5,12
B_E,7,6.0,14.983333333333333,600004,809b43d50ed9fb5f07f373d69c55edc6b781f8ac95aaf2c9c644ec62f2ed6db8,81,63.08297304229525,237.15782498558806,0.06172839506172839,55.02339813200632,11828.940287471394,46,67.16478362571539,237.84149743297317,0.0,58.59287852881038,12632.956725143078,35,57.7183077040859,230.668081146251,0.14285714285714285,50.33208103906384,10772.232969388608,18,18,12
B_N,7,6.0,14.983333333333333,600004,809b43d50ed9fb5f07f373d69c55edc6b781f8ac95aaf2c9c644ec62f2ed6db8,81,63.143794736663104,237.15782498558806,0.06172839506172839,55.02339813200632,11841.104626344968,46,67.20807256015391,237.84149743297317,0.0,58.59287852881038,12641.614512030781,35,57.802172454360914,230.668081146251,0.14285714285714285,50.33208103906384,10789.005919443609,18,18,12
B_E,7,6.0,14.983333333333333,600005,50da2df8fa4dee7e8daae01696643758c8dda81692251f37edbe7e0a47be2584,61,25.080715033924445,48.235045483308085,0.11475409836065574,17.0111951955034,4239.09382645702,29,18.52274188586138,40.95264021217086,0.0,9.316546773744982,2904.548377172276,32,31.023878199356595,192.5147411748227,0.21875,23.984470327721965,5448.525639871319,5,3,12
B_N,7,6.0,14.983333333333333,600005,50da2df8fa4dee7e8daae01696643758c8dda81692251f37edbe7e0a47be2584,61,23.96857384239358,55.7217925912358,0.09836065573770492,16.053868212515404,4013.386899626257,29,17.41845827410662,35.6676234946229,0.0,8.28548098965558,2683.691654821324,32,29.904616076153637,192.5147411748227,0.1875,23.09396913323212,5218.423215230727,5,4,12
B_E,7,6.0,14.983333333333333,600006,34b5a2b5b2e39c20ca3bb6a922e41389d47a2199926c064ccdff34a101d39b6c,70,26.20530147723189,190.28646160319693,0.14285714285714285,18.587147621002078,4469.631724017807,30,20.1639496894885,57.33947671581426,0.0,11.444686106811908,3232.7899378977,40,30.73631531803943,190.7180414209416,0.25,23.943993756644705,5397.263063607887,8,8,12
B_N,7,6.0,14.983333333333333,600006,34b5a2b5b2e39c20ca3bb6a922e41389d47a2199926c064ccdff34a101d39b6c,70,26.080379722390585,190.28646160319693,0.11428571428571428,18.246947142098154,4438.933087335261,30,20.485372049850405,64.42976263255187,0.0,11.625801223342812,3297.0744099700814,40,30.276635476795718,190.7180414209416,0.2,23.21280658116466,5295.327095359145,9,9,12
B_E,7,6.0,14.983333333333333,600007,48539d4aae91ea3739f40456649b7db2ae4bfbb42fcde1697c17161ae105b344,54,7.559017153859352,11.868030416102343,0.14814814814814814,0.19193326824420687,741.4330604015003,23,8.282830558440388,11.363618353398454,0.0,0.0,856.5661116880776,31,7.02199430529923,12.818119323424337,0.25806451612903225,0.33433537048990875,656.0117642856525,2,0,12
B_N,7,6.0,14.983333333333333,600007,48539d4aae91ea3739f40456649b7db2ae4bfbb42fcde1697c17161ae105b344,54,7.45164072185863,12.560603043700493,0.16666666666666666,0.19193326824420687,723.6614777050594,23,8.231996101954456,11.363618353398454,0.0,0.0,846.399220390891,31,6.87266737533592,12.930588663429617,0.2903225806451613,0.33433537048990875,632.5979911962165,2,0,12
B_E,7,6.0,14.983333333333333,600008,9a4d32427cd5842a07407e4659bb36defeaf9110d1950539e708a5017d57f0ce,56,17.754802507964552,41.60440882915177,0.14285714285714285,10.194724911829066,2779.531930164339,31,17.0526702834889,36.24131922605951,0.0,8.48493174067229,2610.5340566977807,25,18.625446466314358,38.064903342497075,0.32,12.314868444063467,2989.0892932628713,5,4,12
B_N,7,6.0,14.983333333333333,600008,9a4d32427cd5842a07407e4659bb36defeaf9110d1950539e708a5017d57f0ce,56,17.513851632430804,41.60440882915177,0.14285714285714285,9.95684305361179,2731.341755057589,31,16.717483531466037,36.24131922605951,0.0,8.270070707443782,2543.4967062932074,25,18.501348077627107,37.8117804651995,0.32,12.048440762860118,2964.2696155254216,5,3,12
B_E,7,6.0,14.983333333333333,600009,8eca2e141b1e287a747520afea3e192798260ac61d5fea6c74480f5965d7c72e,60,9.322978052353482,24.077640586811185,0.23333333333333334,2.2248578301763096,1111.2622771373628,23,8.940606284842888,11.537498983243799,0.0,0.2370703871062648,988.1212569685772,37,9.560668610535743,37.589367614532335,0.3783783783783784,3.4605094839766073,1187.8093977828241,3,2,12
B_N,7,6.0,14.983333333333333,600009,8eca2e141b1e287a747520afea3e192798260ac61d5fea6c74480f5965d7c72e,60,9.432907706561386,25.118398313294108,0.23333333333333334,2.260000522230742,1133.2482079789436,23,8.748424991386507,11.537498983243799,0.0,0.2370703871062648,949.6849982773015,37,9.858396961940361,32.138084405137704,0.3783783783783784,3.5174976332540657,1247.3550680637484,3,2,12
B_E,7,8.0,13.883333333333333,600000,840e3686178637dec3b3e52b74bd16b43c105ff656003aa60f5b8803fd10db8e,87,49.10841080360957,199.77610062660267,0.1149425287356321,41.15869065965328,9044.67066646904,45,57.478423960857306,205.19744946889764,0.0,48.9066082160105,10695.684792171458,42,40.14053956370129,176.29655507149337,0.238095238095238,32.85735042069913,7275.726960359305,15,14,12
B_N,7,8.0,13.883333333333333,600000,840e3686178637dec3b3e52b74bd16b43c105ff656003aa60f5b8803fd10db8e,87,49.41362838126325,199.77610062660267,0.1494252873563218,41.67018847234832,9112.610733723914,45,58.05369870075016,205.19744946889764,0.0,49.447930647816975,10810.73974015003,42,40.15641018181299,176.29655507149337,0.3095238095238095,33.3368932843462,7293.186798267357,15,13,12
B_E,7,8.0,13.883333333333333,600001,17b394667f3153c6f0bebd2ae384b46834eccb7a38c76982f355a90bf1d5e9b5,86,43.20463665220021,189.90549301037316,0.1976744186046511,36.498358194983794,7880.462214160972,38,51.979772410583074,192.86041047596157,0.0,44.14126589752337,9595.954482116616,48,36.25765417681378,181.3753310698732,0.3541666666666667,30.447722930473294,6522.36416869609,17,17,12
B_N,7,8.0,13.883333333333333,600001,17b394667f3153c6f0bebd2ae384b46834eccb7a38c76982f355a90bf1d5e9b5,86,43.65782923333231,189.90549301037316,0.1976744186046511,36.95155077611589,7971.100730387391,38,52.97564764940886,192.86041047596157,0.0,45.13714113634916,9795.129529881771,48,36.2812229872717,181.3753310698732,0.3541666666666667,30.471291740931218,6527.077930787674,17,17,12
B_E,7,8.0,13.883333333333333,600002,57f484c76748df87f4348466b4ebd40502250a10f7aa33c0a2fa828a7656143f,74,35.619216694523985,177.70450315024848,0.1351351351351351,28.245608426402384,6350.870365931824,29,29.53871613616842,155.7260378870001,0.0,20.826342073383096,5107.743227233685,45,39.53776149879757,186.3310884697028,0.2222222222222222,33.02691340945926,7151.99674420396,11,10,12
B_N,7,8.0,13.883333333333333,600002,57f484c76748df87f4348466b4ebd40502250a10f7aa33c0a2fa828a7656143f,74,35.61921669452399,177.70450315024848,0.1351351351351351,28.245608426402384,6350.870365931824,29,29.53871613616842,155.7260378870001,0.0,20.826342073383096,5107.743227233684,45,39.53776149879757,186.3310884697028,0.2222222222222222,33.02691340945926,7151.99674420396,11,10,12
B_E,7,8.0,13.883333333333333,600003,fff501fffe0090087021dbda998c5aa463bc17e06cc3e5fbb84256d1fda5fa95,79,36.73530383547039,170.37133736485407,0.1012658227848101,29.0430727812592,6567.31393165104,36,48.38412222866908,200.99873758379832,0.0,39.932590845641045,8876.824445733815,43,26.98280471558311,134.77661473380013,0.1860465116279069,19.92626695991626,4633.770245442204,11,9,12
B_N,7,8.0,13.883333333333333,600003,fff501fffe0090087021dbda998c5aa463bc17e06cc3e5fbb84256d1fda5fa95,79,36.73530383547039,170.37133736485407,0.1012658227848101,29.0430727812592,6567.31393165104,36,48.38412222866908,200.99873758379832,0.0,39.932590845641045,8876.824445733815,43,26.98280471558311,134.77661473380013,0.1860465116279069,19.92626695991626,4633.770245442204,11,9,12
B_E,7,8.0,13.883333333333333,600004,a6887e5c6e368dab9fdf002ddc1b91ddae19604b49670178e9d79424497c67b1,104,86.63229134262498,260.72700001767254,0.0673076923076923,78.6500161592638,16539.919806986538,57,85.27066638428272,260.7658621358777,0.0,76.90286677569792,16254.133276856544,47,88.28362373891242,258.28673678271946,0.1489361702127659,80.76889945422667,16886.511981825035,31,31,12
B_N,7,8.0,13.883333333333333,600004,a6887e5c6e368dab9fdf002ddc1b91ddae19604b49670178e9d79424497c67b1,104,86.63229134262498,260.72700001767254,0.0673076923076923,78.6500161592638,16539.919806986538,57,85.27066638428272,260.7658621358777,0.0,76.90286677569792,16254.133276856544,47,88.28362373891242,258.28673678271946,0.1489361702127659,80.76889945422667,16886.511981825035,31,31,12
B_E,7,8.0,13.883333333333333,600005,00cb856ade9bcd886e4e9ae18710fc9bd93263a7d4486d7e934263fee5b994e9,83,46.50394492060805,189.86897585574835,0.0843373493975903,38.996774804136976,8517.656454001128,36,46.62411861289775,190.49907202262253,0.0,38.01493664439598,8524.823722579547,47,46.41189698608829,189.80888939402556,0.1489361702127659,39.74882105415135,8512.166631260212,17,17,12
B_N,7,8.0,13.883333333333333,600005,00cb856ade9bcd886e4e9ae18710fc9bd93263a7d4486d7e934263fee5b994e9,83,46.33456496206701,189.86897585574835,0.072289156626506,38.86950135177667,8481.370823738704,36,46.45812341971709,190.49907202262253,0.0,37.95255526462157,8491.624683943415,47,46.239924441313775,189.80888939402556,0.1276595744680851,39.57184303555504,8473.516803156373,17,17,12
B_E,7,8.0,13.883333333333333,600006,317e18bef42f8d10bdae17d9dd95c8dfe47e3583efab9884c4df7a9eb728ef78,86,48.39774987931198,206.18504926774008,0.0813953488372093,40.81745632557321,8895.829045629836,39,50.12835000484444,207.07021694300025,0.0,41.48811347195946,9225.670000968888,47,46.96171998791271,197.1787186685341,0.1489361702127659,40.2609535870825,8622.131231625097,17,17,12
B_N,7,8.0,13.883333333333333,600006,317e18bef42f8d10bdae17d9dd95c8dfe47e3583efab9884c4df7a9eb728ef78,86,48.39774987931198,206.18504926774008,0.0813953488372093,40.81745632557321,8895.829045629836,39,50.12835000484444,207.07021694300025,0.0,41.48811347195946,9225.670000968888,47,46.96171998791271,197.1787186685341,0.1489361702127659,40.2609535870825,8622.131231625097,17,17,12
B_E,7,8.0,13.883333333333333,600007,0bf640fbc6e27a15ee1802ca68957238187668d03a51023445f6e7815fe4ba42,78,22.41907259201803,151.7551850511048,0.2051282051282051,15.794342994217937,3724.840159429247,32,27.65228128853947,149.3388150136865,0.0,19.510801281868453,4730.456257707893,46,18.77857958574225,123.9760919512334,0.3478260869565217,13.208980707156709,3025.281134539753,7,7,12
B_N,7,8.0,13.883333333333333,600007,0bf640fbc6e27a15ee1802ca68957238187668d03a51023445f6e7815fe4ba42,78,23.049070187306555,151.7551850511048,0.2051282051282051,16.318713771955515,3850.83967848695,32,27.5900534452841,149.3388150136865,0.0,19.510801281868453,4718.01068905682,46,19.89012531219173,128.90230982991028,0.3478260869565217,14.098131156363904,3247.5902798296506,7,7,12
B_E,7,8.0,13.883333333333333,600008,efdf1ee304ae39f8c0cddd0466416a5605188e4f93843b0a6224ba3190fa85ae,73,44.62575653384197,203.22918184760067,0.0958904109589041,36.87117199178076,8144.329388960177,40,40.11560779958006,204.49805418226936,0.0,31.57328650090676,7223.121559916013,33,50.09260348446248,198.7321811461717,0.2121212121212121,43.29285137465834,9260.944939316738,13,13,12
B_N,7,8.0,13.883333333333333,600008,efdf1ee304ae39f8c0cddd0466416a5605188e4f93843b0a6224ba3190fa85ae,73,44.77946710895262,203.22918184760067,0.0958904109589041,37.1877782768556,8175.071503982305,40,40.2681384794675,204.49805418226936,0.0,31.804829267877903,7253.6276958935005,33,50.24774423560126,198.7321811461717,0.2121212121212121,43.71256495440431,9291.973089544494,13,13,12
B_E,7,8.0,13.883333333333333,600009,7f7f01a18cf99ccd3d5c304eac17e8228f128162c855645887b071311afd0283,77,37.058799709567424,186.3313561369301,0.1298701298701298,29.628244008686845,6637.733967887511,30,22.600522152962064,99.31114477083771,0.0,14.531474822570695,3720.104430592413,47,46.28748751165596,195.6564120405067,0.2127659574468085,39.26447965939928,8500.050693820553,12,12,12
B_N,7,8.0,13.883333333333333,600009,7f7f01a18cf99ccd3d5c304eac17e8228f128162c855645887b071311afd0283,77,37.06993564105896,186.3313561369301,0.1298701298701298,29.645603858822422,6639.961154185818,30,22.64580304286511,99.31114477083771,0.0,14.553753296911358,3729.160608573023,47,46.27682878884226,195.6564120405067,0.2127659574468085,39.27869996216992,8497.918949257813,12,12,12
B_E,7,10.0,10.266666666666666,600000,9a8c51a34361c1f6a02cdda0a083a81fcee771f3042553f95f2418f6973bc491,107,38.3704302591285,257.9007648384531,0.12149532710280374,30.612444151026033,6898.38511724626,51,45.44590575840272,261.2203575440103,0.0,36.85102263605436,8289.181151680545,56,31.926693643718043,244.4192490621687,0.23214285714285715,24.930881602160948,5631.7673001721805,12,11,12
B_N,7,10.0,10.266666666666666,600000,9a8c51a34361c1f6a02cdda0a083a81fcee771f3042553f95f2418f6973bc491,107,38.6019463544942,257.9007648384531,0.1308411214953271,30.76683090421685,6946.557495197906,51,45.63415068896368,261.2203575440103,0.0,37.0366788211619,8326.830137792735,56,32.19761740703094,244.4192490621687,0.25,25.056790836999035,5689.523481406187,13,12,12
B_E,7,10.0,10.266666666666666,600001,260b8512fee08d4d50a3d0727109cf94f01b93012194c268c7933275c69ef664,101,39.02155588369899,268.1415033009034,0.19801980198019803,32.34714606837915,7043.9151371358375,46,41.351005229768624,268.56670380847015,0.0,33.5260905091845,7470.201045953724,55,37.07328915789529,262.48299477089745,0.36363636363636365,31.361119808796502,6687.385104306331,11,11,12
B_N,7,10.0,10.266666666666666,600001,260b8512fee08d4d50a3d0727109cf94f01b93012194c268c7933275c69ef664,101,39.02155588369899,268.1415033009034,0.19801980198019803,32.34714606837915,7043.9151371358375,46,41.351005229768624,268.56670380847015,0.0,33.5260905091845,7470.201045953724,55,37.07328915789529,262.48299477089745,0.36363636363636365,31.361119808796502,6687.385104306331,11,11,12
B_E,7,10.0,10.266666666666666,600002,215a2b22bf225cbeb6f2c40a25d64345cde9da9d9da21a90c65b9ea611b8fb83,92,17.41433577382592,45.1994906367351,0.18478260869565216,10.48349653236002,2719.823676504315,35,11.240976143206627,28.76480036392445,0.0,2.972543103101738,1448.1952286413252,57,21.204995196136018,80.06621135121839,0.2982456140350877,15.095485480150193,3500.6481620342206,7,4,12
B_N,7,10.0,10.266666666666666,600002,215a2b22bf225cbeb6f2c40a25d64345cde9da9d9da21a90c65b9ea611b8fb83,92,17.78957928203712,51.870619727761465,0.18478260869565216,10.866790747453152,2794.872378146555,35,11.630077279758618,28.76480036392445,0.0,3.191637351577187,1526.0154559517234,57,21.5717296343134,91.04059267104432,0.2982456140350877,15.57960423614892,3573.9950496696974,7,5,12
B_E,7,10.0,10.266666666666666,600003,950d700e2d5f8ad2cb613bd583e5af5c36d0adff7cdbf332a5d47c7e8c89a86f,101,34.486135144028886,239.15110932986832,0.1188118811881188,27.410127485383114,6120.9894050434,43,38.766246503977,249.56067508854767,0.0,30.53795880507874,6953.2493007954,58,31.312949135791488,232.83340800797043,0.20689655172413793,25.091218058712222,5503.969137503124,11,11,12
B_N,7,10.0,10.266666666666666,600003,950d700e2d5f8ad2cb613bd583e5af5c36d0adff7cdbf332a5d47c7e8c89a86f,101,34.49104722304813,239.15110932986832,0.1188118811881188,27.410127485383114,6121.971820847249,43,38.831674166050654,249.56067508854767,0.0,30.53795880507874,6966.33483321013,58,31.272996213580754,232.83340800797043,0.20689655172413793,25.091218058712222,5495.978553060977,11,11,12
B_E,7,10.0,10.266666666666666,600004,eaeecd7ee1152739c0ea30e6e1348c50708a1ed6a30a71595071bf9c0877363b,115,86.5602802203129,324.3248001231155,0.1391304347826087,79.44911221918396,16539.88213101911,61,86.57766747076799,325.0761331178316,0.0,78.42861552090555,16515.533494153602,54,86.54063906702108,322.4204057825763,0.2962962962962963,80.60189552649845,16567.38707266347,27,27,12
B_N,7,10.0,10.266666666666666,600004,eaeecd7ee1152739c0ea30e6e1348c50708a1ed6a30a71595071bf9c0877363b,115,86.7210484058014,324.3248001231155,0.13043478260869565,79.60676744999294,16570.296637682022,61,86.75156482550484,325.0761331178316,0.0,78.56072045870928,16550.31296510097,54,86.6865761539142,322.4204057825763,0.2777777777777778,80.78841312533189,16592.87078633839,28,27,12
B_E,7,10.0,10.266666666666666,600005,e8b35d5caf38e6202ef29d29147ecc86b3348bac55fadb97574f7ba012c1f8ec,101,52.204552531471876,301.74336356995144,0.12871287128712872,44.58261887232984,9666.653080551801,43,75.58689938553357,308.89343926734665,0.0,67.1749423297422,14317.379877106712,58,34.86936434656409,272.72537975171605,0.22413793103448276,27.83313768838619,6218.700455519714,13,13,12
B_N,7,10.0,10.266666666666666,600005,e8b35d5caf38e6202ef29d29147ecc86b3348bac55fadb97574f7ba012c1f8ec,101,53.82284888680831,301.74336356995144,0.15841584158415842,46.632672226650996,9996.252945678496,43,77.28990924338854,308.89343926734665,0.0,68.94311084151897,14657.981848677704,58,36.42485586382644,272.72537975171605,0.27586206896551724,30.092174632869565,6540.14358655839,14,13,12
B_E,7,10.0,10.266666666666666,600006,f7b06f671448d9ec28e2c8ed53f12ab2eddffe956bdfde99560fd41ab22457a2,101,34.264218459657066,256.08692206657724,0.10891089108910891,27.0264929465481,6074.625870149234,43,28.56244976189644,223.01317187080915,0.0,20.616412918120933,4912.489952379287,58,38.49139180454856,256.2154666765701,0.1896551724137931,31.778793657278584,6936.2093953924705,10,10,12
B_N,7,10.0,10.266666666666666,600006,f7b06f671448d9ec28e2c8ed53f12ab2eddffe956bdfde99560fd41ab22457a2,101,34.18320930640905,256.08692206657724,0.1188118811881188,26.887812846187373,6060.404237519433,43,28.67958017291853,223.01317187080915,0.0,20.606359524931893,4935.916034583705,58,38.26348607778995,256.2154666765701,0.20689655172413793,31.544752377462984,6894.076525902818,10,10,12
B_E,7,10.0,10.266666666666666,600007,e6723d928a2900783964c2be5d7eaffdc5464bf0c070433539173d7dc51bd793,86,15.552289536831585,33.135529737947685,0.19767441860465115,8.891397074260968,2349.992791087247,39,14.46517155027122,13.970287053634735,0.0,6.51406805243329,2093.0343100542445,47,16.454366163977415,33.11514986405799,0.3617021276595745,10.864074347692448,2563.213658327398,5,5,12
B_N,7,10.0,10.266666666666666,600007,e6723d928a2900783964c2be5d7eaffdc5464bf0c070433539173d7dc51bd793,86,15.513481904292911,29.66683324607485,0.19767441860465115,8.837618834076894,2342.2312645795123,39,14.31660434116848,13.507794188051683,0.0,6.3954801381812265,2063.3208682336963,47,16.50663562688552,33.11514986405799,0.3617021276595745,10.864074347692448,2573.667550909019,5,5,12
B_E,7,10.0,10.266666666666666,600008,c139ae96b0bc4f06af7db7ea82020f6b01c9fe1737d6d601acedc7b53b688544,96,39.4938442286573,250.2571555225852,0.11458333333333333,31.857251080165195,7121.685512398127,47,46.97296126845174,272.31935312008585,0.0,38.47373541561218,8594.592253690347,49,32.31999727211978,246.63054258306013,0.22448979591836735,25.510827329838488,5708.897413607629,10,10,12
B_N,7,10.0,10.266666666666666,600008,c139ae96b0bc4f06af7db7ea82020f6b01c9fe1737d6d601acedc7b53b688544,96,39.69300695712224,250.2571555225852,0.09375,31.952040721203502,7157.3513914244495,47,46.888374316243755,272.31935312008585,0.0,38.55600990595307,8577.67486324875,49,32.79132806163834,246.63054258306013,0.1836734693877551,25.617621299096772,5795.000306205219,10,10,12
B_E,7,10.0,10.266666666666666,600009,dae1f21d872e7891cac432f1d0538e2681bc6ba57d806c2f41521d6441a3e658,101,23.28484182348909,70.63604239857037,0.2376237623762376,16.73685686865742,3904.493117173066,42,25.777598763311396,70.0882761023253,0.0,17.478040632692725,4355.51975266228,59,21.5103368832766,79.12496636987485,0.4067796610169492,16.20923452815771,3583.4233088587093,9,6,12
B_N,7,10.0,10.266666666666666,600009,dae1f21d872e7891cac432f1d0538e2681bc6ba57d806c2f41521d6441a3e658,101,23.187853310909944,69.3348238812702,0.22772277227722773,16.680219452650952,3883.115216637433,42,25.509165324840588,68.85211851089014,0.0,17.35624948107787,4301.8330649681175,59,21.5353939111627,79.12496636987485,0.3898305084745763,16.198977737499586,3585.044883927455,9,6,12
B_E,7,11.0,8.7,600000,e9cb985423d462ddc93606f6ea8ce39fa1d3984725e383f961ff613a430c53c4,117,37.16374592339234,294.8708408416891,0.1282051282051282,29.89016853149721,6658.390210319493,54,38.22705516723912,282.41926399687065,0.0,30.067335874800644,6845.411033447825,63,36.2523380000951,294.92911527109504,0.23809523809523808,29.738310808665698,6498.086647638067,14,13,12
B_N,7,11.0,8.7,600000,e9cb985423d462ddc93606f6ea8ce39fa1d3984725e383f961ff613a430c53c4,117,37.53802750121919,294.8708408416891,0.13675213675213677,30.320519006033425,6734.955927594265,54,38.95582195780524,282.41926399687065,0.0,30.9296198384932,6991.164391561048,63,36.32277510985971,294.92911527109504,0.25396825396825395,29.798432578210765,6515.348672765594,14,13,12
B_E,7,11.0,8.7,600001,d9f8441559cc059d28f4012bbb41e8e5880025b0dc05f6e085e005a4c82b5fac,112,39.73701951377344,307.1140772146058,0.21428571428571427,32.9326327840268,7190.261045611832,51,43.84880051995966,291.04702932172523,0.0,35.5293909532585,7969.760103991932,61,36.299300967617754,312.28465972100486,0.39344262295081966,30.761572675324892,6538.548718113716,12,12,12
B_N,7,11.0,8.7,600001,d9f8441559cc059d28f4012bbb41e8e5880025b0dc05f6e085e005a4c82b5fac,112,40.2081665240496,307.1140772146058,0.21428571428571427,33.292481486018396,7284.490447667063,51,44.36539438432338,291.04702932172523,0.0,36.0670550758715,8073.078876864675,61,36.73245142775512,312.28465972100486,0.39344262295081966,30.972756025649403,6625.178810141189,12,12,12
B_E,7,11.0,8.7,600002,5d6f600880485287042a60323c094270e64859d25e4877541dbca0d555d9d7fd,104,17.89907390483344,54.46579004383895,0.19230769230769232,10.940247292501645,2818.276319428226,40,19.489476877703268,56.89637594992694,0.0,11.222732244264625,3097.8953755406537,64,16.905072046789797,41.10457480061958,0.3125,10.763694197649784,2643.51440935796,7,6,12
B_N,7,11.0,8.7,600002,5d6f600880485287042a60323c094270e64859d25e4877541dbca0d555d9d7fd,104,19.408637721825038,62.50532864085672,0.20192307692307693,12.531848215452905,3122.112159749623,40,19.66977852701347,59.1302894185331,0.0,11.362464329338582,3133.9557054026945,64,19.245424718582267,67.51642936998165,0.328125,13.262713144274358,3114.7099437164534,8,8,12
B_E,7,11.0,8.7,600003,f35789db945fc1d51aa73aa20861c3bddb4b00b4eab3b0a4c9039b47d00713ac,107,28.411022833871428,274.6190119253695,0.14018691588785046,21.154076478049912,4910.241949951855,45,29.12257771076552,233.60959686474663,0.0,21.110053606491743,5024.515542153104,62,27.89457171354507,258.08207192224023,0.24193548387096775,21.18602856224536,4827.301439483207,8,8,12
B_N,7,11.0,8.7,600003,f35789db945fc1d51aa73aa20861c3bddb4b00b4eab3b0a4c9039b47d00713ac,107,29.117695348650713,274.6190119253695,0.1308411214953271,21.995475974365597,5049.707294029207,45,29.64283107406089,233.60959686474663,0.0,21.67455788054649,5128.566214812179,62,28.73654845117558,258.1998220718577,0.22580645161290322,22.22840039729882,4992.470980557696,9,8,12
B_E,7,11.0,8.7,600004,cbb3a3539b08bd6a559c832adf01c96c1f6aefa059b2375b2dc52cc76ce4836a,128,86.71413055660824,354.6367852842354,0.171875,79.50515316231548,16577.20111132165,67,86.41782958565707,353.0803504955659,0.0,78.07076177223959,16483.56591713141,61,87.03957588535792,355.314930202876,0.36065573770491804,81.08063223010376,16680.046324612566,28,28,12
B_N,7,11.0,8.7,600004,cbb3a3539b08bd6a559c832adf01c96c1f6aefa059b2375b2dc52cc76ce4836a,128,88.09849035684654,354.6367852842354,0.1640625,80.83892135831985,16852.51057136931,67,88.11164770438754,353.0803504955659,0.0,79.69207604722901,16822.329540877505,61,88.08403884397367,355.314930202876,0.3442622950819672,82.09857112623929,16885.660227811124,29,29,12
B_E,7,11.0,8.7,600005,67c14a29a7206720bda60f59a83f8731185792e2798123ed990379feeeb920b4,116,60.03113526085917,353.6469653151543,0.16379310344827586,52.588327451054724,11238.985672861487,47,75.6266301773616,350.09995426968914,0.0,67.31734728721865,14325.326035472322,69,49.40811698440098,340.7811492252814,0.2753623188405797,42.55551683801552,9136.695860648311,17,17,12
B_N,7,11.0,8.7,600005,67c14a29a7206720bda60f59a83f8731185792e2798123ed990379feeeb920b4,116,60.99243790895459,353.6469653151543,0.15517241379310345,53.75845446497831,11429.52206454954,47,76.41152522238006,350.09995426968914,0.0,68.22510377624728,14482.305044476014,69,50.48958133314304,340.7811492252814,0.2608695652173913,43.904360006577704,9350.090179672085,18,18,12
B_E,7,11.0,8.7,600006,eb39c0644c5f0350bfb25396427a85413e0568c5c670c9c63fbd86e278b167c6,116,29.832815268472636,286.2400525327465,0.09482758620689655,22.216572046117516,5185.528570935907,49,39.420318423317305,294.36354847617804,0.0,31.046326290637733,7084.063684663461,67,22.821059229854896,43.64977645913694,0.16417910447761194,15.758990583707206,3797.047666866502,8,8,12
B_N,7,11.0,8.7,600006,eb39c0644c5f0350bfb25396427a85413e0568c5c670c9c63fbd86e278b167c6,116,29.698986942433855,286.2400525327465,0.11206896551724138,22.216572046117516,5160.934928040114,49,39.301343271989055,294.36354847617804,0.0,31.046326290637733,7060.268654397809,67,22.676368134251693,43.64977645913694,0.19402985074626866,15.758990583707206,3771.86996398747,8,8,12
B_E,7,11.0,8.7,600007,25e5f10977eab3fff56ffb380da104d8c2ae1e0e6fdfafe0673ba4c0f65ced52,96,10.957829043784576,26.61003967367689,0.23958333333333334,4.551028778034531,1439.4824754235822,44,16.43806357302982,35.349232397286485,0.0,8.450601935154488,2487.6127146059634,52,6.320707519038603,20.695615438565206,0.4423076923076923,1.2513899527791812,552.603042269259,6,6,12
B_N,7,11.0,8.7,600007,25e5f10977eab3fff56ffb380da104d8c2ae1e0e6fdfafe0673ba4c0f65ced52,96,10.064044508925477,20.31287954501991,0.23958333333333334,3.6716207529019207,1260.725568451762,44,15.088988370445794,27.579213146692805,0.0,7.117210197726639,2217.7976740891595,52,5.812168933792896,13.017789293026519,0.4423076923076923,0.7561219918963895,450.8953252201178,5,5,12
B_E,7,11.0,8.7,600008,e79012c6659a2c6e583ed0e762476a7c72bb94aa77fc2b93a050b22361f318fa,113,40.46086600518807,311.96715781633725,0.11504424778761062,32.962666724891896,7315.152758602403,55,48.8767567477133,311.80553036203037,0.0,40.73380025373785,8975.35134954266,58,32.480279956241745,299.78656590985946,0.22413793103448276,25.59348837857246,5740.826508572849,11,11,12
B_N,7,11.0,8.7,600008,e79012c6659a2c6e583ed0e762476a7c72bb94aa77fc2b93a050b22361f318fa,113,40.87571392842384,311.96715781633725,0.10619469026548672,33.16929305980932,7396.35243174513,55,49.243501418595216,311.80553036203037,0.0,41.00881582244249,9048.700283719043,58,32.940743032571675,299.78656590985946,0.20689655172413793,25.735262853864068,5829.470847976766,11,11,12
B_E,7,11.0,8.7,600009,ef7f7311559cfc127be11a00ed9717aaa6096ebee3047586fa9ad915b10034d1,112,32.72074132520526,288.9077687530862,0.22321428571428573,25.874421963886366,5788.791122183909,46,38.67350206438712,303.3633395686068,0.0,30.56275156524498,6934.700412877425,66,28.571847476684564,232.54068879160172,0.3787878787878788,22.606798302333395,4990.127071094487,10,9,12
B_N,7,11.0,8.7,600009,ef7f7311559cfc127be11a00ed9717aaa6096ebee3047586fa9ad915b10034d1,112,32.16408664513407,288.9077687530862,0.20535714285714285,25.293814264782668,5673.888757598243,46,38.445798150762734,303.3633395686068,0.0,30.309378959235683,6889.159630152546,66,27.785924080605,221.54902700725287,0.3484848484848485,21.79811765955784,4826.881785817968,10,8,12
B_E,7,12.0,8.05,600000,5d25ad276c0b946bb5e50b4e5499249d143da830a1fa87436c4928bf3fcd5c65,126,49.71418326702242,304.19387032516715,0.1269841269841269,42.38479682759458,9168.233478801309,59,59.91335345210594,306.76944522866745,0.0,52.054766889513445,11182.670690421186,67,40.73282444732199,298.8494872423746,0.2388059701492537,33.869450056651104,7394.326083494248,16,16,12
B_N,7,12.0,8.05,600000,5d25ad276c0b946bb5e50b4e5499249d143da830a1fa87436c4928bf3fcd5c65,126,49.583518999986055,304.19387032516715,0.1269841269841269,42.26779624082834,9142.100625394032,59,59.663487792232274,306.76944522866745,0.0,51.804901229639775,11132.697558446454,67,40.707128570993085,298.8494872423746,0.2388059701492537,33.869450056651104,7389.186908228468,16,16,12
B_E,7,12.0,8.05,600001,eb1256d5d381eb35c124b857c5de5e4456bfe372e0b2a49ccd3fca56d72eaa46,121,55.63960541200469,317.9830591080529,0.1570247933884297,48.89797456841597,10359.326041078624,56,58.19108798410242,318.8248059971942,0.0,50.53672915519097,10838.217596820485,65,53.4414050421974,317.0744684785194,0.2923076923076923,47.48612446288674,9946.74254690102,19,19,12
B_N,7,12.0,8.05,600001,eb1256d5d381eb35c124b857c5de5e4456bfe372e0b2a49ccd3fca56d72eaa46,121,55.919872336753855,317.9830591080529,0.1570247933884297,49.28414196849622,10415.379426028456,56,58.97410408913692,318.8248059971942,0.0,51.29650921527367,10994.820817827384,65,53.28853421162382,317.0744684785194,0.2923076923076923,47.55041018665719,9916.168380786305,19,19,12
B_E,7,12.0,8.05,600002,bee3c31972ad7de89057263e976a7904f970a749fdeae7f34f1417f9ec242e92,114,31.71465797276012,257.73709363409216,0.175438596491228,24.92049721158739,5578.019313850268,44,34.34840961817265,265.7778104620073,0.0,26.31712146082348,6069.68192363453,70,30.05915693850081,251.48345284434916,0.2857142857142857,24.04261911206756,5268.97424484302,11,11,12
B_N,7,12.0,8.05,600002,bee3c31972ad7de89057263e976a7904f970a749fdeae7f34f1417f9ec242e92,114,31.488380508919,257.73709363409216,0.1842105263157894,24.77668753630413,5534.518207046957,44,34.586391320112135,265.7778104620073,0.0,26.46307034763843,6117.278264022426,70,29.5410594275976,251.48345284434916,0.3,23.716675483465437,5168.21188551952,11,11,12
B_E,7,12.0,8.05,600003,1e998ba5909cfa4a71fa7c2c1b6100fcb270ef5d88d4c6afc28096b942728efc,116,39.5675442224906,296.7408658296939,0.1379310344827586,32.461584354203545,7141.095051394673,53,44.14868514199103,296.79999797933635,0.0,36.082230948502605,8029.737028398204,63,35.7135685283077,278.2855223287428,0.2539682539682539,29.41564356852339,6393.50735645519,12,12,12
B_N,7,12.0,8.05,600003,1e998ba5909cfa4a71fa7c2c1b6100fcb270ef5d88d4c6afc28096b942728efc,116,40.765376360436775,296.7408658296939,0.1293103448275862,33.52810459758257,7378.937341052876,53,44.25888575627855,296.79999797933635,0.0,36.23227589584232,8051.777151255708,63,37.82639226552229,278.2855223287428,0.238095238095238,31.25316683872913,6812.897500723505,12,12,12
B_E,7,12.0,8.05,600004,be5134dff817da23f785e216f90f7b58016ea9d92096acf2f50a0394a4a9abf6,141,94.42280005258851,356.49005242618534,0.1560283687943262,87.50329147765328,18115.765684276572,72,102.49991361467968,357.59613797962174,0.0,94.44609687633732,19699.982722935933,69,85.99450763997169,355.8850081090651,0.3188405797101449,80.25862497467861,16462.669643936366,33,33,12
B_N,7,12.0,8.05,600004,be5134dff817da23f785e216f90f7b58016ea9d92096acf2f50a0394a4a9abf6,141,95.78897438261644,356.49005242618534,0.1489361702127659,88.69409846831019,18387.58211056584,72,103.7520843857758,357.59613797962174,0.0,95.7163401268404,19950.41687715516,69,87.47964220540666,355.8850081090651,0.3043478260869565,81.36654195506128,16756.79800629872,33,33,12
B_E,7,12.0,8.05,600005,393e03008bc1a79ba98e8f476d28778c1bf52dc78cbc928753dd740f0c12e0ed,126,69.25449391949063,357.40649351951765,0.1746031746031746,62.23819542394244,13085.819418818764,52,82.93807432537008,352.8300078007223,0.0,74.94926708839292,15787.614865074018,74,59.639004985629406,358.6877327525596,0.2972972972972973,53.30609101108535,11187.26045658534,21,21,12
B_N,7,12.0,8.05,600005,393e03008bc1a79ba98e8f476d28778c1bf52dc78cbc928753dd740f0c12e0ed,126,69.45183561836977,357.40649351951765,0.1904761904761904,62.68458962366097,13128.417189088845,52,83.29385833832846,352.8300078007223,0.0,75.32673687535177,15858.771667665693,74,59.72500884218259,358.6877327525596,0.3243243243243243,53.8009185819323,11209.789717656464,21,21,12
B_E,7,12.0,8.05,600006,e30ae7972305bc2e1eda871395aa51930372ef7ef06ffd3f4c42229a4c57c797,132,46.792178388590045,300.7732421963409,0.1742424242424242,39.87034345169096,8593.284162566493,54,52.58117071461478,299.4502400345688,0.0,44.50575134379889,9716.234142922956,78,42.784414470572905,301.3892146268462,0.2948717948717949,36.66121491100085,7815.857253088941,17,17,12
B_N,7,12.0,8.05,600006,e30ae7972305bc2e1eda871395aa51930372ef7ef06ffd3f4c42229a4c57c797,132,47.00642553799212,300.7732421963409,0.1818181818181818,40.10860474979233,8637.648743962058,54,52.7467723057579,299.4502400345688,0.0,44.52831133121058,9749.35446115158,78,43.03233931415425,301.3892146268462,0.3076923076923077,37.04880788573353,7868.006324369311,17,17,12
B_E,7,12.0,8.05,600007,35360b56c4ea7821e46fe3aa7dd79a9e4220d9e5f77da7d645f6785d03cebce1,106,28.765798120274525,248.54358985744665,0.2075471698113207,22.336754133931773,4994.669058017169,48,25.017236305820333,175.80514711494118,0.0,17.20795967833692,4203.447261164068,58,31.86805617361593,250.42573793348865,0.3793103448275862,26.581273683389583,5649.473303688702,9,9,12
B_N,7,12.0,8.05,600007,35360b56c4ea7821e46fe3aa7dd79a9e4220d9e5f77da7d645f6785d03cebce1,106,28.754768002357768,248.54358985744665,0.2075471698113207,22.336754133931773,4992.4630344338175,48,24.99287812875416,175.80514711494118,0.0,17.20795967833692,4198.575625750832,58,31.86805617361593,250.42573793348865,0.3793103448275862,26.581273683389583,5649.473303688702,9,9,12
B_E,7,12.0,8.05,600008,2bb3be6ea2bad9c4244f05c285e45ff349d786dc175089f82e12e5e399755e2e,125,56.5899472672958,315.67814655635425,0.128,49.58218545869616,10543.589453459164,61,64.51942725676737,315.27738034264047,0.0,56.38297406491978,12103.885451353472,64,49.03216165233072,312.9562606627373,0.25,43.10018381838927,9056.432330466145,18,18,12
B_N,7,12.0,8.05,600008,2bb3be6ea2bad9c4244f05c285e45ff349d786dc175089f82e12e5e399755e2e,125,56.6867189022374,315.67814655635425,0.12,49.52235341662308,10561.343780447483,61,64.50053954343304,315.27738034264047,0.0,56.30058322615466,12100.107908686608,64,49.23917110359781,312.9562606627373,0.234375,43.061853129413294,9094.709220719562,18,18,12
B_E,7,12.0,8.05,600009,7be4f4757a09838d0ea46d17bf8cf21eeb0d9201884ed8a470c711f8a1425de7,118,41.79485455930107,297.08951608757536,0.2033898305084746,35.012565675399564,7599.64887796191,49,54.50311732167129,300.74932411204287,0.0,46.6190839440013,10100.623464334258,69,32.770146220806296,269.0251980961393,0.3478260869565217,26.77025560059543,5823.594461552563,14,13,12
B_N,7,12.0,8.05,600009,7be4f4757a09838d0ea46d17bf8cf21eeb0d9201884ed8a470c711f8a1425de7,118,42.77603795006993,297.08951608757536,0.1949152542372881,36.126232523417656,7794.190640861445,49,55.6333856772485,300.74932411204287,0.0,47.82386599072509,10326.6771354497,69,33.645457680044586,269.0251980961393,0.3333333333333333,27.81921745243122,5995.7582026755845,15,14,12
B_E,8,0.5,17.75,600000,1ddbd2fec774d97154ef6fdce23f3653c24d03f8fce1c118fa4779896bd45b5f,9,5.514266309363102,9.198989666996086,0.3333333333333333,0.0,369.51992853928704,2,4.885618083164127,4.885618083164127,0.0,0.0,177.12361663282542,7,5.693880088277095,9.315908916913733,0.4285714285714285,0.0,424.49030336970463,1,0,12
B_N,8,0.5,17.75,600000,1ddbd2fec774d97154ef6fdce23f3653c24d03f8fce1c118fa4779896bd45b5f,9,5.514266309363102,9.198989666996086,0.3333333333333333,0.0,369.51992853928704,2,4.885618083164127,4.885618083164127,0.0,0.0,177.12361663282542,7,5.693880088277095,9.315908916913733,0.4285714285714285,0.0,424.49030336970463,1,0,12
B_E,8,0.5,17.75,600001,43dcd1941f22bdfd8de80f85d4d0be30b8ab108dae9619b7d981c8319a8994df,9,6.084737619516582,11.528942146630785,0.3333333333333333,0.0,483.614190569983,5,7.453032881631804,11.978516281225708,0.0,0.0,690.6065763263608,4,4.3743685418725535,7.67285304236668,0.75,0.0,224.8737083745107,1,0,12
B_N,8,0.5,17.75,600001,43dcd1941f22bdfd8de80f85d4d0be30b8ab108dae9619b7d981c8319a8994df,9,6.084737619516582,11.528942146630785,0.3333333333333333,0.0,483.614190569983,5,7.453032881631804,11.978516281225708,0.0,0.0,690.6065763263608,4,4.3743685418725535,7.67285304236668,0.75,0.0,224.8737083745107,1,0,12
B_E,8,0.5,17.75,600002,b3a757e4bfb16fbca36ee178fcb6f4b7875f2abd5cd60d09bdc403594af33006,1,4.885618083164127,4.885618083164127,0.0,0.0,177.12361663282542,1,4.885618083164127,4.885618083164127,0.0,0.0,177.12361663282542,0,,,,,,1,0,12
B_N,8,0.5,17.75,600002,b3a757e4bfb16fbca36ee178fcb6f4b7875f2abd5cd60d09bdc403594af33006,1,4.885618083164127,4.885618083164127,0.0,0.0,177.12361663282542,1,4.885618083164127,4.885618083164127,0.0,0.0,177.12361663282542,0,,,,,,1,0,12
B_E,8,0.5,17.75,600003,561b7e43e3e3e553da510bd283086fb978218e41556c7488e784519bc774c184,11,10.374050480206916,21.78832306536181,0.0909090909090909,3.824208555309848,1292.9919142232009,4,8.438149153146531,14.918975188886131,0.0,2.8220851656187733,887.6298306293062,7,11.480279809955704,23.793368700068324,0.1428571428571428,4.396850492276177,1524.6273905625692,3,3,12
B_N,8,0.5,17.75,600003,561b7e43e3e3e553da510bd283086fb978218e41556c7488e784519bc774c184,11,10.374050480206916,21.78832306536181,0.0909090909090909,3.824208555309848,1292.9919142232009,4,8.438149153146531,14.918975188886131,0.0,2.8220851656187733,887.6298306293062,7,11.480279809955704,23.793368700068324,0.1428571428571428,4.396850492276177,1524.6273905625692,3,3,12
B_E,8,0.5,17.75,600004,6349614b0a05a80056e3e80577c3ea1648b688f0635ddbaa1b299700cdf3da76,3,6.636463332446873,7.748298551912571,0.0,0.0,527.2926664893745,1,4.885618083164127,4.885618083164127,0.0,0.0,177.12361663282542,2,7.511885957088246,7.777850126265612,0.0,0.0,702.3771914176491,1,0,12
B_N,8,0.5,17.75,600004,6349614b0a05a80056e3e80577c3ea1648b688f0635ddbaa1b299700cdf3da76,3,6.636463332446873,7.748298551912571,0.0,0.0,527.2926664893745,1,4.885618083164127,4.885618083164127,0.0,0.0,177.12361663282542,2,7.511885957088246,7.777850126265612,0.0,0.0,702.3771914176491,1,0,12
B_E,8,0.5,17.75,600005,e0591fb37ff6b1e39fe1f2ae2400b26339e3e589734a55d1333b3fcc3dfea7e2,12,14.042876177640762,24.766285865470927,0.0833333333333333,6.721545951509445,2025.2419021948183,8,14.258897544325988,24.776847669486195,0.0,6.445014790611822,2051.7795088651974,4,13.610833444270304,24.141476792107127,0.25,7.274608273304693,1972.1666888540608,5,5,12
B_N,8,0.5,17.75,600005,e0591fb37ff6b1e39fe1f2ae2400b26339e3e589734a55d1333b3fcc3dfea7e2,12,14.042876177640762,24.766285865470927,0.0833333333333333,6.721545951509445,2025.2419021948183,8,14.258897544325988,24.776847669486195,0.0,6.445014790611822,2051.7795088651974,4,13.610833444270304,24.141476792107127,0.25,7.274608273304693,1972.1666888540608,5,5,12
B_E,8,0.5,17.75,600006,3e587b8c4d61ea0596b283ac81d396d2c4b0c10a7a101981691bc16e1a0e680b,6,4.744042658351838,7.076955796255021,0.3333333333333333,0.0,215.4751983370344,3,4.885618083164127,4.885618083164127,0.0,0.0,177.12361663282545,3,4.60246723353955,7.326661530556787,0.6666666666666666,0.0,253.8267800412435,1,0,12
B_N,8,0.5,17.75,600006,3e587b8c4d61ea0596b283ac81d396d2c4b0c10a7a101981691bc16e1a0e680b,6,4.744042658351838,7.076955796255021,0.3333333333333333,0.0,215.4751983370344,3,4.885618083164127,4.885618083164127,0.0,0.0,177.12361663282545,3,4.60246723353955,7.326661530556787,0.6666666666666666,0.0,253.8267800412435,1,0,12
B_E,8,0.5,17.75,600007,a962181772cb33b68d2c5b7458c229de068679d9fd50701591c4f74396d0d995,3,4.257078722109418,4.885618083164127,0.3333333333333333,0.0,118.08241108855027,2,4.885618083164127,4.885618083164127,0.0,0.0,177.12361663282542,1,3.0,3.0,1.0,0.0,0.0,1,0,12
B_N,8,0.5,17.75,600007,a962181772cb33b68d2c5b7458c229de068679d9fd50701591c4f74396d0d995,3,4.257078722109418,4.885618083164127,0.3333333333333333,0.0,118.08241108855027,2,4.885618083164127,4.885618083164127,0.0,0.0,177.12361663282542,1,3.0,3.0,1.0,0.0,0.0,1,0,12
B_E,8,0.5,17.75,600008,1e090322cf1a098acb7fb7e9582221b976c9f32248d009faaf79f039e750efa4,2,3.942809041582064,4.791337179005921,0.5,0.0,88.56180831641271,1,4.885618083164127,4.885618083164127,0.0,0.0,177.12361663282542,1,3.0,3.0,1.0,0.0,0.0,1,0,12
B_N,8,0.5,17.75,600008,1e090322cf1a098acb7fb7e9582221b976c9f32248d009faaf79f039e750efa4,2,3.942809041582064,4.791337179005921,0.5,0.0,88.56180831641271,1,4.885618083164127,4.885618083164127,0.0,0.0,177.12361663282542,1,3.0,3.0,1.0,0.0,0.0,1,0,12
B_E,8,0.5,17.75,600009,0b9398d17b5f09cea543766c0529e0ed4f0f3d81d343b6f904070f24a4f2893f,7,4.679834649459193,6.517144574439724,0.2857142857142857,0.0,193.10978703469567,4,4.885618083164127,4.885618083164127,0.0,0.0,177.12361663282542,3,4.405456737852613,6.794733192202055,0.6666666666666666,0.0,214.42468090385597,1,0,12
B_N,8,0.5,17.75,600009,0b9398d17b5f09cea543766c0529e0ed4f0f3d81d343b6f904070f24a4f2893f,7,4.679834649459193,6.517144574439724,0.2857142857142857,0.0,193.10978703469567,4,4.885618083164127,4.885618083164127,0.0,0.0,177.12361663282542,3,4.405456737852613,6.794733192202055,0.6666666666666666,0.0,214.42468090385597,1,0,12
B_E,8,1.0,17.5,600000,d54629146e570ccb2b836842fd0851a2dc10d8670d7efd51ddb3a59fe30f77a3,17,9.104079056851122,19.973210770259417,0.2352941176470588,1.805907631817664,1067.8746348996362,5,7.841796549776916,12.36727994937082,0.0,0.3887636681451113,768.3593099553831,12,9.630030101465374,20.39023367761757,0.3333333333333333,2.3963842833478943,1192.6726869597414,3,1,12
B_N,8,1.0,17.5,600000,d54629146e570ccb2b836842fd0851a2dc10d8670d7efd51ddb3a59fe30f77a3,17,9.104079056851122,19.973210770259417,0.2352941176470588,1.805907631817664,1067.8746348996362,5,7.841796549776916,12.36727994937082,0.0,0.3887636681451113,768.3593099553831,12,9.630030101465374,20.39023367761757,0.3333333333333333,2.3963842833478943,1192.6726869597414,3,1,12
B_E,8,1.0,17.5,600001,b1b6881c1b3be024ca54c1c19c3e957df1eb821a210687db672415247d745602,11,6.508104283233707,12.428090415820634,0.1818181818181818,0.0,537.9844930103776,7,7.040610178208843,12.428090415820634,0.0,0.0,608.1220356417687,4,5.576218967027216,8.39396329745948,0.5,0.0,415.2437934054433,1,0,12
B_N,8,1.0,17.5,600001,b1b6881c1b3be024ca54c1c19c3e957df1eb821a210687db672415247d745602,11,6.508104283233707,12.428090415820634,0.1818181818181818,0.0,537.9844930103776,7,7.040610178208843,12.428090415820634,0.0,0.0,608.1220356417687,4,5.576218967027216,8.39396329745948,0.5,0.0,415.2437934054433,1,0,12
B_E,8,1.0,17.5,600002,20ed7df79ae860787706a2425792f5edda16b55f1534dc1ad42a8b1f3a570460,10,5.891611828010816,10.348780493979737,0.3,0.0,438.32236560216313,4,7.501682070691885,11.734987108540334,0.0,0.0,700.336414138377,6,4.818231666223436,7.659643828853449,0.5,0.0,263.64633324468724,1,0,12
B_N,8,1.0,17.5,600002,20ed7df79ae860787706a2425792f5edda16b55f1534dc1ad42a8b1f3a570460,10,5.891611828010816,10.348780493979737,0.3,0.0,438.32236560216313,4,7.501682070691885,11.734987108540334,0.0,0.0,700.336414138377,6,4.818231666223436,7.659643828853449,0.5,0.0,263.64633324468724,1,0,12
B_E,8,1.0,17.5,600003,03436d85b1d2d586cc8cf0369ebd3729a38386d33e7e73fdff5dbfb001a7e42d,16,15.137845053148766,32.45238124170234,0.1875,7.144287174714464,2265.0690106297534,7,19.690349426668668,34.03624293745529,0.0,10.798044760704215,3138.069885333734,9,11.59700831818884,30.823665106065203,0.3333333333333333,4.302475718944657,1586.068330304435,6,3,12
B_N,8,1.0,17.5,600003,03436d85b1d2d586cc8cf0369ebd3729a38386d33e7e73fdff5dbfb001a7e42d,16,15.137845053148766,32.45238124170234,0.1875,7.144287174714464,2265.0690106297534,7,19.690349426668668,34.03624293745529,0.0,10.798044760704215,3138.069885333734,9,11.59700831818884,30.823665106065203,0.3333333333333333,4.302475718944657,1586.068330304435,6,3,12
B_E,8,1.0,17.5,600004,1143d42fe05018999cb76e9df1673b7560ac7b15b32384b6beb765d22e62e401,11,7.096384764615103,11.76922022810913,0.0,0.0,619.2769529230206,6,6.629660741515965,11.27291823702014,0.0,0.0,525.9321483031931,5,7.656453592334067,10.587774865816142,0.0,0.0,731.2907184668135,1,0,12
B_N,8,1.0,17.5,600004,1143d42fe05018999cb76e9df1673b7560ac7b15b32384b6beb765d22e62e401,11,7.096384764615103,11.76922022810913,0.0,0.0,619.2769529230206,6,6.629660741515965,11.27291823702014,0.0,0.0,525.9321483031931,5,7.656453592334067,10.587774865816142,0.0,0.0,731.2907184668135,1,0,12
B_E,8,1.0,17.5,600005,8343201873dacfddb8368ccb138a01c05db27915c204a0bfc868f7d6b795a307,18,15.01067611482772,26.12787636729455,0.0555555555555555,6.676258266138272,2213.2463340766544,10,16.46429068404298,25.89774063479876,0.0,7.769984213235148,2492.858136808596,8,13.19365790330864,24.338525534302647,0.125,5.309100832267177,1863.731580661728,6,1,12
B_N,8,1.0,17.5,600005,8343201873dacfddb8368ccb138a01c05db27915c204a0bfc868f7d6b795a307,18,15.257431487354362,26.12787636729455,0.0555555555555555,6.654723200488661,2262.597408581984,10,16.954987731841868,25.89774063479876,0.0,7.731221095065848,2590.997546368373,8,13.135486181744986,24.338525534302647,0.125,5.309100832267177,1852.097236348997,6,1,12
B_E,8,1.0,17.5,600006,a326bd066e13c95010b893bf1e40eea677304e282b1f2aeafb9696190e49246a,12,5.428741431446539,8.87516981962096,0.3333333333333333,0.0,352.4149529559745,7,6.476785068105689,9.4683743301778,0.0,0.0,495.3570136211377,5,3.9614803401237295,6.845921360494922,0.8,0.0,152.2960680247461,1,0,12
B_N,8,1.0,17.5,600006,a326bd066e13c95010b893bf1e40eea677304e282b1f2aeafb9696190e49246a,12,5.428741431446539,8.87516981962096,0.3333333333333333,0.0,352.4149529559745,7,6.476785068105689,9.4683743301778,0.0,0.0,495.3570136211377,5,3.9614803401237295,6.845921360494922,0.8,0.0,152.2960680247461,1,0,12
B_E,8,1.0,17.5,600007,feff79071d3f8e57c987049190872ed88e7f669fc3b961dd6802547a6b0253e7,4,4.414213562373096,4.885618083164127,0.25,0.0,132.84271247461908,3,4.885618083164127,4.885618083164127,0.0,0.0,177.12361663282545,1,3.0,3.0,1.0,0.0,0.0,1,0,12
B_N,8,1.0,17.5,600007,feff79071d3f8e57c987049190872ed88e7f669fc3b961dd6802547a6b0253e7,4,4.414213562373096,4.885618083164127,0.25,0.0,132.84271247461908,3,4.885618083164127,4.885618083164127,0.0,0.0,177.12361663282545,1,3.0,3.0,1.0,0.0,0.0,1,0,12
B_E,8,1.0,17.5,600008,f8fea427857b8825a86b45813e3c1c8bf3e521520677d0217fbd1ee10616069d,6,4.257078722109418,4.885618083164127,0.3333333333333333,0.0,118.08241108855027,4,4.885618083164127,4.885618083164127,0.0,0.0,177.12361663282542,2,3.0,3.0,1.0,0.0,0.0,1,0,12
B_N,8,1.0,17.5,600008,f8fea427857b8825a86b45813e3c1c8bf3e521520677d0217fbd1ee10616069d,6,4.257078722109418,4.885618083164127,0.3333333333333333,0.0,118.08241108855027,4,4.885618083164127,4.885618083164127,0.0,0.0,177.12361663282542,2,3.0,3.0,1.0,0.0,0.0,1,0,12
B_E,8,1.0,17.5,600009,6053e0ff7e6537f21c42b3f5d069bb498abf71937119ae7c0f25bf5ec244a19f,12,7.067332174799745,16.227490045473058,0.25,0.4492067822878501,663.4664349599489,7,8.58487738807841,16.950709026292046,0.0,0.7700687696363145,916.9754776156822,5,4.942768876209611,8.241253376703739,0.6,0.0,308.5537752419221,1,0,12
B_N,8,1.0,17.5,600009,6053e0ff7e6537f21c42b3f5d069bb498abf71937119ae7c0f25bf5ec244a19f,12,7.067332174799745,16.227490045473058,0.25,0.4492067822878501,663.4664349599489,7,8.58487738807841,16.950709026292046,0.0,0.7700687696363145,916.9754776156822,5,4.942768876209611,8.241253376703739,0.6,0.0,308.5537752419221,1,0,12
B_E,8,2.0,17.0,600000,a2c6f884d5d52421fd27ce8f5d7646151ce4e3e9b88240c55c0f0d3053d7d5f1,27,12.262201228065068,32.20581027830581,0.1481481481481481,5.251451610118103,1682.069875242643,9,10.084074829405807,22.31613899724508,0.0,3.19770915926751,1216.8149658811617,18,13.3512644273947,32.90312414859636,0.2222222222222222,6.2783228355434,1914.6973299233844,5,0,12
B_N,8,2.0,17.0,600000,a2c6f884d5d52421fd27ce8f5d7646151ce4e3e9b88240c55c0f0d3053d7d5f1,27,12.262201228065068,32.20581027830581,0.1481481481481481,5.251451610118103,1682.069875242643,9,10.084074829405807,22.31613899724508,0.0,3.19770915926751,1216.8149658811617,18,13.3512644273947,32.90312414859636,0.2222222222222222,6.2783228355434,1914.6973299233844,5,0,12
B_E,8,2.0,17.0,600001,03224e4c407690e2579502e9645329b72adc3480803d270eba4323ae5b458bb7,24,6.305733273153418,11.838497978571064,0.1666666666666666,0.0,494.47998796401697,13,6.495503613950441,12.428090415820634,0.0,0.0,499.1007227900879,11,6.081459234029666,8.497474167490214,0.3636363636363636,0.0,489.01911953320575,1,0,12
B_N,8,2.0,17.0,600001,03224e4c407690e2579502e9645329b72adc3480803d270eba4323ae5b458bb7,24,6.305733273153418,11.838497978571064,0.1666666666666666,0.0,494.47998796401697,13,6.495503613950441,12.428090415820634,0.0,0.0,499.1007227900879,11,6.081459234029666,8.497474167490214,0.3636363636363636,0.0,489.01911953320575,1,0,12
B_E,8,2.0,17.0,600002,5ea4dd948104834531da2a63ac4f89adbb54584bde0522f20b63f8c0db4bcde2,21,6.245530379506474,11.0,0.1904761904761904,0.0,487.2013139965328,10,6.516400401666135,10.348780493979737,0.0,0.0,503.28008033322703,11,5.999284904815872,10.39934634239519,0.3636363636363636,0.0,472.5842536904471,1,0,12
B_N,8,2.0,17.0,600002,5ea4dd948104834531da2a63ac4f89adbb54584bde0522f20b63f8c0db4bcde2,21,6.245530379506474,11.0,0.1904761904761904,0.0,487.2013139965328,10,6.516400401666135,10.348780493979737,0.0,0.0,503.28008033322703,11,5.999284904815872,10.39934634239519,0.3636363636363636,0.0,472.5842536904471,1,0,12
B_E,8,2.0,17.0,600003,de06c8807bd1a2c4068ec08e13eb6873a03d83ea262f082ac5d1d20b94d1eec8,23,13.444455102254418,28.4602660202634,0.1304347826086956,5.535777613403575,1914.9779769726224,10,14.38233422870834,32.130439183113154,0.0,7.154104409104184,2076.4668457416687,13,12.72300962036678,27.77717084848033,0.2307692307692307,4.290910847480029,1790.755770227203,5,0,12
B_N,8,2.0,17.0,600003,de06c8807bd1a2c4068ec08e13eb6873a03d83ea262f082ac5d1d20b94d1eec8,23,13.444455102254418,28.4602660202634,0.1304347826086956,5.535777613403575,1914.9779769726224,10,14.38233422870834,32.130439183113154,0.0,7.154104409104184,2076.4668457416687,13,12.72300962036678,27.77717084848033,0.2307692307692307,4.290910847480029,1790.755770227203,5,0,12
B_E,8,2.0,17.0,600004,7552d2292f4dc31060543d2c0def427dea98f6c26c3c9037fbbbe85dd3fd3020,33,16.0938751125331,40.37577172069873,0.0606060606060606,8.30794661589982,2426.1108716302624,17,17.68716393402251,38.31895488894532,0.0,10.471595666889591,2737.4327868045025,16,14.401005739700604,35.68385038611602,0.125,6.0090694992231874,2095.331336757632,7,7,12
B_N,8,2.0,17.0,600004,7552d2292f4dc31060543d2c0def427dea98f6c26c3c9037fbbbe85dd3fd3020,33,16.0938751125331,40.37577172069873,0.0606060606060606,8.30794661589982,2426.1108716302624,17,17.68716393402251,38.31895488894532,0.0,10.471595666889591,2737.4327868045025,16,14.401005739700604,35.68385038611602,0.125,6.0090694992231874,2095.331336757632,7,7,12
B_E,8,2.0,17.0,600005,61a89daf4d226c0dd1cb569b30d4284674796b4002c07540d8cf7a9579b07810,28,11.947180923817024,23.09064364874621,0.1071428571428571,3.8371408331924095,1610.8647561919763,12,12.944622428226138,22.24395965145688,0.0,3.977727846743316,1788.9244856452272,16,11.19909979551019,22.617345309857992,0.1875,3.731700573029229,1477.319959102038,5,0,12
B_N,8,2.0,17.0,600005,61a89daf4d226c0dd1cb569b30d4284674796b4002c07540d8cf7a9579b07810,28,11.947180923817024,23.09064364874621,0.1071428571428571,3.8371408331924095,1610.8647561919763,12,12.944622428226138,22.24395965145688,0.0,3.977727846743316,1788.9244856452272,16,11.19909979551019,22.617345309857992,0.1875,3.731700573029229,1477.319959102038,5,0,12
B_E,8,2.0,17.0,600006,a133850500ba04a19cb33c93d00a06bde16927d1232bd0b297484e823c95bae7,26,9.256894368281888,21.498171375469628,0.1538461538461538,1.8365122497024668,1082.1481044256082,13,10.709594498456566,25.34230801105062,0.0,2.617624073879247,1341.9188996913128,13,7.80419423810721,13.12234599394263,0.3076923076923077,1.0554004255256866,822.3773091599035,2,2,12
B_N,8,2.0,17.0,600006,a133850500ba04a19cb33c93d00a06bde16927d1232bd0b297484e823c95bae7,26,9.256894368281888,21.498171375469628,0.1538461538461538,1.8365122497024668,1082.1481044256082,13,10.709594498456566,25.34230801105062,0.0,2.617624073879247,1341.9188996913128,13,7.80419423810721,13.12234599394263,0.3076923076923077,1.0554004255256866,822.3773091599035,2,2,12
B_E,8,2.0,17.0,600007,3440b0f10364d2a0eb036f2249eb36019da74276626cb8bc08ac3d78db6c824b,14,5.111913579979585,7.8074017006186525,0.1428571428571428,0.0,250.9541445673452,7,5.303015742800488,6.930866615382293,0.0,0.0,260.6031485600976,7,4.92081141715868,7.2596083814329715,0.2857142857142857,0.0,241.3051405745929,1,0,12
B_N,8,2.0,17.0,600007,3440b0f10364d2a0eb036f2249eb36019da74276626cb8bc08ac3d78db6c824b,14,5.111913579979585,7.8074017006186525,0.1428571428571428,0.0,250.9541445673452,7,5.303015742800488,6.930866615382293,0.0,0.0,260.6031485600976,7,4.92081141715868,7.2596083814329715,0.2857142857142857,0.0,241.3051405745929,1,0,12
B_E,8,2.0,17.0,600008,48c430b8be3538201cf0e02d7221ae2854884a971241072b6c70c437b2f9c7ac,19,5.271449661478847,8.627596019220228,0.2105263157894736,0.0,296.395195453664,10,5.177796444909579,6.492599072764113,0.0,0.0,235.55928898191596,9,5.375508791000254,9.278205277870311,0.4444444444444444,0.0,363.9906470889395,1,0,12
B_N,8,2.0,17.0,600008,48c430b8be3538201cf0e02d7221ae2854884a971241072b6c70c437b2f9c7ac,19,5.271449661478847,8.627596019220228,0.2105263157894736,0.0,296.395195453664,10,5.177796444909579,6.492599072764113,0.0,0.0,235.55928898191596,9,5.375508791000254,9.278205277870311,0.4444444444444444,0.0,363.9906470889395,1,0,12
B_E,8,2.0,17.0,600009,f978753a6e86ca99f6522f80308fc6929e4ebee055e596dabaeddc6e09f84a24,21,5.598658720339301,12.428090415820634,0.3809523809523809,0.0,395.9222202583364,9,7.163877388380326,13.92665369432758,0.0,0.0,632.7754776760651,12,4.424744719308532,8.497474167490214,0.6666666666666666,0.0,218.2822771950399,1,0,12
B_N,8,2.0,17.0,600009,f978753a6e86ca99f6522f80308fc6929e4ebee055e596dabaeddc6e09f84a24,21,5.598658720339301,12.428090415820634,0.3809523809523809,0.0,395.9222202583364,9,7.163877388380326,13.92665369432758,0.0,0.0,632.7754776760651,12,4.424744719308532,8.497474167490214,0.6666666666666666,0.0,218.2822771950399,1,0,12
B_E,8,4.0,16.0,600000,38b2c5e92035f63ee08d14f088c6a189ad6dfc502e16ee0576a44654f15f302d,52,15.046300088786724,34.91880993701285,0.1153846153846153,7.141239055360879,2232.336940834268,20,15.533598457117602,30.48271072047676,0.0,7.894549373656628,2306.719691423521,32,14.741738608579922,37.05934270308757,0.1875,6.670420106426036,2185.847721715985,6,3,12
B_N,8,4.0,16.0,600000,38b2c5e92035f63ee08d14f088c6a189ad6dfc502e16ee0576a44654f15f302d,52,15.046300088786724,34.91880993701285,0.1153846153846153,7.141239055360879,2232.336940834268,20,15.533598457117602,30.48271072047676,0.0,7.894549373656628,2306.719691423521,32,14.741738608579922,37.05934270308757,0.1875,6.670420106426036,2185.847721715985,6,3,12
B_E,8,4.0,16.0,600001,faee329574a59e50ddeb94265a683e8d13fa6255d1587346525533999d2f97ed,46,6.759398164131532,12.428090415820634,0.217391304347826,0.4167529386972803,595.3578936958719,24,7.505448091455925,12.428090415820634,0.0,0.6270992414332189,701.089618291185,22,5.945525516141288,11.259727053513226,0.4545454545454545,0.1872842448035292,480.01419413734834,2,1,12
B_N,8,4.0,16.0,600001,faee329574a59e50ddeb94265a683e8d13fa6255d1587346525533999d2f97ed,46,6.759398164131532,12.428090415820634,0.217391304347826,0.4167529386972803,595.3578936958719,24,7.505448091455925,12.428090415820634,0.0,0.6270992414332189,701.089618291185,22,5.945525516141288,11.259727053513226,0.4545454545454545,0.1872842448035292,480.01419413734834,2,1,12
B_E,8,4.0,16.0,600002,a22006975815fe9dc8fcb05961ff547a3aa0fa8317a6213ca15becd8b3be9bb5,42,9.249789637469814,20.252256966595866,0.1666666666666666,2.267652614650398,1083.291260827296,19,9.806532047388362,20.93505753599211,0.0,1.910824319121036,1161.306409477672,23,8.789871994493621,17.53036162975946,0.3043478260869565,2.562423815305089,1018.8439641161158,4,0,12
B_N,8,4.0,16.0,600002,a22006975815fe9dc8fcb05961ff547a3aa0fa8317a6213ca15becd8b3be9bb5,42,9.249789637469814,20.252256966595866,0.1666666666666666,2.267652614650398,1083.291260827296,19,9.806532047388362,20.93505753599211,0.0,1.910824319121036,1161.306409477672,23,8.789871994493621,17.53036162975946,0.3043478260869565,2.562423815305089,1018.8439641161158,4,0,12
B_E,8,4.0,16.0,600003,25ad03c98c6176f28812378f19aed09587f858a8877e55511d32acebfe0464b0,47,12.206014512826254,27.2723417926132,0.1063829787234042,4.604587623816692,1662.4794983099316,21,12.79264613022907,23.2852241768775,0.0,5.10271336350741,1758.529226045814,26,11.7321966680009,27.39444622291413,0.1923076923076923,4.2022552956049575,1584.900872061719,6,1,12
B_N,8,4.0,16.0,600003,25ad03c98c6176f28812378f19aed09587f858a8877e55511d32acebfe0464b0,47,12.206014512826254,27.2723417926132,0.1063829787234042,4.604587623816692,1662.4794983099316,21,12.79264613022907,23.2852241768775,0.0,5.10271336350741,1758.529226045814,26,11.7321966680009,27.39444622291413,0.1923076923076923,4.2022552956049575,1584.900872061719,6,1,12
B_E,8,4.0,16.0,600004,8c185c253eac413aaeed6938618d063a1b6900cfc29aaa86e81088afb65a8226,64,43.23704238012979,238.37357922198976,0.046875,35.12004790034655,7856.783476025957,32,61.61074546110422,248.08313497057935,0.0,54.52502426973842,11522.149092220843,32,24.86333929915535,79.88549296683438,0.09375,15.715071530954674,4191.41785983107,14,12,12
B_N,8,4.0,16.0,600004,8c185c253eac413aaeed6938618d063a1b6900cfc29aaa86e81088afb65a8226,64,43.9258394397776,238.37357922198976,0.046875,35.604941961233976,7994.542887955518,32,62.85445079701544,248.08313497057935,0.0,55.49481239151328,11770.890159403089,32,24.997228082539745,79.88549296683438,0.09375,15.715071530954674,4218.195616507949,14,12,12
B_E,8,4.0,16.0,600005,e8dc6468a690dd2ae418f6765ffd205a24e73a1077695340cddc411ddd12d249,44,8.976680301398035,19.53784287529679,0.1590909090909091,1.8114781172958327,1027.1542420977892,22,8.972472479923134,16.6824043568368,0.0,1.672309845986919,994.494495984627,22,8.98088812287294,19.641806285980596,0.3181818181818182,1.950646388604748,1059.8139882109515,3,1,12
B_N,8,4.0,16.0,600005,e8dc6468a690dd2ae418f6765ffd205a24e73a1077695340cddc411ddd12d249,44,8.976680301398035,19.53784287529679,0.1590909090909091,1.8114781172958327,1027.1542420977892,22,8.972472479923134,16.6824043568368,0.0,1.672309845986919,994.494495984627,22,8.98088812287294,19.641806285980596,0.3181818181818182,1.950646388604748,1059.8139882109515,3,1,12
B_E,8,4.0,16.0,600006,cfed03906b6a7ebd0d49df37934e2482906c78eaff070f58161a18c36d5e8283,45,11.11129631615214,23.765237365565486,0.0666666666666666,3.3965026262793496,1435.5925965637618,24,10.9214280533807,29.384169725922074,0.0,3.680902040529873,1384.2856106761403,21,11.32828861646236,21.140844815078097,0.1428571428571428,3.071474724278752,1494.2291518639,4,1,12
B_N,8,4.0,16.0,600006,cfed03906b6a7ebd0d49df37934e2482906c78eaff070f58161a18c36d5e8283,45,11.11129631615214,23.765237365565486,0.0666666666666666,3.3965026262793496,1435.5925965637618,24,10.9214280533807,29.384169725922074,0.0,3.680902040529873,1384.2856106761403,21,11.32828861646236,21.140844815078097,0.1428571428571428,3.071474724278752,1494.2291518639,4,1,12
B_E,8,4.0,16.0,600007,43f9f7952c880929d7b36f8a23113c9a117a2a155faaf4e4097be2ff1e8f6aef,39,5.137667968610017,8.544011544741137,0.2307692307692307,0.0,273.68743987584924,17,5.229357332276424,7.8074017006186525,0.0,0.0,245.87146645528483,22,5.0668170966859725,8.939579251373978,0.4090909090909091,0.0,295.1816011553762,1,0,12
B_N,8,4.0,16.0,600007,43f9f7952c880929d7b36f8a23113c9a117a2a155faaf4e4097be2ff1e8f6aef,39,5.137667968610017,8.544011544741137,0.2307692307692307,0.0,273.68743987584924,17,5.229357332276424,7.8074017006186525,0.0,0.0,245.87146645528483,22,5.0668170966859725,8.939579251373978,0.4090909090909091,0.0,295.1816011553762,1,0,12
B_E,8,4.0,16.0,600008,69554bb21b24a2d19d331eaa34e10528bfc2248ae9ccd0ac8b22af3d06084407,43,12.315994014762444,29.22584035205029,0.1395348837209302,4.785314302600285,1691.105779696675,21,12.525701736641349,28.964840641076307,0.0,4.9487603052638445,1705.1403473282687,22,12.115818462059854,30.746772158790208,0.2727272727272727,4.62929766369416,1677.7091469574254,7,0,12
B_N,8,4.0,16.0,600008,69554bb21b24a2d19d331eaa34e10528bfc2248ae9ccd0ac8b22af3d06084407,43,12.315994014762444,29.22584035205029,0.1395348837209302,4.785314302600285,1691.105779696675,21,12.525701736641349,28.964840641076307,0.0,4.9487603052638445,1705.1403473282687,22,12.115818462059854,30.746772158790208,0.2727272727272727,4.62929766369416,1677.7091469574254,7,0,12
B_E,8,4.0,16.0,600009,678cb11e751e4dba0a9c277bacb44228077ef59d729f3fd5bc0cd4f7efc386ed,44,8.50060474665184,17.642468385952917,0.2272727272727272,2.021240254314266,945.5754947849138,19,9.73906690122953,18.30387827845873,0.0,2.672772731372357,1147.8133802459056,25,7.559373509172798,16.57692412257437,0.4,1.526075571750116,791.8747018345596,2,0,12
B_N,8,4.0,16.0,600009,678cb11e751e4dba0a9c277bacb44228077ef59d729f3fd5bc0cd4f7efc386ed,44,8.50060474665184,17.642468385952917,0.2272727272727272,2.021240254314266,945.5754947849138,19,9.73906690122953,18.30387827845873,0.0,2.672772731372357,1147.8133802459056,25,7.559373509172798,16.57692412257437,0.4,1.526075571750116,791.8747018345596,2,0,12
B_E,8,5.0,15.483333333333333,600000,ea6ba91a405f35d57b46822a7d982824735019705a86f8e3916f5e594e45b7bc,67,20.904888541823855,55.77109139364214,0.13432835820895522,12.742415196491438,3407.8433800065613,27,20.636749240763272,46.247510155747705,0.0,12.663526682634526,3327.3498481526553,40,21.08588257003974,59.00699522590425,0.225,12.795664943344855,3462.1765140079488,7,6,12
B_N,8,5.0,15.483333333333333,600000,ea6ba91a405f35d57b46822a7d982824735019705a86f8e3916f5e594e45b7bc,67,20.904888541823855,55.77109139364214,0.13432835820895522,12.742415196491438,3407.8433800065613,27,20.636749240763272,46.247510155747705,0.0,12.663526682634526,3327.3498481526553,40,21.08588257003974,59.00699522590425,0.225,12.795664943344855,3462.1765140079488,7,6,12
B_E,8,5.0,15.483333333333333,600001,61294d79bdaa001cdba6aabb86dd3b4af259c00efed5cae8c43a2e9ca92f0c25,58,9.460468571761433,26.095722128816366,0.2413793103448276,2.96496004532987,1140.369576421252,29,12.073625486605469,30.058825945607968,0.0,4.842123218354165,1614.7250973210937,29,6.847311656917397,18.689523666348464,0.4827586206896552,1.0877968723055753,666.0140555214105,4,2,12
B_N,8,5.0,15.483333333333333,600001,61294d79bdaa001cdba6aabb86dd3b4af259c00efed5cae8c43a2e9ca92f0c25,58,10.363545425161872,35.192597577362335,0.2413793103448276,3.8474240432769875,1320.9849471013397,29,13.939304641722272,38.53698491442288,0.0,6.6070512142484,1987.8609283444548,29,6.787786208601468,18.689523666348464,0.4827586206896552,1.0877968723055753,654.1089658582245,4,3,12
B_E,8,5.0,15.483333333333333,600002,3441acdafaeaf4bd67f2006902623a8f076c0fabb434e3324c68d1da1a5c7952,53,9.729018476826624,23.53539765582181,0.1320754716981132,1.9703215125525086,1172.2187897049475,23,9.296411506115094,24.942890124960392,0.0,1.5115405760566911,1059.2823012230187,30,10.0606838210388,21.970917294121517,0.23333333333333334,2.322053563865969,1258.8034308744266,5,1,12
B_N,8,5.0,15.483333333333333,600002,3441acdafaeaf4bd67f2006902623a8f076c0fabb434e3324c68d1da1a5c7952,53,9.729018476826624,23.53539765582181,0.1320754716981132,1.9703215125525086,1172.2187897049475,23,9.296411506115094,24.942890124960392,0.0,1.5115405760566911,1059.2823012230187,30,10.0606838210388,21.970917294121517,0.23333333333333334,2.322053563865969,1258.8034308744266,5,1,12
B_E,8,5.0,15.483333333333333,600003,627864e9db4ab76f37e638d2934e04602b49146f2703e912823c00b23b460a6c,60,19.581991686136533,58.23904363238552,0.08333333333333333,11.657200258254063,3133.065003893973,28,19.12272641477489,49.67062310680839,0.0,10.705883913920323,3024.545282954977,32,19.983848798577966,71.8329619444259,0.15625,12.489602059546087,3228.0197597155934,6,5,12
B_N,8,5.0,15.483333333333333,600003,627864e9db4ab76f37e638d2934e04602b49146f2703e912823c00b23b460a6c,60,19.581991686136533,58.23904363238552,0.08333333333333333,11.657200258254063,3133.065003893973,28,19.12272641477489,49.67062310680839,0.0,10.705883913920323,3024.545282954977,32,19.983848798577966,71.8329619444259,0.15625,12.489602059546087,3228.0197597155934,6,5,12
B_E,8,5.0,15.483333333333333,600004,9cd139f7cf623e683ca6b05dba67d5cc7d5c86be0b8d2d8c969bc0ce516fde11,75,64.3962799863472,238.5570998295477,0.04,55.97044675391507,12087.255997269438,38,82.8537253888195,241.55057580165635,0.0,74.46115660585929,15770.745077763899,37,45.43998470813239,220.87270009416872,0.08108108108108109,36.97998798705344,8304.213157842694,18,18,12
B_N,8,5.0,15.483333333333333,600004,9cd139f7cf623e683ca6b05dba67d5cc7d5c86be0b8d2d8c969bc0ce516fde11,75,64.3962799863472,238.5570998295477,0.04,55.97044675391507,12087.255997269438,38,82.8537253888195,241.55057580165635,0.0,74.46115660585929,15770.745077763899,37,45.43998470813239,220.87270009416872,0.08108108108108109,36.97998798705344,8304.213157842694,18,18,12
B_E,8,5.0,15.483333333333333,600005,900a1631a910ba60a76097662b573644422d3e54b5909ab86f535006dfba3fd3,53,12.004898921269698,36.83719681619979,0.1320754716981132,5.045847144884492,1627.3948785935618,27,15.536885482075107,40.15626040293451,0.0,8.312005994695399,2307.3770964150212,26,8.337066723510231,15.192065663546908,0.2692307692307692,1.6540668008500898,921.2594985482,4,0,12
B_N,8,5.0,15.483333333333333,600005,900a1631a910ba60a76097662b573644422d3e54b5909ab86f535006dfba3fd3,53,12.004898921269698,36.83719681619979,0.1320754716981132,5.045847144884492,1627.3948785935618,27,15.536885482075107,40.15626040293451,0.0,8.312005994695399,2307.3770964150212,26,8.337066723510231,15.192065663546908,0.2692307692307692,1.6540668008500898,921.2594985482,4,0,12
B_E,8,5.0,15.483333333333333,600006,2ed7f6be60569eac04740e15b7beec1a35c7af6016770e31f6297c529fbf6c84,58,11.078747942785034,21.70603977081891,0.1206896551724138,3.4486125909275747,1439.8875195914895,28,10.796618678592466,20.228506478192447,0.0,2.8712248127636224,1359.3237357184935,30,11.34206858936476,24.563989727865405,0.23333333333333334,3.9875078505472628,1515.0803845396188,4,2,12
B_N,8,5.0,15.483333333333333,600006,2ed7f6be60569eac04740e15b7beec1a35c7af6016770e31f6297c529fbf6c84,58,11.078747942785034,21.70603977081891,0.1206896551724138,3.4486125909275747,1439.8875195914895,28,10.796618678592466,20.228506478192447,0.0,2.8712248127636224,1359.3237357184935,30,11.34206858936476,24.563989727865405,0.23333333333333334,3.9875078505472628,1515.0803845396188,4,2,12
B_E,8,5.0,15.483333333333333,600007,6a06b949a4d18e63f360e2cf5f45faa878f851d27482406680bf634831bb326e,47,5.817005250591426,11.055521851801227,0.23404255319148937,0.04554214926053859,410.2095607565831,20,5.847098423287859,8.038436136378754,0.0,0.0,369.41968465757145,27,5.7947140115570335,11.055521851801235,0.4074074074074074,0.07927707463871532,440.424283792888,1,0,12
B_N,8,5.0,15.483333333333333,600007,6a06b949a4d18e63f360e2cf5f45faa878f851d27482406680bf634831bb326e,47,5.817005250591426,11.055521851801227,0.23404255319148937,0.04554214926053859,410.2095607565831,20,5.847098423287859,8.038436136378754,0.0,0.0,369.41968465757145,27,5.7947140115570335,11.055521851801235,0.4074074074074074,0.07927707463871532,440.424283792888,1,0,12
B_E,8,5.0,15.483333333333333,600008,d412ee9ab31981e31ae41977e8230a9e6217090a62afac8489e1bf5b054f520e,49,10.60669967431022,30.548436368639024,0.14285714285714285,3.033766942304691,1349.9113634334728,25,9.486178506874259,20.45648578554421,0.0,1.7264616329502314,1097.2357013748517,24,11.773909223722681,31.01545615217325,0.2916666666666667,4.395543306215586,1613.1151780778694,6,1,12
B_N,8,5.0,15.483333333333333,600008,d412ee9ab31981e31ae41977e8230a9e6217090a62afac8489e1bf5b054f520e,49,10.60669967431022,30.548436368639024,0.14285714285714285,3.033766942304691,1349.9113634334728,25,9.486178506874259,20.45648578554421,0.0,1.7264616329502314,1097.2357013748517,24,11.773909223722681,31.01545615217325,0.2916666666666667,4.395543306215586,1613.1151780778694,6,1,12
B_E,8,5.0,15.483333333333333,600009,7bac6fd519303fce9addc085229399627542b4fbc92a6b56a04fcae2845650c2,54,8.210473535023956,16.99132483143865,0.18518518518518517,1.313735740408851,879.1317440418284,23,7.442189637920842,10.223196956077745,0.0,0.7519652681629573,688.4379275841687,31,8.780490619971427,19.752798447159584,0.3225806451612903,1.7305331875590304,1020.6142530265433,3,2,12
B_N,8,5.0,15.483333333333333,600009,7bac6fd519303fce9addc085229399627542b4fbc92a6b56a04fcae2845650c2,54,8.210473535023956,16.99132483143865,0.18518518518518517,1.313735740408851,879.1317440418284,23,7.442189637920842,10.223196956077745,0.0,0.7519652681629573,688.4379275841687,31,8.780490619971427,19.752798447159584,0.3225806451612903,1.7305331875590304,1020.6142530265433,3,2,12
B_E,8,6.0,14.983333333333333,600000,1f7366d2b7536e6813f146f9e8fffdfe987173269cec0d3e4f3278b589217343,78,33.55272659088663,198.15097762337749,0.11538461538461539,26.092574274298478,5933.622241254249,32,35.82514248095458,214.0585920162001,0.0,28.391353511632815,6365.0284961909165,46,31.971915536926314,170.65131413752366,0.1956521739130435,24.49342350050068,5633.513542167871,10,10,12
B_N,8,6.0,14.983333333333333,600000,1f7366d2b7536e6813f146f9e8fffdfe987173269cec0d3e4f3278b589217343,78,33.55272659088663,198.15097762337749,0.11538461538461539,26.092574274298478,5933.622241254249,32,35.82514248095458,214.0585920162001,0.0,28.391353511632815,6365.0284961909165,46,31.971915536926314,170.65131413752366,0.1956521739130435,24.49342350050068,5633.513542167871,10,10,12
B_E,8,6.0,14.983333333333333,600001,edafc65aba6e767cb5e46044e519f295e58423f292fe24521aa531f37e3b05b0,68,30.299465126750615,193.75361604059185,0.17647058823529413,23.57719353190559,5295.187142997181,36,41.06053819169492,195.56471821814344,0.0,34.158267840253956,7412.1076383389845,32,18.193257928688265,81.24332929308767,0.375,11.673484935013676,2913.6515857376526,10,10,12
B_N,8,6.0,14.983333333333333,600001,edafc65aba6e767cb5e46044e519f295e58423f292fe24521aa531f37e3b05b0,68,30.299465126750615,193.75361604059185,0.17647058823529413,23.57719353190559,5295.187142997181,36,41.06053819169492,195.56471821814344,0.0,34.158267840253956,7412.1076383389845,32,18.193257928688265,81.24332929308767,0.375,11.673484935013676,2913.651585737653,10,10,12
B_E,8,6.0,14.983333333333333,600002,89922f3c4ee7c7a92d840abea539a20f7aedbea5fee7544ab05f9f1ebda8355b,60,17.587219192487492,71.72835032077376,0.15,10.28609732645685,2747.4438384974983,27,21.182009897127106,73.52129136731631,0.0,13.916460369089759,3436.401979425421,33,14.646026797782355,51.935533090158266,0.2727272727272727,7.31580029157538,2183.7508141019252,7,7,12
B_N,8,6.0,14.983333333333333,600002,89922f3c4ee7c7a92d840abea539a20f7aedbea5fee7544ab05f9f1ebda8355b,60,17.587219192487492,71.72835032077376,0.15,10.28609732645685,2747.4438384974983,27,21.182009897127106,73.52129136731631,0.0,13.916460369089759,3436.401979425421,33,14.646026797782355,51.935533090158266,0.2727272727272727,7.31580029157538,2183.7508141019252,7,7,12
B_E,8,6.0,14.983333333333333,600003,703db3a2967e931f070db563d9ad4d6ffbfcc0e19285299606c5076faae74955,67,24.81593230632121,81.52177180332248,0.05970149253731343,17.259588805540425,4175.126759771703,32,22.345134790943767,62.42212239634479,0.0,14.510192257714607,3669.026958188754,35,27.07494717752343,87.62755614679195,0.11428571428571428,19.773322792124027,4637.84657836183,7,6,12
B_N,8,6.0,14.983333333333333,600003,703db3a2967e931f070db563d9ad4d6ffbfcc0e19285299606c5076faae74955,67,24.81593230632121,81.52177180332248,0.05970149253731343,17.259588805540425,4175.126759771703,32,22.345134790943767,62.42212239634479,0.0,14.510192257714607,3669.026958188754,35,27.07494717752343,87.62755614679195,0.11428571428571428,19.773322792124027,4637.84657836183,7,6,12
B_E,8,6.0,14.983333333333333,600004,b9049cf5de423c5a84af803dce86ad82829a00804419f72352c16426df147616,84,73.35395390112699,242.72196841885201,0.08333333333333333,65.6553969847658,13887.457446892058,42,92.67728516689814,244.61266585499692,0.0,84.87677783542486,17735.45703337963,42,54.030622635355776,231.3851308826707,0.16666666666666666,46.434016134106756,10039.45786040449,22,22,12
B_N,8,6.0,14.983333333333333,600004,b9049cf5de423c5a84af803dce86ad82829a00804419f72352c16426df147616,84,73.35395390112699,242.72196841885201,0.08333333333333333,65.6553969847658,13887.457446892058,42,92.67728516689814,244.61266585499692,0.0,84.87677783542486,17735.45703337963,42,54.030622635355776,231.3851308826707,0.16666666666666666,46.434016134106756,10039.45786040449,22,22,12
B_E,8,6.0,14.983333333333333,600005,3c17b26fe0bc9dc2d2d79bf8dbd5a3b7fb5dedb40536eaa6f17c2784871686ea,64,33.83340049182921,203.55010491682836,0.109375,26.367174283807913,5988.555098365841,33,48.05229440957566,217.92125764250346,0.0,40.30293906061354,8810.45888191513,31,18.697158579389438,61.93951375973258,0.22580645161290322,11.5323279084987,2984.5930062004686,8,8,12
B_N,8,6.0,14.983333333333333,600005,3c17b26fe0bc9dc2d2d79bf8dbd5a3b7fb5dedb40536eaa6f17c2784871686ea,64,33.83340049182921,203.55010491682836,0.109375,26.367174283807913,5988.555098365841,33,48.05229440957566,217.92125764250346,0.0,40.30293906061354,8810.45888191513,31,18.697158579389438,61.93951375973258,0.22580645161290322,11.5323279084987,2984.5930062004686,8,8,12
B_E,8,6.0,14.983333333333333,600006,8267f42e7ddb759007db78f01ed0c16e123de5d4fc12eaf3ee5246be482547f7,72,28.58660576787626,191.3134568992824,0.125,21.52360577511081,4942.321153575251,32,16.558764160503564,39.562688888080956,0.0,8.975127313766961,2511.752832100713,40,38.20887905377441,192.14838022915276,0.225,31.562388544185886,6886.775810754882,8,8,12
B_N,8,6.0,14.983333333333333,600006,8267f42e7ddb759007db78f01ed0c16e123de5d4fc12eaf3ee5246be482547f7,72,28.612794907920197,191.3134568992824,0.125,21.52360577511081,4947.55898158404,32,16.65006989854902,39.562688888080956,0.0,8.975127313766961,2530.013979709804,40,38.18297491541715,192.14838022915276,0.225,31.562388544185886,6881.594983083431,8,8,12
B_E,8,6.0,14.983333333333333,600007,f38b8d83265fdc5c6d5f9c4a9e0cacc884655b65c842d3ad33888334273119a9,57,7.531437368293303,16.4706655844008,0.17543859649122806,0.6119532639861798,741.3751929569064,27,7.598265091988479,16.262062028032922,0.0,0.5491439800588759,719.6530183976957,30,7.471292416967648,15.9042995719314,0.3333333333333333,0.6684816195207531,760.9251500601962,2,1,12
B_N,8,6.0,14.983333333333333,600007,f38b8d83265fdc5c6d5f9c4a9e0cacc884655b65c842d3ad33888334273119a9,57,6.9679861813234885,14.083581489808356,0.19298245614035087,0.38486164013138796,632.1937274927678,27,7.443047936916724,13.55413533447704,0.0,0.3939268249871222,688.609587383345,30,6.540430601289575,13.881403511721956,0.36666666666666664,0.37670297376122713,581.4194535912486,2,1,12
B_E,8,6.0,14.983333333333333,600008,025fcbbc737d3f7fd194b773f279499ad8a11a8789f9ce202c96ab328f666198,58,24.756722537394623,191.66861956253382,0.13793103448275862,17.615366231906904,4178.930714375476,30,28.626402250983727,193.70663195804195,0.0,21.270772819753862,4925.280450196746,28,20.61063712997772,77.45828020724332,0.2857142857142857,13.698859173499452,3379.2702831384013,6,6,12
B_N,8,6.0,14.983333333333333,600008,025fcbbc737d3f7fd194b773f279499ad8a11a8789f9ce202c96ab328f666198,58,24.756722537394623,191.66861956253382,0.13793103448275862,17.615366231906904,4178.930714375476,30,28.626402250983727,193.70663195804195,0.0,21.270772819753862,4925.280450196746,28,20.61063712997772,77.45828020724332,0.2857142857142857,13.698859173499452,3379.2702831384013,6,6,12
B_E,8,6.0,14.983333333333333,600009,02ec9782d2b5f2ed077426bf4630e8c24de38819e8977f67281491d6e1286451,63,18.973542964116678,61.61174628177488,0.15873015873015872,11.581037288012297,3026.4546245693678,29,21.553917638525718,85.98766545285744,0.0,13.533553582623677,3510.783527705143,34,16.772635153591324,46.32606971180541,0.29411764705882354,9.915655742608472,2613.35056013003,6,5,12
B_N,8,6.0,14.983333333333333,600009,02ec9782d2b5f2ed077426bf4630e8c24de38819e8977f67281491d6e1286451,63,18.93307729057827,61.61174628177488,0.15873015873015872,11.581037288012297,3018.3614898616866,29,21.553917638525718,85.98766545285744,0.0,13.533553582623677,3510.783527705143,34,16.6976546408584,46.32606971180541,0.29411764705882354,9.915655742608472,2598.3544575834435,6,5,12
B_E,8,8.0,13.883333333333333,600000,edc6ee835fe9f9877efd9228f2d662de60fb77273253247372957eac144a540e,90,50.95144816209389,217.5346703089444,0.1444444444444444,43.638632190282,9419.178521307666,40,55.95230938787999,209.7587422546203,0.0,48.13530294993452,10390.461877576,50,46.95075918146499,217.6287719691477,0.26,40.041295582559975,8642.151836292998,17,16,12
B_N,8,8.0,13.883333333333333,600000,edc6ee835fe9f9877efd9228f2d662de60fb77273253247372957eac144a540e,90,50.95144816209389,217.5346703089444,0.1444444444444444,43.638632190282,9419.178521307666,40,55.95230938787999,209.7587422546203,0.0,48.13530294993452,10390.461877576,50,46.95075918146499,217.6287719691477,0.26,40.041295582559975,8642.151836292998,17,16,12
B_E,8,8.0,13.883333333333333,600001,27f70de9e27c23cf6412133303c03d997f9c602ff5f87b721294667c2a3b49ed,89,51.07086239298546,204.24982765362623,0.2022471910112359,44.70620960895553,9454.62191679934,47,58.0480936152298,199.2085211550348,0.0,50.90044549780176,10809.618723045964,42,43.263008406188206,206.2689835939873,0.4285714285714285,37.77456468572287,7938.315966951927,21,21,12
B_N,8,8.0,13.883333333333333,600001,27f70de9e27c23cf6412133303c03d997f9c602ff5f87b721294667c2a3b49ed,89,51.07086239298546,204.24982765362623,0.2022471910112359,44.70620960895553,9454.62191679934,47,58.0480936152298,199.2085211550348,0.0,50.90044549780176,10809.618723045964,42,43.263008406188206,206.2689835939873,0.4285714285714285,37.77456468572287,7938.315966951927,21,21,12
B_E,8,8.0,13.883333333333333,600002,35cc510eac4780f3eba91eeaa34d52fd6ce765cd41ca09372fb232d8b7425a30,77,40.5332851444091,183.26278662972305,0.1688311688311688,33.65156791588076,7339.037123751669,33,33.338701862996324,179.50879100700664,0.0,26.069169212183404,5867.740372599263,44,45.92922260546869,187.95798286163733,0.2954545454545454,39.33836694365379,8442.509687115975,14,14,12
B_N,8,8.0,13.883333333333333,600002,35cc510eac4780f3eba91eeaa34d52fd6ce765cd41ca09372fb232d8b7425a30,77,40.5332851444091,183.26278662972305,0.1688311688311688,33.65156791588076,7339.037123751669,33,33.338701862996324,179.50879100700664,0.0,26.069169212183404,5867.740372599263,44,45.92922260546869,187.95798286163733,0.2954545454545454,39.33836694365379,8442.509687115975,14,14,12
B_E,8,8.0,13.883333333333333,600003,a4a49e0845c0e17e9c9f222898b876af3700b78a5c52ab52bdd95196bc2e0221,82,51.2232267573834,191.77532857264072,0.1097560975609756,43.68354784353976,9466.596570988871,40,55.8491600032457,186.8449521067676,0.0,47.87545993059557,10369.832000649138,42,46.81757604703836,190.53765854807128,0.2142857142857142,39.69125061777231,8606.372352264812,14,13,12
B_N,8,8.0,13.883333333333333,600003,a4a49e0845c0e17e9c9f222898b876af3700b78a5c52ab52bdd95196bc2e0221,82,51.2232267573834,191.77532857264072,0.1097560975609756,43.68354784353976,9466.596570988871,40,55.8491600032457,186.8449521067676,0.0,47.87545993059557,10369.832000649138,42,46.81757604703836,190.53765854807128,0.2142857142857142,39.69125061777231,8606.372352264812,14,13,12
B_E,8,8.0,13.883333333333333,600004,9686a7a7a70a0b17b042161d805130881310218125acb63798994dd60946acac,108,95.37610515743556,266.03126395056097,0.074074074074074,88.00899183977229,18290.03584630193,51,105.69286013697702,262.8984573414488,0.0,97.7089160373179,20338.572027395403,57,86.14532438626694,265.53534058677906,0.1403508771929824,79.33011229459991,16457.135052691985,36,36,12
B_N,8,8.0,13.883333333333333,600004,9686a7a7a70a0b17b042161d805130881310218125acb63798994dd60946acac,108,95.37610515743556,266.03126395056097,0.074074074074074,88.00899183977229,18290.03584630193,51,105.69286013697702,262.8984573414488,0.0,97.7089160373179,20338.572027395403,57,86.14532438626694,265.53534058677906,0.1403508771929824,79.33011229459991,16457.135052691985,36,36,12
B_E,8,8.0,13.883333333333333,600005,ca66b5fc2fda12b9c7445ce161907d2b036d535237fcf1aa9dedfd95b297823f,86,57.463742389603226,212.3679254009127,0.1046511627906976,50.06525045137502,10713.678710478784,45,78.26774214336764,245.24776474336207,0.0,70.50892610871104,14853.548428673528,41,34.63008412327642,189.89901908660977,0.2195121951219512,27.62706985185988,6169.919263679675,20,20,12
B_N,8,8.0,13.883333333333333,600005,ca66b5fc2fda12b9c7445ce161907d2b036d535237fcf1aa9dedfd95b297823f,86,57.64455192051769,212.3679254009127,0.1046511627906976,50.06525045137502,10749.84061666168,45,78.60296313593015,245.24776474336207,0.0,70.50892610871104,14920.59262718603,41,34.64141765969916,189.89901908660977,0.2195121951219512,27.62706985185988,6172.185970964221,20,20,12
B_E,8,8.0,13.883333333333333,600006,ae8e68beb651cbc50605742713c6744dabfa183d4905a2b9fdb854ff976c66ab,90,57.20458105637778,222.57748856256325,0.0555555555555555,50.31963675716696,10652.027322386666,42,34.67202593033082,207.26101348394408,0.0,27.777170691324585,6134.405186066163,48,76.92056679166888,230.46461000609813,0.1041666666666666,70.04429456477904,14604.946691667108,21,21,12
B_N,8,8.0,13.883333333333333,600006,ae8e68beb651cbc50605742713c6744dabfa183d4905a2b9fdb854ff976c66ab,90,57.01932402715336,222.57748856256325,0.1,50.16518302395973,10623.864805430672,42,34.99247225108,207.26101348394408,0.0,27.6789848661335,6198.494450215999,48,76.29281933121757,230.46461000609813,0.1875,69.8406064120577,14496.063866243514,21,21,12
B_E,8,8.0,13.883333333333333,600007,839963edd40679aea98f46716d9e9853385ab54e4b1c2830bb4a5dedc9073e53,81,31.036140941191707,168.17733028480143,0.1975308641975308,25.00107801740802,5446.734361077848,34,24.090327957529443,157.10041957838223,0.0,17.585044580073053,4018.0655915058887,47,36.06077161022399,167.74549030697088,0.3404255319148936,30.365868163565228,6480.239428427775,11,11,12
B_N,8,8.0,13.883333333333333,600007,839963edd40679aea98f46716d9e9853385ab54e4b1c2830bb4a5dedc9073e53,81,30.64636540702279,168.17733028480143,0.1975308641975308,24.565378811624317,5368.779254244066,34,23.880455893985367,157.10041957838223,0.0,17.2069731102655,3976.091178797074,47,35.540853139858385,167.74549030697088,0.3404255319148936,29.888480808351968,6376.255734354655,11,11,12
B_E,8,8.0,13.883333333333333,600008,86840dd58987784230853689c35e7812d14dfd87e43983d6a58a2ed11db4901d,76,55.27556303539695,217.37161671863728,0.1052631578947368,48.34876822045714,10276.165238658336,40,50.09876379333852,217.0874363233394,0.0,42.70193967457872,9219.752758667702,36,61.02756219323966,223.65277252714785,0.2222222222222222,54.62302216032205,11449.956883092374,17,16,12
B_N,8,8.0,13.883333333333333,600008,86840dd58987784230853689c35e7812d14dfd87e43983d6a58a2ed11db4901d,76,55.27556303539695,217.37161671863728,0.1052631578947368,48.34876822045714,10276.165238658336,40,50.09876379333852,217.0874363233394,0.0,42.70193967457872,9219.752758667702,36,61.02756219323966,223.65277252714785,0.2222222222222222,54.62302216032205,11449.956883092374,17,16,12
B_E,8,8.0,13.883333333333333,600009,bfacbea874aea82c230238b3b5a38040b003c2470c7e439c3d51c34a665c26c2,80,49.015371839979146,203.82192736779032,0.125,42.12658116840284,9028.074367995829,38,52.94756367217195,202.33311020543772,0.0,45.89050842886181,9789.512734434393,42,45.457674467995176,203.6863862790888,0.238095238095238,38.72112317084473,8339.153941218085,16,16,12
B_N,8,8.0,13.883333333333333,600009,bfacbea874aea82c230238b3b5a38040b003c2470c7e439c3d51c34a665c26c2,80,49.015371839979146,203.82192736779032,0.125,42.12658116840284,9028.074367995829,38,52.94756367217195,202.33311020543772,0.0,45.89050842886181,9789.512734434393,42,45.457674467995176,203.6863862790888,0.238095238095238,38.72112317084473,8339.153941218085,16,16,12
B_E,8,10.0,10.266666666666666,600000,5b482b6dd8218ed06795f081dc480f1ceeb80f3563677ab5b5821bcbd1a3e5ff,111,49.50033340107776,280.25468390884816,0.17117117117117117,42.59034829688077,9134.300914449783,50,59.988355444884746,282.8276131642957,0.0,53.26365664512676,11197.671088976951,61,40.90359402090808,250.47333682707054,0.3114754098360656,33.841734896679135,7443.0138861488285,20,19,12
B_N,8,10.0,10.266666666666666,600000,5b482b6dd8218ed06795f081dc480f1ceeb80f3563677ab5b5821bcbd1a3e5ff,111,49.028490332000416,280.25468390884816,0.16216216216216217,42.003789092502636,9038.130498832514,50,59.54865241219182,282.8276131642957,0.0,52.625647804936165,11109.730482438368,61,40.40540665971234,250.47333682707054,0.29508196721311475,33.297347524934175,7340.097725385093,19,18,12
B_E,8,10.0,10.266666666666666,600001,412cda4d7472b45ffba1a62a9530012fc7a17189f82ee398b839e0d1c179365f,105,51.341632102876765,298.1386071582795,0.18095238095238095,44.94033666895231,9504.51689676583,55,62.84243369938428,303.74744656415385,0.0,55.61466941283063,11768.486739876853,50,38.69075034671852,275.49847744920294,0.38,33.19857065068616,7014.150069343704,16,16,12
B_N,8,10.0,10.266666666666666,600001,412cda4d7472b45ffba1a62a9530012fc7a17189f82ee398b839e0d1c179365f,105,51.341632102876765,298.1386071582795,0.18095238095238095,44.94033666895231,9504.51689676583,55,62.84243369938428,303.74744656415385,0.0,55.61466941283063,11768.486739876853,50,38.69075034671852,275.49847744920294,0.38,33.19857065068616,7014.150069343704,16,16,12
B_E,8,10.0,10.266666666666666,600002,acb69d3ae6ffc5076b9d5801a2296167f3ffc0e90557359e39c78b6ed63c4186,96,27.840104057536276,236.03642838053725,0.19791666666666666,21.272754890142476,4806.492345934114,42,31.63746838721846,246.77262211072883,0.0,24.473213035323994,5527.493677443692,54,24.886598467783468,162.3725364102919,0.35185185185185186,18.783509666112405,4245.713532537778,10,10,12
B_N,8,10.0,10.266666666666666,600002,acb69d3ae6ffc5076b9d5801a2296167f3ffc0e90557359e39c78b6ed63c4186,96,29.278442743992798,236.03642838053725,0.20833333333333334,22.76075297580428,5096.243416558753,42,32.778463235253085,246.77262211072883,0.0,25.544641606752563,5755.692647050618,54,26.556204584123687,191.62253641029218,0.37037037037037035,20.595506262844506,4583.338459509525,11,11,12
B_E,8,10.0,10.266666666666666,600003,0d5094886dd5967eefe8f8505b950cc675d126221f330e403ac41c205ca01c88,104,43.409004461305024,250.4108235926204,0.125,36.41530105878722,7906.800892261004,51,48.49898996576856,271.7332969190535,0.0,40.98861211578875,8899.79799315371,53,38.511093881538244,242.6190102688816,0.24528301886792453,32.0145677775216,6951.275380081232,15,15,12
B_N,8,10.0,10.266666666666666,600003,0d5094886dd5967eefe8f8505b950cc675d126221f330e403ac41c205ca01c88,104,43.409004461305024,250.4108235926204,0.125,36.41530105878722,7906.800892261004,51,48.49898996576856,271.7332969190535,0.0,40.98861211578875,8899.79799315371,53,38.511093881538244,242.6190102688816,0.24528301886792453,32.0145677775216,6951.275380081232,15,15,12
B_E,8,10.0,10.266666666666666,600004,a32f01976179b88d07c31f287fc5f603a9de41788a05a4a0ff45eca15654874c,119,101.26714799048692,330.75307240934745,0.13445378151260504,94.30425861322966,19480.320354399904,60,114.94249511804449,329.4456161188733,0.0,107.36627903419527,22188.499023608903,59,87.36001531839445,332.056553297551,0.2711864406779661,81.0208480156375,16726.240351814486,34,34,12
B_N,8,10.0,10.266666666666666,600004,a32f01976179b88d07c31f287fc5f603a9de41788a05a4a0ff45eca15654874c,119,101.26714799048692,330.75307240934745,0.13445378151260504,94.30425861322966,19480.320354399904,60,114.94249511804449,329.4456161188733,0.0,107.36627903419527,22188.499023608903,59,87.36001531839445,332.056553297551,0.2711864406779661,81.0208480156375,16726.240351814486,34,34,12
B_E,8,10.0,10.266666666666666,600005,294fc5287c0093b9743841894c724464ce32286bb179885268e2ed0cbbb18654,104,60.67136145916465,317.8594391554045,0.21153846153846154,54.4606291146612,11376.57998414062,50,69.79575440994044,321.69832639258675,0.0,62.93368762136495,13159.150881988086,54,52.222849467705565,316.6318384706541,0.4074074074074074,46.61520457141699,9726.051375022596,18,17,12
B_N,8,10.0,10.266666666666666,600005,294fc5287c0093b9743841894c724464ce32286bb179885268e2ed0cbbb18654,104,60.67136145916465,317.8594391554045,0.21153846153846154,54.4606291146612,11376.57998414062,50,69.79575440994044,321.69832639258675,0.0,62.93368762136495,13159.150881988086,54,52.222849467705565,316.6318384706541,0.4074074074074074,46.61520457141699,9726.051375022596,18,17,12
B_E,8,10.0,10.266666666666666,600006,db6851773b85f084fc9a909940329001ece6c56c68c424e86399e160514dbee2,105,42.56987313406966,268.81741747730376,0.1523809523809524,36.29744625316075,7742.748721912226,51,33.63979050384633,264.907582527494,0.0,26.68179684017149,5927.958100769267,54,51.00384006261392,279.5543206587081,0.2962962962962963,45.37889292098394,9456.717641880578,14,14,12
B_N,8,10.0,10.266666666666666,600006,db6851773b85f084fc9a909940329001ece6c56c68c424e86399e160514dbee2,105,42.63445601811342,268.81741747730376,0.14285714285714285,36.23461666460852,7753.760536816215,51,33.63979050384633,264.907582527494,0.0,26.68179684017149,5927.958100769267,54,51.12941789269899,279.5543206587081,0.2777777777777778,45.25672427657682,9478.129504193888,14,14,12
B_E,8,10.0,10.266666666666666,600007,552c60b3f1626361d36c500e607ee81fbc50e65e1ce6a41ffb514323e5f9dd3c,90,26.021027265258514,231.06862075195625,0.2,20.096356422662293,4444.2054530517025,41,26.998139371330787,229.70127973612367,0.0,20.371632429850628,4599.627874266157,49,25.203443666300082,230.39829749211637,0.3673469387755102,19.866023437055723,4314.158121015119,9,9,12
B_N,8,10.0,10.266666666666666,600007,552c60b3f1626361d36c500e607ee81fbc50e65e1ce6a41ffb514323e5f9dd3c,90,26.021027265258514,231.06862075195625,0.2,20.096356422662293,4444.2054530517025,41,26.998139371330787,229.70127973612367,0.0,20.371632429850628,4599.627874266157,49,25.203443666300082,230.39829749211637,0.3673469387755102,19.866023437055723,4314.158121015119,9,9,12
B_E,8,10.0,10.266666666666666,600008,28203b1eda993fe65acc887bd1ba5e2818fd6d8a33bebdaf9c976a3f4b8c763b,99,50.45042712609131,298.1079260546982,0.10101010101010101,42.89665349583951,9309.233562088924,48,42.381327774372494,266.6789688951754,0.0,34.295288234690055,7676.265554874499,51,58.04487357476783,309.672247969831,0.19607843137254902,50.9920560945684,10846.1446277025,14,13,12
B_N,8,10.0,10.266666666666666,600008,28203b1eda993fe65acc887bd1ba5e2818fd6d8a33bebdaf9c976a3f4b8c763b,99,50.45042712609131,298.1079260546982,0.10101010101010101,42.89665349583951,9309.233562088924,48,42.381327774372494,266.6789688951754,0.0,34.295288234690055,7676.265554874499,51,58.04487357476783,309.672247969831,0.19607843137254902,50.9920560945684,10846.1446277025,14,13,12
B_E,8,10.0,10.266666666666666,600009,cd4e8a2c62e59f3971656faa1a07a17924e12cad8d0da30cbcd8ddb587dd195a,104,31.91508642731179,267.0495398932959,0.23076923076923078,25.799946093801665,5629.171131616205,44,35.2303210400225,267.0495398932959,0.0,28.373995623961243,6246.064208004501,60,29.483914377990608,259.6959434995508,0.4,23.912309771684644,5176.782875598121,12,10,12
B_N,8,10.0,10.266666666666666,600009,cd4e8a2c62e59f3971656faa1a07a17924e12cad8d0da30cbcd8ddb587dd195a,104,31.95488599866084,267.0495398932959,0.23076923076923078,25.799946093801665,5637.131045886014,44,35.350652895924355,267.0495398932959,0.0,28.373995623961243,6270.130579184872,60,29.464656940667588,259.6959434995508,0.4,23.912309771684644,5172.931388133517,12,10,12
B_E,8,11.0,8.7,600000,46bb965a8c57210936729340152c12b035d71bc5cf3c1ee8c885c091e27b6471,121,45.286604972310506,313.22666021550026,0.1652892561983471,38.9250084997808,8290.378845701767,56,52.86405242341625,316.7895637400303,0.0,46.29625743841877,9772.810484683248,65,38.758342552896295,301.6661502320596,0.3076923076923077,32.57439402956963,7013.206972117722,16,16,12
B_N,8,11.0,8.7,600000,46bb965a8c57210936729340152c12b035d71bc5cf3c1ee8c885c091e27b6471,121,45.311918117013796,313.22666021550026,0.1652892561983471,38.9250084997808,8295.441474642426,56,52.90642417417031,316.7895637400303,0.0,46.29625743841877,9781.284834834061,65,38.768959052386634,301.6661502320596,0.3076923076923077,32.57439402956963,7015.330272015788,16,16,12
B_E,8,11.0,8.7,600001,9c8a871e33e08d97d8a7b712561d5744ec9ef9eb0eda3f626a62b0d1975985f2,116,52.49596098733724,325.23979700311975,0.21551724137931033,46.19070379490755,9742.295645743312,60,63.0269363920373,331.8455441522015,0.0,55.88572628610964,11805.38727840746,56,41.212773053730025,314.04315569180125,0.44642857142857145,35.80317969719103,7531.840325031719,16,16,12
B_N,8,11.0,8.7,600001,9c8a871e33e08d97d8a7b712561d5744ec9ef9eb0eda3f626a62b0d1975985f2,116,52.49596098733724,325.23979700311975,0.21551724137931033,46.19070379490755,9742.295645743312,60,63.0269363920373,331.8455441522015,0.0,55.88572628610964,11805.38727840746,56,41.212773053730025,314.04315569180125,0.44642857142857145,35.80317969719103,7531.840325031719,16,16,12
B_E,8,11.0,8.7,600002,58d9ff4a305cb8797c3c3dd96429d3c79c01d510eae93b926b73dd0bbe99804c,108,26.59198693735334,269.79481997414223,0.2222222222222222,20.038178835942947,4562.8418319151115,47,31.996786142071176,279.58687453915786,0.0,24.876758661852442,5599.357228414235,61,22.427633451751067,79.31780071683774,0.39344262295081966,16.310092740570056,3764.215214940378,8,8,12
B_N,8,11.0,8.7,600002,58d9ff4a305cb8797c3c3dd96429d3c79c01d510eae93b926b73dd0bbe99804c,108,27.115946009949337,269.79481997414223,0.2222222222222222,20.732162615948187,4667.633646434312,47,32.65011121536262,279.58687453915786,0.0,25.664543177972597,5730.022243072524,61,22.851917081188287,79.31780071683774,0.39344262295081966,16.93180382225725,3849.071940827821,9,9,12
B_E,8,11.0,8.7,600003,06425f1172865391412d45bc1384fec723c6f09b4962f5c467a0ae5e56aa24f3,110,40.58275398819043,300.4601026358974,0.12727272727272726,33.75464920224238,7342.005343092631,54,37.72120915327015,309.73004226239175,0.0,30.53564009841675,6744.241830654033,56,43.34210079329211,284.2174282919277,0.25,36.8586936952171,7918.420158658422,13,13,12
B_N,8,11.0,8.7,600003,06425f1172865391412d45bc1384fec723c6f09b4962f5c467a0ae5e56aa24f3,110,40.60626340731331,300.4601026358974,0.12727272727272726,33.75464920224238,7346.707226917207,54,37.775316257297085,309.73004226239175,0.0,30.53564009841675,6755.063251459419,56,43.336105301971806,284.2174282919277,0.25,36.8586936952171,7917.22106039436,13,13,12
B_E,8,11.0,8.7,600004,425e9cf7f500a1be42f686d9e20e41aa396478ca85549491609c18c3d99bd7e8,132,101.61287692904135,364.40353511008766,0.1590909090909091,95.1171416498945,19554.39356762645,65,115.36353622208594,366.6965603510767,0.0,107.91475607228281,22272.707244417186,67,88.27268507758019,356.32303400492145,0.31343283582089554,82.70154556847302,16917.223582680213,36,36,12
B_N,8,11.0,8.7,600004,425e9cf7f500a1be42f686d9e20e41aa396478ca85549491609c18c3d99bd7e8,132,101.63961781559819,364.40353511008766,0.16666666666666666,95.17596405075815,19561.256896452975,65,115.42950160012691,366.6965603510767,0.0,107.961907934636,22285.900320025383,67,88.26137235299572,356.32303400492145,0.3283582089552239,82.77169013356323,16917.946112390186,36,36,12
B_E,8,11.0,8.7,600005,b59537f32c803f898bcc0c9633f544c711b207f6d0d9c1a9b2bbf6020ccb8c6d,120,70.605204873475,360.8742574519231,0.2,64.37483417210449,13361.040974694999,57,81.87200610394189,361.45476553727025,0.0,74.87057230214646,15574.40122078838,63,60.41143233162398,359.13835176853826,0.38095238095238093,54.878690149685546,11358.476942515274,22,22,12
B_N,8,11.0,8.7,600005,b59537f32c803f898bcc0c9633f544c711b207f6d0d9c1a9b2bbf6020ccb8c6d,120,71.13010239129152,360.8742574519231,0.19166666666666668,64.64339292316738,13464.353811591636,57,82.08996884091346,361.45476553727025,0.0,74.87514624880471,15617.993768182692,63,61.21403274639547,359.13835176853826,0.36507936507936506,55.38609229520981,11515.82242229497,22,22,12
B_E,8,11.0,8.7,600006,74e1023e9a14b5d81c093d28c2909423331029e4dd89dfbce461ea2b87568ecc,120,37.25423238386517,307.357135053307,0.16666666666666666,30.394326920226558,6682.690476650708,60,42.62463592751105,307.8292257609745,0.0,35.52214518995182,7724.927185502212,60,31.883828840219287,292.7094761912237,0.3333333333333333,25.266508650501297,5640.453767799205,12,12,12
B_N,8,11.0,8.7,600006,74e1023e9a14b5d81c093d28c2909423331029e4dd89dfbce461ea2b87568ecc,120,37.282605245695976,307.357135053307,0.16666666666666666,30.397693481285874,6689.854382472528,60,42.684600912829545,307.8292257609745,0.0,35.54256320789985,7736.920182565908,60,31.88060957856241,292.7094761912237,0.3333333333333333,25.252823754671894,5642.7885823791485,12,12,12
B_E,8,11.0,8.7,600007,45b5c31f69c917a208715e46fc22df879266f6e2f51f119c428537e065071a6a,100,21.42098493190899,91.4529993549156,0.22,15.187856028596215,3528.196986381798,47,24.864665323360565,198.80731070697914,0.0,17.935945985522654,4172.933064672115,53,18.36715515081042,57.664508799650136,0.41509433962264153,12.750870595095412,2956.4498980866124,8,8,12
B_N,8,11.0,8.7,600007,45b5c31f69c917a208715e46fc22df879266f6e2f51f119c428537e065071a6a,100,21.42098493190899,91.4529993549156,0.22,15.187856028596215,3528.196986381798,47,24.864665323360565,198.80731070697914,0.0,17.935945985522654,4172.933064672115,53,18.36715515081042,57.664508799650136,0.41509433962264153,12.750870595095412,2956.4498980866124,8,8,12
B_E,8,11.0,8.7,600008,2495f27e2d143cd00f79c7cc5cdbf5053fd7b76c80048419e71dca02706399ba,117,57.23896580427311,322.2275349185032,0.10256410256410256,49.83200247661916,10668.305981367439,54,67.08387402357953,336.1287305630724,0.0,59.48525713053581,12616.774804715906,63,48.80047304486757,315.8960030396469,0.19047619047619047,41.557784201833464,8998.189847068756,16,16,12
B_N,8,11.0,8.7,600008,2495f27e2d143cd00f79c7cc5cdbf5053fd7b76c80048419e71dca02706399ba,117,55.32141611887941,322.2275349185032,0.15384615384615385,48.27497652437309,10295.052454545112,54,65.00280313010641,336.1287305630724,0.0,57.215947992270365,12200.560626021283,63,47.023084394970525,315.8960030396469,0.2857142857142857,40.61128669474685,8661.759736136963,15,15,12
B_E,8,11.0,8.7,600009,50b3be3c087ad10c522d106af17274d53f19631bc00ee14d5403a368a5c825b9,116,44.329195339335726,308.475043995363,0.19827586206896552,38.001351515368725,8105.494240280938,51,45.70107316725226,308.5133705934986,0.0,38.543768420856125,8340.214633450452,65,43.25279888973967,303.0730184065721,0.35384615384615387,37.575762866447846,7921.329008717165,16,14,12
B_N,8,11.0,8.7,600009,50b3be3c087ad10c522d106af17274d53f19631bc00ee14d5403a368a5c825b9,116,46.968211555146745,308.475043995363,0.20689655172413793,40.80835467947791,8635.021621374175,51,49.230484931958145,308.5133705934986,0.0,42.07318018556201,9046.096986391629,65,45.19319705949472,303.0730184065721,0.36923076923076925,39.81595312855038,8312.485565745097,18,16,12
B_E,8,12.0,8.05,600000,0edb043a8a3a22f980a3b1f526a72c926092c37f4ad049a3e21c64301692e368,131,60.3236071900551,331.47091168872777,0.1603053435114503,53.79848563133252,11296.782506713307,61,56.77378802399531,321.2122656826289,0.0,50.12034172912404,10554.757604799062,70,63.41702103476434,331.5649741112496,0.3,57.00372531754277,11943.404206952868,22,22,12
B_N,8,12.0,8.05,600000,0edb043a8a3a22f980a3b1f526a72c926092c37f4ad049a3e21c64301692e368,131,60.3236071900551,331.47091168872777,0.1603053435114503,53.79848563133252,11296.782506713307,61,56.77378802399531,321.2122656826289,0.0,50.12034172912404,10554.757604799062,70,63.41702103476434,331.5649741112496,0.3,57.00372531754277,11943.404206952868,22,22,12
B_E,8,12.0,8.05,600001,48c5c12bf2b2eb03dec87a7dd3841291354365a6fb568832aa22e26d1d61d5b6,126,69.4639761043499,330.31381840442265,0.1666666666666666,62.834438426410046,13126.12855420331,66,86.50200441647415,341.4769744987676,0.0,79.1170486791599,16500.400883294828,60,50.72214496101319,317.13027766676123,0.35,44.92356714838522,9414.428992202638,24,24,12
B_N,8,12.0,8.05,600001,48c5c12bf2b2eb03dec87a7dd3841291354365a6fb568832aa22e26d1d61d5b6,126,69.4639761043499,330.31381840442265,0.1666666666666666,62.834438426410046,13126.12855420331,66,86.50200441647415,341.4769744987676,0.0,79.1170486791599,16500.400883294828,60,50.72214496101319,317.13027766676123,0.35,44.92356714838522,9414.428992202638,24,24,12
B_E,8,12.0,8.05,600002,b8d8a9b130cbb6fb5d7b83a5f7a75cc369bcb0b1ba1a89a7845519cd73e33fe7,118,41.73836249310549,288.95870308966266,0.1949152542372881,35.108754961933364,7586.655549468553,53,36.03614022244728,268.5096694509376,0.0,28.445732321750945,6407.228044489458,65,46.387866806103695,289.9149303438992,0.3538461538461538,40.54168111469749,8548.342591989967,15,15,12
B_N,8,12.0,8.05,600002,b8d8a9b130cbb6fb5d7b83a5f7a75cc369bcb0b1ba1a89a7845519cd73e33fe7,118,41.754342307369576,288.95870308966266,0.1949152542372881,35.108754961933364,7589.851512321373,53,36.09126821522944,268.5096694509376,0.0,28.445732321750945,6418.2536430458895,65,46.37192579788385,289.9149303438992,0.3538461538461538,40.54168111469749,8545.154390345999,15,15,12
B_E,8,12.0,8.05,600003,a371cd55f1ee3436d239ed6c13dcd846a38411f46b6959a7f46e343a77ac6b0f,121,55.981354289803626,314.5225871058283,0.1322314049586777,49.21920669518914,10422.71713895246,59,47.1336426822846,297.41904210627496,0.0,39.79672977218767,8626.728536456923,62,64.40095081953946,324.1791297671971,0.2580645161290322,58.18575731546474,12131.803067133698,20,19,12
B_N,8,12.0,8.05,600003,a371cd55f1ee3436d239ed6c13dcd846a38411f46b6959a7f46e343a77ac6b0f,121,55.981354289803626,314.5225871058283,0.1322314049586777,49.21920669518914,10422.71713895246,59,47.1336426822846,297.41904210627496,0.0,39.79672977218767,8626.728536456923,62,64.40095081953946,324.1791297671971,0.2580645161290322,58.18575731546474,12131.803067133698,20,19,12
B_E,8,12.0,8.05,600004,9c05620c1fcb90e49ad73136ec5188bd757bb9d6da0e86235bdcdfd26651b764,146,108.16073934131748,381.1367409979816,0.1643835616438356,101.6418034733146,20865.024580592257,72,121.25227359105826,377.6937435482564,0.0,114.01629585955632,23450.45471821165,74,95.42303034156966,382.7164768932845,0.3243243243243243,89.6017568272416,18349.4709331788,41,41,12
B_N,8,12.0,8.05,600004,9c05620c1fcb90e49ad73136ec5188bd757bb9d6da0e86235bdcdfd26651b764,146,108.30406697844076,381.1367409979816,0.1643835616438356,101.6418034733146,20893.69010801692,72,121.4711466134165,377.6937435482564,0.0,114.01629585955632,23494.2293226833,74,95.49285436062652,382.7164768932845,0.3243243243243243,89.6017568272416,18363.435736990166,41,41,12
B_E,8,12.0,8.05,600005,ded60ca3a24eb366e92e7be06862cc75596d07bbf45cd76cbb22e0602e214351,131,79.67336738213181,365.75694178648666,0.2061068702290076,73.43632948872899,15175.894850472168,63,97.78386139026236,368.0135118509785,0.0,90.76274075071602,18756.772278052467,68,62.89452734518735,360.8149086624384,0.3970588235294117,57.38391905482925,11858.317233743355,26,26,12
B_N,8,12.0,8.05,600005,ded60ca3a24eb366e92e7be06862cc75596d07bbf45cd76cbb22e0602e214351,131,79.67336738213181,365.75694178648666,0.2061068702290076,73.43632948872899,15175.894850472168,63,97.78386139026236,368.0135118509785,0.0,90.76274075071602,18756.772278052467,68,62.89452734518735,360.8149086624384,0.3970588235294117,57.38391905482925,11858.317233743355,26,26,12
B_E,8,12.0,8.05,600006,9ccac97f10f9ca5de491a302c364b4e5e3471b8a9b23f8189fe01fea46df1c79,136,55.96649190557593,321.842323701443,0.1691176470588235,49.412620399541886,10427.121910526954,65,51.23432603178569,310.74583063952446,0.0,43.94308675348898,9446.86520635714,71,60.29875643791911,323.824846489544,0.323943661971831,54.419939934660746,11324.540019978189,21,21,12
B_N,8,12.0,8.05,600006,9ccac97f10f9ca5de491a302c364b4e5e3471b8a9b23f8189fe01fea46df1c79,136,55.97528268216632,321.842323701443,0.1691176470588235,49.412620399541886,10428.88006584503,65,51.2792765489773,310.74583063952446,0.0,43.94308675348898,9455.85530979546,71,60.27444322663513,323.824846489544,0.323943661971831,54.419939934660746,11319.677377721397,21,21,12
B_E,8,12.0,8.05,600007,a2cc027440c39a796cae533a17cbcfefb44ad99dd4fa0f66d549c34be7be2934,110,38.06871489728863,268.9514276163523,0.2272727272727272,32.125854809597975,6859.19752491227,52,42.61397760821065,269.55501728231866,0.0,35.68863497083112,7722.79552164213,58,33.99365177715164,261.36105237078806,0.4310344827586206,28.931638113319988,6084.937251982053,14,14,12
B_N,8,12.0,8.05,600007,a2cc027440c39a796cae533a17cbcfefb44ad99dd4fa0f66d549c34be7be2934,110,38.06871489728863,268.9514276163523,0.2272727272727272,32.125854809597975,6859.19752491227,52,42.61397760821065,269.55501728231866,0.0,35.68863497083112,7722.79552164213,58,33.99365177715164,261.36105237078806,0.4310344827586206,28.931638113319988,6084.937251982053,14,14,12
B_E,8,12.0,8.05,600008,864a626800460f0c04c5818880007760dc30e567316fea5773a4f97cf95413f9,129,72.81170641820887,353.4516820720306,0.1162790697674418,65.95660197415295,13785.597097595268,59,76.54609781576025,353.8047569048842,0.0,69.33910401104072,14509.219563152046,70,69.66414795455846,353.23010698315886,0.2142857142857142,63.10563597163325,13175.686733768833,22,22,12
B_N,8,12.0,8.05,600008,864a626800460f0c04c5818880007760dc30e567316fea5773a4f97cf95413f9,129,72.5670221101639,353.4516820720306,0.1162790697674418,65.75949746642007,13736.66023598627,59,76.47068899601295,353.8047569048842,0.0,69.22559568836165,14494.137799202588,70,69.27678859209115,353.23010698315886,0.2142857142857142,62.83807182221218,13098.21486127537,22,22,12
B_E,8,12.0,8.05,600009,01d6af0906bd07ad485bcdb38d5de135d1c671920d20e34a6891c6ba1aa5d02b,123,59.14303011212782,316.2921974419339,0.1869918699186991,52.904803583340254,11066.004396409304,55,64.51112562149116,329.47309186331444,0.0,57.25020619725758,12102.225124298231,68,54.80118815602511,313.7569429651903,0.3382352941176471,49.390139704436535,10227.88469002855,21,20,12
B_N,8,12.0,8.05,600009,01d6af0906bd07ad485bcdb38d5de135d1c671920d20e34a6891c6ba1aa5d02b,123,59.14303011212782,316.2921974419339,0.1869918699186991,52.904803583340254,11066.004396409304,55,64.51112562149116,329.47309186331444,0.0,57.25020619725758,12102.225124298231,68,54.80118815602511,313.7569429651903,0.3382352941176471,49.390139704436535,10227.88469002855,21,20,12
B_E,9,0.5,17.75,600000,ce6694e6c9efbeb4eab3af32b26f31061eaa163b50ddac724debb6216b30db69,8,5.5928473376379735,9.257449291954908,0.375,0.0,393.5694675275947,0,,,,,,8,5.5928473376379735,9.257449291954908,0.375,0.0,393.5694675275947,1,0,12
B_N,9,0.5,17.75,600000,ce6694e6c9efbeb4eab3af32b26f31061eaa163b50ddac724debb6216b30db69,8,5.5928473376379735,9.257449291954908,0.375,0.0,393.5694675275947,0,,,,,,8,5.5928473376379735,9.257449291954908,0.375,0.0,393.5694675275947,1,0,12
B_E,9,0.5,17.75,600001,86839fed7d1a1e0b9d6ff7c0a22b97edeca2857d0d1a4f699cae81c35340d955,5,3.843274042711568,6.373096170846271,0.8,0.0,128.65480854231356,1,7.216370213557839,7.216370213557839,0.0,0.0,643.2740427115679,4,3.0,3.0,1.0,0.0,0.0,1,0,12
B_N,9,0.5,17.75,600001,86839fed7d1a1e0b9d6ff7c0a22b97edeca2857d0d1a4f699cae81c35340d955,5,3.843274042711568,6.373096170846271,0.8,0.0,128.65480854231356,1,7.216370213557839,7.216370213557839,0.0,0.0,643.2740427115679,4,3.0,3.0,1.0,0.0,0.0,1,0,12
B_E,9,0.5,17.75,600002,01bb2a6b9060e124dca102e66dc2c62cd19cab55b0de66e2932178d9d7d53160,0,,,,,,0,,,,,,0,,,,,,0,0,12
B_N,9,0.5,17.75,600002,01bb2a6b9060e124dca102e66dc2c62cd19cab55b0de66e2932178d9d7d53160,0,,,,,,0,,,,,,0,,,,,,0,0,12
B_E,9,0.5,17.75,600003,7f004e60f20f07d97c8ad713019af0750940dac735f18ba2a79bd18b18b33fd9,10,10.038003153821922,22.750225071803506,0.1,1.9231251582947155,1227.6006307643845,0,,,,,,10,10.038003153821922,22.750225071803506,0.1,1.9231251582947155,1227.6006307643845,2,2,12
B_N,9,0.5,17.75,600003,7f004e60f20f07d97c8ad713019af0750940dac735f18ba2a79bd18b18b33fd9,10,10.038003153821922,22.750225071803506,0.1,1.9231251582947155,1227.6006307643845,0,,,,,,10,10.038003153821922,22.750225071803506,0.1,1.9231251582947155,1227.6006307643845,2,2,12
B_E,9,0.5,17.75,600004,e399e912ec6288f89226a6b4f4191438b08d9f4ddf562d6e53642f2c410cd7ff,3,7.413380709244777,7.748298551912571,0.0,0.0,682.6761418489554,1,7.216370213557839,7.216370213557839,0.0,0.0,643.2740427115679,2,7.511885957088246,7.777850126265612,0.0,0.0,702.3771914176491,1,0,12
B_N,9,0.5,17.75,600004,e399e912ec6288f89226a6b4f4191438b08d9f4ddf562d6e53642f2c410cd7ff,3,7.413380709244777,7.748298551912571,0.0,0.0,682.6761418489554,1,7.216370213557839,7.216370213557839,0.0,0.0,643.2740427115679,2,7.511885957088246,7.777850126265612,0.0,0.0,702.3771914176491,1,0,12
B_E,9,0.5,17.75,600005,76342505379d65b2787a18444d9ccd272067c135a953fa1fb452654170b4a54e,10,11.618610669269652,20.88111264539422,0.0,3.487696686912386,1523.72213385393,4,10.10133931206006,15.666073413166538,0.0,2.856861602473145,1220.2678624120122,6,12.630124907409376,21.1782406401948,0.0,3.90825340987188,1726.024981481875,3,3,12
B_N,9,0.5,17.75,600005,76342505379d65b2787a18444d9ccd272067c135a953fa1fb452654170b4a54e,10,11.618610669269652,20.88111264539422,0.0,3.487696686912386,1523.72213385393,4,10.10133931206006,15.666073413166538,0.0,2.856861602473145,1220.2678624120122,6,12.630124907409376,21.1782406401948,0.0,3.90825340987188,1726.024981481875,3,3,12
B_E,9,0.5,17.75,600006,0d94b900dd8b9a93e6211aade12d4f8c04c0e48a442be3cd5ecacc5499200602,4,5.255942978544123,7.71874697755953,0.5,0.0,351.1885957088245,1,7.216370213557839,7.216370213557839,0.0,0.0,643.2740427115679,3,4.60246723353955,7.326661530556787,0.6666666666666666,0.0,253.8267800412435,1,0,12
B_N,9,0.5,17.75,600006,0d94b900dd8b9a93e6211aade12d4f8c04c0e48a442be3cd5ecacc5499200602,4,5.255942978544123,7.71874697755953,0.5,0.0,351.1885957088245,1,7.216370213557839,7.216370213557839,0.0,0.0,643.2740427115679,3,4.60246723353955,7.326661530556787,0.6666666666666666,0.0,253.8267800412435,1,0,12
B_E,9,0.5,17.75,600007,affe10e3aeefa29366a4556e87e016fb407b3d34bff48211038c4a5e220013ab,2,3.942809041582064,4.791337179005921,0.5,0.0,88.56180831641271,0,,,,,,2,3.942809041582064,4.791337179005921,0.5,0.0,88.56180831641271,1,0,12
B_N,9,0.5,17.75,600007,affe10e3aeefa29366a4556e87e016fb407b3d34bff48211038c4a5e220013ab,2,3.942809041582064,4.791337179005921,0.5,0.0,88.56180831641271,0,,,,,,2,3.942809041582064,4.791337179005921,0.5,0.0,88.56180831641271,1,0,12
B_E,9,0.5,17.75,600008,168d5c9aa1d4088b6ad73cadc17d93e8c168ae9159524c48dd65adb83a873e0f,2,5.10818510677892,7.005551702879947,0.5,0.0,321.637021355784,1,7.216370213557839,7.216370213557839,0.0,0.0,643.2740427115679,1,3.0,3.0,1.0,0.0,0.0,1,0,12
B_N,9,0.5,17.75,600008,168d5c9aa1d4088b6ad73cadc17d93e8c168ae9159524c48dd65adb83a873e0f,2,5.10818510677892,7.005551702879947,0.5,0.0,321.637021355784,1,7.216370213557839,7.216370213557839,0.0,0.0,643.2740427115679,1,3.0,3.0,1.0,0.0,0.0,1,0,12
B_E,9,0.5,17.75,600009,b81854d2598655eb778e4da6b17af39e5db3435b3ba42747e0ac33af7b6eb944,4,4.525497074180492,6.866757393998782,0.5,0.0,205.09941483609836,1,7.216370213557839,7.216370213557839,0.0,0.0,643.2740427115679,3,3.628539361054709,4.697056274847714,0.6666666666666666,0.0,59.04120554427514,1,0,12
B_N,9,0.5,17.75,600009,b81854d2598655eb778e4da6b17af39e5db3435b3ba42747e0ac33af7b6eb944,4,4.525497074180492,6.866757393998782,0.5,0.0,205.09941483609836,1,7.216370213557839,7.216370213557839,0.0,0.0,643.2740427115679,3,3.628539361054709,4.697056274847714,0.6666666666666666,0.0,59.04120554427514,1,0,12
B_E,9,1.0,17.5,600000,93d82276cbb1c4f82a60d0a742f87b97b03004d9ca449a5dce369dbed48f8f21,14,6.211414408476855,10.208757402674276,0.3571428571428571,0.1324930096930724,513.7114531239423,2,7.942747768394579,9.707939186949952,0.0,0.0526894409995293,788.5495536789158,12,5.922858848490566,10.165237803573849,0.4166666666666667,0.1457936044753296,467.9051030314466,1,0,12
B_N,9,1.0,17.5,600000,93d82276cbb1c4f82a60d0a742f87b97b03004d9ca449a5dce369dbed48f8f21,14,6.211414408476855,10.208757402674276,0.3571428571428571,0.1324930096930724,513.7114531239423,2,7.942747768394579,9.707939186949952,0.0,0.0526894409995293,788.5495536789158,12,5.922858848490566,10.165237803573849,0.4166666666666667,0.1457936044753296,467.9051030314466,1,0,12
B_E,9,1.0,17.5,600001,7fab44502527cc55a53670d41c0e5979daeaa5c4a0eb54893792c5c5dae6efda,8,4.508104529590176,6.784139028312497,0.5,0.0,201.6209059180352,3,6.3930727178524265,7.092875589202027,0.0,0.0,478.6145435704853,5,3.377123616632825,4.508494466531301,0.8,0.0,35.424723326565086,1,0,12
B_N,9,1.0,17.5,600001,7fab44502527cc55a53670d41c0e5979daeaa5c4a0eb54893792c5c5dae6efda,8,4.508104529590176,6.784139028312497,0.5,0.0,201.6209059180352,3,6.3930727178524265,7.092875589202027,0.0,0.0,478.6145435704853,5,3.377123616632825,4.508494466531301,0.8,0.0,35.424723326565086,1,0,12
B_E,9,1.0,17.5,600002,5fec6754f8393bcd745a75f8a077fcb9908fc7b49053948570336e4b0dd051d5,6,4.818231666223436,7.659643828853449,0.5,0.0,263.64633324468724,0,,,,,,6,4.818231666223436,7.659643828853449,0.5,0.0,263.64633324468724,1,0,12
B_N,9,1.0,17.5,600002,5fec6754f8393bcd745a75f8a077fcb9908fc7b49053948570336e4b0dd051d5,6,4.818231666223436,7.659643828853449,0.5,0.0,263.64633324468724,0,,,,,,6,4.818231666223436,7.659643828853449,0.5,0.0,263.64633324468724,1,0,12
B_E,9,1.0,17.5,600003,19749c3f3bda884f48c906d61127bdd5c540a391670225ac2ae94d591ed976f1,13,9.194117215016558,20.78580024800853,0.2307692307692307,3.235868777569872,1084.9772891571577,1,7.216370213557839,7.216370213557839,0.0,0.0,643.2740427115679,12,9.358929465138118,21.28706165668517,0.25,3.5055245090340272,1121.7858930276234,3,1,12
B_N,9,1.0,17.5,600003,19749c3f3bda884f48c906d61127bdd5c540a391670225ac2ae94d591ed976f1,13,9.194117215016558,20.78580024800853,0.2307692307692307,3.235868777569872,1084.9772891571577,1,7.216370213557839,7.216370213557839,0.0,0.0,643.2740427115679,12,9.358929465138118,21.28706165668517,0.25,3.5055245090340272,1121.7858930276234,3,1,12
B_E,9,1.0,17.5,600004,8e49e24d9b604d85362c8eb16317af1eceb690625556242957138837c6f5b513,6,6.934109724731397,8.324956050772323,0.0,0.0,586.8219449462796,2,6.598897091778779,7.154622901379933,0.0,0.0,519.779418355756,4,7.101716041207707,8.39396329745948,0.0,0.0,620.3432082415416,1,0,12
B_N,9,1.0,17.5,600004,8e49e24d9b604d85362c8eb16317af1eceb690625556242957138837c6f5b513,6,6.934109724731397,8.324956050772323,0.0,0.0,586.8219449462796,2,6.598897091778779,7.154622901379933,0.0,0.0,519.779418355756,4,7.101716041207707,8.39396329745948,0.0,0.0,620.3432082415416,1,0,12
B_E,9,1.0,17.5,600005,0b103575f38d94ef023a862d485e60a1e77e193bbb552433790950deff0ad6a9,16,11.84889854192986,20.43542065319336,0.0625,2.9905732228380657,1582.2797083859718,7,11.498493427222703,15.335627843339967,0.0,2.0894356912353294,1499.6986854445406,9,12.12143585336876,20.95539464409437,0.1111111111111111,3.691457969640194,1646.509392895974,4,0,12
B_N,9,1.0,17.5,600005,0b103575f38d94ef023a862d485e60a1e77e193bbb552433790950deff0ad6a9,16,11.84889854192986,20.43542065319336,0.0625,2.9905732228380657,1582.2797083859718,7,11.498493427222703,15.335627843339967,0.0,2.0894356912353294,1499.6986854445406,9,12.12143585336876,20.95539464409437,0.1111111111111111,3.691457969640194,1646.509392895974,4,0,12
B_E,9,1.0,17.5,600006,deabd0d00123db5ff43c662074682b29abbba7df62be64af7dd861b737b299d2,8,4.890720026362308,7.600540680147367,0.5,0.0,278.14400527246147,2,7.216370213557839,7.216370213557839,0.0,0.0,643.2740427115679,6,4.11550329729713,7.076955796255021,0.6666666666666666,0.0,156.4339927927593,1,0,12
B_N,9,1.0,17.5,600006,deabd0d00123db5ff43c662074682b29abbba7df62be64af7dd861b737b299d2,8,4.890720026362308,7.600540680147367,0.5,0.0,278.14400527246147,2,7.216370213557839,7.216370213557839,0.0,0.0,643.2740427115679,6,4.11550329729713,7.076955796255021,0.6666666666666666,0.0,156.4339927927593,1,0,12
B_E,9,1.0,17.5,600007,7e941b34b74e4ebd7d9c0ad4994a95ea56454ce155afc5b61602fb3b3e02065a,3,4.622347351054615,5.871843381316161,0.3333333333333333,0.0,191.1361368775898,1,5.98142396999972,5.98142396999972,0.0,0.0,396.284793999944,2,3.942809041582064,4.791337179005921,0.5,0.0,88.56180831641271,1,0,12
B_N,9,1.0,17.5,600007,7e941b34b74e4ebd7d9c0ad4994a95ea56454ce155afc5b61602fb3b3e02065a,3,4.622347351054615,5.871843381316161,0.3333333333333333,0.0,191.1361368775898,1,5.98142396999972,5.98142396999972,0.0,0.0,396.284793999944,2,3.942809041582064,4.791337179005921,0.5,0.0,88.56180831641271,1,0,12
B_E,9,1.0,17.5,600008,2c476bbbc0bd8e733bf09f7dc3f8f6dfca5135ef5a1b0d014fae8bda6bb71d88,3,4.405456737852613,6.794733192202055,0.6666666666666666,0.0,214.42468090385597,1,7.216370213557839,7.216370213557839,0.0,0.0,643.2740427115679,2,3.0,3.0,1.0,0.0,0.0,1,0,12
B_N,9,1.0,17.5,600008,2c476bbbc0bd8e733bf09f7dc3f8f6dfca5135ef5a1b0d014fae8bda6bb71d88,3,4.405456737852613,6.794733192202055,0.6666666666666666,0.0,214.42468090385597,1,7.216370213557839,7.216370213557839,0.0,0.0,643.2740427115679,2,3.0,3.0,1.0,0.0,0.0,1,0,12
B_E,9,1.0,17.5,600009,cc85dc74a741fbdccb1a5fcc5d280d45a453a5e49ed7202dd687757f3b3b190e,7,5.160822887271209,7.630092254500408,0.4285714285714285,0.0,317.8788631685274,2,7.216370213557839,7.216370213557839,0.0,0.0,643.2740427115679,5,4.338603956756556,7.223044977127746,0.6,0.0,187.7207913513112,1,0,12
B_N,9,1.0,17.5,600009,cc85dc74a741fbdccb1a5fcc5d280d45a453a5e49ed7202dd687757f3b3b190e,7,4.297630323817384,6.845886340490402,0.5714285714285714,0.0,173.81177904919105,2,6.598897091778779,7.154622901379933,0.0,0.0,519.779418355756,5,3.377123616632825,4.508494466531301,0.8,0.0,35.424723326565086,1,0,12
B_E,9,2.0,17.0,600000,fc2746c17a0d2c8d56242d20deb2332cc6e39ab3212e5b1fc0162e290a013cc0,22,7.764441458900729,16.016123325021727,0.2272727272727272,1.0384050356558212,798.3428372346913,5,8.09651967788476,14.44180680153988,0.0,1.0038807052362244,819.3039355769521,17,7.666771394493661,15.841927799645475,0.2941176470588235,1.0485592504851144,792.1778083104969,2,0,12
B_N,9,2.0,17.0,600000,fc2746c17a0d2c8d56242d20deb2332cc6e39ab3212e5b1fc0162e290a013cc0,22,7.928616735461006,16.518831166930934,0.2272727272727272,1.0384050356558212,831.1778925467465,5,8.09651967788476,14.44180680153988,0.0,1.0038807052362244,819.3039355769521,17,7.879233517101078,16.56429901651069,0.2941176470588235,1.0485592504851144,834.6702328319801,2,0,12
B_E,9,2.0,17.0,600001,a5322aa2f72c762575afc9a6717787e8406634a6b899d4e07d2a43a85584e8ea,19,6.1905520870727,9.97257331463572,0.2631578947368421,0.0,490.74199636190815,7,7.304411647702353,10.241160352338008,0.0,0.0,660.8823295404707,12,5.540800676705401,9.083022500275288,0.4166666666666667,0.0,391.4934686744134,1,0,12
B_N,9,2.0,17.0,600001,a5322aa2f72c762575afc9a6717787e8406634a6b899d4e07d2a43a85584e8ea,19,6.584300449471942,11.5374989832438,0.2105263157894736,0.0,558.9653530522831,7,7.9217157576574895,11.5374989832438,0.0,0.0,784.343151531498,12,5.804141519697037,8.497474167490214,0.3333333333333333,0.0,427.4949706060742,1,0,12
B_E,9,2.0,17.0,600002,b0fefe34f1c311645f984ee2e85b82d0cd2bf39443631fab30d400da21010aae,19,6.125972536966069,8.297342849127512,0.2105263157894736,0.0,467.2997705511085,3,8.634869123088306,12.157768888492406,0.0,0.0,926.9738246176612,16,5.655554427068149,7.8074017006186525,0.25,0.0,381.1108854136298,1,0,12
B_N,9,2.0,17.0,600002,b0fefe34f1c311645f984ee2e85b82d0cd2bf39443631fab30d400da21010aae,19,6.125972536966069,8.297342849127512,0.2105263157894736,0.0,467.2997705511085,3,8.634869123088306,12.157768888492406,0.0,0.0,926.9738246176612,16,5.655554427068149,7.8074017006186525,0.25,0.0,381.1108854136298,1,0,12
B_E,9,2.0,17.0,600003,541deb3eef363663ce125f979c013d5fc5cdbca36a86be59f3c6a224c4401d01,19,9.80495739938316,17.77823179594874,0.1578947368421052,2.445204088803285,1192.5704272450537,3,8.245097722267118,11.105386106275205,0.0,0.0,849.0195444534238,16,10.097431088842418,19.282016021978656,0.1875,2.903679855453902,1256.9862177684838,3,0,12
B_N,9,2.0,17.0,600003,541deb3eef363663ce125f979c013d5fc5cdbca36a86be59f3c6a224c4401d01,19,9.80495739938316,17.77823179594874,0.1578947368421052,2.445204088803285,1192.5704272450537,3,8.245097722267118,11.105386106275205,0.0,0.0,849.0195444534238,16,10.097431088842418,19.282016021978656,0.1875,2.903679855453902,1256.9862177684838,3,0,12
B_E,9,2.0,17.0,600004,0ab8816380e59427b88a9659625b2a1262e81868ad2288c7efdd08976ceffac9,22,6.960632215287915,12.668686121921947,0.1818181818181818,0.0,628.4900794212194,7,8.255805529789935,12.706813185707356,0.0,0.0,851.1611059579872,15,6.356218001853639,10.442366452353012,0.2666666666666666,0.0,524.5769337040612,1,0,12
B_N,9,2.0,17.0,600004,0ab8816380e59427b88a9659625b2a1262e81868ad2288c7efdd08976ceffac9,22,6.960632215287915,12.668686121921947,0.1818181818181818,0.0,628.4900794212194,7,8.255805529789935,12.706813185707356,0.0,0.0,851.1611059579872,15,6.356218001853639,10.442366452353012,0.2666666666666666,0.0,524.5769337040612,1,0,12
B_E,9,2.0,17.0,600005,178d92d806041b2da585112a629672e2c0fc9707f7cba7e46b09c68560959928,24,8.44127446581127,13.70125870745714,0.125,0.5919023409963605,913.254893162254,9,7.75038740539211,12.706813185707356,0.0,0.0,750.077481078422,15,8.85580670206277,15.534543621623882,0.2,0.9470437455941768,1011.1613404125536,2,0,12
B_N,9,2.0,17.0,600005,178d92d806041b2da585112a629672e2c0fc9707f7cba7e46b09c68560959928,24,8.44127446581127,13.70125870745714,0.125,0.5919023409963605,913.254893162254,9,7.75038740539211,12.706813185707356,0.0,0.0,750.077481078422,15,8.85580670206277,15.534543621623882,0.2,0.9470437455941768,1011.1613404125536,2,0,12
B_E,9,2.0,17.0,600006,a4d1e5c3527267e9c7a4acf8bf6ad7f17fcb7123ab48bdffbb351b2be2f3a4ac,21,6.462372807517973,9.79869268479038,0.1904761904761904,0.0,530.5697995988327,7,7.673314857878431,11.015857093707773,0.0,0.0,734.6629715756861,14,5.856901782337743,8.497474167490214,0.2857142857142857,0.0,428.5232136104056,1,0,12
B_N,9,2.0,17.0,600006,a4d1e5c3527267e9c7a4acf8bf6ad7f17fcb7123ab48bdffbb351b2be2f3a4ac,21,6.462372807517973,9.79869268479038,0.1904761904761904,0.0,530.5697995988327,7,7.673314857878431,11.015857093707773,0.0,0.0,734.6629715756861,14,5.856901782337743,8.497474167490214,0.2857142857142857,0.0,428.5232136104056,1,0,12
B_E,9,2.0,17.0,600007,8dcdde2d7d0a2fb1092f0efb3bcf26c475a0b760a661aa466a0770d26f988dc6,9,5.0347468859194,7.077010608371079,0.2222222222222222,0.0,251.39382162832447,2,5.98142396999972,5.98142396999972,0.0,0.0,396.284793999944,7,4.764267719039308,6.930866615382293,0.2857142857142857,0.0,209.99640095071885,1,0,12
B_N,9,2.0,17.0,600007,8dcdde2d7d0a2fb1092f0efb3bcf26c475a0b760a661aa466a0770d26f988dc6,9,5.0347468859194,7.077010608371079,0.2222222222222222,0.0,251.39382162832447,2,5.98142396999972,5.98142396999972,0.0,0.0,396.284793999944,7,4.764267719039308,6.930866615382293,0.2857142857142857,0.0,209.99640095071885,1,0,12
B_E,9,2.0,17.0,600008,95232f619d6dff4e8e34affb04be900cdbade0f562f4be94b16bb1b196c48020,13,5.514466970393083,8.083430687367276,0.3076923076923077,0.0,364.4318556170781,4,6.598897091778779,7.216370213557839,0.0,0.0,519.779418355756,9,5.032498027554997,8.22144518074159,0.4444444444444444,0.0,295.38849439988803,1,0,12
B_N,9,2.0,17.0,600008,95232f619d6dff4e8e34affb04be900cdbade0f562f4be94b16bb1b196c48020,13,5.514466970393083,8.083430687367276,0.3076923076923077,0.0,364.4318556170781,4,6.598897091778779,7.216370213557839,0.0,0.0,519.779418355756,9,5.032498027554997,8.22144518074159,0.4444444444444444,0.0,295.38849439988803,1,0,12
B_E,9,2.0,17.0,600009,22f55409378a5c9e1d1ac49e3e34c5f3c233661269f194cecef55176d7f619bd,19,5.630323823160549,9.97257331463572,0.3684210526315789,0.0,399.7489751584256,6,7.3190852200597725,10.457216790822308,0.0,0.0,663.8170440119544,13,4.850895486130138,9.79869268479038,0.5384615384615384,0.0,277.8714049183353,1,0,12
B_N,9,2.0,17.0,600009,22f55409378a5c9e1d1ac49e3e34c5f3c233661269f194cecef55176d7f619bd,19,5.630323823160549,9.97257331463572,0.3684210526315789,0.0,399.7489751584256,6,7.3190852200597725,10.457216790822308,0.0,0.0,663.8170440119544,13,4.850895486130138,9.79869268479038,0.5384615384615384,0.0,277.8714049183353,1,0,12
B_E,9,4.0,16.0,600000,ef6850371cfd62001cf94aea425945f9027602bdffb5189fedf4e7217e0b4a1f,40,8.439292849085167,21.75376973989355,0.275,1.6308807930536204,942.8585698170332,8,11.452443301520306,19.936505708195178,0.0,3.458677713552788,1490.4886603040609,32,7.68600523597638,18.450776641533103,0.34375,1.1739315629288285,805.951047195276,3,0,12
B_N,9,4.0,16.0,600000,ef6850371cfd62001cf94aea425945f9027602bdffb5189fedf4e7217e0b4a1f,40,8.439292849085167,24.3095201689696,0.275,1.6308807930536204,942.8585698170332,8,11.452443301520306,21.82678403379121,0.0,3.458677713552788,1490.4886603040609,32,7.68600523597638,18.450776641533103,0.34375,1.1739315629288285,805.951047195276,3,0,12
B_E,9,4.0,16.0,600001,26ef64ee9376b33e440e334c7884432f37e16ed2457783270bae9aeae1388631,32,5.664861299180949,9.338978075155362,0.34375,0.0,401.72225983618966,9,7.003121936980151,10.510635996847547,0.0,0.0,600.6243873960301,23,5.141194093085609,8.916310562748517,0.4782608695652174,0.0,323.89099253016514,1,0,12
B_N,9,4.0,16.0,600001,26ef64ee9376b33e440e334c7884432f37e16ed2457783270bae9aeae1388631,32,5.664861299180949,9.338978075155362,0.34375,0.0,401.72225983618966,9,7.003121936980151,10.510635996847547,0.0,0.0,600.6243873960301,23,5.141194093085609,8.916310562748517,0.4782608695652174,0.0,323.89099253016514,1,0,12
B_E,9,4.0,16.0,600002,ffc049c6b7b6532c9acdd22e9ae85eb7b2585aade2d26017e236e7f5ea31a6e9,39,6.84289207896946,11.560147702974849,0.2307692307692307,0.4035022218589662,614.7322619477382,10,7.273087889912361,11.910724721576203,0.0,0.3721357496302516,654.6175779824719,29,6.694548695885703,10.931732153407808,0.3103448275862069,0.4143182467654195,600.9787046943818,2,0,12
B_N,9,4.0,16.0,600002,ffc049c6b7b6532c9acdd22e9ae85eb7b2585aade2d26017e236e7f5ea31a6e9,39,6.84289207896946,11.560147702974849,0.2307692307692307,0.4035022218589662,614.7322619477382,10,7.273087889912361,11.910724721576203,0.0,0.3721357496302516,654.6175779824719,29,6.694548695885703,10.931732153407808,0.3103448275862069,0.4143182467654195,600.9787046943818,2,0,12
B_E,9,4.0,16.0,600003,4eacd8353290631fc3cc7a7ba27f3af3a050b8d9c0ae7e494a23796cf760a1fa,38,8.545345130468922,17.74422104691391,0.1842105263157894,1.9712448971245309,945.9111313569427,7,9.825917553000004,19.4396088590831,0.0,2.7699068050767117,1165.183510600001,31,8.256183615703842,16.519804342578176,0.2258064516129032,1.7909018856514576,896.3980134633489,4,0,12
B_N,9,4.0,16.0,600003,4eacd8353290631fc3cc7a7ba27f3af3a050b8d9c0ae7e494a23796cf760a1fa,38,8.651812075817162,17.74422104691391,0.1842105263157894,1.9712448971245309,967.2045204265904,7,9.825917553000004,19.4396088590831,0.0,2.7699068050767117,1165.183510600001,31,8.38669148419523,16.519804342578176,0.2258064516129032,1.7909018856514576,922.4995871616268,4,0,12
B_E,9,4.0,16.0,600004,8b78fbe6523ff37057eefc5db98a480be7a1f67d70a7a48201b985ae481c5ad3,44,7.845285975886336,13.1523487590164,0.2727272727272727,1.1233515823744462,823.6026497227219,10,7.885581564277949,11.5374989832438,0.0,0.2989640942061669,777.1163128555901,34,7.833434332241744,18.22275587274525,0.3529411764705882,1.3658184906592343,837.2751017424667,2,0,12
B_N,9,4.0,16.0,600004,8b78fbe6523ff37057eefc5db98a480be7a1f67d70a7a48201b985ae481c5ad3,44,7.845285975886336,13.1523487590164,0.2727272727272727,1.1233515823744462,823.6026497227219,10,7.885581564277949,11.5374989832438,0.0,0.2989640942061669,777.1163128555901,34,7.833434332241744,18.22275587274525,0.3529411764705882,1.3658184906592343,837.2751017424667,2,0,12
B_E,9,4.0,16.0,600005,6d7a5878fce9ff7eea6d430432c1c6ec0c53f9b8124ba17a2a6a730dec9481da,37,8.061905973090877,13.158987921826204,0.1351351351351351,0.4021996465673657,839.4082216452024,15,8.729069674339572,12.706813185707356,0.0,0.0,945.8139348679142,22,7.6070216313304035,13.176327099354914,0.2272727272727272,0.6764266783178424,766.8588717206262,2,0,12
B_N,9,4.0,16.0,600005,6d7a5878fce9ff7eea6d430432c1c6ec0c53f9b8124ba17a2a6a730dec9481da,37,8.061905973090877,13.158987921826204,0.1351351351351351,0.4021996465673657,839.4082216452024,15,8.729069674339572,12.706813185707356,0.0,0.0,945.8139348679142,22,7.6070216313304035,13.176327099354914,0.2272727272727272,0.6764266783178424,766.8588717206262,2,0,12
B_E,9,4.0,16.0,600006,04397a9d556547692dc988585541a742da50570617e66ff95d99c1d0ede7be89,36,6.9883944144860735,12.706813185707356,0.1944444444444444,0.1995499447408898,636.5677717861035,12,8.324415388405155,12.706813185707356,0.0,0.2406262012827937,864.883077681031,24,6.3203839275265326,9.79869268479038,0.2916666666666667,0.1790118164699379,522.4101188386397,1,0,12
B_N,9,4.0,16.0,600006,04397a9d556547692dc988585541a742da50570617e66ff95d99c1d0ede7be89,36,6.9883944144860735,12.706813185707356,0.1944444444444444,0.1995499447408898,636.5677717861035,12,8.324415388405155,12.706813185707356,0.0,0.2406262012827937,864.883077681031,24,6.3203839275265326,9.79869268479038,0.2916666666666667,0.1790118164699379,522.4101188386397,1,0,12
B_E,9,4.0,16.0,600007,f7106218c013a53bacab34b8265472fe0ac031cdf7d112311c1bc8f669ef456f,33,5.485770835039593,7.8074017006186525,0.2727272727272727,0.0,351.6996215533733,12,6.3930727178524265,7.216370213557839,0.0,0.0,478.6145435704853,21,4.967312616289403,7.8074017006186525,0.4285714285714285,0.0,279.1768089721663,1,0,12
B_N,9,4.0,16.0,600007,f7106218c013a53bacab34b8265472fe0ac031cdf7d112311c1bc8f669ef456f,33,5.485770835039593,7.8074017006186525,0.2727272727272727,0.0,351.6996215533733,12,6.3930727178524265,7.216370213557839,0.0,0.0,478.6145435704853,21,4.967312616289403,7.8074017006186525,0.4285714285714285,0.0,279.1768089721663,1,0,12
B_E,9,4.0,16.0,600008,0dff5609c1cf36c26a4d91b1252100591f851cd1f30c1ed54039c1283c853623,29,5.958075969147867,9.79869268479038,0.3793103448275862,0.70311309584288,467.4772627950905,5,6.228413218711344,6.969380964846216,0.0,0.0,445.6826437422688,24,5.901755708822141,9.79869268479038,0.4583333333333333,0.8495949908101466,472.0178084310949,1,0,12
B_N,9,4.0,16.0,600008,0dff5609c1cf36c26a4d91b1252100591f851cd1f30c1ed54039c1283c853623,29,5.958075969147867,9.79869268479038,0.3793103448275862,0.70311309584288,467.4772627950905,5,6.228413218711344,6.969380964846216,0.0,0.0,445.6826437422688,24,5.901755708822141,9.79869268479038,0.4583333333333333,0.8495949908101466,472.0178084310949,1,0,12
B_E,9,4.0,16.0,600009,cd5bbdb8ed3d9ed24728ef4a670e7f68b0a45085f6fbe02d183bee92d0e67344,39,6.903339142124198,12.706813185707356,0.2307692307692307,0.2177879765423802,626.8216745786858,14,8.507989557187008,12.706813185707356,0.0,0.3716964743512757,901.5979114374016,25,6.0047349096890255,9.63152373583219,0.36,0.1315992177693988,472.9469819378051,2,0,12
B_N,9,4.0,16.0,600009,cd5bbdb8ed3d9ed24728ef4a670e7f68b0a45085f6fbe02d183bee92d0e67344,39,6.903339142124198,12.706813185707356,0.2307692307692307,0.2177879765423802,626.8216745786858,14,8.507989557187008,12.706813185707356,0.0,0.3716964743512757,901.5979114374016,25,6.0047349096890255,9.63152373583219,0.36,0.1315992177693988,472.9469819378051,2,0,12
B_E,9,5.0,15.483333333333333,600000,c9317c26a8fb484461e74e29868efb9aff8f0b47541686bd4f489a20a19390bf,51,7.65153532502565,16.292319434735866,0.23529411764705882,1.0114777091960194,777.3658885345416,9,10.412316317105281,21.645308798738245,0.0,2.791852711986899,1282.4632634210564,42,7.059939398151444,13.560208282495514,0.2857142857142857,0.6299687800265452,669.1307367731457,3,0,12
B_N,9,5.0,15.483333333333333,600000,c9317c26a8fb484461e74e29868efb9aff8f0b47541686bd4f489a20a19390bf,51,7.65153532502565,16.292319434735866,0.23529411764705882,1.0114777091960194,777.3658885345416,9,10.412316317105281,21.645308798738245,0.0,2.791852711986899,1282.4632634210564,42,7.059939398151444,13.560208282495514,0.2857142857142857,0.6299687800265452,669.1307367731457,3,0,12
B_E,9,5.0,15.483333333333333,600001,70864ad700a4c9bea4349ba1d6922ee4b59d52c17f67a930437ad26e1cabba71,42,5.791354105872462,11.351038039999407,0.35714285714285715,0.0,429.6993926030637,11,7.899983057187847,11.537498983243799,0.0,0.0,779.9966114375698,31,5.0431309295992595,9.38077031239491,0.4838709677419355,0.0,305.40037946823907,1,0,12
B_N,9,5.0,15.483333333333333,600001,70864ad700a4c9bea4349ba1d6922ee4b59d52c17f67a930437ad26e1cabba71,42,5.791354105872462,11.351038039999407,0.35714285714285715,0.0,429.6993926030637,11,7.899983057187847,11.537498983243799,0.0,0.0,779.9966114375698,31,5.0431309295992595,9.38077031239491,0.4838709677419355,0.0,305.40037946823907,1,0,12
B_E,9,5.0,15.483333333333333,600002,25a5b0118f97730bbbab51b6b7f3d719c7c9db5709095db5608a74248e69003c,48,6.7588353120582525,12.29755321484511,0.22916666666666666,0.22037782096003866,597.600395744984,15,8.192213130491211,13.575501116859604,0.0,0.6143465992320368,838.4426260982424,33,6.107299940043272,10.417972856291764,0.3333333333333333,0.04130110356367588,488.1266546753211,1,1,12
B_N,9,5.0,15.483333333333333,600002,25a5b0118f97730bbbab51b6b7f3d719c7c9db5709095db5608a74248e69003c,48,6.7588353120582525,12.29755321484511,0.22916666666666666,0.22037782096003866,597.600395744984,15,8.192213130491211,13.575501116859604,0.0,0.6143465992320368,838.4426260982424,33,6.107299940043272,10.417972856291764,0.3333333333333333,0.04130110356367588,488.1266546753211,1,1,12
B_E,9,5.0,15.483333333333333,600003,3144c9f9e33275048e5d9d032a6f245ddddfddfcf9f9b71c67c2cdf700346fd5,49,7.586658126774759,15.916552934543189,0.20408163265306123,1.0782170634951658,758.147951885564,9,8.386300988506193,18.339640110807217,0.0,1.520395300810277,877.2601977012383,40,7.406738482885187,15.562619944286155,0.25,0.9787269600992659,731.3476965770373,4,0,12
B_N,9,5.0,15.483333333333333,600003,3144c9f9e33275048e5d9d032a6f245ddddfddfcf9f9b71c67c2cdf700346fd5,49,7.536527313612609,15.916552934543189,0.20408163265306123,1.0782170634951658,748.1217892531341,9,8.386300988506193,18.339640110807217,0.0,1.520395300810277,877.2601977012383,40,7.345328236761555,15.562619944286155,0.25,0.9787269600992659,719.0656473523107,4,0,12
B_E,9,5.0,15.483333333333333,600004,30196ec6edf66958a95b2829f8ee8b82231fe6fd16d0932aed527bf60025cf5f,54,9.549085707457458,25.56136232580287,0.2037037037037037,2.5637542459558906,1150.5578822322323,14,10.132418224202853,20.886394556172885,0.0,2.264099189488271,1226.4836448405708,40,9.344919326596571,24.892648522676105,0.275,2.668633515719557,1123.9838653193142,4,1,12
B_N,9,5.0,15.483333333333333,600004,30196ec6edf66958a95b2829f8ee8b82231fe6fd16d0932aed527bf60025cf5f,54,9.549085707457458,25.56136232580287,0.2037037037037037,2.5637542459558906,1150.5578822322323,14,10.132418224202853,20.886394556172885,0.0,2.264099189488271,1226.4836448405708,40,9.344919326596571,24.892648522676105,0.275,2.668633515719557,1123.9838653193142,4,1,12
B_E,9,5.0,15.483333333333333,600005,b42e6558540e4d4a76d08ce362210ac053d60078663de937dde3a7267b35e710,41,6.965501239510589,12.706813185707357,0.21951219512195122,0.323485188694066,637.002686926508,15,8.268839591611671,12.706813185707357,0.0,0.0,853.7679183223343,26,6.213575267144581,11.844304991793093,0.34615384615384615,0.5101112590944887,511.9458226596852,2,0,12
B_N,9,5.0,15.483333333333333,600005,b42e6558540e4d4a76d08ce362210ac053d60078663de937dde3a7267b35e710,41,6.965501239510589,12.706813185707357,0.21951219512195122,0.323485188694066,637.002686926508,15,8.268839591611671,12.706813185707357,0.0,0.0,853.7679183223343,26,6.213575267144581,11.844304991793093,0.34615384615384615,0.5101112590944887,511.9458226596852,2,0,12
B_E,9,5.0,15.483333333333333,600006,ab958bc70695a63179847f64afc1747ff9c84f7cc2bf99676656d67daeb15b2f,47,6.413021588853118,11.336023311100261,0.2553191489361702,0.0,533.6681475578575,14,7.299723644767028,11.946758954106043,0.0,0.0,659.9447289534056,33,6.036844959071457,10.323355627033276,0.36363636363636365,0.0,480.0962645415643,1,0,12
B_N,9,5.0,15.483333333333333,600006,ab958bc70695a63179847f64afc1747ff9c84f7cc2bf99676656d67daeb15b2f,47,6.413021588853118,11.336023311100261,0.2553191489361702,0.0,533.6681475578575,14,7.299723644767028,11.946758954106043,0.0,0.0,659.9447289534056,33,6.036844959071457,10.323355627033276,0.36363636363636365,0.0,480.0962645415643,1,0,12
B_E,9,5.0,15.483333333333333,600007,ab4efa1004b9b640adfa24a6518eae0abe591e0f50b19662a7230b6a3488e2cb,38,5.457085266548103,8.567280233366597,0.34210526315789475,0.0,359.83810594119933,12,6.814090631048159,8.378415325612481,0.0,0.0,562.8181262096315,26,4.830775098317307,8.497474167490214,0.5,0.0,266.1550196634614,1,0,12
B_N,9,5.0,15.483333333333333,600007,ab4efa1004b9b640adfa24a6518eae0abe591e0f50b19662a7230b6a3488e2cb,38,5.457085266548103,8.567280233366597,0.34210526315789475,0.0,359.83810594119933,12,6.814090631048159,8.378415325612481,0.0,0.0,562.8181262096315,26,4.830775098317307,8.497474167490214,0.5,0.0,266.1550196634614,1,0,12
B_E,9,5.0,15.483333333333333,600008,b4960d5cc14b05f60c3521e64e46262196f00b93d1637f1bdd9f2604f4d3f60b,32,5.339278003615627,9.083022500275288,0.375,0.0,342.85560072312535,6,6.598897091778778,7.216370213557839,0.0,0.0,519.7794183557559,26,5.0485966755779765,9.473388055465339,0.46153846153846156,0.0,302.02702742328745,1,0,12
B_N,9,5.0,15.483333333333333,600008,b4960d5cc14b05f60c3521e64e46262196f00b93d1637f1bdd9f2604f4d3f60b,32,5.339278003615627,9.083022500275288,0.375,0.0,342.85560072312535,6,6.598897091778778,7.216370213557839,0.0,0.0,519.7794183557559,26,5.0485966755779765,9.473388055465339,0.46153846153846156,0.0,302.02702742328745,1,0,12
B_E,9,5.0,15.483333333333333,600009,2b314562668fe80cc42bc51157f2564a59f3768dd567c9473c6bb4bd5ffb4220,47,6.169679505984,9.79869268479038,0.2765957446808511,0.0,489.25505013297004,17,7.255375388971565,10.380316784973774,0.0,0.0,651.0750777943131,30,5.554451838957712,9.79869268479038,0.43333333333333335,0.0,397.55703445820905,1,0,12
B_N,9,5.0,15.483333333333333,600009,2b314562668fe80cc42bc51157f2564a59f3768dd567c9473c6bb4bd5ffb4220,47,6.21813660258071,10.942526104418082,0.2765957446808511,0.0,498.9464694523121,17,7.186592200591356,10.146453944481063,0.0,0.0,637.3184401182712,30,5.669345097041343,10.69741894306929,0.43333333333333335,0.0,420.5356860749353,1,0,12
B_E,9,6.0,14.983333333333333,600000,a419976be7e02f583a33ed503dbbde819f52321b184228fa7dfbb5128ea7280d,62,9.912981623608799,26.587797493223928,0.16129032258064516,2.784222112014827,1214.8543892378884,13,11.988330550711826,26.83699167912035,0.0,3.8762700351284227,1597.666110142366,49,9.362378847030442,25.71997417275657,0.20408163265306123,2.4944951120050973,1113.292095936701,5,0,12
B_N,9,6.0,14.983333333333333,600000,a419976be7e02f583a33ed503dbbde819f52321b184228fa7dfbb5128ea7280d,62,9.996979790426481,26.603396704434104,0.14516129032258066,2.921815044914359,1228.4282161498122,13,12.12208488136209,26.83699167912035,0.0,3.8762700351284227,1624.4169762724184,49,9.433176398953767,26.397599623870946,0.1836734693877551,2.668592292408587,1123.3699736683047,5,0,12
B_E,9,6.0,14.983333333333333,600001,7d7fb1ae8ecd0fbae0cbeaaf0d870e10d9bb8fc1b979e9d3fa98e52b0c3526d1,51,6.152354060285154,10.66809583401709,0.27450980392156865,0.0,485.37277284134444,16,7.454801622886324,11.537498983243799,0.0,0.0,690.9603245772647,35,5.556949460238905,9.79869268479038,0.4,0.0,391.38989204778085,1,0,12
B_N,9,6.0,14.983333333333333,600001,7d7fb1ae8ecd0fbae0cbeaaf0d870e10d9bb8fc1b979e9d3fa98e52b0c3526d1,51,6.226891129094664,11.485119705179738,0.27450980392156865,0.0,500.28018660324676,16,7.875138448868051,11.829827533859689,0.0,0.0,775.0276897736102,35,5.473406640055403,9.79869268479038,0.4,0.0,374.68132801108055,1,0,12
B_E,9,6.0,14.983333333333333,600002,3f2fc36c410dbb7d7518e13786a3f37d26bef21e8deabf1286c117d867b0c864,47,7.011095294852821,12.236979499055273,0.23404255319148937,0.2993104263116541,649.0275696088624,10,8.076925588228274,12.294721564110295,0.0,1.0524788235903544,815.3851176456548,37,6.723033053399999,11.631810424856665,0.2972972972972973,0.09575140002011354,604.066070139459,2,0,12
B_N,9,6.0,14.983333333333333,600002,3f2fc36c410dbb7d7518e13786a3f37d26bef21e8deabf1286c117d867b0c864,47,7.011095294852821,12.236979499055273,0.23404255319148937,0.2993104263116541,649.0275696088624,10,8.076925588228274,12.294721564110295,0.0,1.0524788235903544,815.3851176456548,37,6.723033053399999,11.631810424856665,0.2972972972972973,0.09575140002011354,604.066070139459,2,0,12
B_E,9,6.0,14.983333333333333,600003,c34a3a62f771865a6b71e0e09fa9d00df9102124f2809a0ddfd2c1f23c467a07,52,7.671416042801891,18.751003462442945,0.19230769230769232,0.9208017969821622,772.7447470219166,8,9.448352262192312,21.010255092373132,0.0,2.3175180793396066,1089.6704524384622,44,7.348336730185451,15.874314750576726,0.22727272727272727,0.6668533820080814,715.1218914916359,3,0,12
B_N,9,6.0,14.983333333333333,600003,c34a3a62f771865a6b71e0e09fa9d00df9102124f2809a0ddfd2c1f23c467a07,52,7.671416042801891,18.751003462442945,0.19230769230769232,0.9208017969821622,772.7447470219166,8,9.448352262192312,21.010255092373132,0.0,2.3175180793396066,1089.6704524384622,44,7.348336730185451,15.874314750576726,0.22727272727272727,0.6668533820080814,715.1218914916359,3,0,12
B_E,9,6.0,14.983333333333333,600004,97eb928b5113c632b8b8c95f731f9a982ca42e8ce9b834131986a21018b3c48c,64,13.881876565860567,33.941040862008165,0.140625,6.215986486655993,2004.5003131721132,19,16.957188427766237,36.56070107074402,0.0,7.903643261598757,2591.4376855532473,45,12.583411557500396,31.412367283611157,0.2,5.5034202927912705,1756.6823115000789,5,3,12
B_N,9,6.0,14.983333333333333,600004,97eb928b5113c632b8b8c95f731f9a982ca42e8ce9b834131986a21018b3c48c,64,13.881876565860567,33.941040862008165,0.140625,6.215986486655993,2004.5003131721132,19,16.957188427766237,36.56070107074402,0.0,7.903643261598757,2591.4376855532473,45,12.583411557500396,31.412367283611157,0.2,5.5034202927912705,1756.6823115000789,5,3,12
B_E,9,6.0,14.983333333333333,600005,8792f9a1275ecdf55bf1fdcf4066b4ea0a0e2a770b1f2a5c61d4d70cef129965,47,7.069622124205801,13.201610319891747,0.2127659574468085,0.08183871512750208,656.4776163305222,14,7.964560193834183,12.706813185707357,0.0,0.0,792.9120387668366,33,6.689951427999822,13.413666234542205,0.30303030303030304,0.11655817003007872,598.5963462060251,1,0,12
B_N,9,6.0,14.983333333333333,600005,8792f9a1275ecdf55bf1fdcf4066b4ea0a0e2a770b1f2a5c61d4d70cef129965,47,7.044593498720605,13.201610319891747,0.23404255319148937,0.08183871512750208,655.727210382419,14,8.27321224881175,12.706813185707357,0.0,0.0,854.6424497623503,33,6.5233613017122405,13.413666234542205,0.3333333333333333,0.11655817003007872,571.3389270091147,1,0,12
B_E,9,6.0,14.983333333333333,600006,d27227cbddd7315eb5c9c30e37b473e283921f3287109a3325e2c6180d5418d0,56,6.374285111227928,10.099019513592784,0.25,0.0,524.8570222455855,13,6.973740926422661,9.412547402417639,0.0,0.0,594.7481852845322,43,6.193054283378358,9.785490082978008,0.32558139534883723,0.0,503.72713574543883,1,0,12
B_N,9,6.0,14.983333333333333,600006,d27227cbddd7315eb5c9c30e37b473e283921f3287109a3325e2c6180d5418d0,56,6.374285111227928,10.099019513592784,0.25,0.0,524.8570222455855,13,6.973740926422661,9.412547402417639,0.0,0.0,594.7481852845322,43,6.193054283378358,9.785490082978008,0.32558139534883723,0.0,503.72713574543883,1,0,12
B_E,9,6.0,14.983333333333333,600007,695ed2fbd1c01b748644db30b625794d66e4cf899cc320e01bea3c2eef95a9ab,43,5.140984729109599,8.428466920803057,0.3488372093023256,0.0,297.9643876823849,11,6.4304953312935815,7.216370213557839,0.0,0.0,486.0990662587163,32,4.697715459608855,8.706892365119366,0.46875,0.0,233.2930919217709,1,0,12
B_N,9,6.0,14.983333333333333,600007,695ed2fbd1c01b748644db30b625794d66e4cf899cc320e01bea3c2eef95a9ab,43,5.364584808208141,8.428466920803057,0.3023255813953488,0.0,333.3820779206979,11,6.4304953312935815,7.216370213557839,0.0,0.0,486.0990662587163,32,4.998178065897521,8.706892365119366,0.40625,0.0,280.88561317950405,1,0,12
B_E,9,6.0,14.983333333333333,600008,ebeb20e9229bf5aea80802f14b79055a402d325aacb00fc438c3407e00d3b928,42,7.295994936595732,13.03107283638715,0.2619047619047619,1.1029101187431523,711.579939700099,11,7.428757689866222,12.706813185707357,0.0,0.0,685.7515379732441,31,7.248885572532012,21.128357737935847,0.3548387096774194,1.4942653221681417,720.7448564418861,3,0,12
B_N,9,6.0,14.983333333333333,600008,ebeb20e9229bf5aea80802f14b79055a402d325aacb00fc438c3407e00d3b928,42,7.295994936595732,13.03107283638715,0.2619047619047619,1.1029101187431523,711.579939700099,11,7.428757689866222,12.706813185707357,0.0,0.0,685.7515379732441,31,7.248885572532012,21.128357737935847,0.3548387096774194,1.4942653221681417,720.7448564418861,3,0,12
B_E,9,6.0,14.983333333333333,600009,92854024ad686fea2f4b9dd1924c57d69713b76e8f1ee00ba67e5220df342093,48,5.962599980559723,12.29755321484511,0.3541666666666667,0.05241520156293215,463.3533294452781,13,7.918468944034331,12.706813185707357,0.0,0.0,783.6937888068662,35,5.23613436555487,10.302718163859316,0.4857142857142857,0.07188370500059266,344.369730253831,1,0,12
B_N,9,6.0,14.983333333333333,600009,92854024ad686fea2f4b9dd1924c57d69713b76e8f1ee00ba67e5220df342093,48,6.05751313388847,12.29755321484511,0.3541666666666667,0.05241520156293215,482.33596011102736,13,7.918468944034331,12.706813185707357,0.0,0.0,783.6937888068662,35,5.366300975834293,11.44655158348703,0.4857142857142857,0.07188370500059266,370.4030523097157,1,0,12
B_E,9,8.0,13.883333333333333,600000,99fa98ad3cacc601a9e329160901813815c3345b91e5e21d81ccb1d6d79ec22e,70,8.727172484398588,19.634241680101976,0.1714285714285714,1.4121032177543384,979.720211165432,16,9.711910147183763,19.11473621355457,0.0,2.2612105268658524,1142.382029436753,54,8.43539836209187,19.84626393120817,0.2222222222222222,1.1605158669064823,931.5241168628183,4,0,12
B_N,9,8.0,13.883333333333333,600000,99fa98ad3cacc601a9e329160901813815c3345b91e5e21d81ccb1d6d79ec22e,70,8.776178001551775,19.634241680101976,0.1714285714285714,1.4121032177543384,989.5213145960691,16,9.711910147183763,19.11473621355457,0.0,2.2612105268658524,1142.382029436753,54,8.49892403247563,19.84626393120817,0.2222222222222222,1.1605158669064823,944.2292509395704,4,0,12
B_E,9,8.0,13.883333333333333,600001,298328cc105f96f8ae52ddaa89bf9b1fa9d6cdddb49caabff17fabb98618c8c8,68,8.354060643303562,20.763892961184613,0.2352941176470588,1.5011214589105617,917.8709521901244,19,9.334792233277287,14.292498462074036,0.0,1.1157227975012287,1066.9584466554577,49,7.973776965558649,20.661104067903494,0.3265306122448979,1.6505617561917312,860.0615155607094,3,3,12
B_N,9,8.0,13.883333333333333,600001,298328cc105f96f8ae52ddaa89bf9b1fa9d6cdddb49caabff17fabb98618c8c8,68,9.33076830175948,25.888337852299276,0.2352941176470588,2.383500385757276,1113.212483881308,19,9.33239823247122,14.404881280788866,0.0,1.1748716494564035,1066.4796464942444,49,9.33013628781003,25.39136089047085,0.3265306122448979,2.852152344731083,1131.3333800109856,4,4,12
B_E,9,8.0,13.883333333333333,600002,61034fc4c815e73ce4ef73b8b77bd3a411b4b07bdf7bfed6092b2a25c3dab1f4,60,8.032391561772867,20.57251178610845,0.2833333333333333,1.6284724249452365,863.1449790212399,12,6.919283227851218,7.835003729146702,0.0,0.2174739491092623,583.8566455702437,48,8.31066864525328,22.48670085966829,0.3541666666666667,1.9812220439042296,932.9670623839892,3,1,12
B_N,9,8.0,13.883333333333333,600002,61034fc4c815e73ce4ef73b8b77bd3a411b4b07bdf7bfed6092b2a25c3dab1f4,60,8.032391561772867,20.57251178610845,0.2833333333333333,1.6284724249452365,863.1449790212399,12,6.919283227851218,7.835003729146702,0.0,0.2174739491092623,583.8566455702437,48,8.31066864525328,22.48670085966829,0.3541666666666667,1.9812220439042296,932.9670623839892,3,1,12
B_E,9,8.0,13.883333333333333,600003,bedb5e54479fb0857e8ecd23c7641a6c53a5902db67b6c08dadeba6eb0a7a143,63,7.143412046911527,15.995216604481524,0.2222222222222222,0.6729596180046515,673.1268538267499,11,9.120528704962338,21.394080646956933,0.0,1.5795031747726502,1024.1057409924674,52,6.725175830785394,11.30874484015304,0.2692307692307692,0.4811907886883441,598.8813200032329,3,0,12
B_N,9,8.0,13.883333333333333,600003,bedb5e54479fb0857e8ecd23c7641a6c53a5902db67b6c08dadeba6eb0a7a143,63,7.143412046911527,15.995216604481524,0.2222222222222222,0.6729596180046515,673.1268538267499,11,9.120528704962338,21.394080646956933,0.0,1.5795031747726502,1024.1057409924674,52,6.725175830785394,11.30874484015304,0.2692307692307692,0.4811907886883441,598.8813200032329,3,0,12
B_E,9,8.0,13.883333333333333,600004,a748347bc8213bd8dcb8beb8e7290473058dc52c0c9f4b8dc145268c82ca8165,83,30.723835064729307,149.34563560105678,0.1927710843373494,23.343861257978958,5382.51971335028,25,45.00762289160778,160.95275470290866,0.0,36.4691438119908,8201.524578321556,58,24.567029966936857,138.10176283536964,0.2758620689655172,17.68641188124971,4167.431409483351,12,12,12
B_N,9,8.0,13.883333333333333,600004,a748347bc8213bd8dcb8beb8e7290473058dc52c0c9f4b8dc145268c82ca8165,83,30.723835064729307,149.34563560105678,0.1927710843373494,23.343861257978958,5382.51971335028,25,45.00762289160778,160.95275470290866,0.0,36.4691438119908,8201.524578321556,58,24.567029966936857,138.10176283536964,0.2758620689655172,17.68641188124971,4167.431409483351,12,12,12
B_E,9,8.0,13.883333333333333,600005,a9b75614cc213effe61031a8897490d10eada040a6715a3cd87930eeff589c73,65,7.887745362733276,13.623469693293188,0.2461538461538461,1.140354267893865,826.7798417774245,18,9.471023731047111,21.0291233353778,0.0,1.8161903367872585,1094.2047462094226,47,7.28138343444287,13.361786502205062,0.3404255319148936,0.881523432998523,724.361793271553,3,3,12
B_N,9,8.0,13.883333333333333,600005,a9b75614cc213effe61031a8897490d10eada040a6715a3cd87930eeff589c73,65,7.869901210879381,13.623469693293188,0.2461538461538461,1.05779414910044,823.2110114066455,18,10.023001897292245,24.89103870346901,0.0,1.5180565744776686,1204.6003794584492,47,7.045309458636157,13.43957713022216,0.3404255319148936,0.881523432998523,677.1469981102102,3,3,12
B_E,9,8.0,13.883333333333333,600006,1c684558afdd9f88912281b0f55c7258a55272099fa6415898d416411fd64b05,69,10.036858785155708,39.53892053355034,0.3043478260869565,3.597502397419927,1268.2413222485325,16,11.502088923375569,33.93241317035121,0.0,2.867562965334855,1500.4177846751136,53,9.594525158523291,44.01765499948085,0.3962264150943396,3.8178614712569297,1198.1503147235271,6,4,12
B_N,9,8.0,13.883333333333333,600006,1c684558afdd9f88912281b0f55c7258a55272099fa6415898d416411fd64b05,69,10.036858785155708,39.53892053355034,0.3043478260869565,3.597502397419927,1268.2413222485325,16,11.502088923375569,33.93241317035121,0.0,2.867562965334855,1500.4177846751136,53,9.594525158523291,44.01765499948085,0.3962264150943396,3.8178614712569297,1198.1503147235271,6,4,12
B_E,9,8.0,13.883333333333333,600007,fdaae257b9d3ba569bed59c4b3dd5e90089799fdc007c1101cf1a6737b488467,63,5.648947771076792,9.715108210311286,0.3492063492063492,0.0,399.6308240566282,15,7.910305392409457,12.706813185707356,0.0,0.0,782.0610784818914,48,4.942273514410334,8.497474167490214,0.4583333333333333,0.0,280.1213695487335,1,0,12
B_N,9,8.0,13.883333333333333,600007,fdaae257b9d3ba569bed59c4b3dd5e90089799fdc007c1101cf1a6737b488467,63,5.648947771076792,9.715108210311286,0.3492063492063492,0.0,399.6308240566282,15,7.910305392409457,12.706813185707356,0.0,0.0,782.0610784818914,48,4.942273514410334,8.497474167490214,0.4583333333333333,0.0,280.1213695487335,1,0,12
B_E,9,8.0,13.883333333333333,600008,82ad1bd6063e6a59978c8363a5568f55d9246e91125b1d01395f9f04ad2e8029,56,7.490026900256031,20.854146541119604,0.25,1.0637417817555874,748.0053800512061,14,8.470244338421638,16.52070954436261,0.0,0.7783461956439298,894.0488676843275,42,7.163287754200828,19.64411610933241,0.3333333333333333,1.1588736437928069,699.3242175068323,3,2,12
B_N,9,8.0,13.883333333333333,600008,82ad1bd6063e6a59978c8363a5568f55d9246e91125b1d01395f9f04ad2e8029,56,7.490026900256031,20.854146541119604,0.25,1.0637417817555874,748.0053800512061,14,8.470244338421638,16.52070954436261,0.0,0.7783461956439298,894.0488676843275,42,7.163287754200828,19.64411610933241,0.3333333333333333,1.1588736437928069,699.3242175068323,3,2,12
B_E,9,8.0,13.883333333333333,600009,8e50a87c2edab53bb354cc7b4932d403654065c8e61d2de7eb1c2e8c9080e01c,62,7.510803363052352,13.764516887120264,0.2419354838709677,1.0863866496191834,750.5477693846636,16,7.906629702299007,11.829827533859689,0.0,0.0,781.3259404598014,46,7.373124636357863,17.888694091399348,0.3260869565217391,1.4642602668780298,739.8423185759202,3,0,12
B_N,9,8.0,13.883333333333333,600009,8e50a87c2edab53bb354cc7b4932d403654065c8e61d2de7eb1c2e8c9080e01c,62,7.510803363052352,13.764516887120264,0.2419354838709677,1.0863866496191834,750.5477693846636,16,7.906629702299007,11.829827533859689,0.0,0.0,781.3259404598014,46,7.373124636357863,17.888694091399348,0.3260869565217391,1.4642602668780298,739.8423185759202,3,0,12
B_E,9,10.0,10.266666666666666,600000,6602d22916a154d3940d1f3ff0502fbe97ca660c090f72330cede3a9bc901f4f,88,7.203090223455529,15.705924254525236,0.23863636363636365,0.4653424473093434,688.3453174183785,20,8.886931849118033,16.82376282572726,0.0,0.9218691096219118,977.3863698236066,68,6.707842686495969,14.485035655332604,0.3088235294117647,0.33106989957035265,603.3332431815465,2,0,12
B_N,9,10.0,10.266666666666666,600000,6602d22916a154d3940d1f3ff0502fbe97ca660c090f72330cede3a9bc901f4f,88,7.203090223455529,15.705924254525236,0.23863636363636365,0.4653424473093434,688.3453174183785,20,8.886931849118033,16.82376282572726,0.0,0.9218691096219118,977.3863698236066,68,6.707842686495969,14.485035655332604,0.3088235294117647,0.33106989957035265,603.3332431815465,2,0,12
B_E,9,10.0,10.266666666666666,600001,8d21739261b28ee3f409052d73e213642e3a53bc964756650ee48471bedb96b9,79,5.848843443759936,11.537498983243799,0.31645569620253167,0.032855243717089644,433.05982799249364,20,7.8944123260576715,12.706813185707357,0.0,0.0,778.8824652115344,59,5.155430263320025,9.046432414478529,0.423728813559322,0.043992614468645455,315.8318153758695,1,0,12
B_N,9,10.0,10.266666666666666,600001,8d21739261b28ee3f409052d73e213642e3a53bc964756650ee48471bedb96b9,79,5.83574387580425,9.974664635676284,0.31645569620253167,0.032855243717089644,430.43991440135665,20,7.865937721258179,12.706813185707357,0.0,0.0,773.1875442516358,59,5.147542572260547,8.627596019220224,0.423728813559322,0.043992614468645455,314.2542771639738,1,0,12
B_E,9,10.0,10.266666666666666,600002,a3a77cfc01a5e270ed3a53d54f5d6e13dbdfeca352ee0a206bfc7c86624f463f,75,5.578413135015743,9.70627447210378,0.36,0.0,387.6826270031487,17,6.8128984804148,8.314458807987739,0.0,0.0,562.5796960829599,58,5.216581223433262,9.686470569385225,0.46551724137931033,0.0,336.4196929625143,1,0,12
B_N,9,10.0,10.266666666666666,600002,a3a77cfc01a5e270ed3a53d54f5d6e13dbdfeca352ee0a206bfc7c86624f463f,75,5.578413135015743,9.70627447210378,0.36,0.0,387.6826270031487,17,6.8128984804148,8.314458807987739,0.0,0.0,562.5796960829599,58,5.216581223433262,9.686470569385225,0.46551724137931033,0.0,336.4196929625143,1,0,12
B_E,9,10.0,10.266666666666666,600003,990c27e0354fdbef9a17b624ad200238ee910c6af40c0069c4113c75d64400ae,81,7.039225624289129,16.17395874563922,0.2222222222222222,0.8375029006485509,652.2895693022701,14,7.761876485354235,15.075770243474045,0.0,0.7220961755571936,752.3752970708472,67,6.888223951827763,15.907605781801474,0.26865671641791045,0.861617738727342,631.3761336491347,3,0,12
B_N,9,10.0,10.266666666666666,600003,990c27e0354fdbef9a17b624ad200238ee910c6af40c0069c4113c75d64400ae,81,7.039225624289129,16.17395874563922,0.2222222222222222,0.8375029006485509,652.2895693022701,14,7.761876485354235,15.075770243474045,0.0,0.7220961755571936,752.3752970708472,67,6.888223951827763,15.907605781801474,0.26865671641791045,0.861617738727342,631.3761336491347,3,0,12
B_E,9,10.0,10.266666666666666,600004,0dcc562df1740b707cd1f567848a42d34c2b293f87f6de75c4e82d9eacdebf2c,90,15.663739383905952,58.671665603472476,0.2777777777777778,8.843400259155008,2386.548799237636,30,20.171280468541415,86.39339526656377,0.0,11.894317741386233,3234.2560937082835,60,13.409968841588213,34.27728594910388,0.4166666666666667,7.317941518039394,1962.695152002313,7,6,12
B_N,9,10.0,10.266666666666666,600004,0dcc562df1740b707cd1f567848a42d34c2b293f87f6de75c4e82d9eacdebf2c,90,15.663739383905952,58.671665603472476,0.2777777777777778,8.843400259155008,2386.548799237636,30,20.171280468541415,86.39339526656377,0.0,11.894317741386233,3234.2560937082835,60,13.409968841588213,34.27728594910388,0.4166666666666667,7.317941518039394,1962.695152002313,7,6,12
B_E,9,10.0,10.266666666666666,600005,45a641e3fc62b08c87ddaa4e2c11bb00ee898987689555679da4131a8fe71fa3,80,8.04534170496766,22.253394207741344,0.25,1.5067700289912864,859.0683409935322,22,9.232018480020201,22.239099707356885,0.0,1.7943109663683572,1046.4036960040403,58,7.5952229282235955,20.811031798204283,0.3448275862068966,1.3977027768827424,788.0101028860983,3,0,12
B_N,9,10.0,10.266666666666666,600005,45a641e3fc62b08c87ddaa4e2c11bb00ee898987689555679da4131a8fe71fa3,80,8.04534170496766,22.253394207741344,0.25,1.5067700289912864,859.0683409935322,22,9.232018480020201,22.239099707356885,0.0,1.7943109663683572,1046.4036960040403,58,7.5952229282235955,20.811031798204283,0.3448275862068966,1.3977027768827424,788.0101028860983,3,0,12
B_E,9,10.0,10.266666666666666,600006,72aae04d452cb40ccf2b3054796ea1b9a34e4dd18463f87d9da7e7100a966b96,80,5.6659106131228985,11.437978354922084,0.3625,0.0,405.68212262457956,20,7.095097178076368,11.595964693366977,0.0,0.0,619.0194356152738,60,5.189515091471741,11.021637021355783,0.48333333333333334,0.0,334.56968496101484,1,0,12
B_N,9,10.0,10.266666666666666,600006,72aae04d452cb40ccf2b3054796ea1b9a34e4dd18463f87d9da7e7100a966b96,80,5.678538707487845,11.437978354922084,0.3625,0.0,408.20774149756903,20,7.156844490254274,11.595964693366977,0.0,0.0,631.3688980508549,60,5.185770113232367,11.021637021355783,0.48333333333333334,0.0,333.82068931314035,1,0,12
B_E,9,10.0,10.266666666666666,600007,fe112e15ce049da7496dd11cc6211208d1fbe2d8377f73ab1511b42214966f82,68,5.466661136473034,9.50614702411355,0.3382352941176471,0.0,360.9792861181365,18,6.910167811571325,10.234910759927923,0.0,0.0,582.033562314265,50,4.946998733437651,8.753429742370287,0.46,0.0,281.3997466875302,1,0,12
B_N,9,10.0,10.266666666666666,600007,fe112e15ce049da7496dd11cc6211208d1fbe2d8377f73ab1511b42214966f82,68,5.466661136473034,9.50614702411355,0.3382352941176471,0.0,360.9792861181365,18,6.910167811571325,10.234910759927923,0.0,0.0,582.033562314265,50,4.946998733437651,8.753429742370287,0.46,0.0,281.3997466875302,1,0,12
B_E,9,10.0,10.266666666666666,600008,34d224c2ae29108e4e44d415c9797d6bb202f50d36f443c474d7cc9e3785bfd8,76,5.956898608104468,11.537498983243799,0.2894736842105263,0.0,449.27445846299884,21,7.677224570420288,12.706813185707357,0.0,0.0,735.4449140840578,55,5.300046877038427,10.091465637291384,0.4,0.0,340.00937540768547,1,0,12
B_N,9,10.0,10.266666666666666,600008,34d224c2ae29108e4e44d415c9797d6bb202f50d36f443c474d7cc9e3785bfd8,76,6.0207743567772365,11.829827533859689,0.2894736842105263,0.0,462.0496081975528,21,7.9974811997397,12.706813185707357,0.0,0.0,799.49623994794,55,5.2660317440097515,9.79869268479038,0.4,0.0,333.2063488019504,1,0,12
B_E,9,10.0,10.266666666666666,600009,994b9c19cc7bea1652482cd9d7b53aa717c593eb940620b9f451f913200282cf,82,5.721968353609088,9.733631758925375,0.32926829268292684,0.0231584210418876,410.24732925840283,21,7.471456533768576,12.706813185707357,0.0,0.0,694.2913067537154,61,5.119685537488608,8.497474167490214,0.4426229508196721,0.03113099222024235,312.461697661656,1,0,12
B_N,9,10.0,10.266666666666666,600009,994b9c19cc7bea1652482cd9d7b53aa717c593eb940620b9f451f913200282cf,82,5.721968353609088,9.733631758925375,0.32926829268292684,0.0231584210418876,410.24732925840283,21,7.471456533768576,12.706813185707357,0.0,0.0,694.2913067537154,61,5.119685537488608,8.497474167490214,0.4426229508196721,0.03113099222024235,312.461697661656,1,0,12
B_E,9,11.0,8.7,600000,8d3324f49f099f90eb49e6e6b395e92ea008c3017298833c3a7177e6cb7dfcc5,95,6.759590602681539,12.22766931818215,0.24210526315789474,0.3440142230012019,600.3391731678869,23,7.440678602741965,11.48281971109429,0.0,0.16868325783434557,688.135720548393,72,6.5420208248844585,12.270616696247542,0.3194444444444444,0.4000227257628366,572.2930538657807,2,0,12
B_N,9,11.0,8.7,600000,8d3324f49f099f90eb49e6e6b395e92ea008c3017298833c3a7177e6cb7dfcc5,95,6.493107787991978,11.804676413016846,0.25263157894736843,0.06910885124441273,549.1478733878693,23,7.4061771938697,11.537498983243799,0.0,0.0,681.23543877394,72,6.20143283889215,11.880647922032912,0.3333333333333333,0.09118528983637791,506.9532344450966,1,0,12
B_E,9,11.0,8.7,600001,cbe5fb0f444f5477536df85fbdfa85cfd6898c2c64476fb9d5932b3398c43e34,88,5.639673931260574,11.537498983243799,0.3409090909090909,0.030507123854725003,396.1166044339327,22,7.69025637789021,11.537498983243799,0.0,0.0,738.051275578042,66,4.956146449050693,8.846504496872134,0.45454545454545453,0.04067616513963334,282.13838071922964,1,0,12
B_N,9,11.0,8.7,600001,cbe5fb0f444f5477536df85fbdfa85cfd6898c2c64476fb9d5932b3398c43e34,88,5.639673931260574,11.537498983243799,0.3409090909090909,0.030507123854725003,396.1166044339327,22,7.69025637789021,11.537498983243799,0.0,0.0,738.051275578042,66,4.956146449050693,8.846504496872134,0.45454545454545453,0.04067616513963334,282.13838071922964,1,0,12
B_E,9,11.0,8.7,600002,abc27efb7a337d3f2f43b4f336da4344ba50f169a333dab0e2a5b308854d421b,84,5.298650505355413,9.603509907195347,0.40476190476190477,0.0,340.6824820234634,17,6.6714713953547005,8.080595967495029,0.0,0.0,534.2942790709402,67,4.95032281684813,9.408327129600325,0.5074626865671642,0.0,291.5571006830588,1,0,12
B_N,9,11.0,8.7,600002,abc27efb7a337d3f2f43b4f336da4344ba50f169a333dab0e2a5b308854d421b,84,5.298650505355413,9.603509907195347,0.40476190476190477,0.0,340.6824820234634,17,6.6714713953547005,8.080595967495029,0.0,0.0,534.2942790709402,67,4.95032281684813,9.408327129600325,0.5074626865671642,0.0,291.5571006830588,1,0,12
B_E,9,11.0,8.7,600003,6524d2382c24b3af27d2ea00326bea1f5e66c5a0978a67894fc4e7dec8b5121d,85,6.723115610943209,13.872148408373453,0.2823529411764706,0.6910397959607721,601.093710423936,16,6.521712951556397,7.216370213557839,0.0,0.0,504.3425903112795,69,6.769817676887977,17.703876998704267,0.34782608695652173,0.8512809080676179,623.5287527688998,4,0,12
B_N,9,11.0,8.7,600003,6524d2382c24b3af27d2ea00326bea1f5e66c5a0978a67894fc4e7dec8b5121d,85,6.958094023242042,13.630129962142906,0.27058823529411763,0.6910397959607721,645.7364517072318,16,6.521712951556397,7.216370213557839,0.0,0.0,504.3425903112795,69,7.059283836966248,18.627852501735667,0.3333333333333333,0.8512809080676179,678.5234340599163,4,0,12
B_E,9,11.0,8.7,600004,abaeca4f603ee1c458328375e36ea231f919336ada11cde06e93b4f49506115d,101,18.956613834895272,63.33604256236382,0.2871287128712871,12.04029484402014,3048.748509553311,34,18.571667439704306,75.324464722115,0.0,9.711930236576068,2914.3334879408612,67,19.15195976678322,63.28631550010565,0.43283582089552236,13.221853003021609,3116.9591175357486,8,8,12
B_N,9,11.0,8.7,600004,abaeca4f603ee1c458328375e36ea231f919336ada11cde06e93b4f49506115d,101,18.956613834895272,63.33604256236382,0.2871287128712871,12.04029484402014,3048.748509553311,34,18.571667439704306,75.324464722115,0.0,9.711930236576068,2914.3334879408612,67,19.15195976678322,63.28631550010565,0.43283582089552236,13.221853003021609,3116.9591175357486,8,8,12
B_E,9,11.0,8.7,600005,826dc5e38cec461e8a64bacb1284cc084e500f9499525cfd56a95052fd79cd96,93,7.778943077366846,20.864871922131638,0.3010752688172043,1.4398440524298255,816.00366923681,24,8.84532453411485,20.133749528213883,0.0,1.1972933382979438,969.0649068229701,69,7.408027788063193,20.537772859393638,0.4057971014492754,1.5242095182148276,762.7649779024935,4,1,12
B_N,9,11.0,8.7,600005,826dc5e38cec461e8a64bacb1284cc084e500f9499525cfd56a95052fd79cd96,93,8.446224663329998,25.587294448445377,0.3010752688172043,2.188955165890655,949.45998642944,24,9.819786756421093,25.617191207912253,0.0,1.8942656783286413,1163.9573512842182,69,7.9684639352983115,24.910674710312737,0.4057971014492754,2.291455857216573,874.8522073495174,5,1,12
B_E,9,11.0,8.7,600006,d73a6e74582e96e3870e20107dce9d574dbf5eef21484b3e9d3f84e80d7b89d3,92,5.701652513208665,9.79869268479038,0.33695652173913043,0.2105306543560247,407.72180698955924,22,6.37436141113185,7.216370213557839,0.0,0.0,474.8722822263699,70,5.490229716718522,10.69741894306929,0.44285714285714284,0.2766974314393467,386.61737191513316,2,0,12
B_N,9,11.0,8.7,600006,d73a6e74582e96e3870e20107dce9d574dbf5eef21484b3e9d3f84e80d7b89d3,92,5.796027797999919,11.194733192202056,0.32608695652173914,0.2105306543560247,424.4229509043315,22,6.374361411131849,7.216370213557839,0.0,0.0,474.87228222636986,70,5.6142658053013115,11.490357632986145,0.42857142857142855,0.2766974314393467,408.5674467745481,2,0,12
B_E,9,11.0,8.7,600007,4d79ac5421485ca0a03a7510ce2fa2699d503c2592e489c84669da1f212982a3,76,5.2666877385802,8.822778796815255,0.34210526315789475,0.0,321.7586003476188,20,6.887943840852614,9.885632999713051,0.0,0.0,577.5887681705228,56,4.687667702054337,8.497474167490214,0.4642857142857143,0.0,230.39068326801035,1,0,12
B_N,9,11.0,8.7,600007,4d79ac5421485ca0a03a7510ce2fa2699d503c2592e489c84669da1f212982a3,76,5.2666877385802,8.822778796815255,0.34210526315789475,0.0,321.7586003476188,20,6.887943840852614,9.885632999713051,0.0,0.0,577.5887681705228,56,4.687667702054337,8.497474167490214,0.4642857142857143,0.0,230.39068326801035,1,0,12
B_E,9,11.0,8.7,600008,f2065c83c194b51844c9f6a84e5365d1d729fd9910018cbee703b523ca82e335,90,6.330450274445491,12.581016434850333,0.26666666666666666,0.20083344925498953,519.4233882224315,24,8.482289894445955,12.706813185707357,0.0,0.7531254347062107,896.4579788891909,66,5.547963139899868,9.79869268479038,0.36363636363636365,0.0,382.31990070724623,1,0,12
B_N,9,11.0,8.7,600008,f2065c83c194b51844c9f6a84e5365d1d729fd9910018cbee703b523ca82e335,90,6.330450274445491,12.581016434850333,0.26666666666666666,0.20083344925498953,519.4233882224315,24,8.482289894445955,12.706813185707357,0.0,0.7531254347062107,896.4579788891909,66,5.547963139899868,9.79869268479038,0.36363636363636365,0.0,382.31990070724623,1,0,12
B_E,9,11.0,8.7,600009,0dd615ef1038342e50b9faf1dc004ea1f4007a3f06bbef9bd6bc35b53ee90a47,91,5.5599890008265564,11.508138299131991,0.37362637362637363,0.027647578846381794,386.723074890586,24,7.748208714401142,12.706813185707357,0.0,0.0,749.6417428802284,67,4.776149103426704,8.82323580824667,0.5074626865671642,0.03755118917941408,256.72235799877376,1,0,12
B_N,9,11.0,8.7,600009,0dd615ef1038342e50b9faf1dc004ea1f4007a3f06bbef9bd6bc35b53ee90a47,91,5.5599890008265564,11.508138299131991,0.37362637362637363,0.027647578846381794,386.723074890586,24,7.748208714401142,12.706813185707357,0.0,0.0,749.6417428802284,67,4.776149103426704,8.82323580824667,0.5074626865671642,0.03755118917941408,256.72235799877376,1,0,12
B_E,9,12.0,8.05,600000,08e4151853408474d6038860a4c2968067be65b25d263cacc5e78c3aea42c3aa,102,8.065964996184045,20.170823103078163,0.2450980392156862,1.5638149249430615,862.2126070799467,26,8.3082913860258,12.6619457310633,0.0,0.926539306849568,861.6582772051602,76,7.983063862817129,20.72734227086564,0.3289473684210526,1.7818302679750464,862.4022462476368,4,0,12
B_N,9,12.0,8.05,600000,08e4151853408474d6038860a4c2968067be65b25d263cacc5e78c3aea42c3aa,102,8.065964996184045,20.170823103078163,0.2450980392156862,1.5638149249430615,862.2126070799467,26,8.3082913860258,12.6619457310633,0.0,0.926539306849568,861.6582772051602,76,7.983063862817129,20.72734227086564,0.3289473684210526,1.7818302679750464,862.4022462476368,4,0,12
B_E,9,12.0,8.05,600001,7f13cede009a373b56136d430875040eb3c6d614ca10d0e023c283d9442a9ab2,95,5.811154240819739,11.5374989832438,0.3157894736842105,0.0,425.38874290078974,24,7.868694071844165,11.5374989832438,0.0,0.0,773.7388143688328,71,5.1156478190650025,8.730161053744826,0.4225352112676056,0.0,307.6366060665216,1,0,12
B_N,9,12.0,8.05,600001,7f13cede009a373b56136d430875040eb3c6d614ca10d0e023c283d9442a9ab2,95,5.824639545597974,11.5374989832438,0.3157894736842105,0.0,428.0858038564368,24,7.976290841478853,11.5374989832438,0.0,0.0,795.2581682957707,71,5.097320797694578,8.497474167490214,0.4225352112676056,0.0,303.9712017924366,1,0,12
B_E,9,12.0,8.05,600002,5d121d5718590ec3ad6f6bb5163af5354354049d00ed095ec7fe1b6bcc51b7c2,92,5.541850449838383,9.79869268479038,0.3695652173913043,0.0333656016565604,382.2831334459373,20,7.393984970742395,12.80182924320436,0.0,0.1534817676201783,678.7969941484793,72,5.0273686384761564,8.497474167490214,0.4722222222222222,0.0,299.9181721396756,1,0,12
B_N,9,12.0,8.05,600002,5d121d5718590ec3ad6f6bb5163af5354354049d00ed095ec7fe1b6bcc51b7c2,92,5.541850449838383,9.79869268479038,0.3695652173913043,0.0333656016565604,382.2831334459373,20,7.393984970742395,12.80182924320436,0.0,0.1534817676201783,678.7969941484793,72,5.0273686384761564,8.497474167490214,0.4722222222222222,0.0,299.9181721396756,1,0,12
B_E,9,12.0,8.05,600003,b81a6cb2712de7ec64d67a52b8b272e1f8216de3b33c17970bff56eb018bd070,93,7.3649987232936285,16.17730755584936,0.2473118279569892,1.3552168118235437,722.4621102501231,18,6.887316423680662,8.365586282760349,0.0,0.4256355811861188,577.4632847361327,75,7.479642475200738,18.627454258176755,0.3066666666666666,1.5783163071765254,757.2618283734807,4,0,12
B_N,9,12.0,8.05,600003,b81a6cb2712de7ec64d67a52b8b272e1f8216de3b33c17970bff56eb018bd070,93,7.3649987232936285,16.17730755584936,0.2473118279569892,1.3552168118235437,722.4621102501231,18,6.887316423680662,8.365586282760349,0.0,0.4256355811861188,577.4632847361327,75,7.479642475200738,18.627454258176755,0.3066666666666666,1.5783163071765254,757.2618283734807,4,0,12
B_E,9,12.0,8.05,600004,981b725d5c527733a88249b316771b1be46f0d8a38dce0e5ec8714e4f1b6630e,112,24.506348692018857,163.58306709782556,0.2857142857142857,17.993776424671914,4158.412595546628,36,34.50931548031723,239.71971988343023,0.0,26.38887594923027,6101.863096063446,76,19.768101265982786,95.64663089126624,0.4210526315789473,14.01715033409164,3237.830779512346,10,10,12
B_N,9,12.0,8.05,600004,981b725d5c527733a88249b316771b1be46f0d8a38dce0e5ec8714e4f1b6630e,112,24.506348692018857,163.58306709782556,0.2857142857142857,17.993776424671914,4158.412595546628,36,34.50931548031723,239.71971988343023,0.0,26.38887594923027,6101.863096063446,76,19.768101265982786,95.64663089126624,0.4210526315789473,14.01715033409164,3237.830779512346,10,10,12
B_E,9,12.0,8.05,600005,4015f5df30a63db5eb94f7b6e0b43d17834af4d9c27f81ece6920ba726f4c4d1,101,9.350272309982822,31.438940065547865,0.2871287128712871,2.920534741091525,1127.4802045708216,27,12.733783892026045,36.193178365891285,0.0,4.477927058682123,1746.7567784052096,74,8.115747813831916,27.11866479509032,0.3918918918918919,2.352297003592252,901.5279411447614,5,1,12
B_N,9,12.0,8.05,600005,4015f5df30a63db5eb94f7b6e0b43d17834af4d9c27f81ece6920ba726f4c4d1,101,9.350272309982822,31.438940065547865,0.2871287128712871,2.920534741091525,1127.4802045708216,27,12.733783892026045,36.193178365891285,0.0,4.477927058682123,1746.7567784052096,74,8.115747813831916,27.11866479509032,0.3918918918918919,2.352297003592252,901.5279411447614,5,1,12
B_E,9,12.0,8.05,600006,a3a6a83e29ec5cec02b85a9cbbbdda780e9431a8bfd90ba5e69ac03bfea71324,106,6.298306048611127,11.94427190999916,0.3113207547169811,0.2111051968398519,521.9253606656214,24,7.519625021400937,12.531416055337822,0.0,0.231687889724526,703.9250042801872,82,5.940846837062889,11.918695335854986,0.4024390243902439,0.2050809940443375,468.6571722906266,2,0,12
B_N,9,12.0,8.05,600006,a3a6a83e29ec5cec02b85a9cbbbdda780e9431a8bfd90ba5e69ac03bfea71324,106,6.298306048611127,11.94427190999916,0.3113207547169811,0.2111051968398519,521.9253606656214,24,7.519625021400937,12.531416055337822,0.0,0.231687889724526,703.9250042801872,82,5.940846837062889,11.918695335854986,0.4024390243902439,0.2050809940443375,468.6571722906266,2,0,12
B_E,9,12.0,8.05,600007,acf8e01a261fb372fca67bf8708b1c79ee108908095ae08c99c24386656ee60a,84,5.794371295137083,9.603509907195347,0.3333333333333333,0.4376225849430609,425.5409256940834,24,8.495354785891502,24.034858530609245,0.0,1.5316790473007131,899.0709571783004,60,4.713977898835316,8.497474167490214,0.4666666666666667,0.0,236.1289131003967,2,2,12
B_N,9,12.0,8.05,600007,acf8e01a261fb372fca67bf8708b1c79ee108908095ae08c99c24386656ee60a,84,5.829070728733677,11.276678038475776,0.3452380952380952,0.4376225849430609,434.8617647943545,24,8.724123243064398,24.21025566097878,0.0,1.5316790473007131,944.8246486128796,60,4.6710497230013885,8.497474167490214,0.4833333333333333,0.0,230.8766112669444,2,2,12
B_E,9,12.0,8.05,600008,e6b083c12f0744d3392c55196951985f27002547abbb4f10dca7465a9686f8e2,100,6.695241423170906,12.706813185707356,0.26,0.3155142370841349,591.0482846341807,26,8.042559568458703,12.706813185707356,0.0,0.3309372778102653,808.5119136917407,74,6.221859372123839,11.199652277192197,0.3513513513513513,0.3100953308830621,514.6421446950382,2,0,12
B_N,9,12.0,8.05,600008,e6b083c12f0744d3392c55196951985f27002547abbb4f10dca7465a9686f8e2,100,6.695241423170906,12.706813185707356,0.26,0.3155142370841349,591.0482846341807,26,8.042559568458703,12.706813185707356,0.0,0.3309372778102653,808.5119136917407,74,6.221859372123839,11.199652277192197,0.3513513513513513,0.3100953308830621,514.6421446950382,2,0,12
B_E,9,12.0,8.05,600009,911aa8c690fcfef61267e7d7394905029acb1a29896d6a5b82b366cf64e7cf4a,95,5.6476096532367865,12.063262183919834,0.3789473684210526,0.1204468551598103,405.3114043315682,25,8.099243641845018,12.706813185707356,0.0,0.0,819.8487283690035,70,4.772026085876708,8.497474167490214,0.5142857142857142,0.1634635891454568,257.2623600324844,2,0,12
B_N,9,12.0,8.05,600009,911aa8c690fcfef61267e7d7394905029acb1a29896d6a5b82b366cf64e7cf4a,95,5.658032105719188,12.063262183919834,0.3684210526315789,0.1204468551598103,405.2906316701536,25,7.94655289325339,12.706813185707356,0.0,0.0,789.3105786506782,70,4.840703253028403,8.497474167490214,0.5,0.1634635891454568,268.1406506056805,2,0,12
B_E,10,0.5,17.75,600000,ce6694e6c9efbeb4eab3af32b26f31061eaa163b50ddac724debb6216b30db69,8,5.5928473376379735,9.257449291954908,0.375,0.0,393.5694675275947,0,,,,,,8,5.5928473376379735,9.257449291954908,0.375,0.0,393.5694675275947,1,0,12
B_N,10,0.5,17.75,600000,ce6694e6c9efbeb4eab3af32b26f31061eaa163b50ddac724debb6216b30db69,8,5.5928473376379735,9.257449291954908,0.375,0.0,393.5694675275947,0,,,,,,8,5.5928473376379735,9.257449291954908,0.375,0.0,393.5694675275947,1,0,12
B_E,10,0.5,17.75,600001,586776df9e0e071cd22a04194982987b8ada24f621afa8cd7c3819db36b78d01,4,3.0,3.0,1.0,0.0,0.0,0,,,,,,4,3.0,3.0,1.0,0.0,0.0,1,0,12
B_N,10,0.5,17.75,600001,586776df9e0e071cd22a04194982987b8ada24f621afa8cd7c3819db36b78d01,4,3.0,3.0,1.0,0.0,0.0,0,,,,,,4,3.0,3.0,1.0,0.0,0.0,1,0,12
B_E,10,0.5,17.75,600002,01bb2a6b9060e124dca102e66dc2c62cd19cab55b0de66e2932178d9d7d53160,0,,,,,,0,,,,,,0,,,,,,0,0,12
B_N,10,0.5,17.75,600002,01bb2a6b9060e124dca102e66dc2c62cd19cab55b0de66e2932178d9d7d53160,0,,,,,,0,,,,,,0,,,,,,0,0,12
B_E,10,0.5,17.75,600003,7f004e60f20f07d97c8ad713019af0750940dac735f18ba2a79bd18b18b33fd9,10,10.038003153821922,22.750225071803506,0.1,1.9231251582947155,1227.6006307643845,1,7.216370213557839,7.216370213557839,0.0,0.0,643.2740427115679,9,10.351517924962376,22.83744581088978,0.1111111111111111,2.1368057314385727,1292.5258072146976,2,2,12
B_N,10,0.5,17.75,600003,7f004e60f20f07d97c8ad713019af0750940dac735f18ba2a79bd18b18b33fd9,10,10.038003153821922,22.750225071803506,0.1,1.9231251582947155,1227.6006307643845,1,7.216370213557839,7.216370213557839,0.0,0.0,643.2740427115679,9,10.351517924962376,22.83744581088978,0.1111111111111111,2.1368057314385727,1292.5258072146976,2,2,12
B_E,10,0.5,17.75,600004,1f13df51bfc5bf324fda5f91a67ac9faa6bc174967d5b3cf9965f8bd1df51209,3,7.413380709244777,7.748298551912571,0.0,0.0,682.6761418489554,2,7.216370213557839,7.216370213557839,0.0,0.0,643.2740427115679,1,7.8074017006186525,7.8074017006186525,0.0,0.0,761.4803401237305,1,0,12
B_N,10,0.5,17.75,600004,1f13df51bfc5bf324fda5f91a67ac9faa6bc174967d5b3cf9965f8bd1df51209,3,7.413380709244777,7.748298551912571,0.0,0.0,682.6761418489554,2,7.216370213557839,7.216370213557839,0.0,0.0,643.2740427115679,1,7.8074017006186525,7.8074017006186525,0.0,0.0,761.4803401237305,1,0,12
B_E,10,0.5,17.75,600005,138cd15ed728a61add9eda3cbbbec15ee78971e2ed66b90e824de3ca90b24c61,8,8.265927786335022,11.73686927591557,0.125,0.629830337084968,878.1855572670045,2,11.514807718348994,12.180992391048724,0.0,2.519321348339872,1502.9615436697986,6,7.182967808997032,9.79869268479038,0.1666666666666666,0.0,669.9268951327398,1,1,12
B_N,10,0.5,17.75,600005,138cd15ed728a61add9eda3cbbbec15ee78971e2ed66b90e824de3ca90b24c61,8,8.265927786335022,11.73686927591557,0.125,0.629830337084968,878.1855572670045,2,11.514807718348994,12.180992391048724,0.0,2.519321348339872,1502.9615436697986,6,7.182967808997032,9.79869268479038,0.1666666666666666,0.0,669.9268951327398,1,1,12
B_E,10,0.5,17.75,600006,49744e29552dcc0da3e5447bba86d4bd25a2a6880b94dc4c658a5d63517750c3,3,4.60246723353955,7.326661530556787,0.6666666666666666,0.0,253.8267800412435,0,,,,,,3,4.60246723353955,7.326661530556787,0.6666666666666666,0.0,253.8267800412435,1,0,12
B_N,10,0.5,17.75,600006,49744e29552dcc0da3e5447bba86d4bd25a2a6880b94dc4c658a5d63517750c3,3,4.60246723353955,7.326661530556787,0.6666666666666666,0.0,253.8267800412435,0,,,,,,3,4.60246723353955,7.326661530556787,0.6666666666666666,0.0,253.8267800412435,1,0,12
B_E,10,0.5,17.75,600007,affe10e3aeefa29366a4556e87e016fb407b3d34bff48211038c4a5e220013ab,2,3.942809041582064,4.791337179005921,0.5,0.0,88.56180831641271,0,,,,,,2,3.942809041582064,4.791337179005921,0.5,0.0,88.56180831641271,1,0,12
B_N,10,0.5,17.75,600007,affe10e3aeefa29366a4556e87e016fb407b3d34bff48211038c4a5e220013ab,2,3.942809041582064,4.791337179005921,0.5,0.0,88.56180831641271,0,,,,,,2,3.942809041582064,4.791337179005921,0.5,0.0,88.56180831641271,1,0,12
B_E,10,0.5,17.75,600008,d910c8692718bb53b2b3944a68a8ba4f583efda354abb3cedf8ea6ecdc2dcf18,1,3.0,3.0,1.0,0.0,0.0,0,,,,,,1,3.0,3.0,1.0,0.0,0.0,1,0,12
B_N,10,0.5,17.75,600008,d910c8692718bb53b2b3944a68a8ba4f583efda354abb3cedf8ea6ecdc2dcf18,1,3.0,3.0,1.0,0.0,0.0,0,,,,,,1,3.0,3.0,1.0,0.0,0.0,1,0,12
B_E,10,0.5,17.75,600009,b81854d2598655eb778e4da6b17af39e5db3435b3ba42747e0ac33af7b6eb944,4,4.525497074180492,6.866757393998782,0.5,0.0,205.09941483609836,0,,,,,,4,4.525497074180492,6.866757393998782,0.5,0.0,205.09941483609836,1,0,12
B_N,10,0.5,17.75,600009,b81854d2598655eb778e4da6b17af39e5db3435b3ba42747e0ac33af7b6eb944,4,4.525497074180492,6.866757393998782,0.5,0.0,205.09941483609836,0,,,,,,4,4.525497074180492,6.866757393998782,0.5,0.0,205.09941483609836,1,0,12
B_E,10,1.0,17.5,600000,aeafbeac9116371e0eca133a3d2e212a8176bb8bdcb0f87b88483b68a9550904,13,5.568032560056003,10.10984101058416,0.3846153846153846,0.0,390.5295889342775,1,10.774602526460402,10.774602526460402,0.0,0.0,1354.9205052920804,12,5.134151729522302,9.023610792119618,0.4166666666666667,0.0,310.163679237794,1,0,12
B_N,10,1.0,17.5,600000,aeafbeac9116371e0eca133a3d2e212a8176bb8bdcb0f87b88483b68a9550904,13,5.568032560056003,10.10984101058416,0.3846153846153846,0.0,390.5295889342775,1,10.774602526460402,10.774602526460402,0.0,0.0,1354.9205052920804,12,5.134151729522302,9.023610792119618,0.4166666666666667,0.0,310.163679237794,1,0,12
B_E,10,1.0,17.5,600001,91315c8e17f32280d457d938f463b570ef7e4cd539247c160c24035ea319aa87,6,4.016998049453661,6.633682180959411,0.6666666666666666,0.0,136.73294322406556,1,7.216370213557839,7.216370213557839,0.0,0.0,643.2740427115679,5,3.377123616632825,4.508494466531301,0.8,0.0,35.424723326565086,1,0,12
B_N,10,1.0,17.5,600001,91315c8e17f32280d457d938f463b570ef7e4cd539247c160c24035ea319aa87,6,4.016998049453661,6.633682180959411,0.6666666666666666,0.0,136.73294322406556,1,7.216370213557839,7.216370213557839,0.0,0.0,643.2740427115679,5,3.377123616632825,4.508494466531301,0.8,0.0,35.424723326565086,1,0,12
B_E,10,1.0,17.5,600002,5fec6754f8393bcd745a75f8a077fcb9908fc7b49053948570336e4b0dd051d5,6,4.818231666223436,7.659643828853449,0.5,0.0,263.64633324468724,1,7.216370213557839,7.216370213557839,0.0,0.0,643.2740427115679,5,4.338603956756556,7.223044977127746,0.6,0.0,187.7207913513112,1,0,12
B_N,10,1.0,17.5,600002,5fec6754f8393bcd745a75f8a077fcb9908fc7b49053948570336e4b0dd051d5,6,4.818231666223436,7.659643828853449,0.5,0.0,263.64633324468724,1,7.216370213557839,7.216370213557839,0.0,0.0,643.2740427115679,5,4.338603956756556,7.223044977127746,0.6,0.0,187.7207913513112,1,0,12
B_E,10,1.0,17.5,600003,7f004e60f20f07d97c8ad713019af0750940dac735f18ba2a79bd18b18b33fd9,12,8.865002628184937,22.575783593630945,0.25,1.6026042985789293,1023.0005256369872,1,7.216370213557839,7.216370213557839,0.0,0.0,643.2740427115679,11,9.014878302241945,22.663004332717225,0.2727272727272727,1.748295598449741,1057.5211149938434,2,0,12
B_N,10,1.0,17.5,600003,7f004e60f20f07d97c8ad713019af0750940dac735f18ba2a79bd18b18b33fd9,12,8.865002628184937,22.575783593630945,0.25,1.6026042985789293,1023.0005256369872,1,7.216370213557839,7.216370213557839,0.0,0.0,643.2740427115679,11,9.014878302241945,22.663004332717225,0.2727272727272727,1.748295598449741,1057.5211149938434,2,0,12
B_E,10,1.0,17.5,600004,754581dbe83383dad1b64e6f6bdc6d33c9ad4ce08e57003ca4330b6fdf0d2f36,6,7.139934098657751,8.324956050772323,0.0,0.0,627.9868197315503,2,7.216370213557839,7.216370213557839,0.0,0.0,643.2740427115679,4,7.101716041207707,8.39396329745948,0.0,0.0,620.3432082415416,1,0,12
B_N,10,1.0,17.5,600004,754581dbe83383dad1b64e6f6bdc6d33c9ad4ce08e57003ca4330b6fdf0d2f36,6,7.139934098657751,8.324956050772323,0.0,0.0,627.9868197315503,2,7.216370213557839,7.216370213557839,0.0,0.0,643.2740427115679,4,7.101716041207707,8.39396329745948,0.0,0.0,620.3432082415416,1,0,12
B_E,10,1.0,17.5,600005,226278f23554d3afdfa715fa7b2a8b0f74b182955ff0e83b68c2e093d246f877,14,9.02167422184906,17.391848552288316,0.0714285714285714,1.2785224693642314,1018.6205586555268,5,11.606372427676238,18.329935908703053,0.0,1.4754613732206052,1521.2744855352475,9,7.585730774167298,13.240486410105962,0.1111111111111111,1.169111967221801,739.3683770556814,2,0,12
B_N,10,1.0,17.5,600005,226278f23554d3afdfa715fa7b2a8b0f74b182955ff0e83b68c2e093d246f877,14,9.02167422184906,17.391848552288316,0.0714285714285714,1.2785224693642314,1018.6205586555268,5,11.606372427676238,18.329935908703053,0.0,1.4754613732206052,1521.2744855352475,9,7.585730774167298,13.240486410105962,0.1111111111111111,1.169111967221801,739.3683770556814,2,0,12
B_E,10,1.0,17.5,600006,d3120386c8a13181d43bb9b0aa1d817f54c57676132ed6a5fd1950a1d78a29e4,7,4.558484285334374,7.630092254500408,0.5714285714285714,0.0,225.98257135258908,1,7.216370213557839,7.216370213557839,0.0,0.0,643.2740427115679,6,4.11550329729713,7.076955796255021,0.6666666666666666,0.0,156.4339927927593,1,0,12
B_N,10,1.0,17.5,600006,d3120386c8a13181d43bb9b0aa1d817f54c57676132ed6a5fd1950a1d78a29e4,7,4.558484285334374,7.630092254500408,0.5714285714285714,0.0,225.98257135258908,1,7.216370213557839,7.216370213557839,0.0,0.0,643.2740427115679,6,4.11550329729713,7.076955796255021,0.6666666666666666,0.0,156.4339927927593,1,0,12
B_E,10,1.0,17.5,600007,affe10e3aeefa29366a4556e87e016fb407b3d34bff48211038c4a5e220013ab,2,3.942809041582064,4.791337179005921,0.5,0.0,88.56180831641271,0,,,,,,2,3.942809041582064,4.791337179005921,0.5,0.0,88.56180831641271,1,0,12
B_N,10,1.0,17.5,600007,affe10e3aeefa29366a4556e87e016fb407b3d34bff48211038c4a5e220013ab,2,3.942809041582064,4.791337179005921,0.5,0.0,88.56180831641271,0,,,,,,2,3.942809041582064,4.791337179005921,0.5,0.0,88.56180831641271,1,0,12
B_E,10,1.0,17.5,600008,d910c8692718bb53b2b3944a68a8ba4f583efda354abb3cedf8ea6ecdc2dcf18,2,3.0,3.0,1.0,0.0,0.0,0,,,,,,2,3.0,3.0,1.0,0.0,0.0,1,0,12
B_N,10,1.0,17.5,600008,d910c8692718bb53b2b3944a68a8ba4f583efda354abb3cedf8ea6ecdc2dcf18,2,3.0,3.0,1.0,0.0,0.0,0,,,,,,2,3.0,3.0,1.0,0.0,0.0,1,0,12
B_E,10,1.0,17.5,600009,b81854d2598655eb778e4da6b17af39e5db3435b3ba42747e0ac33af7b6eb944,6,4.016998049453661,6.633682180959411,0.6666666666666666,0.0,136.73294322406556,0,,,,,,6,4.016998049453661,6.633682180959411,0.6666666666666666,0.0,136.73294322406556,1,0,12
B_N,10,1.0,17.5,600009,b81854d2598655eb778e4da6b17af39e5db3435b3ba42747e0ac33af7b6eb944,6,4.016998049453661,6.633682180959411,0.6666666666666666,0.0,136.73294322406556,0,,,,,,6,4.016998049453661,6.633682180959411,0.6666666666666666,0.0,136.73294322406556,1,0,12
B_E,10,2.0,17.0,600000,90e60ca1c6688300f88bdb07496868ad0082866e787c03405e16ee19b06d2e01,20,6.738049138629668,10.39813608524763,0.3,0.1867875015119352,607.6098277259337,2,8.995486370009122,10.596690910815274,0.0,0.0,999.0972740018242,18,6.487222779587507,9.975209141074908,0.3333333333333333,0.2075416683465947,564.1112225841678,1,0,12
B_N,10,2.0,17.0,600000,90e60ca1c6688300f88bdb07496868ad0082866e787c03405e16ee19b06d2e01,20,6.738049138629668,10.39813608524763,0.3,0.1867875015119352,607.6098277259337,2,8.995486370009122,10.596690910815274,0.0,0.0,999.0972740018242,18,6.487222779587507,9.975209141074908,0.3333333333333333,0.2075416683465947,564.1112225841678,1,0,12
B_E,10,2.0,17.0,600001,53039db96ff5286b0fdfdd77c9c0ed2939dd63dd3afe33cfb3cb452f40c58baa,16,5.566745485799329,8.61381761061752,0.375,0.0,388.3490971598658,3,7.413380709244777,7.748298551912571,0.0,0.0,682.6761418489554,13,5.140598895773456,8.683623676493903,0.4615384615384615,0.0,320.4274714623835,1,0,12
B_N,10,2.0,17.0,600001,53039db96ff5286b0fdfdd77c9c0ed2939dd63dd3afe33cfb3cb452f40c58baa,16,5.566745485799329,8.61381761061752,0.375,0.0,388.3490971598658,3,7.413380709244777,7.748298551912571,0.0,0.0,682.6761418489554,13,5.140598895773456,8.683623676493903,0.4615384615384615,0.0,320.4274714623835,1,0,12
B_E,10,2.0,17.0,600002,a71220e066bcb652324bf4e3ec03a0fbd23c8521a609b69f8099d64751a1033b,16,5.655554427068149,7.8074017006186525,0.25,0.0,381.1108854136298,1,7.216370213557839,7.216370213557839,0.0,0.0,643.2740427115679,15,5.551500041302171,7.8074017006186525,0.2666666666666666,0.0,363.6333415937673,1,0,12
B_N,10,2.0,17.0,600002,a71220e066bcb652324bf4e3ec03a0fbd23c8521a609b69f8099d64751a1033b,16,5.655554427068149,7.8074017006186525,0.25,0.0,381.1108854136298,1,7.216370213557839,7.216370213557839,0.0,0.0,643.2740427115679,15,5.551500041302171,7.8074017006186525,0.2666666666666666,0.0,363.6333415937673,1,0,12
B_E,10,2.0,17.0,600003,d5da9519b51826f06db2390e945562a7439014e1a4b583c47347dd12e42f04e7,17,9.869433206629989,24.188356809289623,0.1764705882352941,2.609721738964949,1209.180758973056,2,14.48902632782988,21.034416830674715,0.0,5.493539957820758,2097.805265565976,15,9.253487457136668,24.514929352144435,0.2,2.225212643117508,1090.6974914273335,3,0,12
B_N,10,2.0,17.0,600003,d5da9519b51826f06db2390e945562a7439014e1a4b583c47347dd12e42f04e7,17,9.869433206629989,24.188356809289623,0.1764705882352941,2.609721738964949,1209.180758973056,2,14.48902632782988,21.034416830674715,0.0,5.493539957820758,2097.805265565976,15,9.253487457136668,24.514929352144435,0.2,2.225212643117508,1090.6974914273335,3,0,12
B_E,10,2.0,17.0,600004,08015b09d6e08a29d4f9839c9d57b3dc7e6ebeecaca99159567425fe577d3629,18,6.461971159648212,10.008307453166536,0.2222222222222222,0.0,536.8386763740871,2,7.216370213557839,7.216370213557839,0.0,0.0,643.2740427115679,16,6.367671277909509,10.23606797749979,0.25,0.0,523.5342555819019,1,0,12
B_N,10,2.0,17.0,600004,08015b09d6e08a29d4f9839c9d57b3dc7e6ebeecaca99159567425fe577d3629,18,6.358678661534434,9.01449382886655,0.2222222222222222,0.0,516.1801767513314,2,7.216370213557839,7.216370213557839,0.0,0.0,643.2740427115679,16,6.251467217531508,9.359173603117451,0.25,0.0,500.29344350630174,1,0,12
B_E,10,2.0,17.0,600005,704ab6495d9b3817c6775b5d8433f69d5620957551489012cc96207b8196090a,24,8.06709174607526,13.35576127833545,0.1666666666666666,0.5919023409963605,846.7516825483854,7,9.43000675163577,11.110350040397623,0.0,0.0,1086.001350327154,17,7.505891449667992,14.940365854524082,0.2352941176470588,0.835626834347803,748.2371134630101,2,0,12
B_N,10,2.0,17.0,600005,704ab6495d9b3817c6775b5d8433f69d5620957551489012cc96207b8196090a,24,8.06709174607526,13.35576127833545,0.1666666666666666,0.5919023409963605,846.7516825483854,7,9.43000675163577,11.110350040397623,0.0,0.0,1086.001350327154,17,7.505891449667992,14.940365854524082,0.2352941176470588,0.835626834347803,748.2371134630101,2,0,12
B_E,10,2.0,17.0,600006,0acea2babb43baad2c69a2b8f33af7027b2a3883261b8ea819a75577aa719d8c,17,4.904828054388413,7.945416193992965,0.4705882352941176,0.0,275.0832579365061,2,7.216370213557839,7.216370213557839,0.0,0.0,643.2740427115679,15,4.596622433165822,8.01442344068012,0.5333333333333333,0.0,225.9911532998312,1,0,12
B_N,10,2.0,17.0,600006,0acea2babb43baad2c69a2b8f33af7027b2a3883261b8ea819a75577aa719d8c,17,4.904828054388413,7.945416193992965,0.4705882352941176,0.0,275.0832579365061,2,7.216370213557839,7.216370213557839,0.0,0.0,643.2740427115679,15,4.596622433165822,8.01442344068012,0.5333333333333333,0.0,225.9911532998312,1,0,12
B_E,10,2.0,17.0,600007,a58e0b3d3657ddbe5a779f68bce2dfbba37b0acdb22295c75cb8e466cafd4627,8,4.91641225040936,7.168309494902025,0.25,0.0,233.282450081872,0,,,,,,8,4.91641225040936,7.168309494902025,0.25,0.0,233.282450081872,1,0,12
B_N,10,2.0,17.0,600007,a58e0b3d3657ddbe5a779f68bce2dfbba37b0acdb22295c75cb8e466cafd4627,8,4.91641225040936,7.168309494902025,0.25,0.0,233.282450081872,0,,,,,,8,4.91641225040936,7.168309494902025,0.25,0.0,233.282450081872,1,0,12
B_E,10,2.0,17.0,600008,09c857419d4e90d347be226b88cea527f9833a3439ccec30812aeaa7c91bd61f,11,5.498324310520386,9.148083426140296,0.3636363636363636,0.0,372.3921348313499,2,7.216370213557839,7.216370213557839,0.0,0.0,643.2740427115679,9,5.116536332067619,9.278205277870311,0.4444444444444444,0.0,312.1961553024126,1,0,12
B_N,10,2.0,17.0,600008,09c857419d4e90d347be226b88cea527f9833a3439ccec30812aeaa7c91bd61f,11,5.498324310520386,9.148083426140296,0.3636363636363636,0.0,372.3921348313499,2,7.216370213557839,7.216370213557839,0.0,0.0,643.2740427115679,9,5.116536332067619,9.278205277870311,0.4444444444444444,0.0,312.1961553024126,1,0,12
B_E,10,2.0,17.0,600009,709617fa96d9b7e0e8b84a3df7c298dcd6f05e816e4ebf262e9b3e03d6f62824,15,4.259799758481781,7.393679659676082,0.6,0.0,171.95995169635617,1,7.216370213557839,7.216370213557839,0.0,0.0,643.2740427115679,14,4.048616154547777,7.4232312340291235,0.6428571428571429,0.0,138.2946594809839,1,0,12
B_N,10,2.0,17.0,600009,709617fa96d9b7e0e8b84a3df7c298dcd6f05e816e4ebf262e9b3e03d6f62824,15,4.259799758481781,7.393679659676082,0.6,0.0,171.95995169635617,1,7.216370213557839,7.216370213557839,0.0,0.0,643.2740427115679,14,4.048616154547777,7.4232312340291235,0.6428571428571429,0.0,138.2946594809839,1,0,12
B_E,10,4.0,16.0,600000,74bf06337dac1e2c660f5812121fce012c899964e1c09e1c737bb1d84b41afcb,37,6.870913118273972,13.253852834541474,0.3243243243243243,0.4445351877440918,639.0474885196592,3,9.335480772827635,12.021479543149011,0.0,0.184859996161928,1067.0961545655273,34,6.653451266401588,13.386617254860658,0.3529411764705882,0.4674477046484004,601.2784885744354,2,0,12
B_N,10,4.0,16.0,600000,74bf06337dac1e2c660f5812121fce012c899964e1c09e1c737bb1d84b41afcb,37,6.870913118273972,13.253852834541474,0.3243243243243243,0.4445351877440918,639.0474885196592,3,9.335480772827635,12.021479543149011,0.0,0.184859996161928,1067.0961545655273,34,6.653451266401588,13.386617254860658,0.3529411764705882,0.4674477046484004,601.2784885744354,2,0,12
B_E,10,4.0,16.0,600001,1a017547d7ba50c7cad9f6cd2ed82b54c04c97f0f243eced29e32f520023c1f2,31,5.556548247452492,9.08207041707844,0.3870967741935484,0.0,388.7290043292081,8,7.808907124435864,9.736082237415788,0.0,0.0,761.7814248871725,23,4.773119072849581,8.497474167490214,0.5217391304347826,0.0,258.9716406568726,1,0,12
B_N,10,4.0,16.0,600001,1a017547d7ba50c7cad9f6cd2ed82b54c04c97f0f243eced29e32f520023c1f2,31,5.556548247452492,9.08207041707844,0.3870967741935484,0.0,388.7290043292081,8,7.808907124435864,9.736082237415788,0.0,0.0,761.7814248871725,23,4.773119072849581,8.497474167490214,0.5217391304347826,0.0,258.9716406568726,1,0,12
B_E,10,4.0,16.0,600002,cc1197b554b39a74cc40852bb1841fb2feb70bce21d46cf819d7bf063dbac434,32,5.587763596059936,8.497474167490214,0.375,0.0,392.552719211987,3,8.71137398485804,10.780055206419728,0.0,0.0,942.2747969716078,29,5.264631486873925,8.497474167490214,0.4137931034482758,0.0,335.6849180644401,1,0,12
B_N,10,4.0,16.0,600002,cc1197b554b39a74cc40852bb1841fb2feb70bce21d46cf819d7bf063dbac434,32,5.587763596059936,8.497474167490214,0.375,0.0,392.552719211987,3,8.71137398485804,10.780055206419728,0.0,0.0,942.2747969716078,29,5.264631486873925,8.497474167490214,0.4137931034482758,0.0,335.6849180644401,1,0,12
B_E,10,4.0,16.0,600003,3cbf6ecfe24a513a1e8892531ad8a4287efffaf39aa660e5f774ad6e58bac496,32,7.775735313256216,20.51149776517413,0.28125,1.0301523091691251,811.3970626512431,3,11.29917962197167,18.239955616275186,0.0,2.821599479599778,1459.835924394334,29,7.411241074423582,19.286655852272315,0.3103448275862069,0.844830188090092,744.3171804019578,2,0,12
B_N,10,4.0,16.0,600003,3cbf6ecfe24a513a1e8892531ad8a4287efffaf39aa660e5f774ad6e58bac496,32,7.775735313256216,20.51149776517413,0.28125,1.0301523091691251,811.3970626512431,3,11.29917962197167,18.239955616275186,0.0,2.821599479599778,1459.835924394334,29,7.411241074423582,19.286655852272315,0.3103448275862069,0.844830188090092,744.3171804019578,2,0,12
B_E,10,4.0,16.0,600004,d57c256b09f546091c9a72d1e90fde672e177abdc5d6ece86419aaad252b93a0,41,6.3172823628861146,9.79869268479038,0.3170731707317073,0.1451271358734031,526.8711067235645,6,7.631173788919952,8.78747055915694,0.0,0.2177930796751752,726.2347577839904,35,6.092043832708885,10.3203345743264,0.3714285714285714,0.1326701169359564,492.6944808274915,2,0,12
B_N,10,4.0,16.0,600004,d57c256b09f546091c9a72d1e90fde672e177abdc5d6ece86419aaad252b93a0,41,6.2113792426883245,9.79869268479038,0.3414634146341463,0.1451271358734031,510.5685314644941,6,7.631173788919952,8.78747055915694,0.0,0.2177930796751752,726.2347577839904,35,5.96798589190576,10.3203345743264,0.4,0.1326701169359564,473.5971783811519,2,0,12
B_E,10,4.0,16.0,600005,a70ae417347b881c6e8559e9a1d9ca9c529be7cc3fb63aa33f392e2a4da0a6b2,31,6.5728721290851855,10.87148229739477,0.2580645161290322,0.0721665811431575,566.1873290428433,7,7.300803283137955,7.630092254500408,0.0,0.0,660.1606566275912,24,6.360558875819794,11.622435026217838,0.3333333333333333,0.0932151673099118,538.7784418306252,1,0,12
B_N,10,4.0,16.0,600005,a70ae417347b881c6e8559e9a1d9ca9c529be7cc3fb63aa33f392e2a4da0a6b2,31,6.5728721290851855,10.87148229739477,0.2580645161290322,0.0721665811431575,566.1873290428433,7,7.300803283137955,7.630092254500408,0.0,0.0,660.1606566275912,24,6.360558875819794,11.622435026217838,0.3333333333333333,0.0932151673099118,538.7784418306252,1,0,12
B_E,10,4.0,16.0,600006,b6f48bd51fa93922b372cc8dc1a7e909035288dfea9ba9c78a965180cb41ce09,30,5.719145908114927,10.459411708155669,0.4,0.0,423.8291816229851,6,8.715595211675332,12.071067811865476,0.0,0.0,943.1190423350664,24,4.970033582224825,9.673315973071738,0.5,0.0,294.0067164449649,1,0,12
B_N,10,4.0,16.0,600006,b6f48bd51fa93922b372cc8dc1a7e909035288dfea9ba9c78a965180cb41ce09,30,5.719145908114927,10.459411708155669,0.4,0.0,423.8291816229851,6,8.715595211675332,12.071067811865476,0.0,0.0,943.1190423350664,24,4.970033582224825,9.673315973071738,0.5,0.0,294.0067164449649,1,0,12
B_E,10,4.0,16.0,600007,c6bc9e80c5869a699b72878f6b0f981abcef5bdf3043c0362bc4f26641d8e6fd,26,4.912555604521578,7.8074017006186525,0.3846153846153846,0.0,259.4341978273923,1,7.216370213557839,7.216370213557839,0.0,0.0,643.2740427115679,25,4.820403020160127,7.8074017006186525,0.4,0.0,244.0806040320253,1,0,12
B_N,10,4.0,16.0,600007,c6bc9e80c5869a699b72878f6b0f981abcef5bdf3043c0362bc4f26641d8e6fd,26,4.912555604521578,7.8074017006186525,0.3846153846153846,0.0,259.4341978273923,1,7.216370213557839,7.216370213557839,0.0,0.0,643.2740427115679,25,4.820403020160127,7.8074017006186525,0.4,0.0,244.0806040320253,1,0,12
B_E,10,4.0,16.0,600008,1ba673e762155430751cb27a2ccb8b8cc4649330ed7deee59616a13930974867,28,6.669975344600195,17.467715973506046,0.3928571428571428,1.1912596453733255,612.5664974914677,5,10.851712312212316,18.630706486818077,0.0,2.59299805820192,1370.3424624424636,23,5.760902090771474,9.79869268479038,0.4782608695652174,0.886533903454066,447.832592067338,2,0,12
B_N,10,4.0,16.0,600008,1ba673e762155430751cb27a2ccb8b8cc4649330ed7deee59616a13930974867,28,6.669975344600195,17.467715973506046,0.3928571428571428,1.1912596453733255,612.5664974914677,5,10.851712312212316,18.630706486818077,0.0,2.59299805820192,1370.3424624424636,23,5.760902090771474,9.79869268479038,0.4782608695652174,0.886533903454066,447.832592067338,2,0,12
B_E,10,4.0,16.0,600009,6af662776372b8ea9d4803797e8da85bb64bc1ab907932d8edbc764e1947370d,33,5.207234348031873,8.497474167490214,0.4242424242424242,0.0,326.2953544548596,4,7.216370213557839,7.216370213557839,0.0,0.0,643.2740427115679,29,4.930112159683464,8.497474167490214,0.4827586206896552,0.0,282.57415607462394,1,0,12
B_N,10,4.0,16.0,600009,6af662776372b8ea9d4803797e8da85bb64bc1ab907932d8edbc764e1947370d,33,5.207234348031873,8.497474167490214,0.4242424242424242,0.0,326.2953544548596,4,7.216370213557839,7.216370213557839,0.0,0.0,643.2740427115679,29,4.930112159683464,8.497474167490214,0.4827586206896552,0.0,282.57415607462394,1,0,12
B_E,10,5.0,15.483333333333333,600000,fc5b39fa23b4db88d0ca4fd4435f408f9cc798d53e025e9f97c4ae2f57597dc5,49,6.726138237222786,12.071853842789896,0.32653061224489793,0.24998464341998833,610.5337698935368,4,8.392331160670128,10.412709400857006,0.0,0.13864499712144607,878.4662321340259,45,6.5780321995830215,12.249972129305265,0.35555555555555557,0.2598815008687476,586.7175510277157,2,0,12
B_N,10,5.0,15.483333333333333,600000,fc5b39fa23b4db88d0ca4fd4435f408f9cc798d53e025e9f97c4ae2f57597dc5,49,6.726138237222786,12.071853842789896,0.32653061224489793,0.24998464341998833,610.5337698935368,4,8.392331160670128,10.412709400857006,0.0,0.13864499712144607,878.4662321340259,45,6.5780321995830215,12.249972129305265,0.35555555555555557,0.2598815008687476,586.7175510277157,2,0,12
B_E,10,5.0,15.483333333333333,600001,df2f966adb01bde12b59a0ff15fce8f5affc2e42e86c8d37d24e4cb8016f91bc,39,5.390677821262199,9.046432414478534,0.41025641025641024,0.0,360.1868463037218,8,7.808907124435862,9.736082237415788,0.0,0.0,761.7814248871725,31,4.76661864624964,8.730161053744826,0.5161290322580645,0.0,256.5495357015409,1,0,12
B_N,10,5.0,15.483333333333333,600001,df2f966adb01bde12b59a0ff15fce8f5affc2e42e86c8d37d24e4cb8016f91bc,39,5.390677821262199,9.046432414478534,0.41025641025641024,0.0,360.1868463037218,8,7.808907124435862,9.736082237415788,0.0,0.0,761.7814248871725,31,4.76661864624964,8.730161053744826,0.5161290322580645,0.0,256.5495357015409,1,0,12
B_E,10,5.0,15.483333333333333,600002,b04049cca9a5244ed44a66f0d0579aac86d6c5788d6b326adcd8e1290f2acada,40,6.050548470694308,10.791389902157263,0.325,0.0,475.1096941388616,4,10.11673919848427,11.059987913307042,0.0,0.0,1223.3478396968542,36,5.598749500939867,8.497474167490214,0.3611111111111111,0.0,391.97212241019577,1,0,12
B_N,10,5.0,15.483333333333333,600002,b04049cca9a5244ed44a66f0d0579aac86d6c5788d6b326adcd8e1290f2acada,40,6.050548470694308,10.791389902157263,0.325,0.0,475.1096941388616,4,10.11673919848427,11.059987913307042,0.0,0.0,1223.3478396968542,36,5.598749500939867,8.497474167490214,0.3611111111111111,0.0,391.97212241019577,1,0,12
B_E,10,5.0,15.483333333333333,600003,a8600c46edd4058270d382a3f5ebe487223f853d5e08361f23167f1ce96d8620,44,7.845038620127401,21.033943428337114,0.29545454545454547,1.0629224730521607,828.0986331163895,6,11.321996304948035,23.744697711393826,0.0,2.8260244891765374,1464.3992609896068,38,7.296045301471513,17.50196036525619,0.34210526315789475,0.7845379441904171,727.6301129258816,3,0,12
B_N,10,5.0,15.483333333333333,600003,a8600c46edd4058270d382a3f5ebe487223f853d5e08361f23167f1ce96d8620,44,7.845038620127401,21.033943428337114,0.29545454545454547,1.0629224730521607,828.0986331163895,6,11.321996304948035,23.744697711393826,0.0,2.8260244891765374,1464.3992609896068,38,7.296045301471513,17.50196036525619,0.34210526315789475,0.7845379441904171,727.6301129258816,3,0,12
B_E,10,5.0,15.483333333333333,600004,c260acdcdf6d5da6e36469e2dbed7650c2de2a0f887cd1b083eb15ab7cd4b496,47,6.822092578991191,12.428090415820634,0.2978723404255319,0.357310456996121,623.9929838833449,6,8.183495495111773,11.27291823702014,0.0,0.0,836.6990990223547,41,6.622862883949155,12.428090415820634,0.34146341463414637,0.4095997921662851,592.8652597166606,2,0,12
B_N,10,5.0,15.483333333333333,600004,c260acdcdf6d5da6e36469e2dbed7650c2de2a0f887cd1b083eb15ab7cd4b496,47,6.729709006052692,12.428090415820634,0.3191489361702128,0.357310456996121,609.7715884445814,6,8.183495495111773,11.27291823702014,0.0,0.0,836.6990990223547,41,6.516959763751364,12.428090415820634,0.36585365853658536,0.4095997921662851,576.5626844575901,2,0,12
B_E,10,5.0,15.483333333333333,600005,3c414f6407809f82d24384d04aa25dfa462e4cfb44b9850615cd42b81abdaf89,35,6.080675559431526,9.79869268479038,0.2857142857142857,0.06391897186965383,473.27796902916236,7,7.300803283137955,7.630092254500408,0.0,0.0,660.1606566275912,28,5.775643628504918,9.79869268479038,0.35714285714285715,0.07989871483706727,426.55729712955514,1,0,12
B_N,10,5.0,15.483333333333333,600005,3c414f6407809f82d24384d04aa25dfa462e4cfb44b9850615cd42b81abdaf89,35,6.080675559431526,9.79869268479038,0.2857142857142857,0.06391897186965383,473.27796902916236,7,7.300803283137955,7.630092254500408,0.0,0.0,660.1606566275912,28,5.775643628504918,9.79869268479038,0.35714285714285715,0.07989871483706727,426.55729712955514,1,0,12
B_E,10,5.0,15.483333333333333,600006,37e5b461d44e0b3a7ca831e7428af195fcb3cbe5cbc29965ad20be04ef1bcf16,40,5.986995293975698,10.785872400137382,0.4,0.0,477.3990587951395,7,9.518058015630709,11.999663291074443,0.0,0.0,1103.6116031261415,33,5.237981989382211,9.297185837915816,0.48484848484848486,0.0,344.5660948461392,1,0,12
B_N,10,5.0,15.483333333333333,600006,37e5b461d44e0b3a7ca831e7428af195fcb3cbe5cbc29965ad20be04ef1bcf16,40,5.986995293975698,10.785872400137382,0.4,0.0,477.3990587951395,7,9.518058015630709,11.999663291074443,0.0,0.0,1103.6116031261415,33,5.237981989382211,9.297185837915816,0.48484848484848486,0.0,344.5660948461392,1,0,12
B_E,10,5.0,15.483333333333333,600007,2fdc593d25a15fc700380a4042c1347ffe22115e06e17244bd46a5b148dee0ef,31,4.932440770036074,8.385124820309047,0.41935483870967744,0.0,270.35912174915023,2,7.216370213557839,7.216370213557839,0.0,0.0,643.2740427115679,29,4.77492839462078,8.500669444247123,0.4482758620689655,0.0,244.64085133794902,1,0,12
B_N,10,5.0,15.483333333333333,600007,2fdc593d25a15fc700380a4042c1347ffe22115e06e17244bd46a5b148dee0ef,31,4.932440770036074,8.385124820309047,0.41935483870967744,0.0,270.35912174915023,2,7.216370213557839,7.216370213557839,0.0,0.0,643.2740427115679,29,4.77492839462078,8.500669444247123,0.4482758620689655,0.0,244.64085133794902,1,0,12
B_E,10,5.0,15.483333333333333,600008,ed25f895c78d1b8aa9b362de1ab48861d17e6de08a7400c2588ff5d890c1bfbd,30,6.2357246235814205,11.244861436857011,0.36666666666666664,0.6796759926481173,520.4782580496174,5,8.258714254010398,11.385746375368074,0.0,0.0,851.7428508020796,25,5.831126697495624,9.79869268479038,0.44,0.8156111911777407,454.22533949912497,1,0,12
B_N,10,5.0,15.483333333333333,600008,ed25f895c78d1b8aa9b362de1ab48861d17e6de08a7400c2588ff5d890c1bfbd,30,6.2357246235814205,11.244861436857011,0.36666666666666664,0.6796759926481173,520.4782580496174,5,8.258714254010398,11.385746375368074,0.0,0.0,851.7428508020796,25,5.831126697495624,9.79869268479038,0.44,0.8156111911777407,454.22533949912497,1,0,12
B_E,10,5.0,15.483333333333333,600009,81d0b21d0fb6f96b7c945892a33f7be45fe97719ca48eb8ab35188510d164b46,40,5.891321020840199,10.209938882026725,0.375,0.0,453.2642041680398,5,8.757869436131026,10.774602526460402,0.0,0.0,951.5738872262054,35,5.481814104370081,8.848231917243147,0.42857142857142855,0.0,382.0771065883019,1,0,12
B_N,10,5.0,15.483333333333333,600009,81d0b21d0fb6f96b7c945892a33f7be45fe97719ca48eb8ab35188510d164b46,40,6.160591601549011,10.209938882026725,0.325,0.0,497.11832030980213,5,8.757869436131026,10.774602526460402,0.0,0.0,951.5738872262054,35,5.7895519108944375,9.70627447210378,0.37142857142857144,0.0,432.1960964646017,1,0,12
B_E,10,6.0,14.983333333333333,600000,bee8cdb1461a1f36768b709677b670da2b5a5e6b1feb14436b0d3671d06d736b,57,6.748238875259844,10.457578154912802,0.24561403508771928,0.27935998626637965,598.7705820695127,5,11.262572776307458,20.793415887166127,0.0,2.437553837388987,1452.5145552614918,52,6.314168307851419,9.846113181689956,0.2692307692307692,0.07184134673535972,516.6798154164377,2,0,12
B_N,10,6.0,14.983333333333333,600000,bee8cdb1461a1f36768b709677b670da2b5a5e6b1feb14436b0d3671d06d736b,57,6.748238875259844,10.457578154912802,0.24561403508771928,0.27935998626637965,598.7705820695127,5,11.262572776307458,20.793415887166127,0.0,2.437553837388987,1452.5145552614918,52,6.314168307851419,9.846113181689956,0.2692307692307692,0.07184134673535972,516.6798154164377,2,0,12
B_E,10,6.0,14.983333333333333,600001,3c19a804be0d0f09562a23423abbd482c68dfbf10843abd82b3f1f60bc15305b,44,5.4396159196667675,8.893041874123057,0.38636363636363635,0.0,365.1959112060806,8,8.221775666908234,10.992838410519598,0.0,0.0,844.3551333816469,36,4.821358198057552,7.979919817336543,0.4722222222222222,0.0,258.71608405595475,1,0,12
B_N,10,6.0,14.983333333333333,600001,3c19a804be0d0f09562a23423abbd482c68dfbf10843abd82b3f1f60bc15305b,44,5.4396159196667675,8.893041874123057,0.38636363636363635,0.0,365.1959112060806,8,8.221775666908234,10.992838410519598,0.0,0.0,844.3551333816469,36,4.821358198057552,7.979919817336543,0.4722222222222222,0.0,258.71608405595475,1,0,12
B_E,10,6.0,14.983333333333333,600002,6e8b6577b202a9d5c381beb502f8c4881aaf3ce85b4cd6e8f2edebf0d7b9bd65,45,6.10592387826273,9.79869268479038,0.28888888888888886,0.0,478.96255343032414,5,8.046222973550515,10.181162361292051,0.0,0.0,809.2445947101029,40,5.863386491351759,9.79869268479038,0.325,0.0,437.6772982703516,1,0,12
B_N,10,6.0,14.983333333333333,600002,6e8b6577b202a9d5c381beb502f8c4881aaf3ce85b4cd6e8f2edebf0d7b9bd65,45,6.10592387826273,9.79869268479038,0.28888888888888886,0.0,478.96255343032414,5,8.046222973550515,10.181162361292051,0.0,0.0,809.2445947101029,40,5.863386491351759,9.79869268479038,0.325,0.0,437.6772982703516,1,0,12
B_E,10,6.0,14.983333333333333,600003,81b70d93397fe40a78d3dbb7486464ee113c8ab98da9b8b3dc368e2b97e1dc01,48,7.499203598116966,19.599673488470085,0.2708333333333333,0.7998819546108583,754.0073862900599,6,10.811681543556253,21.4482812851308,0.0,2.3157097277847547,1362.3363087112502,42,7.025992463054212,15.325559028359963,0.30952380952380953,0.5833351298717302,667.1032545156041,3,0,12
B_N,10,6.0,14.983333333333333,600003,81b70d93397fe40a78d3dbb7486464ee113c8ab98da9b8b3dc368e2b97e1dc01,48,7.499203598116966,19.599673488470085,0.2708333333333333,0.7998819546108583,754.0073862900599,6,10.811681543556253,21.4482812851308,0.0,2.3157097277847547,1362.3363087112502,42,7.025992463054212,15.325559028359963,0.30952380952380953,0.5833351298717302,667.1032545156041,3,0,12
B_E,10,6.0,14.983333333333333,600004,0fca4f55781203743cc04d4e5d9dfd8c1b5fffbdc610cd1aa12477db94ca9ebb,53,6.415134998450826,11.537498983243799,0.3018867924528302,0.1427864093522383,540.4247925407346,7,7.3852363527180716,7.8074017006186525,0.0,0.0,677.0472705436142,46,6.267510879323202,11.537498983243799,0.34782608695652173,0.16451477599279632,519.63441545334,1,0,12
B_N,10,6.0,14.983333333333333,600004,0fca4f55781203743cc04d4e5d9dfd8c1b5fffbdc610cd1aa12477db94ca9ebb,53,6.110002863487968,10.774602526460402,0.3584905660377358,0.05468497735795231,490.7191202651441,7,9.38204282107331,11.009625786216459,0.0,0.0,1076.4085642146617,46,5.61208373950759,9.589731498592645,0.41304347826086957,0.06300660434720592,401.5924657510871,1,0,12
B_E,10,6.0,14.983333333333333,600005,70203cd410e6979678c523baae2e5adb4f14dca0e77af89da996add9df92a22d,44,6.409165787950436,10.774602526460402,0.3181818181818182,0.050844636714497356,545.4695212264509,9,8.138428835771924,10.774602526460402,0.0,0.0,827.6857671543845,35,5.964498147082054,11.097528301049413,0.4,0.06391897186965383,472.89962941641073,1,0,12
B_N,10,6.0,14.983333333333333,600005,70203cd410e6979678c523baae2e5adb4f14dca0e77af89da996add9df92a22d,44,6.409165787950436,10.774602526460402,0.3181818181818182,0.050844636714497356,545.4695212264509,9,8.138428835771924,10.774602526460402,0.0,0.0,827.6857671543845,35,5.964498147082054,11.097528301049413,0.4,0.06391897186965383,472.89962941641073,1,0,12
B_E,10,6.0,14.983333333333333,600006,ed88cd40c0d79f75d0d2c76c9426b0bb312f1dbd13d15838103e4044a9d58ab0,50,5.819852369628327,9.73928097663471,0.38,0.0,439.97047392566543,8,8.221775666908234,10.992838410519598,0.0,0.0,844.3551333816469,42,5.362343170146439,8.96284793999944,0.4523809523809524,0.0,362.94482450547844,1,0,12
B_N,10,6.0,14.983333333333333,600006,ed88cd40c0d79f75d0d2c76c9426b0bb312f1dbd13d15838103e4044a9d58ab0,50,5.819852369628327,9.73928097663471,0.38,0.0,439.97047392566543,8,8.221775666908234,10.992838410519598,0.0,0.0,844.3551333816469,42,5.362343170146439,8.96284793999944,0.4523809523809524,0.0,362.94482450547844,1,0,12
B_E,10,6.0,14.983333333333333,600007,973a09af07983e16a35e4887f850bb6459f0925bd7d0609e4878e410e25d8074,38,4.947243645992799,7.9807186365257685,0.39473684210526316,0.0,268.39609761961236,4,7.216370213557839,7.216370213557839,0.0,0.0,643.2740427115679,34,4.68028757922044,8.211807884401926,0.4411764705882353,0.0,224.29280996173523,1,0,12
B_N,10,6.0,14.983333333333333,600007,973a09af07983e16a35e4887f850bb6459f0925bd7d0609e4878e410e25d8074,38,4.947243645992799,7.9807186365257685,0.39473684210526316,0.0,268.39609761961236,4,7.216370213557839,7.216370213557839,0.0,0.0,643.2740427115679,34,4.68028757922044,8.211807884401926,0.4411764705882353,0.0,224.29280996173523,1,0,12
B_E,10,6.0,14.983333333333333,600008,403504a83acfdaa92f96974b51585ae3644bf2d111b7ef58fc354a81a7186c7c,36,5.889908242100236,10.58141053791244,0.3333333333333333,0.056098306691839954,444.64831508671375,6,8.440013896781958,10.9436506316151,0.0,0.0,888.0027793563919,30,5.379887111163891,9.79869268479038,0.4,0.06731796803020794,355.9774222327781,1,0,12
B_N,10,6.0,14.983333333333333,600008,403504a83acfdaa92f96974b51585ae3644bf2d111b7ef58fc354a81a7186c7c,36,5.889908242100236,10.58141053791244,0.3333333333333333,0.056098306691839954,444.64831508671375,6,8.440013896781958,10.9436506316151,0.0,0.0,888.0027793563919,30,5.379887111163891,9.79869268479038,0.4,0.06731796803020794,355.9774222327781,1,0,12
B_E,10,6.0,14.983333333333333,600009,5ade758d7813d659e97992bf42a8c11efe32403360bf782765b0f64b08a5946e,46,5.29151796399801,8.497474167490214,0.41304347826086957,0.0,340.91228845177574,6,7.86536685136447,10.136855083687678,0.0,0.0,773.073370272894,40,4.9054406308930405,8.497474167490214,0.475,0.0,276.088126178608,1,0,12
B_N,10,6.0,14.983333333333333,600009,5ade758d7813d659e97992bf42a8c11efe32403360bf782765b0f64b08a5946e,46,5.29151796399801,8.497474167490214,0.41304347826086957,0.0,340.91228845177574,6,7.86536685136447,10.136855083687678,0.0,0.0,773.073370272894,40,4.9054406308930405,8.497474167490214,0.475,0.0,276.088126178608,1,0,12
B_E,10,8.0,13.883333333333333,600000,fa1d2ccd934ca3e6757aa64f7df323f0bb38436d1018851ef4b3821079050304,63,7.392628856757707,13.103462879997243,0.238095238095238,0.4966800760185357,726.1448189705889,6,8.509146174510494,11.574509069480268,0.0,0.8987549695787796,901.8292349020988,57,7.275100718046888,13.834871814806473,0.2631578947368421,0.4543564030121942,707.6517225567459,2,0,12
B_N,10,8.0,13.883333333333333,600000,fa1d2ccd934ca3e6757aa64f7df323f0bb38436d1018851ef4b3821079050304,63,7.392628856757707,13.103462879997243,0.238095238095238,0.4966800760185357,726.1448189705889,6,8.509146174510494,11.574509069480268,0.0,0.8987549695787796,901.8292349020988,57,7.275100718046888,13.834871814806473,0.2631578947368421,0.4543564030121942,707.6517225567459,2,0,12
B_E,10,8.0,13.883333333333333,600001,60125f0bf2adc8941a055d8110d4ead3a7288cd56fe2fc5f739c4588db256cd6,59,5.58755618356139,9.03322981266616,0.3559322033898305,0.0,388.69767739024405,9,7.743069689893861,9.587722196123702,0.0,0.0,748.613937978772,50,5.199563752421545,8.96284793999944,0.42,0.0,323.912750484309,1,0,12
B_N,10,8.0,13.883333333333333,600001,60125f0bf2adc8941a055d8110d4ead3a7288cd56fe2fc5f739c4588db256cd6,59,5.58755618356139,9.03322981266616,0.3559322033898305,0.0,388.69767739024405,9,7.743069689893861,9.587722196123702,0.0,0.0,748.613937978772,50,5.199563752421545,8.96284793999944,0.42,0.0,323.912750484309,1,0,12
B_E,10,8.0,13.883333333333333,600002,1071ddfece23d5b1f7bfa1a062451e48fa8a934b031653358e26110c27061c1f,58,7.548138148571801,18.91444823660074,0.3448275862068966,1.2714465705220988,778.5931469557395,7,8.280971947806746,11.00962578621646,0.0,0.0,856.1943895613492,51,7.44755311730426,19.419384825995543,0.392156862745098,1.4459588449074847,767.9419960098714,2,0,12
B_N,10,8.0,13.883333333333333,600002,1071ddfece23d5b1f7bfa1a062451e48fa8a934b031653358e26110c27061c1f,58,7.548138148571801,18.91444823660074,0.3448275862068966,1.2714465705220988,778.5931469557395,7,8.280971947806746,11.00962578621646,0.0,0.0,856.1943895613492,51,7.44755311730426,19.419384825995543,0.392156862745098,1.4459588449074847,767.9419960098714,2,0,12
B_E,10,8.0,13.883333333333333,600003,a7cd27a65aea3c1b1e078f658c8d3cb7e5824fac4e6f1544129ca2ef12b23640,58,7.120046605705456,16.46949712649244,0.2758620689655172,0.6598371842178338,679.1817349341945,8,9.41063409061582,18.62654237425933,0.0,1.721310153752711,1082.126818123164,50,6.753552608119796,13.916666679344146,0.32,0.4900015090922534,614.7105216239594,3,0,12
B_N,10,8.0,13.883333333333333,600003,a7cd27a65aea3c1b1e078f658c8d3cb7e5824fac4e6f1544129ca2ef12b23640,58,7.120046605705456,16.46949712649244,0.2758620689655172,0.6598371842178338,679.1817349341945,8,9.41063409061582,18.62654237425933,0.0,1.721310153752711,1082.126818123164,50,6.753552608119796,13.916666679344146,0.32,0.4900015090922534,614.7105216239594,3,0,12
B_E,10,8.0,13.883333333333333,600004,c8bdd1a30eae34766411236cd75dbcd470d87de2364bfd9119be07a04e5c0f5a,69,7.523858947073774,19.153253748954548,0.3333333333333333,1.163230546580461,771.4384560814216,8,7.837081808628312,9.882590595216527,0.0,0.0,767.4163617256625,61,7.482780539001048,23.14418953946609,0.3770491803278688,1.3157853723615054,771.9659438657834,3,3,12
B_N,10,8.0,13.883333333333333,600004,c8bdd1a30eae34766411236cd75dbcd470d87de2364bfd9119be07a04e5c0f5a,69,7.821200038576458,24.31919786298706,0.3333333333333333,1.332634467026725,830.9066743819579,8,7.808907124435864,9.736082237415788,0.0,0.0,761.7814248871725,61,7.822812224037518,25.10253674533439,0.3770491803278688,1.507406200407279,839.9722808730775,3,3,12
B_E,10,8.0,13.883333333333333,600005,855d72cca531467e3f0f7fe3b7240f81f9265d2022c72f286c513d1027a11653,61,6.947615115647184,11.43274042711568,0.2950819672131147,0.5287496456509021,648.5394165720598,13,8.936111476575304,11.110350040397623,0.0,0.0,987.2222953150608,48,6.409064017895819,11.76523589098994,0.375,0.6719526746813548,556.8128035791638,2,2,12
B_N,10,8.0,13.883333333333333,600005,855d72cca531467e3f0f7fe3b7240f81f9265d2022c72f286c513d1027a11653,61,6.947615115647184,11.43274042711568,0.2950819672131147,0.5287496456509021,648.5394165720598,13,8.936111476575304,11.110350040397623,0.0,0.0,987.2222953150608,48,6.409064017895819,11.76523589098994,0.375,0.6719526746813548,556.8128035791638,2,2,12
B_E,10,8.0,13.883333333333333,600006,e477f3f61d800ccd8fd4fe735b8159e97548b132888cd79dcfd2ad9c391b72c5,63,6.31406692854588,10.774602526460402,0.3333333333333333,0.0,529.4800523758428,11,9.66969581954453,11.110350040397623,0.0,0.0,1133.9391639089065,52,5.604222355450011,9.27956636699969,0.4038461538461538,0.0,401.6137018592332,1,0,12
B_N,10,8.0,13.883333333333333,600006,e477f3f61d800ccd8fd4fe735b8159e97548b132888cd79dcfd2ad9c391b72c5,63,6.31406692854588,10.774602526460402,0.3333333333333333,0.0,529.4800523758428,11,9.66969581954453,11.110350040397623,0.0,0.0,1133.9391639089065,52,5.604222355450011,9.27956636699969,0.4038461538461538,0.0,401.6137018592332,1,0,12
B_E,10,8.0,13.883333333333333,600007,7bdc7b4d9781e7b4c1fff08d0ce80d15791f76e6179675bd39e4d0b7afab03e3,57,5.329509640328135,8.96284793999944,0.3859649122807017,0.0,343.09491052176764,6,7.907914180218401,10.032802319999965,0.0,0.0,781.5828360436803,51,5.026167929752812,8.730161053744826,0.4313725490196078,0.0,291.5080957544838,1,0,12
B_N,10,8.0,13.883333333333333,600007,7bdc7b4d9781e7b4c1fff08d0ce80d15791f76e6179675bd39e4d0b7afab03e3,57,5.344844194265925,9.130016888957623,0.3859649122807017,0.0,346.1618213093255,6,8.458405570181565,11.02641316191332,0.0,0.0,891.6811140363128,51,4.9785428559229095,8.730161053744826,0.4313725490196078,0.0,281.9830809885035,1,0,12
B_E,10,8.0,13.883333333333333,600008,84a6514bca38e894ea80935f19b0348dad744e7dc003f430ec64f1c237116504,47,5.31647307829526,9.79869268479038,0.3829787234042553,0.0,339.890360339903,6,8.458405570181563,11.02641316191332,0.0,0.0,891.6811140363128,41,4.85667807948263,8.497474167490214,0.4390243902439024,0.0,259.14049394530645,1,0,12
B_N,10,8.0,13.883333333333333,600008,84a6514bca38e894ea80935f19b0348dad744e7dc003f430ec64f1c237116504,47,5.31647307829526,9.79869268479038,0.3829787234042553,0.0,339.890360339903,6,8.458405570181563,11.02641316191332,0.0,0.0,891.6811140363128,41,4.85667807948263,8.497474167490214,0.4390243902439024,0.0,259.14049394530645,1,0,12
B_E,10,8.0,13.883333333333333,600009,c56f195f2e079c86b083841a589527c9b9b06e5d20bc38d5bb163761a596e442,59,7.916256057063886,25.216852085289744,0.3389830508474576,1.951625579599364,851.0478215822687,8,8.189865170267787,11.110350040397623,0.0,0.0,837.9730340535571,51,7.873336980482882,25.980829142533707,0.392156862745098,2.257762925418872,853.098768645596,3,2,12
B_N,10,8.0,13.883333333333333,600009,c56f195f2e079c86b083841a589527c9b9b06e5d20bc38d5bb163761a596e442,59,7.916256057063886,25.216852085289744,0.3389830508474576,1.951625579599364,851.0478215822687,8,8.189865170267787,11.110350040397623,0.0,0.0,837.9730340535571,51,7.873336980482882,25.980829142533707,0.392156862745098,2.257762925418872,853.098768645596,3,2,12
B_E,10,10.0,10.266666666666666,600000,60e9f51c482a395c17e3aa7cd2b52c70b5a477ced5dd6c3e8af0196ef96f096d,78,6.040807402721386,10.437764131691075,0.3333333333333333,0.047894231156906476,474.828147210944,7,8.469220572867176,11.932044049012564,0.0,0.0,893.8441145734351,71,5.801386385946449,9.85138212578991,0.36619718309859156,0.05261619760899585,433.5167138090084,1,0,12
B_N,10,10.0,10.266666666666666,600000,60e9f51c482a395c17e3aa7cd2b52c70b5a477ced5dd6c3e8af0196ef96f096d,78,6.040807402721386,10.437764131691075,0.3333333333333333,0.047894231156906476,474.828147210944,7,8.469220572867176,11.932044049012564,0.0,0.0,893.8441145734351,71,5.801386385946449,9.85138212578991,0.36619718309859156,0.05261619760899585,433.5167138090084,1,0,12
B_E,10,10.0,10.266666666666666,600001,0f1d832760690d7023d3066a1af8de25c64c43c264660984a6db65e48dc1c800,68,4.969581649577306,8.79996711962121,0.45588235294117646,0.0,285.0928005036966,10,7.393679659676084,7.8074017006186525,0.0,0.0,678.7359319352165,58,4.551633716801655,8.96284793999944,0.5344827586206896,0.0,217.22329508446904,1,0,12
B_N,10,10.0,10.266666666666666,600001,0f1d832760690d7023d3066a1af8de25c64c43c264660984a6db65e48dc1c800,68,4.864836248537614,7.8074017006186525,0.47058823529411764,0.0,267.08489676634633,10,7.452782808382165,7.8074017006186525,0.0,0.0,690.5565616764328,58,4.418638565805795,7.8074017006186525,0.5517241379310345,0.0,194.07254074736582,1,0,12
B_E,10,10.0,10.266666666666666,600002,84c82bff34d51fafb58e7da067f2da6f57d6de64ff9cf984a669b47bce87e478,73,5.472581215048182,9.297185837915809,0.3698630136986301,0.0,368.4888457493625,9,7.611729359435902,9.351309601299375,0.0,0.0,722.3458718871804,64,5.17176350724366,8.893041874123053,0.421875,0.0,318.72770144873186,1,0,12
B_N,10,10.0,10.266666666666666,600002,84c82bff34d51fafb58e7da067f2da6f57d6de64ff9cf984a669b47bce87e478,73,5.472581215048182,9.297185837915809,0.3698630136986301,0.0,368.4888457493625,9,7.611729359435902,9.351309601299375,0.0,0.0,722.3458718871804,64,5.17176350724366,8.893041874123053,0.421875,0.0,318.72770144873186,1,0,12
B_E,10,10.0,10.266666666666666,600003,e5907e4e6f60ba2043e063577695b494547920e56e004027d3a60aeedb875206,75,6.620065295892717,12.460990336999407,0.28,0.2683797588929883,580.0130591785435,10,7.631296593554177,9.439362154831612,0.0,0.0,726.2593187108353,65,6.464491250098647,13.32218771533316,0.3230769230769231,0.3096689525688327,557.5136346351139,2,0,12
B_N,10,10.0,10.266666666666666,600003,e5907e4e6f60ba2043e063577695b494547920e56e004027d3a60aeedb875206,75,6.620065295892717,12.460990336999407,0.28,0.2683797588929883,580.0130591785435,10,7.631296593554177,9.439362154831612,0.0,0.0,726.2593187108353,65,6.464491250098647,13.32218771533316,0.3230769230769231,0.3096689525688327,557.5136346351139,2,0,12
B_E,10,10.0,10.266666666666666,600004,c32216ca58683e649068303a412818ffe39c4ac5807a7fd51f2e19d67f48e864,74,6.119411846257939,12.953141432181146,0.4189189189189189,0.37190424319782617,507.66615303537156,9,9.317747393668396,12.374378472578702,0.0,0.6286034213254525,1063.5494787336797,65,5.676565385847261,13.53144332348038,0.47692307692307695,0.3363612800724625,430.6976925540674,2,0,12
B_N,10,10.0,10.266666666666666,600004,c32216ca58683e649068303a412818ffe39c4ac5807a7fd51f2e19d67f48e864,74,6.119411846257939,12.953141432181146,0.4189189189189189,0.37190424319782617,507.66615303537156,9,9.317747393668396,12.374378472578702,0.0,0.6286034213254525,1063.5494787336797,65,5.676565385847261,13.53144332348038,0.47692307692307695,0.3363612800724625,430.6976925540674,2,0,12
B_E,10,10.0,10.266666666666666,600005,5f715a2da4e6a48cd3eb1ca2d866680d5358bc07b3539bc17da7672d403b0a30,73,5.922106429326785,10.18905662145838,0.3424657534246575,0.0,452.9144365502885,13,8.154255400232188,10.90890153203529,0.0,0.0,830.8510800464378,60,5.438474152297281,8.9980388763328,0.4166666666666667,0.0,371.0281637927896,1,0,12
B_N,10,10.0,10.266666666666666,600005,5f715a2da4e6a48cd3eb1ca2d866680d5358bc07b3539bc17da7672d403b0a30,73,5.922106429326785,10.18905662145838,0.3424657534246575,0.0,452.9144365502885,13,8.154255400232188,10.90890153203529,0.0,0.0,830.8510800464378,60,5.438474152297281,8.9980388763328,0.4166666666666667,0.0,371.0281637927896,1,0,12
B_E,10,10.0,10.266666666666666,600006,a343e13defe07b87e3d2925c0c21c0a6f203340d6cd857b16ab32ff9ec47b267,73,5.508175750132532,8.6836236764939,0.3698630136986301,0.0,375.60775276623224,13,7.652299004944164,9.128581036530237,0.0,0.0,730.4598009888329,60,5.043615711590011,8.520742856115675,0.45,0.0,298.7231423180021,1,0,12
B_N,10,10.0,10.266666666666666,600006,a343e13defe07b87e3d2925c0c21c0a6f203340d6cd857b16ab32ff9ec47b267,73,5.434224610575279,8.6836236764939,0.3835616438356164,0.0,363.5572508821789,13,7.606835044401024,9.128581036530237,0.0,0.0,721.367008880205,60,4.963492349913034,8.520742856115675,0.4666666666666667,0.0,286.03180331593995,1,0,12
B_E,10,10.0,10.266666666666666,600007,fec26f1fa022d67899b27bf2d937c9f4158a9b09c7ff0b773a853b56aa44033f,65,5.269494954251305,8.3594596741159,0.35384615384615387,0.0,324.6682216194918,10,7.631296593554177,9.439362154831612,0.0,0.0,726.2593187108354,55,4.840076474378057,8.014423440680119,0.41818181818181815,0.0,251.6516585119748,1,0,12
B_N,10,10.0,10.266666666666666,600007,fec26f1fa022d67899b27bf2d937c9f4158a9b09c7ff0b773a853b56aa44033f,65,5.269494954251305,8.3594596741159,0.35384615384615387,0.0,324.6682216194918,10,7.631296593554177,9.439362154831612,0.0,0.0,726.2593187108354,55,4.840076474378057,8.014423440680119,0.41818181818181815,0.0,251.6516585119748,1,0,12
B_E,10,10.0,10.266666666666666,600008,83bd2023e586b6aacb403bb83d1439c17252977c2519a781506c78e4f46b109d,64,5.269113792008193,8.497474167490214,0.375,0.0,328.8227584016388,7,7.2163702135578385,7.216370213557839,0.0,0.0,643.2740427115679,57,5.029977038484553,8.757717870950241,0.42105263157894735,0.0,290.20593401270014,1,0,12
B_N,10,10.0,10.266666666666666,600008,83bd2023e586b6aacb403bb83d1439c17252977c2519a781506c78e4f46b109d,64,5.328682152164934,8.497474167490214,0.375,0.0,340.73643043298677,7,7.2163702135578385,7.216370213557839,0.0,0.0,643.2740427115679,57,5.096860811292121,8.757717870950241,0.42105263157894735,0.0,303.58268857421365,1,0,12
B_E,10,10.0,10.266666666666666,600009,5003df922831572300f71ca6974299af88c30f1b586681ab9f15a4fda08d9678,78,5.260585954766927,8.567280233366594,0.3974358974358974,0.0,331.6043704405649,9,8.097802834269565,10.909841010584161,0.0,0.0,819.5605668539131,69,4.8905141878752785,8.497474167490214,0.4492753623188406,0.0,267.95791003882374,1,0,12
B_N,10,10.0,10.266666666666666,600009,5003df922831572300f71ca6974299af88c30f1b586681ab9f15a4fda08d9678,78,5.235056583174982,8.497474167490214,0.3974358974358974,0.0,326.4984961221758,9,8.097802834269565,10.909841010584161,0.0,0.0,819.5605668539131,69,4.8616548982496015,8.221445180741586,0.4492753623188406,0.0,262.18605211368833,1,0,12
B_E,10,11.0,8.7,600000,a7086e4b2436f027a92d06fa098f7b3c8a6d17f0827ba3cf6ecdf605f77f3bb3,84,5.5222120909338575,9.666666666666668,0.35714285714285715,0.0,375.8709896153431,7,7.300803283137955,7.630092254500408,0.0,0.0,660.1606566275912,77,5.360521982551667,9.69307187029141,0.38961038961038963,0.0,350.02647443241153,1,0,12
B_N,10,11.0,8.7,600000,a7086e4b2436f027a92d06fa098f7b3c8a6d17f0827ba3cf6ecdf605f77f3bb3,84,5.5222120909338575,9.666666666666668,0.35714285714285715,0.0,375.8709896153431,7,7.300803283137955,7.630092254500408,0.0,0.0,660.1606566275912,77,5.360521982551667,9.69307187029141,0.38961038961038963,0.0,350.02647443241153,1,0,12
B_E,10,11.0,8.7,600001,c5de52341382c5a181e7ccb39c747093f9eabfa0aa810826702484d365327c24,75,4.728661445781377,7.8074017006186525,0.49333333333333335,0.0,244.39895582294184,9,7.413380709244777,7.8074017006186525,0.0,0.0,682.6761418489554,66,4.362563364400003,7.8074017006186525,0.5606060606060606,0.0,184.63388500121272,1,0,12
B_N,10,11.0,8.7,600001,c5de52341382c5a181e7ccb39c747093f9eabfa0aa810826702484d365327c24,75,4.728661445781377,7.8074017006186525,0.49333333333333335,0.0,244.39895582294184,9,7.413380709244777,7.8074017006186525,0.0,0.0,682.6761418489554,66,4.362563364400003,7.8074017006186525,0.5606060606060606,0.0,184.63388500121272,1,0,12
B_E,10,11.0,8.7,600002,33dc550a9525981bbfd0eae97a467112210a25fb6ce522e2b4b41094bd4f239b,83,5.873977881709765,11.0767752890039,0.3855421686746988,0.08946540386728796,451.90401007689263,11,9.055403492444912,13.477305191003776,0.0,0.31056090234448097,1011.0806984889826,72,5.38792674673634,9.279566366999694,0.4444444444444444,0.05568692493327237,366.47423823615674,1,0,12
B_N,10,11.0,8.7,600002,33dc550a9525981bbfd0eae97a467112210a25fb6ce522e2b4b41094bd4f239b,83,5.873977881709765,11.0767752890039,0.3855421686746988,0.08946540386728796,451.90401007689263,11,9.055403492444912,13.477305191003776,0.0,0.31056090234448097,1011.0806984889826,72,5.38792674673634,9.279566366999694,0.4444444444444444,0.05568692493327237,366.47423823615674,1,0,12
B_E,10,11.0,8.7,600003,0d59ebff9b68e2268149e61a510f6d57a8c90c374413aedc923229cb743d431f,77,6.463951849952751,11.879525675025883,0.2857142857142857,0.261408856064599,549.9332271334074,10,7.690399742260259,9.439362154831612,0.0,0.0,738.0799484520516,67,6.280899925727749,12.99648879480136,0.3283582089552239,0.30042510323841976,521.8516269365948,2,0,12
B_N,10,11.0,8.7,600003,0d59ebff9b68e2268149e61a510f6d57a8c90c374413aedc923229cb743d431f,77,6.463951849952751,11.879525675025883,0.2857142857142857,0.261408856064599,549.9332271334074,10,7.690399742260259,9.439362154831612,0.0,0.0,738.0799484520516,67,6.280899925727749,12.99648879480136,0.3283582089552239,0.30042510323841976,521.8516269365948,2,0,12
B_E,10,11.0,8.7,600004,558cd1f9f117e8a5cd69ade4968bf989a7c9f54d919ed32fe03b9d32111f419a,83,5.875030938308475,11.494784088959177,0.43373493975903615,0.3548559964454245,461.7531756135022,10,8.020694576238155,10.959263659125874,0.0,0.0,804.1389152476311,73,5.581104412564684,11.893735556274525,0.4931506849315068,0.40346640691740043,414.85101949923796,2,0,12
B_N,10,11.0,8.7,600004,558cd1f9f117e8a5cd69ade4968bf989a7c9f54d919ed32fe03b9d32111f419a,83,5.875030938308475,11.494784088959177,0.43373493975903615,0.3548559964454245,461.7531756135022,10,8.020694576238155,10.959263659125874,0.0,0.0,804.1389152476311,73,5.581104412564684,11.893735556274525,0.4931506849315068,0.40346640691740043,414.85101949923796,2,0,12
B_E,10,11.0,8.7,600005,fe3903c02f239419040f073576a3f951542253224e9d731f76cbd520877d3d37,86,6.083329559987075,12.014718443480575,0.37209302325581395,0.13817423217475405,491.0845166485782,16,7.986881765312084,11.187974498800461,0.0,0.0,797.3763530624168,70,5.648231913055647,11.244861436857011,0.45714285714285713,0.16975691381469785,421.0749540397008,1,0,12
B_N,10,11.0,8.7,600005,fe3903c02f239419040f073576a3f951542253224e9d731f76cbd520877d3d37,86,6.101549807995574,12.014718443480575,0.37209302325581395,0.13817423217475405,494.72856625027777,16,8.209271284868496,11.187974498800461,0.0,0.0,841.8542569736989,70,5.619784898996051,11.244861436857011,0.45714285714285713,0.16975691381469785,415.38555122778155,1,0,12
B_E,10,11.0,8.7,600006,2d077df0bac144df5853a580c008440e3bb7b53bc4c2ea2ee865ddd68d1c549d,85,5.809006760533909,10.579420558126396,0.35294117647058826,0.06344148486027466,432.38958740089936,15,7.910194851894266,10.875326780641569,0.0,0.0,782.0389703788533,70,5.358752169528117,9.422562549634454,0.42857142857142855,0.07703608875890496,357.4647196199092,1,0,12
B_N,10,11.0,8.7,600006,2d077df0bac144df5853a580c008440e3bb7b53bc4c2ea2ee865ddd68d1c549d,85,5.803819304502487,11.04320053761018,0.35294117647058826,0.06344148486027466,431.35209619461494,15,8.13039140787953,11.110350040397625,0.0,0.0,826.0782815759063,70,5.30526813949312,9.349948239666414,0.42857142857142855,0.07703608875890496,346.7679136129097,1,0,12
B_E,10,11.0,8.7,600007,2032b4e3613b0e29ab6e456357c3e97648538822f2fd343772b5ea377d23845d,71,5.131933669239964,8.730161053744826,0.39436619718309857,0.0,305.25997328461244,10,7.393679659676083,7.8074017006186525,0.0,0.0,678.7359319352165,61,4.761155638020928,8.96284793999944,0.45901639344262296,0.0,244.0344062927101,1,0,12
B_N,10,11.0,8.7,600007,2032b4e3613b0e29ab6e456357c3e97648538822f2fd343772b5ea377d23845d,71,5.0347824908653,8.152437934054433,0.4084507042253521,0.0,288.64663901813043,10,7.452782808382165,7.8074017006186525,0.0,0.0,690.5565616764328,61,4.638388996190405,8.497474167490214,0.47540983606557374,0.0,222.7597664511955,1,0,12
B_E,10,11.0,8.7,600008,94728ae20511477525900309947436b7f20343503f5b768917b6f220f20ea3cf,77,5.301203618980189,9.79869268479038,0.37662337662337664,0.0,335.56539912071304,8,7.735028188553262,9.736082237415788,0.0,0.0,747.0056377106522,69,5.019021060189107,9.745882277540895,0.42028985507246375,0.0,287.8621830523143,1,0,12
B_N,10,11.0,8.7,600008,94728ae20511477525900309947436b7f20343503f5b768917b6f220f20ea3cf,77,5.521640749544331,9.79869268479038,0.35064935064935066,0.0,374.45802003873627,8,7.735028188553262,9.736082237415788,0.0,0.0,747.0056377106522,69,5.265016118934598,9.79869268479038,0.391304347826087,0.0,331.2640933521373,1,0,12
B_E,10,11.0,8.7,600009,b51ff291fc6e53f932bc7e523eaa69f8174335c435fe9f54f60005812d27f8b9,86,5.084223952511423,8.846504496872134,0.4418604651162791,0.0,305.21688352554025,10,8.673237890112587,10.959263659125874,0.0,0.0,934.6475780225173,76,4.61198527651127,8.497474167490214,0.5,0.0,222.39705530225385,1,0,12
B_N,10,11.0,8.7,600009,b51ff291fc6e53f932bc7e523eaa69f8174335c435fe9f54f60005812d27f8b9,86,5.084223952511423,8.846504496872134,0.4418604651162791,0.0,305.21688352554025,10,8.673237890112587,10.959263659125874,0.0,0.0,934.6475780225173,76,4.61198527651127,8.497474167490214,0.5,0.0,222.39705530225385,1,0,12
B_E,10,12.0,8.05,600000,52bd986ad8751f8f9094479420e004fc0bdf750ccb6fee13046201f73f55a66f,89,5.650893496741043,9.79869268479038,0.3595505617977528,0.0208415970303709,402.088811707759,7,8.04533474060407,11.041883801260036,0.0,0.0,809.0669481208139,82,5.446489975923466,9.792091383884197,0.3902439024390244,0.0226207577524757,367.3467756724983,1,0,12
B_N,10,12.0,8.05,600000,52bd986ad8751f8f9094479420e004fc0bdf750ccb6fee13046201f73f55a66f,89,5.650893496741043,9.79869268479038,0.3595505617977528,0.0208415970303709,402.088811707759,7,8.04533474060407,11.041883801260036,0.0,0.0,809.0669481208139,82,5.446489975923466,9.792091383884197,0.3902439024390244,0.0226207577524757,367.3467756724983,1,0,12
B_E,10,12.0,8.05,600001,a8d4cddff123c94920930725e90e615fd4d65834290f34a3c194a0d0628418fb,82,4.942567089443072,8.462970544146637,0.4512195121951219,0.0,278.75732032763875,12,7.413380709244777,7.8074017006186525,0.0,0.0,682.6761418489554,70,4.518999040334208,8.753429742370287,0.5285714285714286,0.0,209.51409378112731,1,0,12
B_N,10,12.0,8.05,600001,a8d4cddff123c94920930725e90e615fd4d65834290f34a3c194a0d0628418fb,82,4.942567089443072,8.462970544146637,0.4512195121951219,0.0,278.75732032763875,12,7.413380709244777,7.8074017006186525,0.0,0.0,682.6761418489554,70,4.518999040334208,8.753429742370287,0.5285714285714286,0.0,209.51409378112731,1,0,12
B_E,10,12.0,8.05,600002,882962d29374cd151cbfacc4e70b456ebd12916ba45385258ad97a7874e5ae89,90,5.744468165808002,10.89857113690718,0.3777777777777777,0.037957443619881,424.4491887171561,13,8.779376839711379,12.476818010713338,0.0,0.2627823019837916,955.875367942276,77,5.232080987097044,9.69307187029141,0.4415584415584415,0.0,334.727885731097,1,0,12
B_N,10,12.0,8.05,600002,882962d29374cd151cbfacc4e70b456ebd12916ba45385258ad97a7874e5ae89,90,5.81979261763537,10.89857113690718,0.3555555555555555,0.037957443619881,435.0696346381852,13,9.05308701762696,12.476818010713338,0.0,0.2627823019837916,1010.6174035253922,77,5.273911744909517,8.590548921992061,0.4155844155844156,0.0,337.8992320987865,1,0,12
B_E,10,12.0,8.05,600003,98632e3bf659033f5297705142b999748b0b93e4744ce51129c2dd51876c1f00,84,6.562717977729583,11.867542187566634,0.2976190476190476,0.5635133092865934,572.0674050697263,11,7.968064859043545,11.055175020198812,0.0,0.0,793.612971808709,73,6.350953379175425,13.378740833159126,0.3424657534246575,0.6484262736996418,538.6838265200165,3,0,12
B_N,10,12.0,8.05,600003,98632e3bf659033f5297705142b999748b0b93e4744ce51129c2dd51876c1f00,84,6.562717977729583,11.867542187566634,0.2976190476190476,0.5635133092865934,572.0674050697263,11,7.968064859043545,11.055175020198812,0.0,0.0,793.612971808709,73,6.350953379175425,13.378740833159126,0.3424657534246575,0.6484262736996418,538.6838265200165,3,0,12
B_E,10,12.0,8.05,600004,e47e2bf6620355349de6238312e699e596927a828929dce53f5ba0fcb6fd2f4e,94,6.407020492173184,16.354424986380888,0.425531914893617,0.698006605289033,566.5104814133604,12,11.144422528588953,20.79752192829642,0.0,2.1344185709137187,1428.8845057177905,82,5.713742145380634,13.060756796398447,0.4878048780487805,0.4877999761732254,440.3094046858826,2,1,12
B_N,10,12.0,8.05,600004,e47e2bf6620355349de6238312e699e596927a828929dce53f5ba0fcb6fd2f4e,94,6.407020492173184,16.354424986380888,0.425531914893617,0.698006605289033,566.5104814133604,12,11.144422528588953,20.79752192829642,0.0,2.1344185709137187,1428.8845057177905,82,5.713742145380634,13.060756796398447,0.4878048780487805,0.4877999761732254,440.3094046858826,2,1,12
B_E,10,12.0,8.05,600005,8e8d5e7e0d1e7d78156b959d06d66fb482ef612ce9567f36f964ba410ba50f00,92,6.07656833437848,12.428090415820634,0.3695652173913043,0.0658901922968494,489.2267103539567,16,8.453716648997794,12.872497026782696,0.0,0.3788686057068844,890.7433297995591,76,5.576116057616519,12.428090415820634,0.4473684210526316,0.0,404.6968957338299,1,0,12
B_N,10,12.0,8.05,600005,8e8d5e7e0d1e7d78156b959d06d66fb482ef612ce9567f36f964ba410ba50f00,92,6.07656833437848,12.428090415820634,0.3695652173913043,0.0658901922968494,489.2267103539567,16,8.453716648997794,12.872497026782696,0.0,0.3788686057068844,890.7433297995591,76,5.576116057616519,12.428090415820634,0.4473684210526316,0.0,404.6968957338299,1,0,12
B_E,10,12.0,8.05,600006,8c186b7eb55a6dd10ac04d87ef3338a2289488109a8f38b312e05ffa4bc45e15,98,6.069847833730496,11.182781499589243,0.3571428571428571,0.1799516879610583,485.3981381746708,16,8.651566890095435,11.801942430211486,0.0,0.0511639942842521,930.3133780190872,82,5.566097773951973,9.79869268479038,0.4268292682926829,0.2050809940443375,398.5854084489311,2,0,12
B_N,10,12.0,8.05,600006,8c186b7eb55a6dd10ac04d87ef3338a2289488109a8f38b312e05ffa4bc45e15,98,6.089741582792428,10.8973961127426,0.3469387755102041,0.1799516879610583,487.3360716605264,16,8.408193150917949,11.801942430211486,0.0,0.0511639942842521,881.6386301835898,82,5.637360789011838,9.79869268479038,0.4146341463414634,0.2050809940443375,410.3989870706605,2,0,12
B_E,10,12.0,8.05,600007,c2973ab14d7068c95328c9413d12a590f307dbe846e07f2fd2e0ec039d92556b,77,5.052231480745898,8.590548921992061,0.4025974025974026,0.0,290.96577666866006,10,7.393679659676083,7.8074017006186525,0.0,0.0,678.7359319352165,67,4.702761603293631,8.82323580824667,0.4626865671641791,0.0,233.0896340915621,1,0,12
B_N,10,12.0,8.05,600007,c2973ab14d7068c95328c9413d12a590f307dbe846e07f2fd2e0ec039d92556b,77,5.026370558873538,7.945416193992966,0.4025974025974026,0.0,285.79359229418804,10,7.393679659676083,7.8074017006186525,0.0,0.0,678.7359319352165,67,4.673040842335844,8.290452427428743,0.4626865671641791,0.0,227.14548190000465,1,0,12
B_E,10,12.0,8.05,600008,1933eee071cb4aa4e2a4b08eb675a171bf2a8942a0fb04f004b73cc7611007d2,86,5.102006978832376,9.374368541872554,0.4069767441860465,0.0,301.7967446036845,9,7.282040378786819,7.570989105794327,0.0,0.0,656.4080757573637,77,4.8471978801364015,9.69307187029141,0.4545454545454545,0.0,260.34866693637133,1,0,12
B_N,10,12.0,8.05,600008,1933eee071cb4aa4e2a4b08eb675a171bf2a8942a0fb04f004b73cc7611007d2,86,5.178285965098617,8.497474167490214,0.3953488372093023,0.0,314.7269604615838,9,7.282040378786819,7.570989105794327,0.0,0.0,656.4080757573637,77,4.9323925920701255,8.75771787095025,0.4415584415584415,0.0,274.79020672571346,1,0,12
B_E,10,12.0,8.05,600009,15e1eee6892a904a1e90961d9fc4c8c4795186bce6f3b42d7605c9b5d566525d,89,5.073564837860161,8.497474167490214,0.4269662921348314,0.0,300.1062259989985,10,7.631296593554177,9.439362154831612,0.0,0.0,726.2593187108354,79,4.749801324481172,8.497474167490214,0.4810126582278481,0.0,246.16279654180403,1,0,12
B_N,10,12.0,8.05,600009,15e1eee6892a904a1e90961d9fc4c8c4795186bce6f3b42d7605c9b5d566525d,89,5.073564837860161,8.497474167490214,0.4269662921348314,0.0,300.1062259989985,10,7.631296593554177,9.439362154831612,0.0,0.0,726.2593187108354,79,4.749801324481172,8.497474167490214,0.4810126582278481,0.0,246.16279654180403,1,0,12
