mode,incident_zone,duration_hours,start_hour,metric,mean,ci95_low,ci95_high,replications
B_E,1,0.5,17.75,calls,7.2,4.506438743707875,9.893561256292125,10
B_E,1,0.5,17.75,mean_response_min,6.958107506207635,4.398603548609213,9.517611463806057,10
B_E,1,0.5,17.75,p95_response_min,11.606411203518038,6.3522088823737,16.860613524662377,10
B_E,1,0.5,17.75,strict_4min_rate,0.4329004329004329,0.22006901883359475,0.645731846967271,10
B_E,1,0.5,17.75,mean_wait_min,1.0545754506819294,-0.6091733865185722,2.7183242878824307,10
B_E,1,0.5,17.75,mean_delay_penalty_yuan_per_call,678.2015878216134,201.5923675437707,1154.8108080994562,10
B_E,1,0.5,17.75,incident_zone_calls,4.1,2.301304481447624,5.898695518552375,10
B_E,1,0.5,17.75,incident_zone_mean_response_min,7.728973659824466,3.925082180115688,11.532865139533245,10
B_E,1,0.5,17.75,incident_zone_p95_response_min,11.279305198381607,4.904936938733362,17.65367345802985,10
B_E,1,0.5,17.75,incident_zone_strict_4min_rate,0.4927380952380953,0.19123085458817873,0.7942453358880119,10
B_E,1,0.5,17.75,incident_zone_mean_wait_min,1.7728564763455197,-0.9418687996180182,4.487581752309057,10
B_E,1,0.5,17.75,incident_zone_mean_delay_penalty_yuan_per_call,844.3423510125122,136.69653429172502,1551.9881677332992,10
B_E,1,0.5,17.75,nonincident_zone_calls,3.1,1.092180642337937,5.107819357662063,10
B_E,1,0.5,17.75,nonincident_zone_mean_response_min,6.937562122452286,4.331663138243048,9.543461106661525,8
B_E,1,0.5,17.75,nonincident_zone_p95_response_min,10.030392479205663,4.552942404105923,15.507842554305402,8
B_E,1,0.5,17.75,nonincident_zone_strict_4min_rate,0.2950892857142857,0.02086565540557589,0.5693129160229955,8
B_E,1,0.5,17.75,nonincident_zone_mean_wait_min,0.8857258923787867,-0.7838631500918949,2.555314934849468,8
B_E,1,0.5,17.75,nonincident_zone_mean_delay_penalty_yuan_per_call,646.5302816333144,158.11356414192966,1134.9469991246992,8
B_E,1,0.5,17.75,max_incident_queue,1.6,0.6343417761336327,2.565658223866367,10
B_E,1,0.5,17.75,incident_end_backlog,0.8,-0.45272591134470774,2.052725911344708,10
B_E,1,1.0,17.5,calls,13.3,9.778486544004206,16.821513455995795,10
B_E,1,1.0,17.5,mean_response_min,9.117031550641387,5.476149405056322,12.757913696226453,10
B_E,1,1.0,17.5,p95_response_min,17.981660403830166,9.552853511995309,26.410467295665022,10
B_E,1,1.0,17.5,strict_4min_rate,0.4115567765567765,0.23006873330448732,0.5930448198090658,10
B_E,1,1.0,17.5,mean_wait_min,2.8117039999115945,-0.0786287064029656,5.7020367062261545,10
B_E,1,1.0,17.5,mean_delay_penalty_yuan_per_call,1105.7176654396326,405.5796362911042,1805.855694588161,10
B_E,1,1.0,17.5,incident_zone_calls,8.2,6.268683552267264,10.131316447732734,10
B_E,1,1.0,17.5,incident_zone_mean_response_min,9.077725950895532,5.196821528222784,12.95863037356828,10
B_E,1,1.0,17.5,incident_zone_p95_response_min,16.075039928366962,8.41007867419027,23.740001182543654,10
B_E,1,1.0,17.5,incident_zone_strict_4min_rate,0.46512987012987006,0.2651611319209202,0.66509860833882,10
B_E,1,1.0,17.5,incident_zone_mean_wait_min,2.807414723795201,-0.2602608165194158,5.875090264109819,10
B_E,1,1.0,17.5,incident_zone_mean_delay_penalty_yuan_per_call,1108.5711642050808,362.8339278349654,1854.3084005751962,10
B_E,1,1.0,17.5,nonincident_zone_calls,5.1,2.5439959727579304,7.656004027242069,10
B_E,1,1.0,17.5,nonincident_zone_mean_response_min,9.449004603506465,5.755092059025106,13.142917147987824,9
B_E,1,1.0,17.5,nonincident_zone_p95_response_min,17.66547616060056,8.807361725155918,26.5235905960452,9
B_E,1,1.0,17.5,nonincident_zone_strict_4min_rate,0.30246913580246915,0.12918817279758127,0.475750098807357,9
B_E,1,1.0,17.5,nonincident_zone_mean_wait_min,3.0041841955113053,0.002372681559218215,6.0059957094633925,9
B_E,1,1.0,17.5,nonincident_zone_mean_delay_penalty_yuan_per_call,1150.2947478617866,430.96394633330783,1869.6255493902654,9
B_E,1,1.0,17.5,max_incident_queue,2.9,0.9496409121126548,4.850359087887345,10
B_E,1,1.0,17.5,incident_end_backlog,1.0,-0.011667438360968951,2.011667438360969,10
B_E,1,2.0,17.0,calls,26.2,22.21278088253075,30.187219117469247,10
B_E,1,2.0,17.0,mean_response_min,11.329721376236918,7.32183845294448,15.337604299529357,10
B_E,1,2.0,17.0,p95_response_min,23.31887701693386,12.375539299753445,34.26221473411428,10
B_E,1,2.0,17.0,strict_4min_rate,0.23281902257007445,0.16251568428121577,0.3031223608589331,10
B_E,1,2.0,17.0,mean_wait_min,4.050600607652527,0.6286211985672083,7.4725800167378456,10
B_E,1,2.0,17.0,mean_delay_penalty_yuan_per_call,1512.5080797613984,722.5721072976268,2302.4440522251703,10
B_E,1,2.0,17.0,incident_zone_calls,14.5,12.016201339640975,16.983798660359025,10
B_E,1,2.0,17.0,incident_zone_mean_response_min,11.440878716773131,7.496810065367976,15.384947368178286,10
B_E,1,2.0,17.0,incident_zone_p95_response_min,23.552413993800496,12.679675422470336,34.42515256513066,10
B_E,1,2.0,17.0,incident_zone_strict_4min_rate,0.3108424908424908,0.22288956857531028,0.39879541310967137,10
B_E,1,2.0,17.0,incident_zone_mean_wait_min,4.134837611722794,0.5446448064977467,7.725030416947842,10
B_E,1,2.0,17.0,incident_zone_mean_delay_penalty_yuan_per_call,1550.3442415231243,776.7465213245065,2323.9419617217422,10
B_E,1,2.0,17.0,nonincident_zone_calls,11.7,9.338238584905927,14.061761415094072,10
B_E,1,2.0,17.0,nonincident_zone_mean_response_min,11.175149483699851,6.899298058956004,15.4510009084437,10
B_E,1,2.0,17.0,nonincident_zone_p95_response_min,21.12118301524594,9.795936931665835,32.446429098826044,10
B_E,1,2.0,17.0,nonincident_zone_strict_4min_rate,0.1307493894993895,0.044173763205924435,0.21732501579285457,10
B_E,1,2.0,17.0,nonincident_zone_mean_wait_min,4.008827061175669,0.5728039116138808,7.4448502107374575,10
B_E,1,2.0,17.0,nonincident_zone_mean_delay_penalty_yuan_per_call,1461.1797746398474,612.0724569249716,2310.2870923547234,10
B_E,1,2.0,17.0,max_incident_queue,3.5,1.3341494103318312,5.665850589668169,10
B_E,1,2.0,17.0,incident_end_backlog,1.5,-0.35472363699510945,3.3547236369951094,10
B_E,1,4.0,16.0,calls,51.7,46.37818479167104,57.02181520832897,10
B_E,1,4.0,16.0,mean_response_min,20.900229721183347,7.803031253439604,33.99742818892709,10
B_E,1,4.0,16.0,p95_response_min,60.06471811682884,8.880802411121174,111.2486338225365,10
B_E,1,4.0,16.0,strict_4min_rate,0.18531696684683294,0.13389019971425176,0.23674373397941412,10
B_E,1,4.0,16.0,mean_wait_min,12.985184105211355,0.13426519942456316,25.836103010998144,10
B_E,1,4.0,16.0,mean_delay_penalty_yuan_per_call,3416.6112679521284,803.4747820134767,6029.747753890781,10
B_E,1,4.0,16.0,incident_zone_calls,29.0,25.275255971323354,32.724744028676646,10
B_E,1,4.0,16.0,incident_zone_mean_response_min,22.215942057194606,7.176105712934337,37.255778401454876,10
B_E,1,4.0,16.0,incident_zone_p95_response_min,58.12065060763841,6.7741904790124465,109.46711073626437,10
B_E,1,4.0,16.0,incident_zone_strict_4min_rate,0.22278510576063412,0.1501935825199954,0.2953766290012728,10
B_E,1,4.0,16.0,incident_zone_mean_wait_min,14.071367025272925,-0.6473933536473861,28.790127404193235,10
B_E,1,4.0,16.0,incident_zone_mean_delay_penalty_yuan_per_call,3686.8287650353645,687.5795792865065,6686.077950784223,10
B_E,1,4.0,16.0,nonincident_zone_calls,22.7,19.918170027813396,25.481829972186603,10
B_E,1,4.0,16.0,nonincident_zone_mean_response_min,19.156578956649323,8.310622797923441,30.002535115375203,10
B_E,1,4.0,16.0,nonincident_zone_p95_response_min,58.05588600955904,7.409300257120577,108.7024717619975,10
B_E,1,4.0,16.0,nonincident_zone_strict_4min_rate,0.1429322707985446,0.09619382437060309,0.1896707172264861,10
B_E,1,4.0,16.0,nonincident_zone_mean_wait_min,11.596849693755715,0.9683898986877395,22.22530948882369,10
B_E,1,4.0,16.0,nonincident_zone_mean_delay_penalty_yuan_per_call,3059.902245489574,894.9443273740017,5224.860163605146,10
B_E,1,4.0,16.0,max_incident_queue,7.3,3.778486544004205,10.821513455995795,10
B_E,1,4.0,16.0,incident_end_backlog,5.3,1.1829844490560504,9.41701555094395,10
B_E,1,5.0,15.483333333333333,calls,63.6,57.34363683731981,69.85636316268018,10
B_E,1,5.0,15.483333333333333,mean_response_min,34.68244653104297,18.437029268701142,50.9278637933848,10
B_E,1,5.0,15.483333333333333,p95_response_min,142.30703037471332,79.02703524131029,205.58702550811637,10
B_E,1,5.0,15.483333333333333,strict_4min_rate,0.1764212886435689,0.12624135697600125,0.22660122031113655,10
B_E,1,5.0,15.483333333333333,mean_wait_min,26.956716313837852,10.82413584377979,43.08929678389592,10
B_E,1,5.0,15.483333333333333,mean_delay_penalty_yuan_per_call,6171.773563937308,2928.7989380844424,9414.748189790173,10
B_E,1,5.0,15.483333333333333,incident_zone_calls,35.5,31.636631154657323,39.36336884534268,10
B_E,1,5.0,15.483333333333333,incident_zone_mean_response_min,38.33662990401333,18.527139457723507,58.14612035030315,10
B_E,1,5.0,15.483333333333333,incident_zone_p95_response_min,130.64651804958413,69.67871362567473,191.61432247349353,10
B_E,1,5.0,15.483333333333333,incident_zone_strict_4min_rate,0.2156075013689463,0.14235615657859785,0.28885884615929475,10
B_E,1,5.0,15.483333333333333,incident_zone_mean_wait_min,30.379986044833704,10.761186177381827,49.998785912285584,10
B_E,1,5.0,15.483333333333333,incident_zone_mean_delay_penalty_yuan_per_call,6910.447481076456,2957.3510070416914,10863.543955111221,10
B_E,1,5.0,15.483333333333333,nonincident_zone_calls,28.1,24.32295768736953,31.877042312630472,10
B_E,1,5.0,15.483333333333333,nonincident_zone_mean_response_min,29.401207668168713,15.424384138056011,43.37803119828141,10
B_E,1,5.0,15.483333333333333,nonincident_zone_p95_response_min,116.58057412308968,45.53499913098695,187.6261491151924,10
B_E,1,5.0,15.483333333333333,nonincident_zone_strict_4min_rate,0.12613109532909306,0.09347486355708878,0.15878732710109733,10
B_E,1,5.0,15.483333333333333,nonincident_zone_mean_wait_min,21.975588759139747,7.985964733834718,35.96521278444477,10
B_E,1,5.0,15.483333333333333,nonincident_zone_mean_delay_penalty_yuan_per_call,5105.46775269956,2312.187121727997,7898.7483836711235,10
B_E,1,5.0,15.483333333333333,max_incident_queue,10.2,5.950461518818682,14.449538481181317,10
B_E,1,5.0,15.483333333333333,incident_end_backlog,9.1,4.710275104297389,13.489724895702611,10
B_E,1,6.0,14.983333333333333,calls,74.2,67.41520439050201,80.984795609498,10
B_E,1,6.0,14.983333333333333,mean_response_min,53.76532498793997,39.358146163550174,68.17250381232977,10
B_E,1,6.0,14.983333333333333,p95_response_min,227.33794512584387,205.69276133584913,248.98312891583862,10
B_E,1,6.0,14.983333333333333,strict_4min_rate,0.16601604079447035,0.1180924763906627,0.213939605198278,10
B_E,1,6.0,14.983333333333333,mean_wait_min,46.0748092473638,31.968704188319577,60.18091430640803,10
B_E,1,6.0,14.983333333333333,mean_delay_penalty_yuan_per_call,9986.150233429136,7113.205473446625,12859.094993411647,10
B_E,1,6.0,14.983333333333333,incident_zone_calls,41.3,36.60242913029366,45.99757086970634,10
B_E,1,6.0,14.983333333333333,incident_zone_mean_response_min,55.21625719186187,37.677250871433245,72.7552635122905,10
B_E,1,6.0,14.983333333333333,incident_zone_p95_response_min,212.78123749224747,176.18520446585293,249.377270518642,10
B_E,1,6.0,14.983333333333333,incident_zone_strict_4min_rate,0.2002282226840805,0.14011733153143496,0.26033911383672603,10
B_E,1,6.0,14.983333333333333,incident_zone_mean_wait_min,47.208707537502896,29.888937303996347,64.52847777100945,10
B_E,1,6.0,14.983333333333333,incident_zone_mean_delay_penalty_yuan_per_call,10283.090631353129,6785.111360467608,13781.069902238649,10
B_E,1,6.0,14.983333333333333,nonincident_zone_calls,32.9,28.833007420171707,36.966992579828286,10
B_E,1,6.0,14.983333333333333,nonincident_zone_mean_response_min,50.67530848757704,37.547890395349654,63.80272657980443,10
B_E,1,6.0,14.983333333333333,nonincident_zone_p95_response_min,216.6930055614586,188.9366484274241,244.44936269549308,10
B_E,1,6.0,14.983333333333333,nonincident_zone_strict_4min_rate,0.12624924238701324,0.08396907234059142,0.16852941243343506,10
B_E,1,6.0,14.983333333333333,nonincident_zone_mean_wait_min,43.38846871508328,30.655039455880086,56.12189797428647,10
B_E,1,6.0,14.983333333333333,nonincident_zone_mean_delay_penalty_yuan_per_call,9360.311545992812,6742.270436060246,11978.352655925379,10
B_E,1,6.0,14.983333333333333,max_incident_queue,14.7,10.315459310293523,19.084540689706476,10
B_E,1,6.0,14.983333333333333,incident_end_backlog,14.3,9.712658605458529,18.887341394541473,10
B_E,1,8.0,13.883333333333333,calls,95.0,87.79889839705858,102.20110160294142,10
B_E,1,8.0,13.883333333333333,mean_response_min,79.84132592050703,64.00723531049897,95.6754165305151,10
B_E,1,8.0,13.883333333333333,p95_response_min,248.89982292417372,227.27286817128572,270.5267776770617,10
B_E,1,8.0,13.883333333333333,strict_4min_rate,0.17136532603885715,0.1386485395818701,0.2040821124958442,10
B_E,1,8.0,13.883333333333333,mean_wait_min,72.64544459647861,56.95035977282058,88.34052942013663,10
B_E,1,8.0,13.883333333333333,mean_delay_penalty_yuan_per_call,15202.386706063804,12041.185397495548,18363.58801463206,10
B_E,1,8.0,13.883333333333333,incident_zone_calls,52.7,47.507978322096974,57.89202167790303,10
B_E,1,8.0,13.883333333333333,incident_zone_mean_response_min,82.43208532308275,65.1578419557453,99.7063286904202,10
B_E,1,8.0,13.883333333333333,incident_zone_p95_response_min,249.81056423713508,227.02024430002098,272.6008841742492,10
B_E,1,8.0,13.883333333333333,incident_zone_strict_4min_rate,0.21179008424538193,0.16925699040103276,0.2543231780897311,10
B_E,1,8.0,13.883333333333333,incident_zone_mean_wait_min,74.95881799803365,57.93746924200791,91.9801667540594,10
B_E,1,8.0,13.883333333333333,incident_zone_mean_delay_penalty_yuan_per_call,15728.50344734656,12281.046798220232,19175.96009647289,10
B_E,1,8.0,13.883333333333333,nonincident_zone_calls,42.3,38.469146696395576,46.13085330360442,10
B_E,1,8.0,13.883333333333333,nonincident_zone_mean_response_min,75.87666633615117,59.5679228877959,92.18540978450645,10
B_E,1,8.0,13.883333333333333,nonincident_zone_p95_response_min,244.23061470647912,222.4940993548167,265.9671300581415,10
B_E,1,8.0,13.883333333333333,nonincident_zone_strict_4min_rate,0.12221432351714703,0.09580767274900828,0.14862097428528578,10
B_E,1,8.0,13.883333333333333,nonincident_zone_mean_wait_min,69.03558111895454,52.735170669256306,85.33599156865277,10
B_E,1,8.0,13.883333333333333,nonincident_zone_mean_delay_penalty_yuan_per_call,14399.776131933662,11142.08709165457,17657.465172212753,10
B_E,1,8.0,13.883333333333333,max_incident_queue,27.0,21.407797823894445,32.59220217610555,10
B_E,1,8.0,13.883333333333333,incident_end_backlog,26.9,21.29307412842112,32.50692587157888,10
B_E,1,10.0,10.266666666666666,calls,114.9,108.70528638523444,121.09471361476557,10
B_E,1,10.0,10.266666666666666,mean_response_min,80.73267428846792,63.768253844190596,97.69709473274524,10
B_E,1,10.0,10.266666666666666,p95_response_min,328.4710369581559,306.5050131667014,350.43706074961034,10
B_E,1,10.0,10.266666666666666,strict_4min_rate,0.23017337790439857,0.19834537512786135,0.2620013806809358,10
B_E,1,10.0,10.266666666666666,mean_wait_min,73.82621708269008,57.01982751859727,90.63260664678289,10
B_E,1,10.0,10.266666666666666,mean_delay_penalty_yuan_per_call,15392.569533274462,12003.763136543486,18781.375930005437,10
B_E,1,10.0,10.266666666666666,incident_zone_calls,63.3,57.229527023347615,69.37047297665238,10
B_E,1,10.0,10.266666666666666,incident_zone_mean_response_min,86.97237557919675,69.55418873455324,104.39056242384027,10
B_E,1,10.0,10.266666666666666,incident_zone_p95_response_min,331.3522562447275,307.68647261987866,355.0180398695764,10
B_E,1,10.0,10.266666666666666,incident_zone_strict_4min_rate,0.27665765879023785,0.23704086559322204,0.3162744519872536,10
B_E,1,10.0,10.266666666666666,incident_zone_mean_wait_min,79.66787295432223,62.4261198690211,96.90962603962336,10
B_E,1,10.0,10.266666666666666,incident_zone_mean_delay_penalty_yuan_per_call,16649.806647597397,13171.48729179757,20128.126003397225,10
B_E,1,10.0,10.266666666666666,nonincident_zone_calls,51.6,47.66445329231423,55.535546707685775,10
B_E,1,10.0,10.266666666666666,nonincident_zone_mean_response_min,72.9825601454194,52.44670871281262,93.51841157802617,10
B_E,1,10.0,10.266666666666666,nonincident_zone_p95_response_min,322.30642179800077,298.05715569214254,346.555687903859,10
B_E,1,10.0,10.266666666666666,nonincident_zone_strict_4min_rate,0.17354529397789803,0.13200479344316773,0.21508579451262833,10
B_E,1,10.0,10.266666666666666,nonincident_zone_mean_wait_min,66.54230206261153,46.11557619439769,86.96902793082536,10
B_E,1,10.0,10.266666666666666,nonincident_zone_mean_delay_penalty_yuan_per_call,13831.221087879458,9728.185618529558,17934.256557229357,10
B_E,1,10.0,10.266666666666666,max_incident_queue,25.0,19.657391165089216,30.342608834910784,10
B_E,1,10.0,10.266666666666666,incident_end_backlog,24.9,19.595307104971738,30.20469289502826,10
B_E,1,11.0,8.7,calls,128.3,121.37215010094357,135.22784989905645,10
B_E,1,11.0,8.7,mean_response_min,85.27083092898064,65.8892682473965,104.65239361056479,10
B_E,1,11.0,8.7,p95_response_min,367.0227062841262,341.5849150184442,392.46049754980817,10
B_E,1,11.0,8.7,strict_4min_rate,0.22441935892048784,0.19548356679326212,0.25335515104771356,10
B_E,1,11.0,8.7,mean_wait_min,78.28414232868256,58.98751989622308,97.58076476114205,10
B_E,1,11.0,8.7,mean_delay_penalty_yuan_per_call,16298.926319823935,12426.455370573289,20171.397269074583,10
B_E,1,11.0,8.7,incident_zone_calls,70.7,63.8298419800332,77.57015801996681,10
B_E,1,11.0,8.7,incident_zone_mean_response_min,87.21830081923439,68.16066622329865,106.27593541517012,10
B_E,1,11.0,8.7,incident_zone_p95_response_min,366.9477146876856,341.49250675128,392.4029226240912,10
B_E,1,11.0,8.7,incident_zone_strict_4min_rate,0.26574108291380727,0.22996523340374497,0.30151693242386957,10
B_E,1,11.0,8.7,incident_zone_mean_wait_min,79.92681748785121,60.9470654973391,98.90656947836331,10
B_E,1,11.0,8.7,incident_zone_mean_delay_penalty_yuan_per_call,16696.58225784594,12889.059520495066,20504.104995196816,10
B_E,1,11.0,8.7,nonincident_zone_calls,57.6,54.09223776886062,61.10776223113938,10
B_E,1,11.0,8.7,nonincident_zone_mean_response_min,83.39623334597158,58.81014974550722,107.98231694643594,10
B_E,1,11.0,8.7,nonincident_zone_p95_response_min,364.02399794000297,339.37257644604927,388.6754194339567,10
B_E,1,11.0,8.7,nonincident_zone_strict_4min_rate,0.1733173212616066,0.14167862375317364,0.20495601877003955,10
B_E,1,11.0,8.7,nonincident_zone_mean_wait_min,76.80320692266818,52.23632183777951,101.37009200755685,10
B_E,1,11.0,8.7,nonincident_zone_mean_delay_penalty_yuan_per_call,15913.910133446636,11000.822631232091,20826.99763566118,10
B_E,1,11.0,8.7,max_incident_queue,26.8,20.520051797583942,33.07994820241606,10
B_E,1,11.0,8.7,incident_end_backlog,26.8,20.520051797583942,33.07994820241606,10
B_E,1,12.0,8.05,calls,140.6,132.8277716744372,148.3722283255628,10
B_E,1,12.0,8.05,mean_response_min,102.94725681666141,86.71613252651125,119.17838110681157,10
B_E,1,12.0,8.05,p95_response_min,386.18195426906505,361.8619851124082,410.5019234257219,10
B_E,1,12.0,8.05,strict_4min_rate,0.22481837957454132,0.19791418022418128,0.25172257892490135,10
B_E,1,12.0,8.05,mean_wait_min,96.11236673516503,80.05138429807916,112.1733491722509,10
B_E,1,12.0,8.05,mean_delay_penalty_yuan_per_call,19834.242681898068,16592.146442600148,23076.338921195987,10
B_E,1,12.0,8.05,incident_zone_calls,78.5,70.97268360746672,86.02731639253328,10
B_E,1,12.0,8.05,incident_zone_mean_response_min,107.35043301125931,89.5343299730632,125.16653604945543,10
B_E,1,12.0,8.05,incident_zone_p95_response_min,386.6012883634823,360.72533511299986,412.47724161396474,10
B_E,1,12.0,8.05,incident_zone_strict_4min_rate,0.26175945495573416,0.22723608894708458,0.29628282096438374,10
B_E,1,12.0,8.05,incident_zone_mean_wait_min,100.12454640143294,82.39520071035987,117.853892092506,10
B_E,1,12.0,8.05,incident_zone_mean_delay_penalty_yuan_per_call,20722.13384318303,17163.434877779928,24280.832808586132,10
B_E,1,12.0,8.05,nonincident_zone_calls,62.1,58.338041782428725,65.86195821757128,10
B_E,1,12.0,8.05,nonincident_zone_mean_response_min,97.88160111704799,74.5097790945664,121.25342313952959,10
B_E,1,12.0,8.05,nonincident_zone_p95_response_min,381.6135981401625,359.0135310047005,404.21366527562446,10
B_E,1,12.0,8.05,nonincident_zone_strict_4min_rate,0.1787520012492333,0.1480798998135407,0.2094241026849259,10
B_E,1,12.0,8.05,nonincident_zone_mean_wait_min,91.53947687822048,68.2682675549175,114.81068620152347,10
B_E,1,12.0,8.05,nonincident_zone_mean_delay_penalty_yuan_per_call,18812.070623659445,14142.28276697364,23481.85848034525,10
B_E,1,12.0,8.05,max_incident_queue,34.9,29.142969277560383,40.657030722439615,10
B_E,1,12.0,8.05,incident_end_backlog,34.9,29.142969277560383,40.657030722439615,10
B_E,2,0.5,17.75,calls,5.5,2.574704322837161,8.42529567716284,10
B_E,2,0.5,17.75,mean_response_min,6.3782142718448895,3.543474545883068,9.21295399780671,9
B_E,2,0.5,17.75,p95_response_min,10.691606614821172,4.626154197534957,16.757059032107385,9
B_E,2,0.5,17.75,strict_4min_rate,0.4773448773448774,0.2509128624417515,0.7037768922480033,9
B_E,2,0.5,17.75,mean_wait_min,1.1717505007576992,-0.7002118272130031,3.0437128287284017,9
B_E,2,0.5,17.75,mean_delay_penalty_yuan_per_call,571.1118298379536,39.73650884238225,1102.487150833525,9
B_E,2,0.5,17.75,incident_zone_calls,1.9,0.5322728486010311,3.2677271513989687,10
B_E,2,0.5,17.75,incident_zone_mean_response_min,5.669603847033013,1.5795557454454983,9.759651948620528,8
B_E,2,0.5,17.75,incident_zone_p95_response_min,7.851581992884628,1.1993633673543131,14.503800618414942,8
B_E,2,0.5,17.75,incident_zone_strict_4min_rate,0.7083333333333333,0.40351626695368165,1.013150399712985,8
B_E,2,0.5,17.75,incident_zone_mean_wait_min,1.0426575962827276,-1.4228358419948484,3.5081510345603037,8
B_E,2,0.5,17.75,incident_zone_mean_delay_penalty_yuan_per_call,475.58743607326915,-287.38788485190776,1238.562756998446,8
B_E,2,0.5,17.75,nonincident_zone_calls,3.6,1.4886533147216756,5.711346685278325,10
B_E,2,0.5,17.75,nonincident_zone_mean_response_min,6.234161328119324,3.7477013098551377,8.72062134638351,9
B_E,2,0.5,17.75,nonincident_zone_p95_response_min,9.820876693460054,3.810439342626693,15.831314044293414,9
B_E,2,0.5,17.75,nonincident_zone_strict_4min_rate,0.437037037037037,0.14533551904876746,0.7287385550253065,9
B_E,2,0.5,17.75,nonincident_zone_mean_wait_min,1.0342733937331003,-0.5526333341848824,2.621180121651083,9
B_E,2,0.5,17.75,nonincident_zone_mean_delay_penalty_yuan_per_call,534.2396730312723,81.08481461100752,987.3945314515372,9
B_E,2,0.5,17.75,max_incident_queue,1.5,0.4743778688025191,2.5256221311974807,10
B_E,2,0.5,17.75,incident_end_backlog,0.8,-0.45272591134470774,2.052725911344708,10
B_E,2,1.0,17.5,calls,10.1,7.13225058331147,13.067749416688528,10
B_E,2,1.0,17.5,mean_response_min,6.402625086165467,4.760481832856031,8.044768339474903,10
B_E,2,1.0,17.5,p95_response_min,11.483164266958463,7.292933359110114,15.673395174806812,10
B_E,2,1.0,17.5,strict_4min_rate,0.4168893606393606,0.2562759685356617,0.5775027527430595,10
B_E,2,1.0,17.5,mean_wait_min,0.7340848786511244,-0.19763438790471866,1.6658041452069674,10
B_E,2,1.0,17.5,mean_delay_penalty_yuan_per_call,563.9028893609654,263.1920376280831,864.6137410938478,10
B_E,2,1.0,17.5,incident_zone_calls,4.1,2.4669933970690625,5.733006602930937,10
B_E,2,1.0,17.5,incident_zone_mean_response_min,5.695455122114906,4.15395519274429,7.236955051485522,10
B_E,2,1.0,17.5,incident_zone_p95_response_min,7.808100133702699,5.4457452274593035,10.170455039946095,10
B_E,2,1.0,17.5,incident_zone_strict_4min_rate,0.5252380952380953,0.3070410096961347,0.7434351807800559,10
B_E,2,1.0,17.5,incident_zone_mean_wait_min,0.20894356912353293,-0.2637196223898889,0.6816067606369548,10
B_E,2,1.0,17.5,incident_zone_mean_delay_penalty_yuan_per_call,444.1386434706001,177.2694671598332,711.007819781367,10
B_E,2,1.0,17.5,nonincident_zone_calls,6.0,3.499091158061146,8.500908841938854,10
B_E,2,1.0,17.5,nonincident_zone_mean_response_min,6.413378853135212,4.5433780927388385,8.283379613531585,10
B_E,2,1.0,17.5,nonincident_zone_p95_response_min,11.21786923688936,6.4979896980822,15.93774877569652,10
B_E,2,1.0,17.5,nonincident_zone_strict_4min_rate,0.3983838383838384,0.19124178842206044,0.6055258883456164,10
B_E,2,1.0,17.5,nonincident_zone_mean_wait_min,0.8716628096087821,-0.2113130544514682,1.9546386736690322,10
B_E,2,1.0,17.5,nonincident_zone_mean_delay_penalty_yuan_per_call,562.3525383038102,218.92550618976122,905.7795704178592,10
B_E,2,1.0,17.5,max_incident_queue,1.6,0.8310144322718843,2.368985567728116,10
B_E,2,1.0,17.5,incident_end_backlog,0.2,-0.10162095503976065,0.5016209550397607,10
B_E,2,2.0,17.0,calls,21.4,17.876065427557318,24.92393457244268,10
B_E,2,2.0,17.0,mean_response_min,7.544635977079045,5.634450757367476,9.454821196790615,10
B_E,2,2.0,17.0,p95_response_min,14.902008955938902,9.83091132690223,19.973106584975575,10
B_E,2,2.0,17.0,strict_4min_rate,0.3101278938452851,0.20941893572272646,0.41083685196784375,10
B_E,2,2.0,17.0,mean_wait_min,1.2733230571611949,0.0012629392462304434,2.545383175076159,10
B_E,2,2.0,17.0,mean_delay_penalty_yuan_per_call,770.4433142459176,402.84133983673894,1138.045288655096,10
B_E,2,2.0,17.0,incident_zone_calls,8.4,6.132821394479695,10.667178605520306,10
B_E,2,2.0,17.0,incident_zone_mean_response_min,7.224559942624252,5.534220280211694,8.91489960503681,10
B_E,2,2.0,17.0,incident_zone_p95_response_min,12.60675179447654,8.732615684641527,16.480887904311555,10
B_E,2,2.0,17.0,incident_zone_strict_4min_rate,0.4034307359307359,0.24162748791800803,0.5652339839434638,10
B_E,2,2.0,17.0,incident_zone_mean_wait_min,1.4596579581425548,0.20573332447182735,2.7135825918132825,10
B_E,2,2.0,17.0,incident_zone_mean_delay_penalty_yuan_per_call,725.5981357109974,411.12426097436526,1040.0720104476295,10
B_E,2,2.0,17.0,nonincident_zone_calls,13.0,10.712845866617622,15.287154133382378,10
B_E,2,2.0,17.0,nonincident_zone_mean_response_min,7.67396639853941,5.615491193535087,9.732441603543734,10
B_E,2,2.0,17.0,nonincident_zone_p95_response_min,14.999562106496384,9.591458889407395,20.407665323585373,10
B_E,2,2.0,17.0,nonincident_zone_strict_4min_rate,0.2612076648841355,0.1674081429204135,0.3550071868478575,10
B_E,2,2.0,17.0,nonincident_zone_mean_wait_min,1.1210102962713784,-0.21586626188274205,2.4578868544254986,10
B_E,2,2.0,17.0,nonincident_zone_mean_delay_penalty_yuan_per_call,786.1432577915491,386.19159987166125,1186.094915711437,10
B_E,2,2.0,17.0,max_incident_queue,1.9,0.9197318961207779,2.8802681038792217,10
B_E,2,2.0,17.0,incident_end_backlog,0.1,-0.12621571627982048,0.3262157162798205,10
B_E,2,4.0,16.0,calls,40.6,36.06062967829507,45.13937032170493,10
B_E,2,4.0,16.0,mean_response_min,8.705098010865541,5.745122322125162,11.66507369960592,10
B_E,2,4.0,16.0,p95_response_min,21.125393184281045,11.14172138048062,31.10906498808147,10
B_E,2,4.0,16.0,strict_4min_rate,0.3114345498830904,0.24146547067175667,0.3814036290944241,10
B_E,2,4.0,16.0,mean_wait_min,2.3071926758711667,-0.3105903091879836,4.924975660930317,10
B_E,2,4.0,16.0,mean_delay_penalty_yuan_per_call,1003.3065121497264,422.44485461818715,1584.1681696812657,10
B_E,2,4.0,16.0,incident_zone_calls,15.0,11.610956024844759,18.38904397515524,10
B_E,2,4.0,16.0,incident_zone_mean_response_min,8.83667796174241,5.060274924350393,12.613080999134427,10
B_E,2,4.0,16.0,incident_zone_p95_response_min,18.161703967368542,7.031949508082581,29.2914584266545,10
B_E,2,4.0,16.0,incident_zone_strict_4min_rate,0.3712777777777777,0.22774193506917542,0.51481362048638,10
B_E,2,4.0,16.0,incident_zone_mean_wait_min,2.6569613806773793,-0.8141177194778675,6.128040480832626,10
B_E,2,4.0,16.0,incident_zone_mean_delay_penalty_yuan_per_call,1041.5911479040374,303.258932005259,1779.9233638028159,10
B_E,2,4.0,16.0,nonincident_zone_calls,25.6,22.675676343358155,28.524323656641847,10
B_E,2,4.0,16.0,nonincident_zone_mean_response_min,8.48969167739127,6.065797108938364,10.913586245844177,10
B_E,2,4.0,16.0,nonincident_zone_p95_response_min,20.16237073034552,11.56983911309131,28.754902347599725,10
B_E,2,4.0,16.0,nonincident_zone_strict_4min_rate,0.28630484208042606,0.2322347562887446,0.34037492787210755,10
B_E,2,4.0,16.0,nonincident_zone_mean_wait_min,1.9948554003188401,0.009081211717536064,3.980629588920144,10
B_E,2,4.0,16.0,nonincident_zone_mean_delay_penalty_yuan_per_call,955.1993038943392,480.2826383941981,1430.1159693944803,10
B_E,2,4.0,16.0,max_incident_queue,3.1,1.612776223085257,4.587223776914743,10
B_E,2,4.0,16.0,incident_end_backlog,0.7,-0.8835100139587433,2.283510013958743,10
B_E,2,5.0,15.483333333333333,calls,50.1,44.605756765282145,55.59424323471786,10
B_E,2,5.0,15.483333333333333,mean_response_min,9.296901409896776,4.6424798185230545,13.951323001270499,10
B_E,2,5.0,15.483333333333333,p95_response_min,26.67837479244916,2.5108564989478097,50.84589308595051,10
B_E,2,5.0,15.483333333333333,strict_4min_rate,0.3243706019771889,0.2396959351186208,0.40904526883575704,10
B_E,2,5.0,15.483333333333333,mean_wait_min,2.9281660414218083,-1.230678698441638,7.0870107812852545,10
B_E,2,5.0,15.483333333333333,mean_delay_penalty_yuan_per_call,1123.88361222109,205.21349765678224,2042.5537267853979,10
B_E,2,5.0,15.483333333333333,incident_zone_calls,18.3,14.682905720795672,21.917094279204328,10
B_E,2,5.0,15.483333333333333,incident_zone_mean_response_min,9.652523278072412,4.193202866064108,15.111843690080715,10
B_E,2,5.0,15.483333333333333,incident_zone_p95_response_min,25.055097169788247,2.1575751697669148,47.95261916980958,10
B_E,2,5.0,15.483333333333333,incident_zone_strict_4min_rate,0.4046194867933998,0.27882918627050024,0.5304097873162994,10
B_E,2,5.0,15.483333333333333,incident_zone_mean_wait_min,3.4528841895446627,-1.537874309331876,8.443642688421201,10
B_E,2,5.0,15.483333333333333,incident_zone_mean_delay_penalty_yuan_per_call,1211.2467436535842,133.47961429028942,2289.013873016879,10
B_E,2,5.0,15.483333333333333,nonincident_zone_calls,31.8,27.658885983476203,35.9411140165238,10
B_E,2,5.0,15.483333333333333,nonincident_zone_mean_response_min,8.992528766169583,4.891421608125461,13.093635924213704,10
B_E,2,5.0,15.483333333333333,nonincident_zone_p95_response_min,20.62431659665864,8.230553073987736,33.01808011932955,10
B_E,2,5.0,15.483333333333333,nonincident_zone_strict_4min_rate,0.28747456919815095,0.2073888375271815,0.3675603008691204,10
B_E,2,5.0,15.483333333333333,nonincident_zone_mean_wait_min,2.582356017023921,-0.9573120198217486,6.12202405386959,10
B_E,2,5.0,15.483333333333333,nonincident_zone_mean_delay_penalty_yuan_per_call,1055.4807944512356,248.11656247933945,1862.845026423132,10
B_E,2,5.0,15.483333333333333,max_incident_queue,3.4,1.7410847472813165,5.058915252718683,10
B_E,2,5.0,15.483333333333333,incident_end_backlog,0.8,-1.0097257302385638,2.609725730238564,10
B_E,2,6.0,14.983333333333333,calls,58.4,52.52806667299961,64.27193332700038,10
B_E,2,6.0,14.983333333333333,mean_response_min,11.42538124764223,3.2955462436621232,19.555216251622337,10
B_E,2,6.0,14.983333333333333,p95_response_min,36.110459085326504,-7.097423334940572,79.31834150559358,10
B_E,2,6.0,14.983333333333333,strict_4min_rate,0.30574117529620154,0.24746160256880606,0.364020748023597,10
B_E,2,6.0,14.983333333333333,mean_wait_min,4.816028335198277,-3.001499640663302,12.633556311059856,10
B_E,2,6.0,14.983333333333333,mean_delay_penalty_yuan_per_call,1546.2244845876862,-71.05046689848314,3163.4994360738556,10
B_E,2,6.0,14.983333333333333,incident_zone_calls,21.2,17.284732284061803,25.115267715938195,10
B_E,2,6.0,14.983333333333333,incident_zone_mean_response_min,12.122311286541606,1.4754136982045019,22.76920887487871,10
B_E,2,6.0,14.983333333333333,incident_zone_p95_response_min,32.637750384734304,-11.385854931694581,76.66135570116319,10
B_E,2,6.0,14.983333333333333,incident_zone_strict_4min_rate,0.36867601480644957,0.2742865460630924,0.46306548354980676,10
B_E,2,6.0,14.983333333333333,incident_zone_mean_wait_min,5.8295183985836285,-4.46396263510421,16.122999432271467,10
B_E,2,6.0,14.983333333333333,incident_zone_mean_delay_penalty_yuan_per_call,1698.1974602696107,-418.97342993033067,3815.368350469552,10
B_E,2,6.0,14.983333333333333,nonincident_zone_calls,37.2,33.142105066175745,41.25789493382426,10
B_E,2,6.0,14.983333333333333,nonincident_zone_mean_response_min,10.743375217563345,4.573771182938826,16.912979252187867,10
B_E,2,6.0,14.983333333333333,nonincident_zone_p95_response_min,37.41987838543605,-2.852746925364727,77.69250369623683,10
B_E,2,6.0,14.983333333333333,nonincident_zone_strict_4min_rate,0.2785954668193119,0.22191798547565664,0.3352729481629672,10
B_E,2,6.0,14.983333333333333,nonincident_zone_mean_wait_min,4.011259267709425,-1.8377822329379319,9.860300768356783,10
B_E,2,6.0,14.983333333333333,nonincident_zone_mean_delay_penalty_yuan_per_call,1404.3941368765313,177.5751110129229,2631.2131627401395,10
B_E,2,6.0,14.983333333333333,max_incident_queue,3.7,1.4873990468378793,5.912600953162121,10
B_E,2,6.0,14.983333333333333,incident_end_backlog,1.9,-0.49522933823372606,4.295229338233726,10
B_E,2,8.0,13.883333333333333,calls,75.0,69.02440243960943,80.97559756039057,10
B_E,2,8.0,13.883333333333333,mean_response_min,24.79410922233506,14.734702845818969,34.853515598851146,10
B_E,2,8.0,13.883333333333333,p95_response_min,133.14521929029658,92.79979261091879,173.49064596967438,10
B_E,2,8.0,13.883333333333333,strict_4min_rate,0.28022921037753595,0.22390215619934842,0.3365562645557235,10
B_E,2,8.0,13.883333333333333,mean_wait_min,18.296748964679605,8.363415476906814,28.230082452452393,10
B_E,2,8.0,13.883333333333333,mean_delay_penalty_yuan_per_call,4214.8449827398745,2207.7529414748524,6221.937024004897,10
B_E,2,8.0,13.883333333333333,incident_zone_calls,27.1,22.301832466309243,31.89816753369076,10
B_E,2,8.0,13.883333333333333,incident_zone_mean_response_min,24.47571436268081,11.257026281027116,37.69440244433451,10
B_E,2,8.0,13.883333333333333,incident_zone_p95_response_min,113.60876557770321,74.65525689805013,152.5622742573563,10
B_E,2,8.0,13.883333333333333,incident_zone_strict_4min_rate,0.3429417610016455,0.24720226067086046,0.43868126133243046,10
B_E,2,8.0,13.883333333333333,incident_zone_mean_wait_min,18.09052143926888,5.019502908488191,31.161539970049567,10
B_E,2,8.0,13.883333333333333,incident_zone_mean_delay_penalty_yuan_per_call,4163.676247570285,1527.813695271249,6799.538799869322,10
B_E,2,8.0,13.883333333333333,nonincident_zone_calls,47.9,44.9514719605189,50.848528039481096,10
B_E,2,8.0,13.883333333333333,nonincident_zone_mean_response_min,24.814291110658402,16.711065067324874,32.91751715399193,10
B_E,2,8.0,13.883333333333333,nonincident_zone_p95_response_min,127.96998355324722,86.18644544253789,169.75352166395655,10
B_E,2,8.0,13.883333333333333,nonincident_zone_strict_4min_rate,0.25133754729387664,0.2054489835773308,0.2972261110104225,10
B_E,2,8.0,13.883333333333333,nonincident_zone_mean_wait_min,18.298205260213564,10.243487615571311,26.352922904855816,10
B_E,2,8.0,13.883333333333333,nonincident_zone_mean_delay_penalty_yuan_per_call,4213.125731590456,2594.7656017678933,5831.485861413019,10
B_E,2,8.0,13.883333333333333,max_incident_queue,8.9,4.736292319468083,13.063707680531918,10
B_E,2,8.0,13.883333333333333,incident_end_backlog,8.4,4.03951643639248,12.76048356360752,10
B_E,2,10.0,10.266666666666666,calls,90.8,85.66579467196641,95.93420532803358,10
B_E,2,10.0,10.266666666666666,mean_response_min,14.972247437167539,4.165162634230239,25.77933224010484,10
B_E,2,10.0,10.266666666666666,p95_response_min,51.18628675937732,-8.399630774430626,110.77220429318527,10
B_E,2,10.0,10.266666666666666,strict_4min_rate,0.3480149911718596,0.2991534099105886,0.39687657243313057,10
B_E,2,10.0,10.266666666666666,mean_wait_min,8.816405432303839,-1.7547827362218626,19.38759360082954,10
B_E,2,10.0,10.266666666666666,mean_delay_penalty_yuan_per_call,2263.9798585703384,108.05451366789748,4419.905203472779,10
B_E,2,10.0,10.266666666666666,incident_zone_calls,32.3,27.712658605458525,36.88734139454147,10
B_E,2,10.0,10.266666666666666,incident_zone_mean_response_min,18.51941670232387,4.207008538309113,32.83182486633863,10
B_E,2,10.0,10.266666666666666,incident_zone_p95_response_min,61.332226159607195,-1.5340044285016248,124.19845674771602,10
B_E,2,10.0,10.266666666666666,incident_zone_strict_4min_rate,0.3975747104724912,0.3268593450891462,0.4682900758558362,10
B_E,2,10.0,10.266666666666666,incident_zone_mean_wait_min,12.184056330590558,-1.8501487276886337,26.21826138886975,10
B_E,2,10.0,10.266666666666666,incident_zone_mean_delay_penalty_yuan_per_call,2983.2003487480197,130.9404850074443,5835.460212488595,10
B_E,2,10.0,10.266666666666666,nonincident_zone_calls,58.5,55.36818522163823,61.63181477836177,10
B_E,2,10.0,10.266666666666666,nonincident_zone_mean_response_min,12.459766680219841,4.1814087133203,20.738124647119385,10
B_E,2,10.0,10.266666666666666,nonincident_zone_p95_response_min,47.80297822207872,-11.854831981462446,107.46078842561988,10
B_E,2,10.0,10.266666666666666,nonincident_zone_strict_4min_rate,0.3251441187475749,0.2756645220207324,0.37462371547441736,10
B_E,2,10.0,10.266666666666666,nonincident_zone_mean_wait_min,6.4188000825799865,-1.6294830819111574,14.46708324707113,10
B_E,2,10.0,10.266666666666666,nonincident_zone_mean_delay_penalty_yuan_per_call,1756.9821597934838,105.03291842391786,3408.9314011630495,10
B_E,2,10.0,10.266666666666666,max_incident_queue,5.5,1.9271918855281576,9.072808114471842,10
B_E,2,10.0,10.266666666666666,incident_end_backlog,4.4,0.6267230579721921,8.173276942027808,10
B_E,2,11.0,8.7,calls,101.7,96.16862610877018,107.23137389122982,10
B_E,2,11.0,8.7,mean_response_min,14.398237498065237,3.3624879693092744,25.4339870268212,10
B_E,2,11.0,8.7,p95_response_min,68.72845585539821,-8.93721504279037,146.3941267535868,10
B_E,2,11.0,8.7,strict_4min_rate,0.3622667807450747,0.32587441774440606,0.3986591437457433,10
B_E,2,11.0,8.7,mean_wait_min,8.36981135703377,-2.537953514855454,19.277576228922996,10
B_E,2,11.0,8.7,mean_delay_penalty_yuan_per_call,2151.967841351352,-52.329032291430394,4356.264714994135,10
B_E,2,11.0,8.7,incident_zone_calls,36.4,31.59295299254826,41.207047007451735,10
B_E,2,11.0,8.7,incident_zone_mean_response_min,17.322510834657237,1.3199345896331458,33.325087079681325,10
B_E,2,11.0,8.7,incident_zone_p95_response_min,56.689041747686886,-11.36524594248732,124.74332943786109,10
B_E,2,11.0,8.7,incident_zone_strict_4min_rate,0.41272746037451924,0.3491874653628775,0.476267455386161,10
B_E,2,11.0,8.7,incident_zone_mean_wait_min,11.157863176368284,-4.696595688331151,27.01232204106772,10
B_E,2,11.0,8.7,incident_zone_mean_delay_penalty_yuan_per_call,2746.7451164251283,-446.4341773935689,5939.924410243826,10
B_E,2,11.0,8.7,nonincident_zone_calls,65.3,62.417783318797824,68.18221668120218,10
B_E,2,11.0,8.7,nonincident_zone_mean_response_min,12.164989690473856,4.64106259832343,19.688916782624283,10
B_E,2,11.0,8.7,nonincident_zone_p95_response_min,68.12434074737753,-5.461213953729697,141.70989544848476,10
B_E,2,11.0,8.7,nonincident_zone_strict_4min_rate,0.3377319970836197,0.2976622445830521,0.3778017495841872,10
B_E,2,11.0,8.7,nonincident_zone_mean_wait_min,6.2254047577817,-1.171766630608749,13.622576146172149,10
B_E,2,11.0,8.7,nonincident_zone_mean_delay_penalty_yuan_per_call,1700.544337511495,196.77175725855818,3204.316917764432,10
B_E,2,11.0,8.7,max_incident_queue,5.5,1.5493123587079638,9.450687641292037,10
B_E,2,11.0,8.7,incident_end_backlog,3.8,-0.6965807360003415,8.29658073600034,10
B_E,2,12.0,8.05,calls,111.3,104.94579421324885,117.65420578675115,10
B_E,2,12.0,8.05,mean_response_min,22.748610825821014,11.589671541338662,33.90755011030337,10
B_E,2,12.0,8.05,p95_response_min,127.7943020660404,44.466272673718535,211.12233145836228,10
B_E,2,12.0,8.05,strict_4min_rate,0.33959030719720174,0.29790824523789977,0.3812723691565037,10
B_E,2,12.0,8.05,mean_wait_min,16.659977974710124,5.56658609621371,27.753369853206536,10
B_E,2,12.0,8.05,mean_delay_penalty_yuan_per_call,3817.6402266036444,1588.1609892865458,6047.119463920742,10
B_E,2,12.0,8.05,incident_zone_calls,39.8,35.191018624336905,44.40898137566309,10
B_E,2,12.0,8.05,incident_zone_mean_response_min,25.427051918467175,10.043378052492686,40.810725784441665,10
B_E,2,12.0,8.05,incident_zone_p95_response_min,125.05184454320299,43.224235031690284,206.8794540547157,10
B_E,2,12.0,8.05,incident_zone_strict_4min_rate,0.38131322958370656,0.33352909936672753,0.4290973598006856,10
B_E,2,12.0,8.05,incident_zone_mean_wait_min,18.945049426976592,3.6459674223400054,34.24413143161318,10
B_E,2,12.0,8.05,incident_zone_mean_delay_penalty_yuan_per_call,4361.673029610176,1290.1437974133673,7433.202261806984,10
B_E,2,12.0,8.05,nonincident_zone_calls,71.5,67.97525875830732,75.02474124169268,10
B_E,2,12.0,8.05,nonincident_zone_mean_response_min,20.922789843952856,12.369940560702673,29.47563912720304,10
B_E,2,12.0,8.05,nonincident_zone_p95_response_min,104.41658758514002,36.69934158150615,172.13383358877388,10
B_E,2,12.0,8.05,nonincident_zone_strict_4min_rate,0.31877087371183116,0.27068450689989565,0.36685724052376667,10
B_E,2,12.0,8.05,nonincident_zone_mean_wait_min,15.069466587370048,6.581880018685599,23.557053156054497,10
B_E,2,12.0,8.05,nonincident_zone_mean_delay_penalty_yuan_per_call,3448.3121435329367,1739.4293006886303,5157.194986377243,10
B_E,2,12.0,8.05,max_incident_queue,8.2,3.9638628088325625,12.436137191167436,10
B_E,2,12.0,8.05,incident_end_backlog,7.9,3.5623959773446563,12.237604022655344,10
B_E,3,0.5,17.75,calls,5.7,2.8575125336947695,8.54248746630523,10
B_E,3,0.5,17.75,mean_response_min,7.0353114106588865,4.4939375599149844,9.576685261402789,9
B_E,3,0.5,17.75,p95_response_min,11.957746332115255,6.669268319419401,17.246224344811107,9
B_E,3,0.5,17.75,strict_4min_rate,0.3888488055154722,0.22707761310520647,0.5506199979257379,9
B_E,3,0.5,17.75,mean_wait_min,1.1717505007576992,-0.7002118272130031,3.0437128287284017,9
B_E,3,0.5,17.75,mean_delay_penalty_yuan_per_call,684.8320432348714,203.35167782598847,1166.3124086437545,9
B_E,3,0.5,17.75,incident_zone_calls,2.4,0.8111130265481592,3.988886973451841,10
B_E,3,0.5,17.75,incident_zone_mean_response_min,6.997345641069777,4.0164258886005,9.978265393539054,9
B_E,3,0.5,17.75,incident_zone_p95_response_min,9.076655129446985,3.988703813567148,14.164606445326822,9
B_E,3,0.5,17.75,incident_zone_strict_4min_rate,0.4212962962962962,0.13107548635173494,0.7115171062408575,9
B_E,3,0.5,17.75,incident_zone_mean_wait_min,0.8869420942451648,-1.1583500427708282,2.932234231261158,9
B_E,3,0.5,17.75,incident_zone_mean_delay_penalty_yuan_per_call,683.7283874732148,129.18792538797743,1238.268849558452,9
B_E,3,0.5,17.75,nonincident_zone_calls,3.3,1.3035403904053173,5.296459609594683,10
B_E,3,0.5,17.75,nonincident_zone_mean_response_min,6.283054754298545,3.6389902348696506,8.92711927372744,9
B_E,3,0.5,17.75,nonincident_zone_p95_response_min,9.532642613995915,3.404976787052812,15.660308440939017,9
B_E,3,0.5,17.75,nonincident_zone_strict_4min_rate,0.42592592592592593,0.07846532458762112,0.7733865272642307,9
B_E,3,0.5,17.75,nonincident_zone_mean_wait_min,1.05088521351849,-0.5648646970794371,2.666635124116417,9
B_E,3,0.5,17.75,nonincident_zone_mean_delay_penalty_yuan_per_call,541.7961360448943,65.10031529646892,1018.4919567933197,9
B_E,3,0.5,17.75,max_incident_queue,1.5,0.4743778688025191,2.5256221311974807,10
B_E,3,0.5,17.75,incident_end_backlog,0.8,-0.45272591134470774,2.052725911344708,10
B_E,3,1.0,17.5,calls,10.8,7.676365857583001,13.923634142417,10
B_E,3,1.0,17.5,mean_response_min,7.578292483944416,5.729658090280691,9.426926877608143,10
B_E,3,1.0,17.5,p95_response_min,12.631662221908615,7.633295593489285,17.630028850327946,10
B_E,3,1.0,17.5,strict_4min_rate,0.28738636363636366,0.22551870484394998,0.34925402242877734,10
B_E,3,1.0,17.5,mean_wait_min,0.9345300352626236,-0.3205882517741645,2.1896483222994116,10
B_E,3,1.0,17.5,mean_delay_penalty_yuan_per_call,773.1357695161561,412.6879894140427,1133.5835496182694,10
B_E,3,1.0,17.5,incident_zone_calls,5.0,3.530081290571291,6.469918709428709,10
B_E,3,1.0,17.5,incident_zone_mean_response_min,7.802535223734085,6.206477792541155,9.398592654927016,10
B_E,3,1.0,17.5,incident_zone_p95_response_min,10.624484231277687,7.239907255465875,14.0090612070895,10
B_E,3,1.0,17.5,incident_zone_strict_4min_rate,0.2108333333333333,0.06992968875926042,0.35173697790740616,10
B_E,3,1.0,17.5,incident_zone_mean_wait_min,0.627547325788637,-0.3199758704019753,1.5750705219792493,10
B_E,3,1.0,17.5,incident_zone_mean_delay_penalty_yuan_per_call,802.6737114134837,504.3687421155128,1100.9786807114547,10
B_E,3,1.0,17.5,nonincident_zone_calls,5.8,3.372935057809216,8.227064942190783,10
B_E,3,1.0,17.5,nonincident_zone_mean_response_min,6.9629486119241575,4.485136527359304,9.440760696489011,10
B_E,3,1.0,17.5,nonincident_zone_p95_response_min,11.678376810694846,5.869307603072226,17.487446018317467,10
B_E,3,1.0,17.5,nonincident_zone_strict_4min_rate,0.3675,0.14927217125104034,0.5857278287489597,10
B_E,3,1.0,17.5,nonincident_zone_mean_wait_min,1.0527410538715471,-0.3917509921733302,2.4972330999164245,10
B_E,3,1.0,17.5,nonincident_zone_mean_delay_penalty_yuan_per_call,666.0897223848311,192.48420280999056,1139.6952419596716,10
B_E,3,1.0,17.5,max_incident_queue,1.8,0.7443266573608376,2.8556733426391627,10
B_E,3,1.0,17.5,incident_end_backlog,0.3,-0.18282911193318369,0.7828291119331836,10
B_E,3,2.0,17.0,calls,22.8,19.315005126359654,26.284994873640347,10
B_E,3,2.0,17.0,mean_response_min,9.032001989047199,6.613583105166786,11.450420872927612,10
B_E,3,2.0,17.0,p95_response_min,17.08345063112653,11.160862071726726,23.006039190526337,10
B_E,3,2.0,17.0,strict_4min_rate,0.21956458477110646,0.15371719042939608,0.28541197911281685,10
B_E,3,2.0,17.0,mean_wait_min,1.9767614291901783,0.22101213051830504,3.7325107278620515,10
B_E,3,2.0,17.0,mean_delay_penalty_yuan_per_call,1050.313314763661,575.8933668773116,1524.7332626500106,10
B_E,3,2.0,17.0,incident_zone_calls,10.5,7.926261126726962,13.073738873273038,10
B_E,3,2.0,17.0,incident_zone_mean_response_min,9.322409673726884,7.297817285302772,11.347002062150997,10
B_E,3,2.0,17.0,incident_zone_p95_response_min,14.906503508354481,9.876419567597445,19.936587449111517,10
B_E,3,2.0,17.0,incident_zone_strict_4min_rate,0.18128787878787875,0.08468244177961025,0.27789331579614723,10
B_E,3,2.0,17.0,incident_zone_mean_wait_min,1.7651814391750693,0.08961505221942478,3.440747826130714,10
B_E,3,2.0,17.0,incident_zone_mean_delay_penalty_yuan_per_call,1100.739510502953,704.877406516581,1496.601614489325,10
B_E,3,2.0,17.0,nonincident_zone_calls,12.3,9.890569572881406,14.709430427118596,10
B_E,3,2.0,17.0,nonincident_zone_mean_response_min,8.841512723152288,6.051419464740169,11.631605981564407,10
B_E,3,2.0,17.0,nonincident_zone_p95_response_min,17.753875847635257,11.192144883961483,24.31560681130903,10
B_E,3,2.0,17.0,nonincident_zone_strict_4min_rate,0.2367277167277167,0.14721017534543995,0.32624525810999344,10
B_E,3,2.0,17.0,nonincident_zone_mean_wait_min,2.1427808046549544,0.2183145395359618,4.067247069773947,10
B_E,3,2.0,17.0,nonincident_zone_mean_delay_penalty_yuan_per_call,1015.6480879760007,467.09508843231845,1564.201087519683,10
B_E,3,2.0,17.0,max_incident_queue,2.4,1.174809888807004,3.625190111192996,10
B_E,3,2.0,17.0,incident_end_backlog,0.4,-0.10018176838777082,0.9001817683877709,10
B_E,3,4.0,16.0,calls,43.2,38.55415601605523,47.845843983944775,10
B_E,3,4.0,16.0,mean_response_min,10.861061863942556,6.801008550315328,14.921115177569785,10
B_E,3,4.0,16.0,p95_response_min,25.32439398297586,11.948896928907303,38.69989103704442,10
B_E,3,4.0,16.0,strict_4min_rate,0.2115703651388409,0.15013298843213266,0.2730077418455491,10
B_E,3,4.0,16.0,mean_wait_min,3.619362805279502,-0.04322856892261484,7.281954179481619,10
B_E,3,4.0,16.0,mean_delay_penalty_yuan_per_call,1414.5264458162796,610.5669890152932,2218.485902617266,10
B_E,3,4.0,16.0,incident_zone_calls,18.9,15.970819466308475,21.829180533691524,10
B_E,3,4.0,16.0,incident_zone_mean_response_min,11.535384188806109,7.320022017274042,15.750746360338177,10
B_E,3,4.0,16.0,incident_zone_p95_response_min,25.927690169380906,9.61166826319619,42.243712075565625,10
B_E,3,4.0,16.0,incident_zone_strict_4min_rate,0.16733431171511665,0.09959425208049011,0.23507437134974318,10
B_E,3,4.0,16.0,incident_zone_mean_wait_min,3.8367741369602384,-0.2171927621614338,7.890741036081911,10
B_E,3,4.0,16.0,incident_zone_mean_delay_penalty_yuan_per_call,1540.543700104245,702.3241715037142,2378.763228704776,10
B_E,3,4.0,16.0,nonincident_zone_calls,24.3,20.99504765354716,27.60495234645284,10
B_E,3,4.0,16.0,nonincident_zone_mean_response_min,10.258251610196442,6.264092462790635,14.252410757602249,10
B_E,3,4.0,16.0,nonincident_zone_p95_response_min,23.108771884758227,12.003185801256636,34.21435796825982,10
B_E,3,4.0,16.0,nonincident_zone_strict_4min_rate,0.2492201100737308,0.16530261621186906,0.33313760393559255,10
B_E,3,4.0,16.0,nonincident_zone_mean_wait_min,3.3987105761072534,0.054227349721423845,6.743193802493083,10
B_E,3,4.0,16.0,nonincident_zone_mean_delay_penalty_yuan_per_call,1301.4943440540344,515.3952134644835,2087.593474643585,10
B_E,3,4.0,16.0,max_incident_queue,3.9,2.1013044814476247,5.698695518552375,10
B_E,3,4.0,16.0,incident_end_backlog,1.0,-0.7844136342699262,2.784413634269926,10
B_E,3,5.0,15.483333333333333,calls,53.1,47.35285429639506,58.847145703604944,10
B_E,3,5.0,15.483333333333333,mean_response_min,13.266770173902305,4.7589416636009805,21.77459868420363,10
B_E,3,5.0,15.483333333333333,p95_response_min,42.212897870564724,-2.9466002109635525,87.372395952093,10
B_E,3,5.0,15.483333333333333,strict_4min_rate,0.20806155293259865,0.14796697540705778,0.2681561304581395,10
B_E,3,5.0,15.483333333333333,mean_wait_min,5.919195640805764,-2.2643388236721975,14.102730105283726,10
B_E,3,5.0,15.483333333333333,mean_delay_penalty_yuan_per_call,1894.9663453669807,198.68356617018821,3591.249124563773,10
B_E,3,5.0,15.483333333333333,incident_zone_calls,23.7,20.13037620711845,27.26962379288155,10
B_E,3,5.0,15.483333333333333,incident_zone_mean_response_min,14.113853286564009,5.035758237893996,23.191948335234024,10
B_E,3,5.0,15.483333333333333,incident_zone_p95_response_min,41.51465343817625,-4.577002600212495,87.606309476565,10
B_E,3,5.0,15.483333333333333,incident_zone_strict_4min_rate,0.16971093878897872,0.11040782344934459,0.22901405412861287,10
B_E,3,5.0,15.483333333333333,incident_zone_mean_wait_min,6.405504740982622,-2.557403189362864,15.368412671328107,10
B_E,3,5.0,15.483333333333333,incident_zone_mean_delay_penalty_yuan_per_call,2056.7128450705964,245.59113379891232,3867.8345563422804,10
B_E,3,5.0,15.483333333333333,nonincident_zone_calls,29.4,24.688530067308108,34.11146993269189,10
B_E,3,5.0,15.483333333333333,nonincident_zone_mean_response_min,12.437960151953304,4.433328917100177,20.44259138680643,10
B_E,3,5.0,15.483333333333333,nonincident_zone_p95_response_min,36.432854663132,0.5424096741452971,72.32329965211869,10
B_E,3,5.0,15.483333333333333,nonincident_zone_strict_4min_rate,0.24577446023910068,0.16756275465907605,0.3239861658191253,10
B_E,3,5.0,15.483333333333333,nonincident_zone_mean_wait_min,5.4510818993950085,-2.025388126699556,12.927551925489574,10
B_E,3,5.0,15.483333333333333,nonincident_zone_mean_delay_penalty_yuan_per_call,1736.7469224384809,142.16804668809505,3331.3257981888664,10
B_E,3,5.0,15.483333333333333,max_incident_queue,4.6,2.234630085605111,6.965369914394888,10
B_E,3,5.0,15.483333333333333,incident_end_backlog,1.8,-1.0969746715991022,4.6969746715991025,10
B_E,3,6.0,14.983333333333333,calls,62.1,56.0445320775989,68.1554679224011,10
B_E,3,6.0,14.983333333333333,mean_response_min,17.182604484030694,7.657869441310623,26.707339526750765,10
B_E,3,6.0,14.983333333333333,p95_response_min,52.85398544074012,11.234942304230785,94.47302857724945,10
B_E,3,6.0,14.983333333333333,strict_4min_rate,0.1905987850281849,0.1442815552793582,0.23691601477701157,10
B_E,3,6.0,14.983333333333333,mean_wait_min,9.770557297953134,0.5270744805045151,19.014040115401755,10
B_E,3,6.0,14.983333333333333,mean_delay_penalty_yuan_per_call,2674.6406538117767,775.8461477490596,4573.435159874494,10
B_E,3,6.0,14.983333333333333,incident_zone_calls,27.5,23.534946174425055,31.465053825574945,10
B_E,3,6.0,14.983333333333333,incident_zone_mean_response_min,17.520031782619224,6.604366801694242,28.435696763544207,10
B_E,3,6.0,14.983333333333333,incident_zone_p95_response_min,49.2748400379204,5.8090562752290325,92.74062380061176,10
B_E,3,6.0,14.983333333333333,incident_zone_strict_4min_rate,0.17764603395038173,0.11746773687177323,0.23782433102899023,10
B_E,3,6.0,14.983333333333333,incident_zone_mean_wait_min,9.832160827016907,-1.0197224192366576,20.68404407327047,10
B_E,3,6.0,14.983333333333333,incident_zone_mean_delay_penalty_yuan_per_call,2739.535563313921,561.3933272022723,4917.67779942557,10
B_E,3,6.0,14.983333333333333,nonincident_zone_calls,34.6,29.68765107736731,39.51234892263269,10
B_E,3,6.0,14.983333333333333,nonincident_zone_mean_response_min,16.64995570343919,8.247318052615139,25.05259335426324,10
B_E,3,6.0,14.983333333333333,nonincident_zone_p95_response_min,53.75279294402691,11.291213499887611,96.2143723881662,10
B_E,3,6.0,14.983333333333333,nonincident_zone_strict_4min_rate,0.206635605534764,0.1490822772902666,0.26418893377926145,10
B_E,3,6.0,14.983333333333333,nonincident_zone_mean_wait_min,9.491489914660706,1.571206114853375,17.411773714468037,10
B_E,3,6.0,14.983333333333333,nonincident_zone_mean_delay_penalty_yuan_per_call,2571.3182617947905,898.6162243444446,4244.020299245136,10
B_E,3,6.0,14.983333333333333,max_incident_queue,5.9,3.2565112843302773,8.543488715669724,10
B_E,3,6.0,14.983333333333333,incident_end_backlog,4.7,1.6453897133611433,7.754610286638857,10
B_E,3,8.0,13.883333333333333,calls,79.5,73.26138413010736,85.73861586989264,10
B_E,3,8.0,13.883333333333333,mean_response_min,37.56836542036224,26.30831182310198,48.8284190176225,10
B_E,3,8.0,13.883333333333333,p95_response_min,172.06846265126447,145.8625811177174,198.27434418481153,10
B_E,3,8.0,13.883333333333333,strict_4min_rate,0.19291237636882375,0.14930158352865996,0.23652316920898753,10
B_E,3,8.0,13.883333333333333,mean_wait_min,30.407133633121617,19.352315331350017,41.46195193489322,10
B_E,3,8.0,13.883333333333333,mean_delay_penalty_yuan_per_call,6752.255559346214,4506.387907398495,8998.123211293932,10
B_E,3,8.0,13.883333333333333,incident_zone_calls,35.4,30.97479809367576,39.82520190632424,10
B_E,3,8.0,13.883333333333333,incident_zone_mean_response_min,36.933105647282275,24.39830194988587,49.46790934467868,10
B_E,3,8.0,13.883333333333333,incident_zone_p95_response_min,170.78052527159468,149.1602065210112,192.40084402217818,10
B_E,3,8.0,13.883333333333333,incident_zone_strict_4min_rate,0.1723041675345695,0.13001874283392895,0.21458959223521007,10
B_E,3,8.0,13.883333333333333,incident_zone_mean_wait_min,29.41190695125569,16.973006260312793,41.85080764219859,10
B_E,3,8.0,13.883333333333333,incident_zone_mean_delay_penalty_yuan_per_call,6621.081962963368,4119.130298585445,9123.03362734129,10
B_E,3,8.0,13.883333333333333,nonincident_zone_calls,44.1,40.36839288918912,47.831607110810886,10
B_E,3,8.0,13.883333333333333,nonincident_zone_mean_response_min,38.50516854819632,27.333720860471736,49.67661623592091,10
B_E,3,8.0,13.883333333333333,nonincident_zone_p95_response_min,167.5599539569145,131.35002782295174,203.76988009087728,10
B_E,3,8.0,13.883333333333333,nonincident_zone_strict_4min_rate,0.20955283011985779,0.15829704343921602,0.26080861680049955,10
B_E,3,8.0,13.883333333333333,nonincident_zone_mean_wait_min,31.66062157381748,20.71288488182237,42.60835826581259,10
B_E,3,8.0,13.883333333333333,nonincident_zone_mean_delay_penalty_yuan_per_call,6942.944275663234,4715.373556292841,9170.514995033627,10
B_E,3,8.0,13.883333333333333,max_incident_queue,12.4,8.026496151923471,16.77350384807653,10
B_E,3,8.0,13.883333333333333,incident_end_backlog,11.9,7.549307220912434,16.250692779087565,10
B_E,3,10.0,10.266666666666666,calls,96.5,91.01818953980856,101.98181046019144,10
B_E,3,10.0,10.266666666666666,mean_response_min,29.166875894013504,15.379663889392887,42.95408789863412,10
B_E,3,10.0,10.266666666666666,p95_response_min,174.15833266383706,94.59044460631051,253.7262207213636,10
B_E,3,10.0,10.266666666666666,strict_4min_rate,0.24833830418365038,0.20908518628995698,0.2875914220773438,10
B_E,3,10.0,10.266666666666666,mean_wait_min,22.307692262114028,8.60942320647759,36.00596131775046,10
B_E,3,10.0,10.266666666666666,mean_delay_penalty_yuan_per_call,5083.04283963943,2328.7838892567543,7837.301790022106,10
B_E,3,10.0,10.266666666666666,incident_zone_calls,41.7,36.95426000727927,46.44573999272074,10
B_E,3,10.0,10.266666666666666,incident_zone_mean_response_min,31.21675203275088,16.89585175807996,45.537652307421794,10
B_E,3,10.0,10.266666666666666,incident_zone_p95_response_min,159.5780896128752,80.90967605237367,238.24650317337674,10
B_E,3,10.0,10.266666666666666,incident_zone_strict_4min_rate,0.22162404229903906,0.1992140282764956,0.24403405632158254,10
B_E,3,10.0,10.266666666666666,incident_zone_mean_wait_min,23.923061003911123,9.599085969571563,38.247036038250684,10
B_E,3,10.0,10.266666666666666,incident_zone_mean_delay_penalty_yuan_per_call,5487.675215009984,2626.921773964612,8348.428656055356,10
B_E,3,10.0,10.266666666666666,nonincident_zone_calls,54.8,50.9138858372186,58.686114162781394,10
B_E,3,10.0,10.266666666666666,nonincident_zone_mean_response_min,27.309347814226566,12.922464372355204,41.69623125609793,10
B_E,3,10.0,10.266666666666666,nonincident_zone_p95_response_min,135.2524039030242,63.55545830925388,206.94934949679453,10
B_E,3,10.0,10.266666666666666,nonincident_zone_strict_4min_rate,0.27153228185727973,0.2121469137122106,0.33091765000234885,10
B_E,3,10.0,10.266666666666666,nonincident_zone_mean_wait_min,20.802124077602365,6.532810913076229,35.071437242128496,10
B_E,3,10.0,10.266666666666666,nonincident_zone_mean_delay_penalty_yuan_per_call,4716.176019216769,1842.3389007756923,7590.0131376578465,10
B_E,3,10.0,10.266666666666666,max_incident_queue,9.6,5.918247037436446,13.281752962563553,10
B_E,3,10.0,10.266666666666666,incident_end_backlog,8.9,4.989818464925088,12.810181535074912,10
B_E,3,11.0,8.7,calls,107.9,101.95827771168643,113.84172228831358,10
B_E,3,11.0,8.7,mean_response_min,28.360904131228985,14.076151702677395,42.645656559780576,10
B_E,3,11.0,8.7,p95_response_min,156.952198139263,62.96513953481835,250.93925674370766,10
B_E,3,11.0,8.7,strict_4min_rate,0.25202042397423885,0.2193455271936557,0.284695320754822,10
B_E,3,11.0,8.7,mean_wait_min,21.55816447062387,7.333638216512959,35.78269072473478,10
B_E,3,11.0,8.7,mean_delay_penalty_yuan_per_call,4922.5840417864765,2067.656086156663,7777.51199741629,10
B_E,3,11.0,8.7,incident_zone_calls,45.8,40.66579467196642,50.93420532803358,10
B_E,3,11.0,8.7,incident_zone_mean_response_min,28.075868537253644,14.399783934011197,41.75195314049609,10
B_E,3,11.0,8.7,incident_zone_p95_response_min,145.9021422406224,48.05563716825695,243.74864731298783,10
B_E,3,11.0,8.7,incident_zone_strict_4min_rate,0.2407433176493045,0.20578949663070428,0.27569713866790474,10
B_E,3,11.0,8.7,incident_zone_mean_wait_min,20.85430889099449,7.3080813299068215,34.40053645208216,10
B_E,3,11.0,8.7,incident_zone_mean_delay_penalty_yuan_per_call,4863.320455073444,2132.506931235647,7594.133978911241,10
B_E,3,11.0,8.7,nonincident_zone_calls,62.1,57.93629231946808,66.26370768053192,10
B_E,3,11.0,8.7,nonincident_zone_mean_response_min,28.426188850132633,11.433118582009232,45.419259118256036,10
B_E,3,11.0,8.7,nonincident_zone_p95_response_min,136.1856909790742,43.426537575743,228.9448443824054,10
B_E,3,11.0,8.7,nonincident_zone_strict_4min_rate,0.2640690455929485,0.22042208847957462,0.30771600270632243,10
B_E,3,11.0,8.7,nonincident_zone_mean_wait_min,21.963974755501408,4.961472584313643,38.96647692668917,10
B_E,3,11.0,8.7,nonincident_zone_mean_delay_penalty_yuan_per_call,4938.051579145117,1540.8273503954165,8335.275807894817,10
B_E,3,11.0,8.7,max_incident_queue,9.4,5.253397427036275,13.546602572963724,10
B_E,3,11.0,8.7,incident_end_backlog,8.6,4.2919910740696166,12.908008925930382,10
B_E,3,12.0,8.05,calls,118.0,111.1551312454266,124.8448687545734,10
B_E,3,12.0,8.05,mean_response_min,39.693431021019705,26.895007394668745,52.491854647370666,10
B_E,3,12.0,8.05,p95_response_min,245.08146219661597,169.95246280392269,320.21046158930926,10
B_E,3,12.0,8.05,strict_4min_rate,0.25203653028515893,0.2208127015404307,0.28326035902988717,10
B_E,3,12.0,8.05,mean_wait_min,33.101220339409075,20.33329695413549,45.86914372468266,10
B_E,3,12.0,8.05,mean_delay_penalty_yuan_per_call,7188.777549636834,4629.678960129451,9747.876139144217,10
B_E,3,12.0,8.05,incident_zone_calls,50.1,44.402536640291544,55.79746335970846,10
B_E,3,12.0,8.05,incident_zone_mean_response_min,44.56841006809596,31.55835211867017,57.57846801752174,10
B_E,3,12.0,8.05,incident_zone_p95_response_min,263.770866185603,204.51127160360733,323.03046076759864,10
B_E,3,12.0,8.05,incident_zone_strict_4min_rate,0.22908810848063968,0.1955357964735207,0.26264042048775865,10
B_E,3,12.0,8.05,incident_zone_mean_wait_min,37.46214816352863,24.462766289839387,50.46153003721788,10
B_E,3,12.0,8.05,incident_zone_mean_delay_penalty_yuan_per_call,8159.136132371554,5557.748538719698,10760.52372602341,10
B_E,3,12.0,8.05,nonincident_zone_calls,67.9,63.601901390683416,72.19809860931659,10
B_E,3,12.0,8.05,nonincident_zone_mean_response_min,35.86663717011889,22.45516314040055,49.278111199837234,10
B_E,3,12.0,8.05,nonincident_zone_p95_response_min,228.58394123088277,152.87782877025876,304.2900536915068,10
B_E,3,12.0,8.05,nonincident_zone_strict_4min_rate,0.27325083506694925,0.2292583330826749,0.3172433370512236,10
B_E,3,12.0,8.05,nonincident_zone_mean_wait_min,29.67983183168918,16.289589982705515,43.07007368067285,10
B_E,3,12.0,8.05,nonincident_zone_mean_delay_penalty_yuan_per_call,6427.708628774986,3746.351714572286,9109.065542977687,10
B_E,3,12.0,8.05,max_incident_queue,13.1,8.72324713294177,17.47675286705823,10
B_E,3,12.0,8.05,incident_end_backlog,13.0,8.57736864393991,17.42263135606009,10
B_E,4,0.5,17.75,calls,4.9,2.343995972757931,7.45600402724207,10
B_E,4,0.5,17.75,mean_response_min,5.758346193408179,3.4049087948569543,8.111783591959403,9
B_E,4,0.5,17.75,p95_response_min,9.643440510380776,3.8706861709342046,15.416194849827347,9
B_E,4,0.5,17.75,strict_4min_rate,0.5253086419753087,0.2664033390065645,0.7842139449440528,9
B_E,4,0.5,17.75,mean_wait_min,0.6012024272452335,-0.36382958856194114,1.5662344430524082,9
B_E,4,0.5,17.75,mean_delay_penalty_yuan_per_call,456.7309670766975,30.64275220573529,882.8191819476597,9
B_E,4,0.5,17.75,incident_zone_calls,0.9,0.04356112057822714,1.756438879421773,10
B_E,4,0.5,17.75,incident_zone_mean_response_min,4.5363152137946186,0.587091231402451,8.485539196186785,6
B_E,4,0.5,17.75,incident_zone_p95_response_min,5.92413326051065,-1.5925905839380183,13.440857104959317,6
B_E,4,0.5,17.75,incident_zone_strict_4min_rate,0.8333333333333334,0.40490302739394757,1.2617636392727192,6
B_E,4,0.5,17.75,incident_zone_mean_wait_min,0.47614360041219084,-0.7478224899618626,1.7001096907862443,6
B_E,4,0.5,17.75,incident_zone_mean_delay_penalty_yuan_per_call,273.9297094255904,-430.2290258649661,978.0884447161468,6
B_E,4,0.5,17.75,nonincident_zone_calls,4.0,1.737842837201795,6.262157162798205,10
B_E,4,0.5,17.75,nonincident_zone_mean_response_min,5.958905208770348,3.6554306341884577,8.26237978335224,9
B_E,4,0.5,17.75,nonincident_zone_p95_response_min,9.595304289832454,3.9389932672789536,15.251615312385955,9
B_E,4,0.5,17.75,nonincident_zone_strict_4min_rate,0.47870370370370374,0.1988472889303602,0.7585601184770473,9
B_E,4,0.5,17.75,nonincident_zone_mean_wait_min,0.6479309520185106,-0.4114139704200155,1.7072758744570367,9
B_E,4,0.5,17.75,nonincident_zone_mean_delay_penalty_yuan_per_call,487.5217824948104,72.63251498993924,902.4110499996816,9
B_E,4,0.5,17.75,max_incident_queue,1.2,0.6357188627848342,1.7642811372151657,10
B_E,4,0.5,17.75,incident_end_backlog,0.5,-0.27267376906853535,1.2726737690685352,10
B_E,4,1.0,17.5,calls,8.6,5.397273995714242,11.802726004285757,10
B_E,4,1.0,17.5,mean_response_min,5.507444965134691,3.543773903676406,7.471116026592975,10
B_E,4,1.0,17.5,p95_response_min,9.23765814339632,4.6978819037573185,13.777434383035322,10
B_E,4,1.0,17.5,strict_4min_rate,0.545795177045177,0.31742858475810887,0.7741617693322451,10
B_E,4,1.0,17.5,mean_wait_min,0.635893501010101,-0.2995060968515513,1.5712930988717533,10
B_E,4,1.0,17.5,mean_delay_penalty_yuan_per_call,410.64802843597346,58.7344514717895,762.5616054001574,10
B_E,4,1.0,17.5,incident_zone_calls,2.0,0.7841270590907408,3.215872940909259,10
B_E,4,1.0,17.5,incident_zone_mean_response_min,4.428650436353065,2.162195303117617,6.695105569588513,9
B_E,4,1.0,17.5,incident_zone_p95_response_min,5.196386014334951,1.3195826630463694,9.073189365623534,9
B_E,4,1.0,17.5,incident_zone_strict_4min_rate,0.7777777777777778,0.43882702977573396,1.1167285257798216,9
B_E,4,1.0,17.5,incident_zone_mean_wait_min,0.2708527747897649,-0.35373484390695553,0.8954403934864853,9
B_E,4,1.0,17.5,incident_zone_mean_delay_penalty_yuan_per_call,241.28564282616875,-147.2757231706099,629.8470088229474,9
B_E,4,1.0,17.5,nonincident_zone_calls,6.6,4.005358437391939,9.19464156260806,10
B_E,4,1.0,17.5,nonincident_zone_mean_response_min,5.750112654899246,3.794115152585797,7.706110157212694,10
B_E,4,1.0,17.5,nonincident_zone_p95_response_min,9.449355792644177,4.818322867919829,14.080388717368525,10
B_E,4,1.0,17.5,nonincident_zone_strict_4min_rate,0.48166666666666674,0.2563989934221588,0.7069343399111747,10
B_E,4,1.0,17.5,nonincident_zone_mean_wait_min,0.6982411859685453,-0.32668623081691206,1.7231686027540027,10
B_E,4,1.0,17.5,nonincident_zone_mean_delay_penalty_yuan_per_call,446.3558643131825,92.26101175643367,800.4507168699313,10
B_E,4,1.0,17.5,max_incident_queue,1.5,0.7273262309314646,2.2726737690685352,10
B_E,4,1.0,17.5,incident_end_backlog,0.1,-0.12621571627982048,0.3262157162798205,10
B_E,4,2.0,17.0,calls,19.1,15.653559863021755,22.546440136978248,10
B_E,4,2.0,17.0,mean_response_min,6.684169608126714,5.015014863607115,8.353324352646315,10
B_E,4,2.0,17.0,p95_response_min,12.694718896351365,7.235616208085848,18.153821584616882,10
B_E,4,2.0,17.0,strict_4min_rate,0.34485244046571273,0.2674829120196715,0.42222196891175395,10
B_E,4,2.0,17.0,mean_wait_min,0.6846374532368833,-0.31980318023359566,1.6890780867073623,10
B_E,4,2.0,17.0,mean_delay_penalty_yuan_per_call,605.8044097184854,282.5649661175203,929.0438533194506,10
B_E,4,2.0,17.0,incident_zone_calls,5.1,3.502191637095622,6.697808362904377,10
B_E,4,2.0,17.0,incident_zone_mean_response_min,6.1759006349622,4.416893811301991,7.934907458622408,10
B_E,4,2.0,17.0,incident_zone_p95_response_min,11.077958366804216,6.092582205386071,16.063334528222363,10
B_E,4,2.0,17.0,incident_zone_strict_4min_rate,0.5125,0.3612907684355131,0.6637092315644868,10
B_E,4,2.0,17.0,incident_zone_mean_wait_min,0.8461972951464304,-0.19718071243667568,1.8895753027295363,10
B_E,4,2.0,17.0,incident_zone_mean_delay_penalty_yuan_per_call,537.6801269924401,205.56544964519344,869.7948043396868,10
B_E,4,2.0,17.0,nonincident_zone_calls,14.0,11.688119157374896,16.311880842625104,10
B_E,4,2.0,17.0,nonincident_zone_mean_response_min,6.822188194749335,5.127708038912111,8.516668350586558,10
B_E,4,2.0,17.0,nonincident_zone_p95_response_min,12.69092385116954,7.294968281972894,18.086879420366188,10
B_E,4,2.0,17.0,nonincident_zone_strict_4min_rate,0.30384112619406733,0.21656329587231415,0.3911189565158205,10
B_E,4,2.0,17.0,nonincident_zone_mean_wait_min,0.6284387469611207,-0.37644877188752324,1.6333262658097647,10
B_E,4,2.0,17.0,nonincident_zone_mean_delay_penalty_yuan_per_call,625.2058641886805,297.8245740430753,952.5871543342857,10
B_E,4,2.0,17.0,max_incident_queue,1.6,0.6951371348807182,2.504862865119282,10
B_E,4,2.0,17.0,incident_end_backlog,0.0,0.0,0.0,10
B_E,4,4.0,16.0,calls,37.5,34.17446653706465,40.82553346293535,10
B_E,4,4.0,16.0,mean_response_min,6.52074960673944,5.582637869174121,7.4588613443047596,10
B_E,4,4.0,16.0,p95_response_min,13.879526447775401,10.779827878099578,16.979225017451224,10
B_E,4,4.0,16.0,strict_4min_rate,0.39063332370560333,0.33328101851946856,0.4479856288917381,10
B_E,4,4.0,16.0,mean_wait_min,0.6784857525519082,0.1453266961282157,1.211644808975601,10
B_E,4,4.0,16.0,mean_delay_penalty_yuan_per_call,582.2765860890086,404.6490536762026,759.9041185018145,10
B_E,4,4.0,16.0,incident_zone_calls,10.5,8.016201339640975,12.983798660359025,10
B_E,4,4.0,16.0,incident_zone_mean_response_min,6.373882353667828,4.989198082322247,7.75856662501341,10
B_E,4,4.0,16.0,incident_zone_p95_response_min,12.83031819296141,8.620004832582357,17.040631553340464,10
B_E,4,4.0,16.0,incident_zone_strict_4min_rate,0.49815635345047105,0.37444180054787063,0.6218709063530714,10
B_E,4,4.0,16.0,incident_zone_mean_wait_min,0.8137774584516542,-0.061321297345809156,1.6888762142491176,10
B_E,4,4.0,16.0,incident_zone_mean_delay_penalty_yuan_per_call,574.4077414236598,315.1057149802615,833.7097678670581,10
B_E,4,4.0,16.0,nonincident_zone_calls,27.0,23.76547560533296,30.23452439466704,10
B_E,4,4.0,16.0,nonincident_zone_mean_response_min,6.594692779248483,5.669657965393912,7.519727593103053,10
B_E,4,4.0,16.0,nonincident_zone_p95_response_min,13.186668525571463,10.303979981173429,16.0693570699695,10
B_E,4,4.0,16.0,nonincident_zone_strict_4min_rate,0.3558341907689733,0.3047439635742799,0.40692441796366674,10
B_E,4,4.0,16.0,nonincident_zone_mean_wait_min,0.6605185981775278,0.18705211298827862,1.133985083366777,10
B_E,4,4.0,16.0,nonincident_zone_mean_delay_penalty_yuan_per_call,590.1053940034913,413.72718067349484,766.4836073334877,10
B_E,4,4.0,16.0,max_incident_queue,2.0,1.2459476124005984,2.7540523875994016,10
B_E,4,4.0,16.0,incident_end_backlog,0.1,-0.12621571627982048,0.3262157162798205,10
B_E,4,5.0,15.483333333333333,calls,45.0,39.73241647827729,50.26758352172271,10
B_E,4,5.0,15.483333333333333,mean_response_min,7.315942340708444,5.379873241584629,9.252011439832259,10
B_E,4,5.0,15.483333333333333,p95_response_min,16.918369662793864,9.28823446390845,24.548504861679277,10
B_E,4,5.0,15.483333333333333,strict_4min_rate,0.3525857518545733,0.27530099449789147,0.42987050921125514,10
B_E,4,5.0,15.483333333333333,mean_wait_min,1.26547001392521,-0.15814218161810922,2.689082209468529,10
B_E,4,5.0,15.483333333333333,mean_delay_penalty_yuan_per_call,733.7056185126037,359.2316903077783,1108.179546717429,10
B_E,4,5.0,15.483333333333333,incident_zone_calls,11.5,9.03919997062898,13.96080002937102,10
B_E,4,5.0,15.483333333333333,incident_zone_mean_response_min,7.528113474404508,5.158798838680927,9.89742811012809,10
B_E,4,5.0,15.483333333333333,incident_zone_p95_response_min,17.000745153616514,8.708512993847904,25.292977313385123,10
B_E,4,5.0,15.483333333333333,incident_zone_strict_4min_rate,0.439185952935953,0.3179209283408006,0.5604509775311054,10
B_E,4,5.0,15.483333333333333,incident_zone_mean_wait_min,1.929716134799018,0.01404474892620411,3.8453875206718315,10
B_E,4,5.0,15.483333333333333,incident_zone_mean_delay_penalty_yuan_per_call,793.4598854680919,335.8980965199266,1251.0216744162572,10
B_E,4,5.0,15.483333333333333,nonincident_zone_calls,33.5,29.125846155063513,37.87415384493649,10
B_E,4,5.0,15.483333333333333,nonincident_zone_mean_response_min,7.2594121657395,5.455822600666184,9.063001730812815,10
B_E,4,5.0,15.483333333333333,nonincident_zone_p95_response_min,14.510685757576983,9.577371016414046,19.444000498739918,10
B_E,4,5.0,15.483333333333333,nonincident_zone_strict_4min_rate,0.32270893077304785,0.25319733805869915,0.39222052348739656,10
B_E,4,5.0,15.483333333333333,nonincident_zone_mean_wait_min,1.043733395494964,-0.21410438503268514,2.301571176022613,10
B_E,4,5.0,15.483333333333333,nonincident_zone_mean_delay_penalty_yuan_per_call,716.4242193025094,367.40891942952163,1065.4395191754973,10
B_E,4,5.0,15.483333333333333,max_incident_queue,2.4,1.0852647377274585,3.7147352622725416,10
B_E,4,5.0,15.483333333333333,incident_end_backlog,0.6,-0.7572942976789229,1.957294297678923,10
B_E,4,6.0,14.983333333333333,calls,52.6,47.036340055626795,58.16365994437321,10
B_E,4,6.0,14.983333333333333,mean_response_min,7.955107072300004,4.82990628073011,11.080307863869898,10
B_E,4,6.0,14.983333333333333,p95_response_min,17.5485033619941,6.486287185833879,28.61071953815432,10
B_E,4,6.0,14.983333333333333,strict_4min_rate,0.3314204856443447,0.26392020432737057,0.3989207669613188,10
B_E,4,6.0,14.983333333333333,mean_wait_min,1.801750370648124,-1.0486415979813835,4.652142339277631,10
B_E,4,6.0,14.983333333333333,mean_delay_penalty_yuan_per_call,857.3055115888699,241.3822394619956,1473.2287837157442,10
B_E,4,6.0,14.983333333333333,incident_zone_calls,13.8,11.372935057809217,16.227064942190786,10
B_E,4,6.0,14.983333333333333,incident_zone_mean_response_min,8.066317839207917,3.811044938905435,12.321590739510398,10
B_E,4,6.0,14.983333333333333,incident_zone_p95_response_min,17.396555672339133,4.597178087642149,30.195933257036117,10
B_E,4,6.0,14.983333333333333,incident_zone_strict_4min_rate,0.44959444064707227,0.3491696918644154,0.5500191894297292,10
B_E,4,6.0,14.983333333333333,incident_zone_mean_wait_min,2.4037386084177848,-1.566056222367164,6.373533439202733,10
B_E,4,6.0,14.983333333333333,incident_zone_mean_delay_penalty_yuan_per_call,903.1824559709976,66.29491114104587,1740.0700008009494,10
B_E,4,6.0,14.983333333333333,nonincident_zone_calls,38.8,34.60432349907129,42.9956765009287,10
B_E,4,6.0,14.983333333333333,nonincident_zone_mean_response_min,7.917865834857525,5.245420254094023,10.590311415621027,10
B_E,4,6.0,14.983333333333333,nonincident_zone_p95_response_min,16.512044544471586,8.911668096498495,24.112420992444676,10
B_E,4,6.0,14.983333333333333,nonincident_zone_strict_4min_rate,0.28942664944666563,0.22943269037100744,0.3494206085223238,10
B_E,4,6.0,14.983333333333333,nonincident_zone_mean_wait_min,1.5786926207128529,-0.7965961525164142,3.95398139394212,10
B_E,4,6.0,14.983333333333333,nonincident_zone_mean_delay_penalty_yuan_per_call,841.4584968608381,314.75738738096595,1368.15960634071,10
B_E,4,6.0,14.983333333333333,max_incident_queue,2.5,1.0204423760830474,3.9795576239169526,10
B_E,4,6.0,14.983333333333333,incident_end_backlog,0.7,-0.4209794633132362,1.8209794633132361,10
B_E,4,8.0,13.883333333333333,calls,67.2,61.70213583539298,72.69786416460703,10
B_E,4,8.0,13.883333333333333,mean_response_min,11.144270495652416,4.687316077172493,17.601224914132338,10
B_E,4,8.0,13.883333333333333,p95_response_min,37.09283280401981,5.179441735540895,69.00622387249872,10
B_E,4,8.0,13.883333333333333,strict_4min_rate,0.33541758082717754,0.29422066893825094,0.37661449271610414,10
B_E,4,8.0,13.883333333333333,mean_wait_min,4.897756046955985,-1.4096318076302792,11.20514390154225,10
B_E,4,8.0,13.883333333333333,mean_delay_penalty_yuan_per_call,1495.9376152959185,208.08324410030446,2783.7919864915325,10
B_E,4,8.0,13.883333333333333,incident_zone_calls,17.1,14.19029561668054,20.009704383319463,10
B_E,4,8.0,13.883333333333333,incident_zone_mean_response_min,10.739542952930817,3.0232291832290983,18.455856722632536,10
B_E,4,8.0,13.883333333333333,incident_zone_p95_response_min,30.917225631787552,-1.4001865377648244,63.23463780133993,10
B_E,4,8.0,13.883333333333333,incident_zone_strict_4min_rate,0.414739121989122,0.34106514261832976,0.4884131013599142,10
B_E,4,8.0,13.883333333333333,incident_zone_mean_wait_min,4.878448777289163,-2.6874467397281068,12.444344294306433,10
B_E,4,8.0,13.883333333333333,incident_zone_mean_delay_penalty_yuan_per_call,1430.8564149839874,-102.72568527489057,2964.4385152428654,10
B_E,4,8.0,13.883333333333333,nonincident_zone_calls,50.1,46.38366139475889,53.816338605241114,10
B_E,4,8.0,13.883333333333333,nonincident_zone_mean_response_min,11.264715447070756,5.283079012789939,17.246351881351572,10
B_E,4,8.0,13.883333333333333,nonincident_zone_p95_response_min,37.73096087984405,6.020055385286145,69.44186637440195,10
B_E,4,8.0,13.883333333333333,nonincident_zone_strict_4min_rate,0.3115330451147544,0.27406694420874533,0.34899914602076343,10
B_E,4,8.0,13.883333333333333,nonincident_zone_mean_wait_min,4.898066497430244,-0.9263595653894194,10.722492560249908,10
B_E,4,8.0,13.883333333333333,nonincident_zone_mean_delay_penalty_yuan_per_call,1515.2496984371023,320.40575397696716,2710.0936428972373,10
B_E,4,8.0,13.883333333333333,max_incident_queue,4.4,1.7835360046310456,7.016463995368955,10
B_E,4,8.0,13.883333333333333,incident_end_backlog,3.2,0.22555244617051384,6.174447553829486,10
B_E,4,10.0,10.266666666666666,calls,81.7,77.05109732589312,86.34890267410688,10
B_E,4,10.0,10.266666666666666,mean_response_min,7.883090550423513,3.372456014658839,12.393725086188187,10
B_E,4,10.0,10.266666666666666,p95_response_min,27.544216973539875,-9.56137532505786,64.64980927213762,10
B_E,4,10.0,10.266666666666666,strict_4min_rate,0.39453369379444275,0.3399536054310949,0.44911378215779063,10
B_E,4,10.0,10.266666666666666,mean_wait_min,2.1937887613943237,-2.100149773942499,6.487727296731146,10
B_E,4,10.0,10.266666666666666,mean_delay_penalty_yuan_per_call,855.3401101829493,-44.01016282548926,1754.6903831913878,10
B_E,4,10.0,10.266666666666666,incident_zone_calls,21.0,17.800826660151337,24.199173339848663,10
B_E,4,10.0,10.266666666666666,incident_zone_mean_response_min,8.504175617544629,1.83775120285513,15.170600032234127,10
B_E,4,10.0,10.266666666666666,incident_zone_p95_response_min,30.744943911738858,-16.311643376880625,77.80153120035834,10
B_E,4,10.0,10.266666666666666,incident_zone_strict_4min_rate,0.4908589779785431,0.4136560913524603,0.5680618646046259,10
B_E,4,10.0,10.266666666666666,incident_zone_mean_wait_min,3.10085000900813,-3.289551291361876,9.491251309378136,10
B_E,4,10.0,10.266666666666666,incident_zone_mean_delay_penalty_yuan_per_call,999.0069191046347,-330.0120420540637,2328.025880263333,10
B_E,4,10.0,10.266666666666666,nonincident_zone_calls,60.7,57.36081626536936,64.03918373463065,10
B_E,4,10.0,10.266666666666666,nonincident_zone_mean_response_min,7.549899229603598,4.038813960090835,11.060984499116362,10
B_E,4,10.0,10.266666666666666,nonincident_zone_p95_response_min,18.825205994867066,1.7484846763306194,35.90192731340351,10
B_E,4,10.0,10.266666666666666,nonincident_zone_strict_4min_rate,0.3633686127473189,0.31022755578574057,0.41650966970889725,10
B_E,4,10.0,10.266666666666666,nonincident_zone_mean_wait_min,1.7702238892248396,-1.5284462321251104,5.068894010574789,10
B_E,4,10.0,10.266666666666666,nonincident_zone_mean_delay_penalty_yuan_per_call,782.3817909520681,83.3154924671577,1481.4480894369785,10
B_E,4,10.0,10.266666666666666,max_incident_queue,2.6,0.5992729264489167,4.6007270735510835,10
B_E,4,10.0,10.266666666666666,incident_end_backlog,1.1,-0.9078193576620626,3.1078193576620627,10
B_E,4,11.0,8.7,calls,91.5,86.64528446925274,96.35471553074726,10
B_E,4,11.0,8.7,mean_response_min,8.016082508075497,3.6727538070537387,12.359411209097257,10
B_E,4,11.0,8.7,p95_response_min,28.559033435472184,-3.8759530168832406,60.994019887827605,10
B_E,4,11.0,8.7,strict_4min_rate,0.42493721671067847,0.3934483254889178,0.45642610793243915,10
B_E,4,11.0,8.7,mean_wait_min,2.475607538429245,-1.6911578609230005,6.64237293778149,10
B_E,4,11.0,8.7,mean_delay_penalty_yuan_per_call,888.2039449572349,20.554622941490265,1755.8532669729793,10
B_E,4,11.0,8.7,incident_zone_calls,23.9,20.470097579066458,27.32990242093354,10
B_E,4,11.0,8.7,incident_zone_mean_response_min,8.520978914895128,2.7404930648631627,14.301464764927093,10
B_E,4,11.0,8.7,incident_zone_p95_response_min,29.67960235574813,-7.731695596956136,67.0909003084524,10
B_E,4,11.0,8.7,incident_zone_strict_4min_rate,0.5288662646437582,0.4667661908490361,0.5909663384384803,10
B_E,4,11.0,8.7,incident_zone_mean_wait_min,3.082746767105077,-2.4099408721540834,8.575434406364238,10
B_E,4,11.0,8.7,incident_zone_mean_delay_penalty_yuan_per_call,1009.9690359077774,-140.98642746430164,2160.9244992798567,10
B_E,4,11.0,8.7,nonincident_zone_calls,67.6,64.79476296101346,70.40523703898653,10
B_E,4,11.0,8.7,nonincident_zone_mean_response_min,7.747956423804314,4.062881650365821,11.433031197242807,10
B_E,4,11.0,8.7,nonincident_zone_p95_response_min,22.590283164862175,3.6782859594009913,41.50228037032336,10
B_E,4,11.0,8.7,nonincident_zone_strict_4min_rate,0.39120447792773866,0.35878360247713026,0.42362535337834706,10
B_E,4,11.0,8.7,nonincident_zone_mean_wait_min,2.1863701024125706,-1.362104274246159,5.734844479071301,10
B_E,4,11.0,8.7,nonincident_zone_mean_delay_penalty_yuan_per_call,827.8321803464107,90.89600905753116,1564.7683516352904,10
B_E,4,11.0,8.7,max_incident_queue,3.1,0.8265601878450317,5.3734398121549685,10
B_E,4,11.0,8.7,incident_end_backlog,1.5,-0.9375844157492357,3.9375844157492357,10
B_E,4,12.0,8.05,calls,100.2,94.19781877934676,106.20218122065324,10
B_E,4,12.0,8.05,mean_response_min,8.582332525186827,3.5460029739029757,13.618662076470677,10
B_E,4,12.0,8.05,p95_response_min,39.19148059765832,-14.232563719273593,92.61552491459022,10
B_E,4,12.0,8.05,strict_4min_rate,0.4021828037508053,0.36469416909376,0.43967143840785056,10
B_E,4,12.0,8.05,mean_wait_min,2.940143704209176,-2.077927682966696,7.958215091385048,10
B_E,4,12.0,8.05,mean_delay_penalty_yuan_per_call,996.9030657875264,-10.158024944414024,2003.964156519467,10
B_E,4,12.0,8.05,incident_zone_calls,26.2,22.313885837218603,30.086114162781396,10
B_E,4,12.0,8.05,incident_zone_mean_response_min,10.149661984288986,1.738652951244159,18.560671017333814,10
B_E,4,12.0,8.05,incident_zone_p95_response_min,39.379713549066146,-16.092252145614452,94.85167924374674,10
B_E,4,12.0,8.05,incident_zone_strict_4min_rate,0.4980868020411958,0.4328960337586914,0.5632775703237003,10
B_E,4,12.0,8.05,incident_zone_mean_wait_min,4.5695157758708,-3.8019155148241968,12.940947066565796,10
B_E,4,12.0,8.05,incident_zone_mean_delay_penalty_yuan_per_call,1329.5497572660365,-349.86410653508824,3008.9636210671615,10
B_E,4,12.0,8.05,nonincident_zone_calls,74.0,71.0408847521661,76.9591152478339,10
B_E,4,12.0,8.05,nonincident_zone_mean_response_min,7.829243676681635,4.350862613128717,11.307624740234553,10
B_E,4,12.0,8.05,nonincident_zone_p95_response_min,25.53610177550381,1.9884286242297762,49.08377492677784,10
B_E,4,12.0,8.05,nonincident_zone_strict_4min_rate,0.3702176785218584,0.3341425032301668,0.40629285381354996,10
B_E,4,12.0,8.05,nonincident_zone_mean_wait_min,2.173660837845426,-1.275927474991343,5.623249150682195,10
B_E,4,12.0,8.05,nonincident_zone_mean_delay_penalty_yuan_per_call,839.892271040699,144.30284724237356,1535.4816948390244,10
B_E,4,12.0,8.05,max_incident_queue,3.4,0.9635821717383735,5.836417828261626,10
B_E,4,12.0,8.05,incident_end_backlog,1.4,-1.0364178282616265,3.8364178282616264,10
B_E,5,0.5,17.75,calls,4.7,2.1529097018326717,7.247090298167329,10
B_E,5,0.5,17.75,mean_response_min,6.140687006675947,3.6610018975361407,8.620372115815753,9
B_E,5,0.5,17.75,p95_response_min,9.770267679901028,4.143705483464528,15.396829876337529,9
B_E,5,0.5,17.75,strict_4min_rate,0.47777777777777786,0.19009720808222652,0.7654583474733292,9
B_E,5,0.5,17.75,mean_wait_min,0.6012024272452335,-0.36382958856194114,1.5662344430524082,9
B_E,5,0.5,17.75,mean_delay_penalty_yuan_per_call,523.6929568907449,74.49476343175843,972.8911503497313,9
B_E,5,0.5,17.75,incident_zone_calls,1.0,0.046190792039113915,1.953809207960886,10
B_E,5,0.5,17.75,incident_zone_mean_response_min,6.61240360772072,1.8649033201935143,11.359903895247925,5
B_E,5,0.5,17.75,incident_zone_p95_response_min,8.943398113012469,0.5179529123784654,17.368843313646472,5
B_E,5,0.5,17.75,incident_zone_strict_4min_rate,0.55,-0.005289021039558639,1.1052890210395587,5
B_E,5,0.5,17.75,incident_zone_mean_wait_min,0.571372320494629,-1.0150115619881883,2.1577562029774464,5
B_E,5,0.5,17.75,incident_zone_mean_delay_penalty_yuan_per_call,632.4807215441438,-220.9092468547044,1485.870689942992,5
B_E,5,0.5,17.75,nonincident_zone_calls,3.7,1.6473702296710462,5.752629770328954,10
B_E,5,0.5,17.75,nonincident_zone_mean_response_min,6.167376237046103,3.643643584166715,8.691108889925491,9
B_E,5,0.5,17.75,nonincident_zone_p95_response_min,9.561835231748585,3.8600994668316098,15.26357099666556,9
B_E,5,0.5,17.75,nonincident_zone_strict_4min_rate,0.45370370370370366,0.15822872132817573,0.7491786860792315,9
B_E,5,0.5,17.75,nonincident_zone_mean_wait_min,0.7013510953044749,-0.4067769616385265,1.8094791522474765,9
B_E,5,0.5,17.75,nonincident_zone_mean_delay_penalty_yuan_per_call,524.2159881499613,66.80199396633014,981.6299823335924,9
B_E,5,0.5,17.75,max_incident_queue,1.2,0.6357188627848342,1.7642811372151657,10
B_E,5,0.5,17.75,incident_end_backlog,0.5,-0.27267376906853535,1.2726737690685352,10
B_E,5,1.0,17.5,calls,8.3,4.9778878686936245,11.622112131306377,10
B_E,5,1.0,17.5,mean_response_min,5.807356714452276,3.8464321049107486,7.768281323993804,10
B_E,5,1.0,17.5,p95_response_min,9.7947442659345,5.421065536932038,14.168422994936964,10
B_E,5,1.0,17.5,strict_4min_rate,0.5031364468864469,0.30714000817593,0.6991328855969637,10
B_E,5,1.0,17.5,mean_wait_min,0.635893501010101,-0.2995060968515513,1.5712930988717533,10
B_E,5,1.0,17.5,mean_delay_penalty_yuan_per_call,462.0986322677445,101.82052319468272,822.3767413408063,10
B_E,5,1.0,17.5,incident_zone_calls,1.9,0.6181109410810175,3.1818890589189825,10
B_E,5,1.0,17.5,incident_zone_mean_response_min,5.492547400148134,3.0845909956469484,7.90050380464932,8
B_E,5,1.0,17.5,incident_zone_p95_response_min,7.9941930810075315,3.1787359609303314,12.809650201084732,8
B_E,5,1.0,17.5,incident_zone_strict_4min_rate,0.6666666666666666,0.41964888574654247,0.9136844475867908,8
B_E,5,1.0,17.5,incident_zone_mean_wait_min,0.3047093716384855,-0.41581379822547565,1.0252325415024466,8
B_E,5,1.0,17.5,incident_zone_mean_delay_penalty_yuan_per_call,431.84281336296016,-6.2719374310187845,869.957564156939,8
B_E,5,1.0,17.5,nonincident_zone_calls,6.4,3.8273659728277853,8.972634027172216,10
B_E,5,1.0,17.5,nonincident_zone_mean_response_min,5.888748294181575,3.7933697552635,7.9841268330996495,10
B_E,5,1.0,17.5,nonincident_zone_p95_response_min,9.716583399154517,4.938895773967288,14.494271024341746,10
B_E,5,1.0,17.5,nonincident_zone_strict_4min_rate,0.47410256410256413,0.24466348749040903,0.7035416407147193,10
B_E,5,1.0,17.5,nonincident_zone_mean_wait_min,0.767162636318647,-0.3731396833053815,1.9074649559426755,10
B_E,5,1.0,17.5,nonincident_zone_mean_delay_penalty_yuan_per_call,472.5701716568277,91.55347802451513,853.5868652891403,10
B_E,5,1.0,17.5,max_incident_queue,1.5,0.7273262309314646,2.2726737690685352,10
B_E,5,1.0,17.5,incident_end_backlog,0.1,-0.12621571627982048,0.3262157162798205,10
B_E,5,2.0,17.0,calls,18.2,15.076365857583,21.323634142417,10
B_E,5,2.0,17.0,mean_response_min,6.801009164283295,5.7656054936321,7.83641283493449,10
B_E,5,2.0,17.0,p95_response_min,12.793955906118633,9.553030205319773,16.034881606917494,10
B_E,5,2.0,17.0,strict_4min_rate,0.2993947426842164,0.23904772865168672,0.3597417567167461,10
B_E,5,2.0,17.0,mean_wait_min,0.27980042308803865,-0.05753756474078259,0.6171384109168598,10
B_E,5,2.0,17.0,mean_delay_penalty_yuan_per_call,620.0807813935022,422.1675122854398,817.9940505015646,10
B_E,5,2.0,17.0,incident_zone_calls,4.1,2.5750234220587433,5.624976577941256,10
B_E,5,2.0,17.0,incident_zone_mean_response_min,7.505687284763239,6.115208611680373,8.896165957846105,10
B_E,5,2.0,17.0,incident_zone_p95_response_min,11.203363382137615,8.500454701398938,13.906272062876292,10
B_E,5,2.0,17.0,incident_zone_strict_4min_rate,0.41380952380952374,0.2524168905466392,0.5752021570724083,10
B_E,5,2.0,17.0,incident_zone_mean_wait_min,0.0,0.0,0.0,10
B_E,5,2.0,17.0,incident_zone_mean_delay_penalty_yuan_per_call,783.8993617145526,536.3565749176877,1031.4421485114176,10
B_E,5,2.0,17.0,nonincident_zone_calls,14.1,11.801685926567021,16.398314073432978,10
B_E,5,2.0,17.0,nonincident_zone_mean_response_min,6.47337715549853,5.306640238263016,7.640114072734043,10
B_E,5,2.0,17.0,nonincident_zone_p95_response_min,11.373606973676669,7.751949151723019,14.99526479563032,10
B_E,5,2.0,17.0,nonincident_zone_strict_4min_rate,0.282351126685492,0.20531730702174278,0.35938494634924123,10
B_E,5,2.0,17.0,nonincident_zone_mean_wait_min,0.34757392681993116,-0.06564373626108366,0.760791589900946,10
B_E,5,2.0,17.0,nonincident_zone_mean_delay_penalty_yuan_per_call,551.1456564368041,328.5557442255522,773.735568648056,10
B_E,5,2.0,17.0,max_incident_queue,1.3,0.9544497855863563,1.6455502144136438,10
B_E,5,2.0,17.0,incident_end_backlog,0.0,0.0,0.0,10
B_E,5,4.0,16.0,calls,35.4,32.19727399571424,38.602726004285756,10
B_E,5,4.0,16.0,mean_response_min,7.07963510534902,6.032451921948921,8.126818288749119,10
B_E,5,4.0,16.0,p95_response_min,14.257773399199888,10.675682537974886,17.83986426042489,10
B_E,5,4.0,16.0,strict_4min_rate,0.34052546962129954,0.2722430637881577,0.40880787545444136,10
B_E,5,4.0,16.0,mean_wait_min,0.6345385202784143,0.05437697785342077,1.214700062703408,10
B_E,5,4.0,16.0,mean_delay_penalty_yuan_per_call,684.0321149940637,486.4758260757586,881.5884039123688,10
B_E,5,4.0,16.0,incident_zone_calls,8.4,6.609224799619399,10.190775200380601,10
B_E,5,4.0,16.0,incident_zone_mean_response_min,8.33988878444595,7.018061992856064,9.661715576035837,10
B_E,5,4.0,16.0,incident_zone_p95_response_min,15.75956342779755,12.7956205656258,18.7235062899693,10
B_E,5,4.0,16.0,incident_zone_strict_4min_rate,0.39962121212121215,0.278380892799503,0.5208615314429214,10
B_E,5,4.0,16.0,incident_zone_mean_wait_min,0.6635312217865634,-0.12646386734737058,1.4535263109204974,10
B_E,5,4.0,16.0,incident_zone_mean_delay_penalty_yuan_per_call,947.9019993134327,705.1231363765801,1190.6808622502854,10
B_E,5,4.0,16.0,nonincident_zone_calls,27.0,24.499091158061145,29.500908841938855,10
B_E,5,4.0,16.0,nonincident_zone_mean_response_min,6.637391048744673,5.686933681314966,7.58784841617438,10
B_E,5,4.0,16.0,nonincident_zone_p95_response_min,13.1122997439208,9.748627166833533,16.47597232100807,10
B_E,5,4.0,16.0,nonincident_zone_strict_4min_rate,0.32786024844720496,0.2634104426227388,0.3923100542716711,10
B_E,5,4.0,16.0,nonincident_zone_mean_wait_min,0.6324277472340442,0.08852165698357417,1.1763338374845143,10
B_E,5,4.0,16.0,nonincident_zone_mean_delay_penalty_yuan_per_call,593.0502594383755,411.8252207463644,774.2752981303867,10
B_E,5,4.0,16.0,max_incident_queue,1.7,0.8705423736406582,2.5294576263593416,10
B_E,5,4.0,16.0,incident_end_backlog,0.0,0.0,0.0,10
B_E,5,5.0,15.483333333333333,calls,44.0,39.513546710947466,48.486453289052534,10
B_E,5,5.0,15.483333333333333,mean_response_min,6.914480592310808,6.1427169313376435,7.686244253283972,10
B_E,5,5.0,15.483333333333333,p95_response_min,13.56208466710751,11.162426842106637,15.961742492108382,10
B_E,5,5.0,15.483333333333333,strict_4min_rate,0.3433945361239582,0.2901992023005515,0.3965898699473649,10
B_E,5,5.0,15.483333333333333,mean_wait_min,0.4454964298638888,0.10036210275845098,0.7906307569693267,10
B_E,5,5.0,15.483333333333333,mean_delay_penalty_yuan_per_call,651.5750256869534,506.36301908046005,796.7870322934467,10
B_E,5,5.0,15.483333333333333,incident_zone_calls,10.4,8.48642956207678,12.313570437923222,10
B_E,5,5.0,15.483333333333333,incident_zone_mean_response_min,8.421538089768658,7.198949032990393,9.644127146546923,10
B_E,5,5.0,15.483333333333333,incident_zone_p95_response_min,16.309368539766524,12.657233877019884,19.961503202513164,10
B_E,5,5.0,15.483333333333333,incident_zone_strict_4min_rate,0.3831743256743257,0.30563707354511177,0.4607115778035396,10
B_E,5,5.0,15.483333333333333,incident_zone_mean_wait_min,0.6062932893138687,-0.06182195291327053,1.2744085315410079,10
B_E,5,5.0,15.483333333333333,incident_zone_mean_delay_penalty_yuan_per_call,960.9424830885968,728.048624929853,1193.8363412473404,10
B_E,5,5.0,15.483333333333333,nonincident_zone_calls,33.6,29.722674647933086,37.47732535206692,10
B_E,5,5.0,15.483333333333333,nonincident_zone_mean_response_min,6.413038571256284,5.803619490281797,7.022457652230772,10
B_E,5,5.0,15.483333333333333,nonincident_zone_p95_response_min,11.610076037353078,9.630958613197505,13.589193461508652,10
B_E,5,5.0,15.483333333333333,nonincident_zone_strict_4min_rate,0.334368129847754,0.28535539042079805,0.38338086927470993,10
B_E,5,5.0,15.483333333333333,nonincident_zone_mean_wait_min,0.41634386724988276,0.1149902396332394,0.7176974948665261,10
B_E,5,5.0,15.483333333333333,nonincident_zone_mean_delay_penalty_yuan_per_call,549.4813402208076,435.8906234332923,663.0720570083229,10
B_E,5,5.0,15.483333333333333,max_incident_queue,1.7,0.9421867292816773,2.4578132707183227,10
B_E,5,5.0,15.483333333333333,incident_end_backlog,0.0,0.0,0.0,10
B_E,5,6.0,14.983333333333333,calls,50.0,44.70013272239094,55.29986727760906,10
B_E,5,6.0,14.983333333333333,mean_response_min,7.198848417073785,5.5928340373193945,8.804862796828177,10
B_E,5,6.0,14.983333333333333,p95_response_min,14.578083122615293,9.920044527712136,19.23612171751845,10
B_E,5,6.0,14.983333333333333,strict_4min_rate,0.32970943444453626,0.2694098204440381,0.3900090484450344,10
B_E,5,6.0,14.983333333333333,mean_wait_min,0.8531723522467933,-0.19936126473485705,1.9057059692284437,10
B_E,5,6.0,14.983333333333333,mean_delay_penalty_yuan_per_call,705.7115703036642,395.2502785982235,1016.1728620091048,10
B_E,5,6.0,14.983333333333333,incident_zone_calls,11.3,8.437578997290721,14.16242100270928,10
B_E,5,6.0,14.983333333333333,incident_zone_mean_response_min,8.422086693255697,6.273765010236072,10.57040837627532,10
B_E,5,6.0,14.983333333333333,incident_zone_p95_response_min,16.460551867450427,11.323731933692073,21.59737180120878,10
B_E,5,6.0,14.983333333333333,incident_zone_strict_4min_rate,0.4058574758574759,0.2936120619894258,0.518102889725526,10
B_E,5,6.0,14.983333333333333,incident_zone_mean_wait_min,1.1447139006374851,-0.16147594835194568,2.450903749626916,10
B_E,5,6.0,14.983333333333333,incident_zone_mean_delay_penalty_yuan_per_call,965.5888338226348,554.9373119899183,1376.2403556553513,10
B_E,5,6.0,14.983333333333333,nonincident_zone_calls,38.7,34.989786390442475,42.41021360955753,10
B_E,5,6.0,14.983333333333333,nonincident_zone_mean_response_min,6.831259677627697,5.457727231437731,8.204792123817663,10
B_E,5,6.0,14.983333333333333,nonincident_zone_p95_response_min,13.124520907370577,9.528931990377368,16.72010982436379,10
B_E,5,6.0,14.983333333333333,nonincident_zone_strict_4min_rate,0.3131558980155123,0.2600463354288095,0.3662654606022151,10
B_E,5,6.0,14.983333333333333,nonincident_zone_mean_wait_min,0.7805300228177303,-0.18373401994856897,1.7447940655840295,10
B_E,5,6.0,14.983333333333333,nonincident_zone_mean_delay_penalty_yuan_per_call,628.883115128642,362.9833825809629,894.7828476763211,10
B_E,5,6.0,14.983333333333333,max_incident_queue,2.0,0.9336088867171124,3.0663911132828874,10
B_E,5,6.0,14.983333333333333,incident_end_backlog,0.3,-0.37864714883946143,0.9786471488394615,10
B_E,5,8.0,13.883333333333333,calls,64.4,59.20633588360661,69.5936641163934,10
B_E,5,8.0,13.883333333333333,mean_response_min,9.40075002414259,4.827837705513547,13.973662342771634,10
B_E,5,8.0,13.883333333333333,p95_response_min,30.252776429438114,0.8037078876762607,59.70184497119997,10
B_E,5,8.0,13.883333333333333,strict_4min_rate,0.3179808144081102,0.26222664308499155,0.3737349857312289,10
B_E,5,8.0,13.883333333333333,mean_wait_min,2.8631099584775197,-1.418599173935346,7.144819090890385,10
B_E,5,8.0,13.883333333333333,mean_delay_penalty_yuan_per_call,1143.7278884934951,236.39729913086887,2051.0584778561215,10
B_E,5,8.0,13.883333333333333,incident_zone_calls,14.3,11.33992415637782,17.26007584362218,10
B_E,5,8.0,13.883333333333333,incident_zone_mean_response_min,10.764663172479603,5.81228100645033,15.717045338508875,10
B_E,5,8.0,13.883333333333333,incident_zone_p95_response_min,30.47996205122974,2.6743772706394218,58.28554683182006,10
B_E,5,8.0,13.883333333333333,incident_zone_strict_4min_rate,0.3704259568933482,0.2560590521849877,0.48479286160170865,10
B_E,5,8.0,13.883333333333333,incident_zone_mean_wait_min,2.9956940894499473,-1.4276777721626361,7.419065951062531,10
B_E,5,8.0,13.883333333333333,incident_zone_mean_delay_penalty_yuan_per_call,1427.01782587459,452.9236751625367,2401.1119765866433,10
B_E,5,8.0,13.883333333333333,nonincident_zone_calls,50.1,46.875158514075565,53.32484148592444,10
B_E,5,8.0,13.883333333333333,nonincident_zone_mean_response_min,8.98011710512571,4.572758415557281,13.38747579469414,10
B_E,5,8.0,13.883333333333333,nonincident_zone_p95_response_min,29.32343936235049,0.33192337107238856,58.31495535362859,10
B_E,5,8.0,13.883333333333333,nonincident_zone_strict_4min_rate,0.3075695866255015,0.25987818273229885,0.35526099051870413,10
B_E,5,8.0,13.883333333333333,nonincident_zone_mean_wait_min,2.823406583928504,-1.4053727767442918,7.0521859446013,10
B_E,5,8.0,13.883333333333333,nonincident_zone_mean_delay_penalty_yuan_per_call,1057.5133244773956,180.81982935530448,1934.2068195994866,10
B_E,5,8.0,13.883333333333333,max_incident_queue,3.3,1.513993849898369,5.086006150101631,10
B_E,5,8.0,13.883333333333333,incident_end_backlog,1.6,-0.1907752003806007,3.3907752003806007,10
B_E,5,10.0,10.266666666666666,calls,78.2,73.83169960867151,82.56830039132849,10
B_E,5,10.0,10.266666666666666,mean_response_min,6.609484298184599,5.377240652094079,7.841727944275119,10
B_E,5,10.0,10.266666666666666,p95_response_min,14.118462281402127,8.421662798199089,19.815261764605168,10
B_E,5,10.0,10.266666666666666,strict_4min_rate,0.37668635700123515,0.3416316517921976,0.4117410622102727,10
B_E,5,10.0,10.266666666666666,mean_wait_min,0.6361635454131611,-0.3203849572098889,1.5927120480362111,10
B_E,5,10.0,10.266666666666666,mean_delay_penalty_yuan_per_call,596.7469961633595,354.0011129409577,839.4928793857614,10
B_E,5,10.0,10.266666666666666,incident_zone_calls,17.5,13.991427381364273,21.008572618635725,10
B_E,5,10.0,10.266666666666666,incident_zone_mean_response_min,7.781416172485311,5.84458783532755,9.718244509643071,10
B_E,5,10.0,10.266666666666666,incident_zone_p95_response_min,15.083540865967086,6.742884945553412,23.42419678638076,10
B_E,5,10.0,10.266666666666666,incident_zone_strict_4min_rate,0.4113859434912066,0.3503942814825709,0.4723776054998423,10
B_E,5,10.0,10.266666666666666,incident_zone_mean_wait_min,0.7725450607768811,-0.6272715377485176,2.17236165930228,10
B_E,5,10.0,10.266666666666666,incident_zone_mean_delay_penalty_yuan_per_call,837.4534498322857,459.5737758425131,1215.3331238220585,10
B_E,5,10.0,10.266666666666666,nonincident_zone_calls,60.7,57.535674162300424,63.86432583769958,10
B_E,5,10.0,10.266666666666666,nonincident_zone_mean_response_min,6.211209979465429,5.285176859199327,7.137243099731531,10
B_E,5,10.0,10.266666666666666,nonincident_zone_p95_response_min,13.672245279127926,8.74499991760867,18.599490640647183,10
B_E,5,10.0,10.266666666666666,nonincident_zone_strict_4min_rate,0.3699981249901268,0.3336110353516616,0.406385214628592,10
B_E,5,10.0,10.266666666666666,nonincident_zone_mean_wait_min,0.5677849047979424,-0.2093676190324889,1.3449374286283737,10
B_E,5,10.0,10.266666666666666,nonincident_zone_mean_delay_penalty_yuan_per_call,515.9827405978,333.4228440533298,698.5426371422702,10
B_E,5,10.0,10.266666666666666,max_incident_queue,1.8,0.8581888697508409,2.7418111302491592,10
B_E,5,10.0,10.266666666666666,incident_end_backlog,0.4,-0.5048628651192819,1.304862865119282,10
B_E,5,11.0,8.7,calls,87.5,82.81212234850413,92.18787765149587,10
B_E,5,11.0,8.7,mean_response_min,6.560831072605298,5.19988188241941,7.921780262791186,10
B_E,5,11.0,8.7,p95_response_min,15.355377907294137,7.758351505704463,22.95240430888381,10
B_E,5,11.0,8.7,strict_4min_rate,0.3853832905567892,0.3458775445552503,0.4248890365583281,10
B_E,5,11.0,8.7,mean_wait_min,0.716004736655395,-0.35805539447732215,1.7900648677881121,10
B_E,5,11.0,8.7,mean_delay_penalty_yuan_per_call,589.2428726324173,321.57965340058786,856.9060918642467,10
B_E,5,11.0,8.7,incident_zone_calls,19.4,16.324057729087535,22.475942270912462,10
B_E,5,11.0,8.7,incident_zone_mean_response_min,8.181294834215812,6.103735820824957,10.258853847606668,10
B_E,5,11.0,8.7,incident_zone_p95_response_min,17.62821169597009,9.595848509655449,25.660574882284735,10
B_E,5,11.0,8.7,incident_zone_strict_4min_rate,0.40416244083840436,0.3317800152032123,0.4765448664735964,10
B_E,5,11.0,8.7,incident_zone_mean_wait_min,0.9040866337542326,-0.6736603167933013,2.4818335843017665,10
B_E,5,11.0,8.7,incident_zone_mean_delay_penalty_yuan_per_call,917.0914550108433,513.1574957200384,1321.0254143016482,10
B_E,5,11.0,8.7,nonincident_zone_calls,68.1,65.17081946630847,71.02918053369152,10
B_E,5,11.0,8.7,nonincident_zone_mean_response_min,6.050900661966092,5.005673524713707,7.096127799218477,10
B_E,5,11.0,8.7,nonincident_zone_p95_response_min,14.069233838979377,7.5914377103246515,20.547029967634103,10
B_E,5,11.0,8.7,nonincident_zone_strict_4min_rate,0.3828182592131543,0.3457503578861228,0.41988616054018585,10
B_E,5,11.0,8.7,nonincident_zone_mean_wait_min,0.6314210408864398,-0.24336515459446628,1.506207236367346,10
B_E,5,11.0,8.7,nonincident_zone_mean_delay_penalty_yuan_per_call,486.7437842358495,280.39536462897485,693.0922038427241,10
B_E,5,11.0,8.7,max_incident_queue,2.2,0.9935161798409575,3.4064838201590426,10
B_E,5,11.0,8.7,incident_end_backlog,0.6,-0.7572942976789229,1.957294297678923,10
B_E,5,12.0,8.05,calls,95.8,90.30213583539297,101.29786416460702,10
B_E,5,12.0,8.05,mean_response_min,6.795735502754527,5.163745019225445,8.42772598628361,10
B_E,5,12.0,8.05,p95_response_min,15.480522766852783,8.584845422403358,22.376200111302207,10
B_E,5,12.0,8.05,strict_4min_rate,0.38874689911352156,0.35854540863618745,0.4189483895908557,10
B_E,5,12.0,8.05,mean_wait_min,0.8978783877742764,-0.5471039769480632,2.342860752496616,10
B_E,5,12.0,8.05,mean_delay_penalty_yuan_per_call,636.8964803736101,312.7382539504109,961.0547067968092,10
B_E,5,12.0,8.05,incident_zone_calls,21.4,18.179569460588056,24.62043053941194,10
B_E,5,12.0,8.05,incident_zone_mean_response_min,8.448976160977796,6.338077664028635,10.559874657926958,10
B_E,5,12.0,8.05,incident_zone_p95_response_min,18.551306147118733,9.708114924846683,27.394497369390784,10
B_E,5,12.0,8.05,incident_zone_strict_4min_rate,0.41146494065839134,0.34230804872369436,0.4806218325930883,10
B_E,5,12.0,8.05,incident_zone_mean_wait_min,1.067268107876897,-0.6503082492287668,2.784844464982561,10
B_E,5,12.0,8.05,incident_zone_mean_delay_penalty_yuan_per_call,972.0882203272373,559.0078449836366,1385.168595670838,10
B_E,5,12.0,8.05,nonincident_zone_calls,74.4,71.28730681639134,77.51269318360868,10
B_E,5,12.0,8.05,nonincident_zone_mean_response_min,6.286033342671048,4.846678328876873,7.725388356465222,10
B_E,5,12.0,8.05,nonincident_zone_p95_response_min,12.999195316016436,7.815385158882597,18.183005473150274,10
B_E,5,12.0,8.05,nonincident_zone_strict_4min_rate,0.38494388360177834,0.35399945042405506,0.4158883167795016,10
B_E,5,12.0,8.05,nonincident_zone_mean_wait_min,0.8338614281844196,-0.5149759109649868,2.182698767333826,10
B_E,5,12.0,8.05,nonincident_zone_mean_delay_penalty_yuan_per_call,534.1954452545651,246.92754556765493,821.4633449414753,10
B_E,5,12.0,8.05,max_incident_queue,2.4,1.001441166357099,3.798558833642901,10
B_E,5,12.0,8.05,incident_end_backlog,0.6,-0.5285622744303314,1.7285622744303315,10
B_E,6,0.5,17.75,calls,4.5,2.157577796103346,6.842422203896653,10
B_E,6,0.5,17.75,mean_response_min,5.366848772406523,3.6898107310217236,7.043886813791322,9
B_E,6,0.5,17.75,p95_response_min,8.735923507543998,4.309124728687073,13.162722286400921,9
B_E,6,0.5,17.75,strict_4min_rate,0.5120370370370371,0.29006978678614304,0.7340042872879311,9
B_E,6,0.5,17.75,mean_wait_min,0.28366172170885373,-0.2153010148193069,0.7826244582370143,9
B_E,6,0.5,17.75,mean_delay_penalty_yuan_per_call,375.7771618887119,78.6326428681175,672.9216809093062,9
B_E,6,0.5,17.75,incident_zone_calls,0.6,-0.0032419100795213485,1.2032419100795213,10
B_E,6,0.5,17.75,incident_zone_mean_response_min,4.572639378667032,1.2518123829506407,7.893466374383422,4
B_E,6,0.5,17.75,incident_zone_p95_response_min,5.9880148194673595,-0.32155647239378293,12.297586111328503,4
B_E,6,0.5,17.75,incident_zone_strict_4min_rate,0.75,0.29065344224073036,1.2093465577592697,4
B_E,6,0.5,17.75,incident_zone_mean_wait_min,0.629830337084968,-1.3745708921266808,2.634231566296617,4
B_E,6,0.5,17.75,incident_zone_mean_delay_penalty_yuan_per_call,264.5278757334063,-321.45114207739994,850.5068935442125,4
B_E,6,0.5,17.75,nonincident_zone_calls,3.9,1.626560187845032,6.173439812154967,10
B_E,6,0.5,17.75,nonincident_zone_mean_response_min,5.488497511871921,3.6825153969117577,7.294479626832084,9
B_E,6,0.5,17.75,nonincident_zone_p95_response_min,8.2854414753751,3.707711765301033,12.863171185449167,9
B_E,6,0.5,17.75,nonincident_zone_strict_4min_rate,0.47870370370370374,0.1988472889303602,0.7585601184770473,9
B_E,6,0.5,17.75,nonincident_zone_mean_wait_min,0.21368057314385727,-0.27906771213867376,0.7064288584263884,9
B_E,6,0.5,17.75,nonincident_zone_mean_delay_penalty_yuan_per_call,393.4402431151247,80.58951912939347,706.2909671008559,9
B_E,6,0.5,17.75,max_incident_queue,1.0,0.6627775205463438,1.3372224794536562,10
B_E,6,0.5,17.75,incident_end_backlog,0.3,-0.18282911193318369,0.7828291119331836,10
B_E,6,1.0,17.5,calls,7.6,4.542598839972541,10.657401160027458,10
B_E,6,1.0,17.5,mean_response_min,5.304239926168757,3.907067577482661,6.701412274854853,10
B_E,6,1.0,17.5,p95_response_min,9.2824732526906,5.1087816205413,13.4561648848399,10
B_E,6,1.0,17.5,strict_4min_rate,0.5107142857142858,0.32437456469123893,0.6970540067373326,10
B_E,6,1.0,17.5,mean_wait_min,0.2853210515359197,-0.12920144647995263,0.6998435495517921,10
B_E,6,1.0,17.5,mean_delay_penalty_yuan_per_call,362.9908423766083,115.11082236336165,610.870862389855,10
B_E,6,1.0,17.5,incident_zone_calls,1.2,0.38786072391279136,2.0121392760872086,10
B_E,6,1.0,17.5,incident_zone_mean_response_min,3.847248511246123,2.373647943411834,5.320849079080412,8
B_E,6,1.0,17.5,incident_zone_p95_response_min,4.748095378595178,1.642539199196242,7.853651557994113,8
B_E,6,1.0,17.5,incident_zone_strict_4min_rate,0.875,0.6814987567312101,1.06850124326879,8
B_E,6,1.0,17.5,incident_zone_mean_wait_min,0.16036178731951622,-0.21883358400497593,0.5395571586440084,8
B_E,6,1.0,17.5,incident_zone_mean_delay_penalty_yuan_per_call,144.44970224922469,-116.42333914320568,405.32274364165505,8
B_E,6,1.0,17.5,nonincident_zone_calls,6.4,3.7191343112702038,9.080865688729798,10
B_E,6,1.0,17.5,nonincident_zone_mean_response_min,5.4576063649954225,3.91869874897839,6.9965139810124555,10
B_E,6,1.0,17.5,nonincident_zone_p95_response_min,9.06656590863923,4.86817296678452,13.26495885049394,10
B_E,6,1.0,17.5,nonincident_zone_strict_4min_rate,0.46497668997668995,0.2399779558699921,0.6899754240833877,10
B_E,6,1.0,17.5,nonincident_zone_mean_wait_min,0.2943181148618825,-0.14001811439711603,0.728654344120881,10
B_E,6,1.0,17.5,nonincident_zone_mean_delay_penalty_yuan_per_call,384.5166109944225,115.46789977511446,653.5653222137305,10
B_E,6,1.0,17.5,max_incident_queue,1.2,0.8983790449602393,1.5016209550397606,10
B_E,6,1.0,17.5,incident_end_backlog,0.0,0.0,0.0,10
B_E,6,2.0,17.0,calls,17.0,13.94632057130951,20.05367942869049,10
B_E,6,2.0,17.0,mean_response_min,6.023701526328421,4.993234113590004,7.054168939066837,10
B_E,6,2.0,17.0,p95_response_min,10.785786941395767,7.1967199488064,14.374853933985133,10
B_E,6,2.0,17.0,strict_4min_rate,0.3683931419457735,0.28269326564828734,0.45409301824325965,10
B_E,6,2.0,17.0,mean_wait_min,0.3388411581473245,-0.24756498805813432,0.9252473043527834,10
B_E,6,2.0,17.0,mean_delay_penalty_yuan_per_call,478.41893365483884,285.09451893216004,671.7433483775176,10
B_E,6,2.0,17.0,incident_zone_calls,2.7,1.152813856170258,4.247186143829742,10
B_E,6,2.0,17.0,incident_zone_mean_response_min,4.703701216530637,3.2724932530065516,6.134909180054722,10
B_E,6,2.0,17.0,incident_zone_p95_response_min,6.8424751528747,3.7157623774058273,9.969187928343572,10
B_E,6,2.0,17.0,incident_zone_strict_4min_rate,0.757142857142857,0.5649803167400631,0.9493053975456509,10
B_E,6,2.0,17.0,incident_zone_mean_wait_min,0.5493539957820758,-0.6933710806881618,1.7920790722523132,10
B_E,6,2.0,17.0,incident_zone_mean_delay_penalty_yuan_per_call,292.1688147346988,38.3145806026223,546.0230488667753,10
B_E,6,2.0,17.0,nonincident_zone_calls,14.3,11.820783997899435,16.779216002100565,10
B_E,6,2.0,17.0,nonincident_zone_mean_response_min,6.18145481656344,5.081167717299907,7.281741915826974,10
B_E,6,2.0,17.0,nonincident_zone_p95_response_min,10.94467964679847,7.207852350707396,14.681506942889543,10
B_E,6,2.0,17.0,nonincident_zone_strict_4min_rate,0.31947343849820625,0.21657907466728546,0.4223678023291271,10
B_E,6,2.0,17.0,nonincident_zone_mean_wait_min,0.3211034187090131,-0.18931806920431876,0.8315249066223449,10
B_E,6,2.0,17.0,nonincident_zone_mean_delay_penalty_yuan_per_call,500.18565101232946,295.20322861404634,705.1680734106126,10
B_E,6,2.0,17.0,max_incident_queue,1.3,0.8171708880668164,1.7828291119331836,10
B_E,6,2.0,17.0,incident_end_backlog,0.0,0.0,0.0,10
B_E,6,4.0,16.0,calls,33.7,30.377887868693627,37.02211213130638,10
B_E,6,4.0,16.0,mean_response_min,6.030412612175608,5.172809126798825,6.888016097552391,10
B_E,6,4.0,16.0,p95_response_min,13.852841305664787,9.30848688064112,18.397195730688455,10
B_E,6,4.0,16.0,strict_4min_rate,0.44033855535000593,0.38041980915212437,0.5002573015478875,10
B_E,6,4.0,16.0,mean_wait_min,0.43977257798260094,-0.046146697312784035,0.9256918532779859,10
B_E,6,4.0,16.0,mean_delay_penalty_yuan_per_call,494.1502335051229,331.94119793681136,656.3592690734345,10
B_E,6,4.0,16.0,incident_zone_calls,6.0,4.933608886717113,7.066391113282887,10
B_E,6,4.0,16.0,incident_zone_mean_response_min,5.487879354660302,3.7826602024492555,7.193098506871349,10
B_E,6,4.0,16.0,incident_zone_p95_response_min,10.66145240932256,5.737520311464162,15.585384507180958,10
B_E,6,4.0,16.0,incident_zone_strict_4min_rate,0.7089285714285715,0.554999241576716,0.8628579012804269,10
B_E,6,4.0,16.0,incident_zone_mean_wait_min,0.63833353314134,-0.41001552852233947,1.6866825948050195,10
B_E,6,4.0,16.0,incident_zone_mean_delay_penalty_yuan_per_call,439.3615852177748,122.60631959090551,756.1168508446441,10
B_E,6,4.0,16.0,nonincident_zone_calls,27.7,24.739924156377818,30.66007584362218,10
B_E,6,4.0,16.0,nonincident_zone_mean_response_min,6.1762034103966,5.3369073262315885,7.015499494561612,10
B_E,6,4.0,16.0,nonincident_zone_p95_response_min,12.91254219563198,8.996848669082908,16.828235722181052,10
B_E,6,4.0,16.0,nonincident_zone_strict_4min_rate,0.3820671638970431,0.3270215796860408,0.4371127481080454,10
B_E,6,4.0,16.0,nonincident_zone_mean_wait_min,0.41602637576698215,-0.02201196504978309,0.8540647165837474,10
B_E,6,4.0,16.0,nonincident_zone_mean_delay_penalty_yuan_per_call,511.6541148587286,351.93903052931176,671.3691991881453,10
B_E,6,4.0,16.0,max_incident_queue,1.6,0.8310144322718843,2.368985567728116,10
B_E,6,4.0,16.0,incident_end_backlog,0.0,0.0,0.0,10
B_E,6,5.0,15.483333333333333,calls,41.9,37.33253345178802,46.46746654821198,10
B_E,6,5.0,15.483333333333333,mean_response_min,5.82656243381208,5.060906929582155,6.592217938042004,10
B_E,6,5.0,15.483333333333333,p95_response_min,11.424971492706444,8.842163283380003,14.007779702032884,10
B_E,6,5.0,15.483333333333333,strict_4min_rate,0.4424265924226982,0.38077407913973044,0.504079105705666,10
B_E,6,5.0,15.483333333333333,mean_wait_min,0.3616640473798809,0.028826118576455173,0.6945019761833067,10
B_E,6,5.0,15.483333333333333,mean_delay_penalty_yuan_per_call,453.79780524695553,312.01425679269073,595.5813537012203,10
B_E,6,5.0,15.483333333333333,incident_zone_calls,7.7,6.116489986041257,9.283510013958743,10
B_E,6,5.0,15.483333333333333,incident_zone_mean_response_min,5.530308690225091,3.73848039105043,7.322136989399752,10
B_E,6,5.0,15.483333333333333,incident_zone_p95_response_min,11.941175013605434,5.9068510137562305,17.975499013454638,10
B_E,6,5.0,15.483333333333333,incident_zone_strict_4min_rate,0.716388888888889,0.5348700982434793,0.8979076795342986,10
B_E,6,5.0,15.483333333333333,incident_zone_mean_wait_min,0.7229236753091411,-0.2404591285304336,1.686306479148716,10
B_E,6,5.0,15.483333333333333,incident_zone_mean_delay_penalty_yuan_per_call,449.33951582279605,121.98497758590884,776.6940540596833,10
B_E,6,5.0,15.483333333333333,nonincident_zone_calls,34.2,29.990793388167532,38.409206611832474,10
B_E,6,5.0,15.483333333333333,nonincident_zone_mean_response_min,5.892810162334298,5.292823433993441,6.492796890675155,10
B_E,6,5.0,15.483333333333333,nonincident_zone_p95_response_min,11.068499885550622,8.923341864111892,13.213657906989352,10
B_E,6,5.0,15.483333333333333,nonincident_zone_strict_4min_rate,0.3841525243561793,0.33904276464136246,0.42926228407099615,10
B_E,6,5.0,15.483333333333333,nonincident_zone_mean_wait_min,0.31170470081926377,0.032891021315774316,0.5905183803227532,10
B_E,6,5.0,15.483333333333333,nonincident_zone_mean_delay_penalty_yuan_per_call,455.39253733809556,343.0352774593352,567.7497972168559,10
B_E,6,5.0,15.483333333333333,max_incident_queue,1.6,0.8310144322718843,2.368985567728116,10
B_E,6,5.0,15.483333333333333,incident_end_backlog,0.0,0.0,0.0,10
B_E,6,6.0,14.983333333333333,calls,48.7,44.149995157351256,53.25000484264875,10
B_E,6,6.0,14.983333333333333,mean_response_min,5.748362070047335,4.9978630776064445,6.498861062488226,10
B_E,6,6.0,14.983333333333333,p95_response_min,11.598965601433143,8.535867387473596,14.66206381539269,10
B_E,6,6.0,14.983333333333333,strict_4min_rate,0.42079397624601916,0.3566839834677513,0.484903969024287,10
B_E,6,6.0,14.983333333333333,mean_wait_min,0.21463315235563898,-0.044825993936781244,0.47409229864805924,10
B_E,6,6.0,14.983333333333333,mean_delay_penalty_yuan_per_call,433.83120925867087,296.33805969711455,571.3243588202272,10
B_E,6,6.0,14.983333333333333,incident_zone_calls,8.7,7.012202332548644,10.387797667451354,10
B_E,6,6.0,14.983333333333333,incident_zone_mean_response_min,5.003021874557292,3.657820361927418,6.348223387187166,10
B_E,6,6.0,14.983333333333333,incident_zone_p95_response_min,9.399220874971752,4.934369748163103,13.8640720017804,10
B_E,6,6.0,14.983333333333333,incident_zone_strict_4min_rate,0.688989898989899,0.5588244864084906,0.8191553115713075,10
B_E,6,6.0,14.983333333333333,incident_zone_mean_wait_min,0.44153094765364787,-0.2609679930051284,1.1440298883124242,10
B_E,6,6.0,14.983333333333333,incident_zone_mean_delay_penalty_yuan_per_call,338.4023547094381,89.28913955545048,587.5155698634258,10
B_E,6,6.0,14.983333333333333,nonincident_zone_calls,40.0,35.577368643939906,44.422631356060094,10
B_E,6,6.0,14.983333333333333,nonincident_zone_mean_response_min,5.916416298982255,5.2368818391858545,6.595950758778655,10
B_E,6,6.0,14.983333333333333,nonincident_zone_p95_response_min,11.332705410550943,8.973980185445852,13.691430635656035,10
B_E,6,6.0,14.983333333333333,nonincident_zone_strict_4min_rate,0.36584112383929107,0.3062359234252871,0.42544632425329504,10
B_E,6,6.0,14.983333333333333,nonincident_zone_mean_wait_min,0.19172030125432457,-0.024837594020846093,0.40827819652949526,10
B_E,6,6.0,14.983333333333333,nonincident_zone_mean_delay_penalty_yuan_per_call,456.451484564309,332.0835212598205,580.8194478687975,10
B_E,6,6.0,14.983333333333333,max_incident_queue,1.6,0.8310144322718843,2.368985567728116,10
B_E,6,6.0,14.983333333333333,incident_end_backlog,0.0,0.0,0.0,10
B_E,6,8.0,13.883333333333333,calls,62.4,57.96196767560391,66.8380323243961,10
B_E,6,8.0,13.883333333333333,mean_response_min,7.4810231933132485,5.717004361530887,9.24504202509561,10
B_E,6,8.0,13.883333333333333,p95_response_min,22.14523569551715,10.067069992951822,34.22340139808248,10
B_E,6,8.0,13.883333333333333,strict_4min_rate,0.37870529799423885,0.33025804007284115,0.42715255591563656,10
B_E,6,8.0,13.883333333333333,mean_wait_min,1.608097924336303,-0.016844820172451813,3.2330406688450575,10
B_E,6,8.0,13.883333333333333,mean_delay_penalty_yuan_per_call,771.9456982614976,422.4073094265635,1121.4840870964317,10
B_E,6,8.0,13.883333333333333,incident_zone_calls,11.1,8.566339093992884,13.633660906007115,10
B_E,6,8.0,13.883333333333333,incident_zone_mean_response_min,6.973561622394906,4.121504960587503,9.82561828420231,10
B_E,6,8.0,13.883333333333333,incident_zone_p95_response_min,18.781984884482632,5.119772984573196,32.44419678439207,10
B_E,6,8.0,13.883333333333333,incident_zone_strict_4min_rate,0.6162920412920412,0.5101891964078279,0.7223948861762545,10
B_E,6,8.0,13.883333333333333,incident_zone_mean_wait_min,1.9188874962176743,-0.37899917297629715,4.216774165411646,10
B_E,6,8.0,13.883333333333333,incident_zone_mean_delay_penalty_yuan_per_call,717.9707327373897,157.3731797865338,1278.5682856882454,10
B_E,6,8.0,13.883333333333333,nonincident_zone_calls,51.3,47.89338525568015,54.70661474431984,10
B_E,6,8.0,13.883333333333333,nonincident_zone_mean_response_min,7.55413901591143,5.904145486307916,9.204132545514943,10
B_E,6,8.0,13.883333333333333,nonincident_zone_p95_response_min,20.11764834791997,9.647401319565752,30.58789537627419,10
B_E,6,8.0,13.883333333333333,nonincident_zone_strict_4min_rate,0.3330720548189227,0.2869817138205026,0.37916239581734285,10
B_E,6,8.0,13.883333333333333,nonincident_zone_mean_wait_min,1.5513226157243194,-0.004457971570040797,3.1071032030186796,10
B_E,6,8.0,13.883333333333333,nonincident_zone_mean_delay_penalty_yuan_per_call,777.4422141460705,450.6293916567869,1104.255036635354,10
B_E,6,8.0,13.883333333333333,max_incident_queue,2.5,1.1831041195693215,3.8168958804306783,10
B_E,6,8.0,13.883333333333333,incident_end_backlog,1.5,-0.05451882066076075,3.0545188206607605,10
B_E,6,10.0,10.266666666666666,calls,74.5,70.49215658468883,78.50784341531117,10
B_E,6,10.0,10.266666666666666,mean_response_min,5.362900529076993,4.804208852162038,5.9215922059919475,10
B_E,6,10.0,10.266666666666666,p95_response_min,10.052737911933523,8.566515720536787,11.53896010333026,10
B_E,6,10.0,10.266666666666666,strict_4min_rate,0.46141658630214816,0.40770458563650963,0.5151285869677867,10
B_E,6,10.0,10.266666666666666,mean_wait_min,0.1409899293183315,-0.07412708220912578,0.3561069408457888,10
B_E,6,10.0,10.266666666666666,mean_delay_penalty_yuan_per_call,364.86342307582805,262.52137954045605,467.20546661120005,10
B_E,6,10.0,10.266666666666666,incident_zone_calls,11.9,9.552728055499783,14.247271944500218,10
B_E,6,10.0,10.266666666666666,incident_zone_mean_response_min,5.016620804929725,4.07692516689983,5.95631644295962,10
B_E,6,10.0,10.266666666666666,incident_zone_p95_response_min,11.753332338972529,6.756253008786228,16.75041166915883,10
B_E,6,10.0,10.266666666666666,incident_zone_strict_4min_rate,0.6863131313131314,0.6230803156818794,0.7495459469443835,10
B_E,6,10.0,10.266666666666666,incident_zone_mean_wait_min,0.24565246697847143,-0.1836984403078723,0.6750033742648152,10
B_E,6,10.0,10.266666666666666,incident_zone_mean_delay_penalty_yuan_per_call,340.58678724857134,164.74156261160257,516.4320118855401,10
B_E,6,10.0,10.266666666666666,nonincident_zone_calls,62.6,59.04394138516327,66.15605861483674,10
B_E,6,10.0,10.266666666666666,nonincident_zone_mean_response_min,5.405415539029401,4.914027073144162,5.896804004914641,10
B_E,6,10.0,10.266666666666666,nonincident_zone_p95_response_min,9.904437389090454,8.600202336985358,11.20867244119555,10
B_E,6,10.0,10.266666666666666,nonincident_zone_strict_4min_rate,0.42074225503286966,0.36596979751386166,0.47551471255187766,10
B_E,6,10.0,10.266666666666666,nonincident_zone_mean_wait_min,0.10825104896369919,-0.043742943232513015,0.2602450411599114,10
B_E,6,10.0,10.266666666666666,nonincident_zone_mean_delay_penalty_yuan_per_call,365.2315588124543,276.6730608077387,453.7900568171699,10
B_E,6,10.0,10.266666666666666,max_incident_queue,1.3,0.8171708880668164,1.7828291119331836,10
B_E,6,10.0,10.266666666666666,incident_end_backlog,0.3,-0.37864714883946143,0.9786471488394615,10
B_E,6,11.0,8.7,calls,83.8,79.43169960867151,88.16830039132849,10
B_E,6,11.0,8.7,mean_response_min,5.514001603694806,4.592642876086309,6.435360331303302,10
B_E,6,11.0,8.7,p95_response_min,12.562197452304309,5.985384252251562,19.139010652357058,10
B_E,6,11.0,8.7,strict_4min_rate,0.4672016376660551,0.43034480475678616,0.504058470575324,10
B_E,6,11.0,8.7,mean_wait_min,0.39983732907853875,-0.3487162056912463,1.1483908638483238,10
B_E,6,11.0,8.7,mean_delay_penalty_yuan_per_call,396.24064827217205,214.92052499550897,577.5607715488352,10
B_E,6,11.0,8.7,incident_zone_calls,14.0,11.178594313924172,16.821405686075828,10
B_E,6,11.0,8.7,incident_zone_mean_response_min,5.202922116780789,4.056859274706982,6.3489849588545955,10
B_E,6,11.0,8.7,incident_zone_p95_response_min,11.92634032116882,5.680672288939768,18.17200835339787,10
B_E,6,11.0,8.7,incident_zone_strict_4min_rate,0.6602974561670213,0.5761726848638449,0.7444222274701977,10
B_E,6,11.0,8.7,incident_zone_mean_wait_min,0.348713764249766,-0.4275910890646774,1.1250186175642094,10
B_E,6,11.0,8.7,incident_zone_mean_delay_penalty_yuan_per_call,372.6439145895619,154.3934864229054,590.8943427562184,10
B_E,6,11.0,8.7,nonincident_zone_calls,69.8,65.95803093658687,73.64196906341313,10
B_E,6,11.0,8.7,nonincident_zone_mean_response_min,5.569226604177001,4.675607104228894,6.462846104125108,10
B_E,6,11.0,8.7,nonincident_zone_p95_response_min,12.512174086404332,5.885449970950532,19.138898201858133,10
B_E,6,11.0,8.7,nonincident_zone_strict_4min_rate,0.42964197067189797,0.38447017830662933,0.4748137630371666,10
B_E,6,11.0,8.7,nonincident_zone_mean_wait_min,0.41108857503779583,-0.3313884208412643,1.153565570916856,10
B_E,6,11.0,8.7,nonincident_zone_mean_delay_penalty_yuan_per_call,399.77371496977986,224.34548023289952,575.2019497066602,10
B_E,6,11.0,8.7,max_incident_queue,1.6,0.6343417761336327,2.565658223866367,10
B_E,6,11.0,8.7,incident_end_backlog,0.4,-0.5048628651192819,1.304862865119282,10
B_E,6,12.0,8.05,calls,91.3,86.14093689689025,96.45906310310974,10
B_E,6,12.0,8.05,mean_response_min,5.418134386445476,4.514493465085961,6.321775307804991,10
B_E,6,12.0,8.05,p95_response_min,11.364196903862657,6.644530418029938,16.083863389695377,10
B_E,6,12.0,8.05,strict_4min_rate,0.4780172324606111,0.43862676069419493,0.5174077042270273,10
B_E,6,12.0,8.05,mean_wait_min,0.38931051355650387,-0.32823917913661266,1.1068602062496204,10
B_E,6,12.0,8.05,mean_delay_penalty_yuan_per_call,379.23032378121746,202.1238537253453,556.3367938370897,10
B_E,6,12.0,8.05,incident_zone_calls,14.9,12.02964434311517,17.77035565688483,10
B_E,6,12.0,8.05,incident_zone_mean_response_min,5.446433576036439,3.313245454138406,7.5796216979344715,10
B_E,6,12.0,8.05,incident_zone_p95_response_min,12.736614967273667,2.827723045035979,22.645506889511353,10
B_E,6,12.0,8.05,incident_zone_strict_4min_rate,0.6777215431627196,0.5674812720573548,0.7879618142680844,10
B_E,6,12.0,8.05,incident_zone_mean_wait_min,0.7309768444980277,-0.8067293308812317,2.268683019877287,10
B_E,6,12.0,8.05,incident_zone_mean_delay_penalty_yuan_per_call,424.8310238398317,12.735041642604017,836.9270060370593,10
B_E,6,12.0,8.05,nonincident_zone_calls,76.4,72.3928660002914,80.4071339997086,10
B_E,6,12.0,8.05,nonincident_zone_mean_response_min,5.348153436027782,4.742793592770213,5.9535132792853505,10
B_E,6,12.0,8.05,nonincident_zone_p95_response_min,10.992891088041237,7.003266264797995,14.982515911284478,10
B_E,6,12.0,8.05,nonincident_zone_strict_4min_rate,0.44292180049236496,0.39841032357096,0.4874332774137699,10
B_E,6,12.0,8.05,nonincident_zone_mean_wait_min,0.2864814421537746,-0.193794745857785,0.7667576301653342,10
B_E,6,12.0,8.05,nonincident_zone_mean_delay_penalty_yuan_per_call,358.2150473040293,241.32138084396533,475.1087137640933,10
B_E,6,12.0,8.05,max_incident_queue,1.6,0.6343417761336327,2.565658223866367,10
B_E,6,12.0,8.05,incident_end_backlog,0.5,-0.6310785813991024,1.6310785813991024,10
B_E,7,0.5,17.75,calls,5.9,3.0695400381363798,8.730459961863621,10
B_E,7,0.5,17.75,mean_response_min,7.319861961132911,4.837658638877151,9.802065283388671,9
B_E,7,0.5,17.75,p95_response_min,11.813697192151418,6.377883698702399,17.249510685600438,9
B_E,7,0.5,17.75,strict_4min_rate,0.2495189995189995,0.08539098491139677,0.4136470141266022,9
B_E,7,0.5,17.75,mean_wait_min,1.1717505007576992,-0.7002118272130031,3.0437128287284017,9
B_E,7,0.5,17.75,mean_delay_penalty_yuan_per_call,713.8761921303823,234.9435085970524,1192.8088756637121,9
B_E,7,0.5,17.75,incident_zone_calls,2.4,0.8473111020696775,3.9526888979303223,10
B_E,7,0.5,17.75,incident_zone_mean_response_min,8.405688176150907,5.294454877497392,11.516921474804422,9
B_E,7,0.5,17.75,incident_zone_p95_response_min,9.820305841162034,4.6147343163411225,15.025877365982945,9
B_E,7,0.5,17.75,incident_zone_strict_4min_rate,0.0,0.0,0.0,9
B_E,7,0.5,17.75,incident_zone_mean_wait_min,1.0015328180201726,-1.3080060018770268,3.311071637917372,9
B_E,7,0.5,17.75,incident_zone_mean_delay_penalty_yuan_per_call,881.1376352301813,258.8909754994788,1503.3842949608838,9
B_E,7,0.5,17.75,nonincident_zone_calls,3.5,1.5264560374230693,5.47354396257693,10
B_E,7,0.5,17.75,nonincident_zone_mean_response_min,5.942329258297999,3.7032589224551606,8.181399594140837,9
B_E,7,0.5,17.75,nonincident_zone_p95_response_min,9.286265913645146,3.988431367757255,14.584100459533037,9
B_E,7,0.5,17.75,nonincident_zone_strict_4min_rate,0.46851851851851856,0.15494363927897004,0.7820933977580671,9
B_E,7,0.5,17.75,nonincident_zone_mean_wait_min,0.857669576378814,-0.45730017962455016,2.172639332382178,9
B_E,7,0.5,17.75,nonincident_zone_mean_delay_penalty_yuan_per_call,482.16955536330374,87.02351328046416,877.3155974461433,9
B_E,7,0.5,17.75,max_incident_queue,1.5,0.4743778688025191,2.5256221311974807,10
B_E,7,0.5,17.75,incident_end_backlog,0.8,-0.45272591134470774,2.052725911344708,10
B_E,7,1.0,17.5,calls,11.3,8.047070088308466,14.552929911691535,10
B_E,7,1.0,17.5,mean_response_min,8.587382737499833,6.207991298880689,10.966774176118978,10
B_E,7,1.0,17.5,p95_response_min,14.609589835905235,8.639285092462472,20.579894579347997,10
B_E,7,1.0,17.5,strict_4min_rate,0.18018493761140822,0.08220445488680611,0.2781654203360103,10
B_E,7,1.0,17.5,mean_wait_min,1.4815666755846344,-0.46668501211475455,3.4298183632840233,10
B_E,7,1.0,17.5,mean_delay_penalty_yuan_per_call,953.5135350222483,484.27562718025666,1422.75144286424,10
B_E,7,1.0,17.5,incident_zone_calls,5.5,3.8393718761459152,7.160628123854085,10
B_E,7,1.0,17.5,incident_zone_mean_response_min,9.87838662090137,7.236843498132728,12.519929743670012,10
B_E,7,1.0,17.5,incident_zone_p95_response_min,13.852700264615814,8.806479003012447,18.898921526219183,10
B_E,7,1.0,17.5,incident_zone_strict_4min_rate,0.0,0.0,0.0,10
B_E,7,1.0,17.5,incident_zone_mean_wait_min,1.5883167829981983,-0.6982653204787368,3.8748988864751333,10
B_E,7,1.0,17.5,incident_zone_mean_delay_penalty_yuan_per_call,1175.6773241802744,647.3686996265459,1703.9859487340027,10
B_E,7,1.0,17.5,nonincident_zone_calls,5.8,3.51782335702989,8.08217664297011,10
B_E,7,1.0,17.5,nonincident_zone_mean_response_min,7.428294920770315,4.677923762932956,10.178666078607675,10
B_E,7,1.0,17.5,nonincident_zone_p95_response_min,12.942792204502961,6.150111007216604,19.735473401789317,10
B_E,7,1.0,17.5,nonincident_zone_strict_4min_rate,0.36444444444444446,0.13945622999603424,0.5894326588928547,10
B_E,7,1.0,17.5,nonincident_zone_mean_wait_min,1.528985208626495,-0.4257627119806642,3.483733129233654,10
B_E,7,1.0,17.5,nonincident_zone_mean_delay_penalty_yuan_per_call,758.547873042952,235.02385235798704,1282.071893727917,10
B_E,7,1.0,17.5,max_incident_queue,2.1,0.7322728486010313,3.467727151398969,10
B_E,7,1.0,17.5,incident_end_backlog,0.4,-0.2911004288272876,1.0911004288272876,10
B_E,7,2.0,17.0,calls,23.8,20.2184495992388,27.381550400761203,10
B_E,7,2.0,17.0,mean_response_min,9.8130029066785,7.480626950496152,12.145378862860849,10
B_E,7,2.0,17.0,p95_response_min,18.823607559213535,12.860960486357534,24.786254632069536,10
B_E,7,2.0,17.0,strict_4min_rate,0.12637145262145258,0.06597082124516226,0.1867720839977429,10
B_E,7,2.0,17.0,mean_wait_min,2.37904663953607,0.5603132992135551,4.197779979858585,10
B_E,7,2.0,17.0,mean_delay_penalty_yuan_per_call,1187.8748718599904,729.1711059553228,1646.5786377646582,10
B_E,7,2.0,17.0,incident_zone_calls,11.8,9.89835223539318,13.701647764606822,10
B_E,7,2.0,17.0,incident_zone_mean_response_min,10.532041931524097,8.564858424860937,12.499225438187256,10
B_E,7,2.0,17.0,incident_zone_p95_response_min,18.224612869763753,12.530299601656566,23.91892613787094,10
B_E,7,2.0,17.0,incident_zone_strict_4min_rate,0.0,0.0,0.0,10
B_E,7,2.0,17.0,incident_zone_mean_wait_min,2.1438534649034917,0.5754168619313744,3.712290067875609,10
B_E,7,2.0,17.0,incident_zone_mean_delay_penalty_yuan_per_call,1306.4083863048193,912.9716849721873,1699.8450876374513,10
B_E,7,2.0,17.0,nonincident_zone_calls,12.0,9.54498329244174,14.45501670755826,10
B_E,7,2.0,17.0,nonincident_zone_mean_response_min,8.950872049630505,6.10292656659491,11.7988175326661,10
B_E,7,2.0,17.0,nonincident_zone_p95_response_min,17.494047907662207,11.251710844332983,23.73638497099143,10
B_E,7,2.0,17.0,nonincident_zone_strict_4min_rate,0.2527701465201465,0.13696243457459584,0.3685778584656972,10
B_E,7,2.0,17.0,nonincident_zone_mean_wait_min,2.46240226121715,0.28026892565588035,4.64453559677842,10
B_E,7,2.0,17.0,nonincident_zone_mean_delay_penalty_yuan_per_call,1040.7284392301303,488.3469485844953,1593.1099298757654,10
B_E,7,2.0,17.0,max_incident_queue,2.8,1.547274088655292,4.052725911344708,10
B_E,7,2.0,17.0,incident_end_backlog,0.5,-0.27267376906853535,1.2726737690685352,10
B_E,7,4.0,16.0,calls,44.8,40.09335986861113,49.50664013138886,10
B_E,7,4.0,16.0,mean_response_min,12.385922445031852,6.877050051470161,17.894794838593544,10
B_E,7,4.0,16.0,p95_response_min,30.465700468705215,10.658594048110452,50.27280688929998,10
B_E,7,4.0,16.0,strict_4min_rate,0.14186593967254724,0.1002406560574224,0.1834912232876721,10
B_E,7,4.0,16.0,mean_wait_min,4.650662205785425,-0.45329533150965684,9.754619743080507,10
B_E,7,4.0,16.0,mean_delay_penalty_yuan_per_call,1705.5576769408794,609.1951485238503,2801.9202053579083,10
B_E,7,4.0,16.0,incident_zone_calls,20.4,16.941208467071007,23.85879153292899,10
B_E,7,4.0,16.0,incident_zone_mean_response_min,13.6142641543934,7.8967028721535115,19.331825436633288,10
B_E,7,4.0,16.0,incident_zone_p95_response_min,31.318763192349355,7.634231207656843,55.00329517704186,10
B_E,7,4.0,16.0,incident_zone_strict_4min_rate,0.0,0.0,0.0,10
B_E,7,4.0,16.0,incident_zone_mean_wait_min,4.9719631226465495,-0.6001906576437266,10.544116902936825,10
B_E,7,4.0,16.0,incident_zone_mean_delay_penalty_yuan_per_call,1922.8528308786802,779.3405744307024,3066.365087326658,10
B_E,7,4.0,16.0,nonincident_zone_calls,24.4,22.158041073373525,26.641958926626472,10
B_E,7,4.0,16.0,nonincident_zone_mean_response_min,11.389542344939484,6.1753590355249,16.60372565435407,10
B_E,7,4.0,16.0,nonincident_zone_p95_response_min,25.4386505887179,12.839303768462036,38.03799740897376,10
B_E,7,4.0,16.0,nonincident_zone_strict_4min_rate,0.2580974335786929,0.1832374731139055,0.33295739404348035,10
B_E,7,4.0,16.0,nonincident_zone_mean_wait_min,4.348561995981006,-0.24909691996013983,8.946220911922152,10
B_E,7,4.0,16.0,nonincident_zone_mean_delay_penalty_yuan_per_call,1529.5279557036358,496.06029258142644,2562.995618825845,10
B_E,7,4.0,16.0,max_incident_queue,4.4,2.399272926448917,6.400727073551083,10
B_E,7,4.0,16.0,incident_end_backlog,1.4,-0.8164523067350791,3.616452306735079,10
B_E,7,5.0,15.483333333333333,calls,55.3,49.43921300967253,61.160786990327466,10
B_E,7,5.0,15.483333333333333,mean_response_min,15.972060239282134,5.580809512645928,26.36331096591834,10
B_E,7,5.0,15.483333333333333,p95_response_min,48.461674698920135,2.2303438830693807,94.69300551477089,10
B_E,7,5.0,15.483333333333333,strict_4min_rate,0.14998139344531386,0.10434805344236926,0.19561473344825847,10
B_E,7,5.0,15.483333333333333,mean_wait_min,8.279631726624118,-1.8160552621822106,18.375318715430446,10
B_E,7,5.0,15.483333333333333,mean_delay_penalty_yuan_per_call,2424.170380984615,352.00578239609604,4496.334979573134,10
B_E,7,5.0,15.483333333333333,incident_zone_calls,25.6,21.048121056286274,30.15187894371373,10
B_E,7,5.0,15.483333333333333,incident_zone_mean_response_min,18.326366543033835,7.030478651539333,29.622254434528337,10
B_E,7,5.0,15.483333333333333,incident_zone_p95_response_min,48.85320072433639,2.578422980691464,95.12797846798131,10
B_E,7,5.0,15.483333333333333,incident_zone_strict_4min_rate,0.0,0.0,0.0,10
B_E,7,5.0,15.483333333333333,incident_zone_mean_wait_min,9.58585753940856,-1.661983682688767,20.833698761505886,10
B_E,7,5.0,15.483333333333333,incident_zone_mean_delay_penalty_yuan_per_call,2865.273308606768,606.0957303078667,5124.450886905669,10
B_E,7,5.0,15.483333333333333,nonincident_zone_calls,29.7,26.49993812428089,32.9000618757191,10
B_E,7,5.0,15.483333333333333,nonincident_zone_mean_response_min,13.781211951799127,4.621663847171828,22.940760056426427,10
B_E,7,5.0,15.483333333333333,nonincident_zone_p95_response_min,42.86115522450499,-2.793746499094844,88.51605694810482,10
B_E,7,5.0,15.483333333333333,nonincident_zone_strict_4min_rate,0.2769020562770563,0.19427209124417655,0.359532021309936,10
B_E,7,5.0,15.483333333333333,nonincident_zone_mean_wait_min,6.945055804411981,-1.736277714826155,15.626389323650116,10
B_E,7,5.0,15.483333333333333,nonincident_zone_mean_delay_penalty_yuan_per_call,2011.2284918286437,189.23055010088387,3833.226433556403,10
B_E,7,5.0,15.483333333333333,max_incident_queue,5.5,2.6535146590519556,8.346485340948044,10
B_E,7,5.0,15.483333333333333,incident_end_backlog,2.6,-0.7075319896293442,5.907531989629344,10
B_E,7,6.0,14.983333333333333,calls,64.5,58.32551257450999,70.67448742549001,10
B_E,7,6.0,14.983333333333333,mean_response_min,23.378508017502103,12.118946638737553,34.63806939626665,10
B_E,7,6.0,14.983333333333333,p95_response_min,81.63193014682491,28.61671712532204,134.64714316832777,10
B_E,7,6.0,14.983333333333333,strict_4min_rate,0.13151371465597955,0.0979768052381957,0.16505062407376342,10
B_E,7,6.0,14.983333333333333,mean_wait_min,15.565837839339101,4.439285791230244,26.69238988744796,10
B_E,7,6.0,14.983333333333333,mean_delay_penalty_yuan_per_call,3901.820324543648,1654.1728899062896,6149.467759181007,10
B_E,7,6.0,14.983333333333333,incident_zone_calls,30.0,24.830477280010772,35.16952271998923,10
B_E,7,6.0,14.983333333333333,incident_zone_mean_response_min,22.82740601033928,10.616771998002488,35.03804002267607,10
B_E,7,6.0,14.983333333333333,incident_zone_p95_response_min,65.13286843543418,17.623993702825913,112.64174316804244,10
B_E,7,6.0,14.983333333333333,incident_zone_strict_4min_rate,0.0,0.0,0.0,10
B_E,7,6.0,14.983333333333333,incident_zone_mean_wait_min,14.132941440895157,1.9104431086483586,26.355439773141956,10
B_E,7,6.0,14.983333333333333,incident_zone_mean_delay_penalty_yuan_per_call,3765.481202067857,1323.3543996004983,6207.6080045352155,10
B_E,7,6.0,14.983333333333333,nonincident_zone_calls,34.5,31.460317647726853,37.53968235227315,10
B_E,7,6.0,14.983333333333333,nonincident_zone_mean_response_min,23.62261150883645,13.163253468619425,34.081969549053476,10
B_E,7,6.0,14.983333333333333,nonincident_zone_p95_response_min,97.89457496932782,41.875604160905816,153.91354577774982,10
B_E,7,6.0,14.983333333333333,nonincident_zone_strict_4min_rate,0.24239397616753303,0.18896553479682357,0.29582241753824245,10
B_E,7,6.0,14.983333333333333,nonincident_zone_mean_wait_min,16.556098388656245,6.228637443754675,26.883559333557816,10
B_E,7,6.0,14.983333333333333,nonincident_zone_mean_delay_penalty_yuan_per_call,3972.7046172924033,1886.2422866473607,6059.166947937446,10
B_E,7,6.0,14.983333333333333,max_incident_queue,7.2,3.9166234968385014,10.483376503161498,10
B_E,7,6.0,14.983333333333333,incident_end_backlog,6.1,2.4766233117557004,9.723376688244299,10
B_E,7,8.0,13.883333333333333,calls,82.7,76.24811343965818,89.15188656034182,10
B_E,7,8.0,13.883333333333333,mean_response_min,45.030518296377664,33.11612645368785,56.94491013906748,10
B_E,7,8.0,13.883333333333333,p95_response_min,193.58541823288746,173.04678343794387,214.12405302783105,10
B_E,7,8.0,13.883333333333333,strict_4min_rate,0.12129470417599593,0.08749978003481412,0.15508962831717774,10
B_E,7,8.0,13.883333333333333,mean_wait_min,37.570373634595825,25.860524290793705,49.280222978397944,10
B_E,7,8.0,13.883333333333333,mean_delay_penalty_yuan_per_call,8230.362600110731,5851.790736536175,10608.934463685287,10
B_E,7,8.0,13.883333333333333,incident_zone_calls,38.2,32.34163893261695,44.05836106738305,10
B_E,7,8.0,13.883333333333333,incident_zone_mean_response_min,45.977258097938446,33.08630725453844,58.86820894133845,10
B_E,7,8.0,13.883333333333333,incident_zone_p95_response_min,186.62658004839517,155.71184453872064,217.5413155580697,10
B_E,7,8.0,13.883333333333333,incident_zone_strict_4min_rate,0.0,0.0,0.0,10
B_E,7,8.0,13.883333333333333,incident_zone_mean_wait_min,37.58282865299573,24.71275723120383,50.45290007478763,10
B_E,7,8.0,13.883333333333333,incident_zone_mean_delay_penalty_yuan_per_call,8395.451619587688,5817.2614509076875,10973.641788267687,10
B_E,7,8.0,13.883333333333333,nonincident_zone_calls,44.5,41.296386445190265,47.703613554809735,10
B_E,7,8.0,13.883333333333333,nonincident_zone_mean_response_min,43.97346712496698,30.82951065681307,57.11742359312089,10
B_E,7,8.0,13.883333333333333,nonincident_zone_p95_response_min,184.24186193280605,157.9301416326855,210.5535822329266,10
B_E,7,8.0,13.883333333333333,nonincident_zone_strict_4min_rate,0.22200524057748736,0.16812883401435394,0.2758816471406208,10
B_E,7,8.0,13.883333333333333,nonincident_zone_mean_wait_min,37.28032395572228,24.414385480456108,50.14626243098846,10
B_E,7,8.0,13.883333333333333,nonincident_zone_mean_delay_penalty_yuan_per_call,8039.094473108894,5416.654364893277,10661.534581324511,10
B_E,7,8.0,13.883333333333333,max_incident_queue,15.1,10.470707864880435,19.729292135119564,10
B_E,7,8.0,13.883333333333333,incident_end_backlog,14.7,9.894727574657875,19.505272425342124,10
B_E,7,10.0,10.266666666666666,calls,100.1,94.48294234229081,105.71705765770918,10
B_E,7,10.0,10.266666666666666,mean_response_min,38.06524838611021,23.49476220358213,52.6357345686383,10
B_E,7,10.0,10.266666666666666,p95_response_min,204.65766815247076,125.81194106972818,283.50339523521336,10
B_E,7,10.0,10.266666666666666,strict_4min_rate,0.1549745330439841,0.12252555954834529,0.1874235065396229,10
B_E,7,10.0,10.266666666666666,mean_wait_min,30.939694329829383,16.481739257661005,45.39764940199776,10
B_E,7,10.0,10.266666666666666,mean_delay_penalty_yuan_per_call,6844.04458383084,3932.798343902651,9755.290823759027,10
B_E,7,10.0,10.266666666666666,incident_zone_calls,45.0,39.91923104763719,50.08076895236281,10
B_E,7,10.0,10.266666666666666,incident_zone_mean_response_min,41.47468818355874,24.102018173113247,58.84735819400423,10
B_E,7,10.0,10.266666666666666,incident_zone_p95_response_min,202.14731973369857,117.86645747347892,286.4281819939182,10
B_E,7,10.0,10.266666666666666,incident_zone_strict_4min_rate,0.0,0.0,0.0,10
B_E,7,10.0,10.266666666666666,incident_zone_mean_wait_min,33.25734299229262,15.931208847597208,50.58347713698804,10
B_E,7,10.0,10.266666666666666,incident_zone_mean_delay_penalty_yuan_per_call,7494.937636711747,4020.4036346226476,10969.471638800846,10
B_E,7,10.0,10.266666666666666,nonincident_zone_calls,55.1,52.19029561668054,58.009704383319466,10
B_E,7,10.0,10.266666666666666,nonincident_zone_mean_response_min,35.17040226710484,21.22738802878037,49.11341650542931,10
B_E,7,10.0,10.266666666666666,nonincident_zone_p95_response_min,203.00337742201103,131.7381309438153,274.26862390020676,10
B_E,7,10.0,10.266666666666666,nonincident_zone_strict_4min_rate,0.28039823708779094,0.22584589048928194,0.33495058368629993,10
B_E,7,10.0,10.266666666666666,nonincident_zone_mean_wait_min,28.927666802767174,15.008866499625656,42.846467105908694,10
B_E,7,10.0,10.266666666666666,nonincident_zone_mean_delay_penalty_yuan_per_call,6290.160100838524,3503.3366937259284,9076.98350795112,10
B_E,7,10.0,10.266666666666666,max_incident_queue,11.5,7.257826989303249,15.742173010696751,10
B_E,7,10.0,10.266666666666666,incident_end_backlog,10.8,6.203371853134045,15.396628146865957,10
B_E,7,11.0,8.7,calls,112.1,105.97915653167222,118.22084346832777,10
B_E,7,11.0,8.7,mean_response_min,38.392837963598865,22.96050628774295,53.82516963945478,10
B_E,7,11.0,8.7,p95_response_min,255.30784894007402,171.98758170835242,338.6281161717956,10
B_E,7,11.0,8.7,strict_4min_rate,0.16833230071767868,0.1334062864869236,0.20325831494843377,10
B_E,7,11.0,8.7,mean_wait_min,31.261529521237613,15.93877538661412,46.58428365586111,10
B_E,7,11.0,8.7,mean_delay_penalty_yuan_per_call,6912.2311236640335,3827.0641831537982,9997.39806417427,10
B_E,7,11.0,8.7,incident_zone_calls,49.8,44.37501360665964,55.22498639334035,10
B_E,7,11.0,8.7,incident_zone_mean_response_min,43.614101084713376,27.64265886130002,59.58554330812673,10
B_E,7,11.0,8.7,incident_zone_p95_response_min,251.20342217026263,170.11728105174834,332.2895632887769,10
B_E,7,11.0,8.7,incident_zone_strict_4min_rate,0.0,0.0,0.0,10
B_E,7,11.0,8.7,incident_zone_mean_wait_min,35.41111017830488,19.49760396362942,51.324616392980346,10
B_E,7,11.0,8.7,incident_zone_mean_delay_penalty_yuan_per_call,7922.820216942676,4728.531772260005,11117.108661625347,10
B_E,7,11.0,8.7,nonincident_zone_calls,62.3,58.82726332429122,65.77273667570877,10
B_E,7,11.0,8.7,nonincident_zone_mean_response_min,34.399286977962646,18.74153605018506,50.05703790574023,10
B_E,7,11.0,8.7,nonincident_zone_p95_response_min,219.91691477422805,125.18572434044691,314.64810520800916,10
B_E,7,11.0,8.7,nonincident_zone_strict_4min_rate,0.3031404008070189,0.239629512078718,0.3666512895353198,10
B_E,7,11.0,8.7,nonincident_zone_mean_wait_min,28.129642252939725,12.523079639402475,43.736204866476974,10
B_E,7,11.0,8.7,nonincident_zone_mean_delay_penalty_yuan_per_call,6140.479768865693,3008.679568852574,9272.27996887881,10
B_E,7,11.0,8.7,max_incident_queue,12.1,7.4340057142955605,16.765994285704437,10
B_E,7,11.0,8.7,incident_end_backlog,11.8,7.0572562447095235,16.542743755290477,10
B_E,7,12.0,8.05,calls,122.5,115.45656944145324,129.54343055854676,10
B_E,7,12.0,8.05,mean_response_min,51.425606318181835,37.58138695978894,65.26982567657473,10
B_E,7,12.0,8.05,p95_response_min,305.2635929540426,279.9719442795069,330.55524162857836,10
B_E,7,12.0,8.05,strict_4min_rate,0.16411895193062637,0.14380998807817597,0.18442791578307677,10
B_E,7,12.0,8.05,mean_wait_min,44.52081885831156,30.730723777221208,58.31091393940191,10
B_E,7,12.0,8.05,mean_delay_penalty_yuan_per_call,9517.945054022493,6750.442035869443,12285.448072175543,10
B_E,7,12.0,8.05,incident_zone_calls,54.8,49.14913321850504,60.45086678149495,10
B_E,7,12.0,8.05,incident_zone_mean_response_min,57.866047573529556,41.81893037628543,73.91316477077368,10
B_E,7,12.0,8.05,incident_zone_p95_response_min,298.9880297051742,262.5599590173166,335.4161003930318,10
B_E,7,12.0,8.05,incident_zone_strict_4min_rate,0.0,0.0,0.0,10
B_E,7,12.0,8.05,incident_zone_mean_wait_min,49.91019814498176,33.88838299579173,65.9320132941718,10
B_E,7,12.0,8.05,incident_zone_mean_delay_penalty_yuan_per_call,10773.209514705912,7563.786075257087,13982.632954154737,10
B_E,7,12.0,8.05,nonincident_zone_calls,67.7,63.62462761888344,71.77537238111657,10
B_E,7,12.0,8.05,nonincident_zone_mean_response_min,46.20352460992548,33.99233930542483,58.41470991442613,10
B_E,7,12.0,8.05,nonincident_zone_p95_response_min,299.40620830748225,271.93868313567884,326.87373347928565,10
B_E,7,12.0,8.05,nonincident_zone_strict_4min_rate,0.2958942305802831,0.2644182136051496,0.32737024755541655,10
B_E,7,12.0,8.05,nonincident_zone_mean_wait_min,40.149148119926785,27.911814598867313,52.38648164098626,10
B_E,7,12.0,8.05,nonincident_zone_mean_delay_penalty_yuan_per_call,8499.883768101154,6057.822375619494,10941.945160582814,10
B_E,7,12.0,8.05,max_incident_queue,17.0,12.159946887309236,21.840053112690764,10
B_E,7,12.0,8.05,incident_end_backlog,16.9,12.019585603055189,21.780414396944806,10
B_E,8,0.5,17.75,calls,6.3,3.4978049684569443,9.102195031543054,10
B_E,8,0.5,17.75,mean_response_min,6.516177707384088,4.208778565849704,8.823576848918472,10
B_E,8,0.5,17.75,p95_response_min,10.318751301240109,5.18144811927079,15.456054483209428,10
B_E,8,0.5,17.75,strict_4min_rate,0.2293290043290043,0.10649294865843727,0.3521650599995713,10
B_E,8,0.5,17.75,mean_wait_min,1.0545754506819294,-0.6091733865185722,2.7183242878824307,10
B_E,8,0.5,17.75,mean_delay_penalty_yuan_per_call,549.1013423426182,100.22442480806546,997.9782598771709,10
B_E,8,0.5,17.75,incident_zone_calls,3.1,1.5021916370956223,4.697808362904378,10
B_E,8,0.5,17.75,incident_zone_mean_response_min,6.4349406161253215,4.261667177845219,8.608214054405424,10
B_E,8,0.5,17.75,incident_zone_p95_response_min,8.587366572174693,3.7613779464215744,13.41335519792781,10
B_E,8,0.5,17.75,incident_zone_strict_4min_rate,0.0,0.0,0.0,10
B_E,8,0.5,17.75,incident_zone_mean_wait_min,0.9267099956230596,-0.5985362476625253,2.4519562389086444,10
B_E,8,0.5,17.75,incident_zone_mean_delay_penalty_yuan_per_call,486.9881232250642,52.333435569043786,921.6428108810846,10
B_E,8,0.5,17.75,nonincident_zone_calls,3.2,1.4871222411564544,4.912877758843546,10
B_E,8,0.5,17.75,nonincident_zone_mean_response_min,6.408796868095118,3.5074940944529693,9.310099641737267,9
B_E,8,0.5,17.75,nonincident_zone_p95_response_min,10.313650255608927,4.142754805694213,16.48454570552364,9
B_E,8,0.5,17.75,nonincident_zone_strict_4min_rate,0.5449735449735449,0.267160249711749,0.8227868402353408,9
B_E,8,0.5,17.75,nonincident_zone_mean_wait_min,1.2968287517312076,-0.7570462321265552,3.3507037355889704,9
B_E,8,0.5,17.75,nonincident_zone_mean_delay_penalty_yuan_per_call,590.7540826137326,53.543886640638334,1127.9642785868268,9
B_E,8,0.5,17.75,max_incident_queue,1.6,0.6343417761336327,2.565658223866367,10
B_E,8,0.5,17.75,incident_end_backlog,0.8,-0.45272591134470774,2.052725911344708,10
B_E,8,1.0,17.5,calls,11.7,8.482218930834517,14.917781069165482,10
B_E,8,1.0,17.5,mean_response_min,7.991606699141603,5.138608503339034,10.844604894944172,10
B_E,8,1.0,17.5,p95_response_min,14.797345554858808,8.332492460577052,21.262198649140565,10
B_E,8,1.0,17.5,strict_4min_rate,0.21268345216874626,0.13304482522664698,0.2923220791108455,10
B_E,8,1.0,17.5,mean_wait_min,1.607565985495825,-0.4330294704892519,3.648161441480902,10
B_E,8,1.0,17.5,mean_delay_penalty_yuan_per_call,840.8580302620697,278.5976486033793,1403.11841192076,10
B_E,8,1.0,17.5,incident_zone_calls,6.0,4.530081290571291,7.469918709428709,10
B_E,8,1.0,17.5,incident_zone_mean_response_min,9.000128827341761,5.435777092448104,12.564480562235419,10
B_E,8,1.0,17.5,incident_zone_p95_response_min,14.392757880580408,7.842673063348031,20.942842697812786,10
B_E,8,1.0,17.5,incident_zone_strict_4min_rate,0.0,0.0,0.0,10
B_E,8,1.0,17.5,incident_zone_mean_wait_min,1.9726861411720786,-0.8365983663602787,4.781970648704436,10
B_E,8,1.0,17.5,incident_zone_mean_delay_penalty_yuan_per_call,1000.0257654683522,287.15541848962073,1712.8961124470839,10
B_E,8,1.0,17.5,nonincident_zone_calls,5.7,3.3624375984418555,8.037562401558144,10
B_E,8,1.0,17.5,nonincident_zone_mean_response_min,6.737584976488091,4.1428850787007105,9.332284874275473,10
B_E,8,1.0,17.5,nonincident_zone_p95_response_min,12.328098104731314,5.531503084042587,19.12469312542004,10
B_E,8,1.0,17.5,nonincident_zone_strict_4min_rate,0.5191666666666667,0.2756991658665281,0.7626341674668052,10
B_E,8,1.0,17.5,nonincident_zone_mean_wait_min,1.2007960834559728,-0.26953635474500715,2.6711285216569527,10
B_E,8,1.0,17.5,nonincident_zone_mean_delay_penalty_yuan_per_call,651.3503286309517,170.6381629595262,1132.0624943023772,10
B_E,8,1.0,17.5,max_incident_queue,2.2,0.699454694836688,3.7005453051633124,10
B_E,8,1.0,17.5,incident_end_backlog,0.5,-0.195201951060053,1.195201951060053,10
B_E,8,2.0,17.0,calls,23.6,19.811684030880265,27.388315969119738,10
B_E,8,2.0,17.0,mean_response_min,9.153789234940913,6.285730750411544,12.021847719470282,10
B_E,8,2.0,17.0,p95_response_min,19.733224915771437,11.718425390405464,27.74802444113741,10
B_E,8,2.0,17.0,strict_4min_rate,0.16916566990937695,0.10812683641655724,0.23020450340219667,10
B_E,8,2.0,17.0,mean_wait_min,2.4768828922316373,0.29154211030713606,4.662223674156138,10
B_E,8,2.0,17.0,mean_delay_penalty_yuan_per_call,1064.1124446703009,499.0987922672663,1629.1260970733356,10
B_E,8,2.0,17.0,incident_zone_calls,11.0,8.976665123278062,13.023334876721938,10
B_E,8,2.0,17.0,incident_zone_mean_response_min,9.646438351052632,6.592716662643744,12.70016003946152,10
B_E,8,2.0,17.0,incident_zone_p95_response_min,19.047879102408537,11.30928832023471,26.786469884582363,10
B_E,8,2.0,17.0,incident_zone_strict_4min_rate,0.0,0.0,0.0,10
B_E,8,2.0,17.0,incident_zone_mean_wait_min,2.7418761155883846,0.14552254635614936,5.33822968482062,10
B_E,8,2.0,17.0,incident_zone_mean_delay_penalty_yuan_per_call,1129.2876702105268,518.5433325287489,1740.0320078923046,10
B_E,8,2.0,17.0,nonincident_zone_calls,12.6,10.187032359681915,15.012967640318085,10
B_E,8,2.0,17.0,nonincident_zone_mean_response_min,8.62803828873925,5.856657759463939,11.39941881801456,10
B_E,8,2.0,17.0,nonincident_zone_p95_response_min,17.603594502367223,9.681570207308017,25.52561879742643,10
B_E,8,2.0,17.0,nonincident_zone_strict_4min_rate,0.3197281884781885,0.20944494316604806,0.43001143379032897,10
B_E,8,2.0,17.0,nonincident_zone_mean_wait_min,2.1365404180801533,0.2389397642244835,4.034141071935823,10
B_E,8,2.0,17.0,nonincident_zone_mean_delay_penalty_yuan_per_call,988.5663143252384,452.69704902976,1524.435579620717,10
B_E,8,2.0,17.0,max_incident_queue,2.9,1.2325379866800827,4.567462013319917,10
B_E,8,2.0,17.0,incident_end_backlog,0.9,-0.6978083629043778,2.4978083629043777,10
B_E,8,4.0,16.0,calls,46.6,41.59590927911159,51.604090720888415,10
B_E,8,4.0,16.0,mean_response_min,13.254078813091857,5.440469112135517,21.067688514048196,10
B_E,8,4.0,16.0,p95_response_min,43.19604788576389,-6.178904801180288,92.57100057270807,10
B_E,8,4.0,16.0,strict_4min_rate,0.1476034982642976,0.10104192693814004,0.19416506959045518,10
B_E,8,4.0,16.0,mean_wait_min,6.156481543336153,-1.2842730394215023,13.597236126093808,10
B_E,8,4.0,16.0,mean_delay_penalty_yuan_per_call,1880.336462271231,324.1294312844673,3436.5434932579947,10
B_E,8,4.0,16.0,incident_zone_calls,21.9,18.913152899644178,24.88684710035582,10
B_E,8,4.0,16.0,incident_zone_mean_response_min,15.463699669074629,3.682756601364746,27.244642736784513,10
B_E,8,4.0,16.0,incident_zone_p95_response_min,43.63569125226589,-8.02945555980802,95.30083806433981,10
B_E,8,4.0,16.0,incident_zone_strict_4min_rate,0.0,0.0,0.0,10
B_E,8,4.0,16.0,incident_zone_mean_wait_min,8.30349554906097,-3.436215249302265,20.043206347424206,10
B_E,8,4.0,16.0,incident_zone_mean_delay_penalty_yuan_per_call,2292.739933814926,-63.44867972705015,4648.9285473569025,10
B_E,8,4.0,16.0,nonincident_zone_calls,24.7,21.739924156377818,27.66007584362218,10
B_E,8,4.0,16.0,nonincident_zone_mean_response_min,11.1123857893625,7.055155251552636,15.169616327172365,10
B_E,8,4.0,16.0,nonincident_zone_p95_response_min,27.017529720990602,12.37069761682739,41.66436182515381,10
B_E,8,4.0,16.0,nonincident_zone_strict_4min_rate,0.2775308115797246,0.19046580999672047,0.3645958131627287,10
B_E,8,4.0,16.0,nonincident_zone_mean_wait_min,4.051494934142206,0.7770473964658087,7.325942471818603,10
B_E,8,4.0,16.0,nonincident_zone_mean_delay_penalty_yuan_per_call,1477.9833201884453,681.1541244678455,2274.812515909045,10
B_E,8,4.0,16.0,max_incident_queue,4.9,2.2138371994290993,7.586162800570902,10
B_E,8,4.0,16.0,incident_end_backlog,1.9,-0.7218912237589663,4.521891223758966,10
B_E,8,5.0,15.483333333333333,calls,57.4,51.37512614180846,63.42487385819154,10
B_E,8,5.0,15.483333333333333,mean_response_min,17.179047258687596,4.832570504824194,29.525524012551,10
B_E,8,5.0,15.483333333333333,p95_response_min,51.93368742791112,3.740488351914294,100.12688650390794,10
B_E,8,5.0,15.483333333333333,strict_4min_rate,0.14459664816895734,0.1001765598254096,0.18901673651250508,10
B_E,8,5.0,15.483333333333333,mean_wait_min,9.819284833432908,-2.1692593604024193,21.807829027268234,10
B_E,8,5.0,15.483333333333333,mean_delay_penalty_yuan_per_call,2664.7287813713106,201.81440515217764,5127.6431575904435,10
B_E,8,5.0,15.483333333333333,incident_zone_calls,26.8,23.331359017042754,30.268640982957248,10
B_E,8,5.0,15.483333333333333,incident_zone_mean_response_min,19.309220876582877,2.966009732745274,35.65243202042048,10
B_E,8,5.0,15.483333333333333,incident_zone_p95_response_min,49.157331089390844,-0.24504177729380672,98.5597039560755,10
B_E,8,5.0,15.483333333333333,incident_zone_strict_4min_rate,0.0,0.0,0.0,10
B_E,8,5.0,15.483333333333333,incident_zone_mean_wait_min,11.784588870539721,-4.277416879443674,27.846594620523117,10
B_E,8,5.0,15.483333333333333,incident_zone_mean_delay_penalty_yuan_per_call,3061.844175316575,-206.79805345094564,6330.486404084095,10
B_E,8,5.0,15.483333333333333,nonincident_zone_calls,30.6,27.124808225592414,34.07519177440759,10
B_E,8,5.0,15.483333333333333,nonincident_zone_mean_response_min,14.944596072283243,6.44383253788658,23.445359606679908,10
B_E,8,5.0,15.483333333333333,nonincident_zone_p95_response_min,49.39529300675153,4.046602525243884,94.74398348825918,10
B_E,8,5.0,15.483333333333333,nonincident_zone_strict_4min_rate,0.27026418569035365,0.1874129397666968,0.3531154316140105,10
B_E,8,5.0,15.483333333333333,nonincident_zone_mean_wait_min,7.752203364592662,-0.27696885053409837,15.781375579719422,10
B_E,8,5.0,15.483333333333333,nonincident_zone_mean_delay_penalty_yuan_per_call,2242.9720515947192,555.7199960323794,3930.224107157059,10
B_E,8,5.0,15.483333333333333,max_incident_queue,5.8,2.499351539142361,9.100648460857638,10
B_E,8,5.0,15.483333333333333,incident_end_backlog,3.7,-0.16042420402662838,7.560424204026629,10
B_E,8,6.0,14.983333333333333,calls,67.1,60.832286798667894,73.3677132013321,10
B_E,8,6.0,14.983333333333333,mean_response_min,29.329100624708296,16.848836182001307,41.809365067415285,10
B_E,8,6.0,14.983333333333333,p95_response_min,145.24912774517378,89.13753347573237,201.3607220146152,10
B_E,8,6.0,14.983333333333333,strict_4min_rate,0.12913648191947014,0.1016484990484968,0.15662446479044348,10
B_E,8,6.0,14.983333333333333,mean_wait_min,22.056998776579125,9.691430679442867,34.42256687371538,10
B_E,8,6.0,14.983333333333333,mean_delay_penalty_yuan_per_call,5091.647421325554,2598.6903807664003,7584.604461884708,10
B_E,8,6.0,14.983333333333333,incident_zone_calls,32.0,28.800826660151337,35.19917333984866,10
B_E,8,6.0,14.983333333333333,incident_zone_mean_response_min,33.547975407919566,16.391343976911347,50.70460683892779,10
B_E,8,6.0,14.983333333333333,incident_zone_p95_response_min,134.36196958225182,72.68252039296135,196.04141877154228,10
B_E,8,6.0,14.983333333333333,incident_zone_strict_4min_rate,0.0,0.0,0.0,10
B_E,8,6.0,14.983333333333333,incident_zone_mean_wait_min,26.048458857093287,8.958398707091792,43.138519007094786,10
B_E,8,6.0,14.983333333333333,incident_zone_mean_delay_penalty_yuan_per_call,5909.595081583913,2478.2687953822697,9340.921367785557,10
B_E,8,6.0,14.983333333333333,nonincident_zone_calls,35.1,30.977463808894598,39.222536191105405,10
B_E,8,6.0,14.983333333333333,nonincident_zone_mean_response_min,24.767737240997672,15.060944640986202,34.474529841009144,10
B_E,8,6.0,14.983333333333333,nonincident_zone_p95_response_min,101.66194070300978,50.83066872044686,152.4932126855727,10
B_E,8,6.0,14.983333333333333,nonincident_zone_strict_4min_rate,0.24883035453120422,0.1924924995174661,0.30516820954494234,10
B_E,8,6.0,14.983333333333333,nonincident_zone_mean_wait_min,17.70677606416338,8.117770989495519,27.295781138831238,10
B_E,8,6.0,14.983333333333333,nonincident_zone_mean_delay_penalty_yuan_per_call,4203.3135191057745,2269.348479700665,6137.278558510884,10
B_E,8,6.0,14.983333333333333,max_incident_queue,8.6,4.856982383164489,12.34301761683551,10
B_E,8,6.0,14.983333333333333,incident_end_backlog,8.3,4.381103339250943,12.218896660749058,10
B_E,8,8.0,13.883333333333333,calls,85.9,79.22802107287495,92.57197892712506,10
B_E,8,8.0,13.883333333333333,mean_response_min,53.91503268768563,42.004523923855395,65.82554145151587,10
B_E,8,8.0,13.883333333333333,p95_response_min,208.71701654502004,189.84258618383342,227.59144690620667,10
B_E,8,8.0,13.883333333333333,strict_4min_rate,0.12873537163604193,0.09349638248761755,0.1639743607844663,10
B_E,8,8.0,13.883333333333333,mean_wait_min,46.95502640132403,35.23104022125173,58.67901258139632,10
B_E,8,8.0,13.883333333333333,mean_delay_penalty_yuan_per_call,10008.614997974693,7631.117627916812,12386.112368032575,10
B_E,8,8.0,13.883333333333333,incident_zone_calls,41.0,37.02420560262566,44.97579439737434,10
B_E,8,8.0,13.883333333333333,incident_zone_mean_response_min,54.89575485030673,38.05480063917931,71.73670906143414,10
B_E,8,8.0,13.883333333333333,incident_zone_p95_response_min,206.72492081993437,184.83056446020225,228.61927717966648,10
B_E,8,8.0,13.883333333333333,incident_zone_strict_4min_rate,0.0,0.0,0.0,10
B_E,8,8.0,13.883333333333333,incident_zone_mean_wait_min,47.515288311138235,30.941158321474393,64.08941830080208,10
B_E,8,8.0,13.883333333333333,incident_zone_mean_delay_penalty_yuan_per_call,10179.150970061344,6810.9601278358605,13547.341812286828,10
B_E,8,8.0,13.883333333333333,nonincident_zone_calls,44.9,40.722658662549904,49.07734133745009,10
B_E,8,8.0,13.883333333333333,nonincident_zone_mean_response_min,52.32025498128313,40.08803354192308,64.55247642064317,10
B_E,8,8.0,13.883333333333333,nonincident_zone_p95_response_min,208.3377015765538,188.63420043988137,228.04120271322623,10
B_E,8,8.0,13.883333333333333,nonincident_zone_strict_4min_rate,0.2463084419525642,0.17949795036274563,0.3131189335423828,10
B_E,8,8.0,13.883333333333333,nonincident_zone_mean_wait_min,45.75569680356798,33.6318604903787,57.87953311675726,10
B_E,8,8.0,13.883333333333333,nonincident_zone_mean_delay_penalty_yuan_per_call,9713.070110340272,7275.974149014666,12150.166071665877,10
B_E,8,8.0,13.883333333333333,max_incident_queue,18.7,13.766284149964555,23.633715850035443,10
B_E,8,8.0,13.883333333333333,incident_end_backlog,18.4,13.361936786340593,23.438063213659404,10
B_E,8,10.0,10.266666666666666,calls,103.7,98.05668482789447,109.34331517210553,10
B_E,8,10.0,10.266666666666666,mean_response_min,48.49859974251787,33.01999031935272,63.977209165683014,10
B_E,8,10.0,10.266666666666666,p95_response_min,277.8496558782291,253.86734948295145,301.83196227350675,10
B_E,8,10.0,10.266666666666666,strict_4min_rate,0.17051927460015692,0.1407605763899591,0.20027797281035475,10
B_E,8,10.0,10.266666666666666,mean_wait_min,41.9074030908118,26.57165124516833,57.24315493645527,10
B_E,8,10.0,10.266666666666666,mean_delay_penalty_yuan_per_call,8933.437025662033,5840.092418392054,12026.781632932012,10
B_E,8,10.0,10.266666666666666,incident_zone_calls,49.2,45.03151546732538,53.36848453267463,10
B_E,8,10.0,10.266666666666666,incident_zone_mean_response_min,52.59550757148131,33.79086581800421,71.40014932495842,10
B_E,8,10.0,10.266666666666666,incident_zone_p95_response_min,278.4562292321781,255.8258276859011,301.0866307784551,10
B_E,8,10.0,10.266666666666666,incident_zone_strict_4min_rate,0.0,0.0,0.0,10
B_E,8,10.0,10.266666666666666,incident_zone_mean_wait_min,45.43628309933038,26.719989118360065,64.1525770803007,10
B_E,8,10.0,10.266666666666666,incident_zone_mean_delay_penalty_yuan_per_call,9719.101514296262,5958.173163600841,13480.029864991684,10
B_E,8,10.0,10.266666666666666,nonincident_zone_calls,54.5,51.497962225183855,57.502037774816145,10
B_E,8,10.0,10.266666666666666,nonincident_zone_mean_response_min,44.63109731847207,31.169015152756643,58.0931794841875,10
B_E,8,10.0,10.266666666666666,nonincident_zone_p95_response_min,265.8972562343858,230.57589925545903,301.21861321331255,10
B_E,8,10.0,10.266666666666666,nonincident_zone_strict_4min_rate,0.32269257950855706,0.2722328336144385,0.3731523254026756,10
B_E,8,10.0,10.266666666666666,nonincident_zone_mean_wait_min,38.56237178023464,25.247758093010113,51.87698546745917,10
B_E,8,10.0,10.266666666666666,nonincident_zone_mean_delay_penalty_yuan_per_call,8190.0247861144935,5502.585837699076,10877.46373452991,10
B_E,8,10.0,10.266666666666666,max_incident_queue,16.2,11.121469765063509,21.27853023493649,10
B_E,8,10.0,10.266666666666666,incident_end_backlog,15.7,10.54093689689025,20.859063103109747,10
B_E,8,11.0,8.7,calls,116.0,109.8278151990262,122.1721848009738,10
B_E,8,11.0,8.7,mean_response_min,49.74187671470909,33.19280917551982,66.29094425389837,10
B_E,8,11.0,8.7,p95_response_min,296.35118857127594,241.1677526391298,351.5346245034221,10
B_E,8,11.0,8.7,strict_4min_rate,0.17768989874632504,0.14855117449021574,0.20682862300243435,10
B_E,8,11.0,8.7,mean_wait_min,43.18160530956834,26.63305134625721,59.73015927287947,10
B_E,8,11.0,8.7,mean_delay_penalty_yuan_per_call,9183.764389345515,5875.699271593197,12491.829507097833,10
B_E,8,11.0,8.7,incident_zone_calls,55.1,50.96369444460123,59.23630555539877,10
B_E,8,11.0,8.7,incident_zone_mean_response_min,56.31187748785261,37.02946262000282,75.59429235570241,10
B_E,8,11.0,8.7,incident_zone_p95_response_min,311.7381988206653,277.73580053880835,345.7405971025222,10
B_E,8,11.0,8.7,incident_zone_strict_4min_rate,0.0,0.0,0.0,10
B_E,8,11.0,8.7,incident_zone_mean_wait_min,49.18668275860932,29.9866450803881,68.38672043683054,10
B_E,8,11.0,8.7,incident_zone_mean_delay_penalty_yuan_per_call,10462.375497570521,6605.892524000563,14318.85847114048,10
B_E,8,11.0,8.7,nonincident_zone_calls,60.9,57.60538642449,64.19461357551,10
B_E,8,11.0,8.7,nonincident_zone_mean_response_min,43.67292231865106,29.4518329697354,57.89401166756672,10
B_E,8,11.0,8.7,nonincident_zone_p95_response_min,266.4048927143179,189.6636976421069,343.1460877865289,10
B_E,8,11.0,8.7,nonincident_zone_strict_4min_rate,0.3384698736123294,0.28310007302777146,0.3938396741968873,10
B_E,8,11.0,8.7,nonincident_zone_mean_wait_min,37.627752219458436,23.320119929900446,51.93538450901643,10
B_E,8,11.0,8.7,nonincident_zone_mean_delay_penalty_yuan_per_call,8001.980571761547,5161.042846664184,10842.91829685891,10
B_E,8,11.0,8.7,max_incident_queue,16.3,10.517347309339709,22.082652690660293,10
B_E,8,11.0,8.7,incident_end_backlog,16.1,10.29379661548461,21.906203384515393,10
B_E,8,12.0,8.05,calls,127.1,119.94285504951281,134.25714495048717,10
B_E,8,12.0,8.05,mean_response_min,64.13313501339647,49.752457823016236,78.51381220377671,10
B_E,8,12.0,8.05,p95_response_min,327.2697333904869,303.0970399427722,351.44242683820164,10
B_E,8,12.0,8.05,strict_4min_rate,0.17242704152646177,0.14872017516231914,0.1961339078906044,10
B_E,8,12.0,8.05,mean_wait_min,57.64388994435417,43.3045213545659,71.98325853414245,10
B_E,8,12.0,8.05,mean_delay_penalty_yuan_per_call,12061.112410984584,9186.518404574997,14935.70641739417,10
B_E,8,12.0,8.05,incident_zone_calls,60.5,56.0230619990485,64.9769380009515,10
B_E,8,12.0,8.05,incident_zone_mean_response_min,68.03872374037698,48.580286472922815,87.49716100783115,10
B_E,8,12.0,8.05,incident_zone_p95_response_min,323.7903903827886,296.6267945995604,350.95398616601676,10
B_E,8,12.0,8.05,incident_zone_strict_4min_rate,0.0,0.0,0.0,10
B_E,8,12.0,8.05,incident_zone_mean_wait_min,60.847992104511334,41.37726166180495,80.31872254721772,10
B_E,8,12.0,8.05,incident_zone_mean_delay_penalty_yuan_per_call,12807.744748075394,8916.057294584563,16699.432201566226,10
B_E,8,12.0,8.05,nonincident_zone_calls,66.6,62.88748833286099,70.312511667139,10
B_E,8,12.0,8.05,nonincident_zone_mean_response_min,60.200328563383195,48.611389631914975,71.78926749485142,10
B_E,8,12.0,8.05,nonincident_zone_p95_response_min,325.8493646253511,300.93367259908047,350.7650566516217,10
B_E,8,12.0,8.05,nonincident_zone_strict_4min_rate,0.32907929709627354,0.28429960735453136,0.3738589868380157,10
B_E,8,12.0,8.05,nonincident_zone_mean_wait_min,54.34877605022116,42.91168041158403,65.7858716888583,10
B_E,8,12.0,8.05,nonincident_zone_mean_delay_penalty_yuan_per_call,11305.881572095892,8992.717400119345,13619.045744072439,10
B_E,8,12.0,8.05,max_incident_queue,22.6,17.28727414964315,27.912725850356853,10
B_E,8,12.0,8.05,incident_end_backlog,22.4,17.03402842308177,27.765971576918226,10
B_E,9,0.5,17.75,calls,4.8,2.3265242602949803,7.273475739705019,10
B_E,9,0.5,17.75,mean_response_min,6.370950012641277,4.244817578829059,8.497082446453495,9
B_E,9,0.5,17.75,p95_response_min,10.37695277615063,5.295727060654117,15.458178491647143,9
B_E,9,0.5,17.75,strict_4min_rate,0.36388888888888893,0.15357548065039633,0.5742022971273815,9
B_E,9,0.5,17.75,mean_wait_min,0.6012024272452335,-0.36382958856194114,1.5662344430524082,9
B_E,9,0.5,17.75,mean_delay_penalty_yuan_per_call,546.9677803060331,157.8253460217578,936.1102145903084,9
B_E,9,0.5,17.75,incident_zone_calls,0.9,0.04356112057822714,1.756438879421773,10
B_E,9,0.5,17.75,incident_zone_mean_response_min,7.697198396641542,6.461190203144561,8.933206590138523,6
B_E,9,0.5,17.75,incident_zone_p95_response_min,8.624654080159289,5.004545153253927,12.24476300706465,6
B_E,9,0.5,17.75,incident_zone_strict_4min_rate,0.0,0.0,0.0,6
B_E,9,0.5,17.75,incident_zone_mean_wait_min,0.47614360041219084,-0.7478224899618626,1.7001096907862443,6
B_E,9,0.5,17.75,incident_zone_mean_delay_penalty_yuan_per_call,739.4396793283086,492.23804062891236,986.6413180277048,6
B_E,9,0.5,17.75,nonincident_zone_calls,3.9,1.626560187845032,6.173439812154967,10
B_E,9,0.5,17.75,nonincident_zone_mean_response_min,5.994075221348204,3.379978830585069,8.60817161211134,9
B_E,9,0.5,17.75,nonincident_zone_p95_response_min,9.30875779051436,3.549461412271893,15.068054168756827,9
B_E,9,0.5,17.75,nonincident_zone_strict_4min_rate,0.47870370370370374,0.17765719628407722,0.7797502111233303,9
B_E,9,0.5,17.75,nonincident_zone_mean_wait_min,0.6479309520185106,-0.4114139704200155,1.7072758744570367,9
B_E,9,0.5,17.75,nonincident_zone_mean_delay_penalty_yuan_per_call,494.55578501038156,23.14817478468632,965.9633952360768,9
B_E,9,0.5,17.75,max_incident_queue,1.2,0.6357188627848342,1.7642811372151657,10
B_E,9,0.5,17.75,incident_end_backlog,0.5,-0.27267376906853535,1.2726737690685352,10
B_E,9,1.0,17.5,calls,8.4,5.179569460588057,11.620430539411943,10
B_E,9,1.0,17.5,mean_response_min,6.259422308850903,4.496587153882043,8.022257463819763,10
B_E,9,1.0,17.5,p95_response_min,10.209592671998044,6.204233746722455,14.214951597273632,10
B_E,9,1.0,17.5,strict_4min_rate,0.3578983516483516,0.20840788284772563,0.5073888204489776,10
B_E,9,1.0,17.5,mean_wait_min,0.635893501010101,-0.2995060968515513,1.5712930988717533,10
B_E,9,1.0,17.5,mean_delay_penalty_yuan_per_call,523.4641320998509,193.05667921831338,853.8715849813884,10
B_E,9,1.0,17.5,incident_zone_calls,2.1,0.732272848601031,3.467727151398969,10
B_E,9,1.0,17.5,incident_zone_mean_response_min,7.47556842549773,6.234826102488895,8.716310748506565,9
B_E,9,1.0,17.5,incident_zone_p95_response_min,8.237552260566995,6.058525765014913,10.416578756119076,9
B_E,9,1.0,17.5,incident_zone_strict_4min_rate,0.0,0.0,0.0,9
B_E,9,1.0,17.5,incident_zone_mean_wait_min,0.23801390358165098,-0.2958274455310024,0.7718552526943043,9
B_E,9,1.0,17.5,incident_zone_mean_delay_penalty_yuan_per_call,695.1136850995458,446.96522049777866,943.262149701313,9
B_E,9,1.0,17.5,nonincident_zone_calls,6.3,3.7086476526115035,8.891352347388496,10
B_E,9,1.0,17.5,nonincident_zone_mean_response_min,5.809721178669717,3.7114532549170196,7.907989102422414,10
B_E,9,1.0,17.5,nonincident_zone_p95_response_min,9.50611336495863,4.884777423559004,14.127449306358255,10
B_E,9,1.0,17.5,nonincident_zone_strict_4min_rate,0.4844444444444444,0.2651153693497545,0.7037735195391344,10
B_E,9,1.0,17.5,nonincident_zone_mean_wait_min,0.7342776083149551,-0.34655026026454694,1.8151054768944572,10
B_E,9,1.0,17.5,nonincident_zone_mean_delay_penalty_yuan_per_call,458.8331246228321,73.88236663904513,843.783882606619,10
B_E,9,1.0,17.5,max_incident_queue,1.5,0.7273262309314646,2.2726737690685352,10
B_E,9,1.0,17.5,incident_end_backlog,0.1,-0.12621571627982048,0.3262157162798205,10
B_E,9,2.0,17.0,calls,18.7,15.482218930834517,21.917781069165482,10
B_E,9,2.0,17.0,mean_response_min,6.7929740650412835,5.733118757304426,7.852829372778141,10
B_E,9,2.0,17.0,p95_response_min,11.336592340927723,8.781598280739045,13.8915864011164,10
B_E,9,2.0,17.0,strict_4min_rate,0.22544816294816292,0.17394926615225975,0.2769470597440661,10
B_E,9,2.0,17.0,mean_wait_min,0.4075511465455467,-0.16407214411657767,0.9791744372076711,10
B_E,9,2.0,17.0,mean_delay_penalty_yuan_per_call,603.6844455978896,398.4532632668758,808.9156279289034,10
B_E,9,2.0,17.0,incident_zone_calls,5.3,3.680980863313688,6.919019136686312,10
B_E,9,2.0,17.0,incident_zone_mean_response_min,7.5859812245841285,7.002965345173836,8.168997103994421,10
B_E,9,2.0,17.0,incident_zone_p95_response_min,10.803061658814787,8.971338078557004,12.63478523907257,10
B_E,9,2.0,17.0,incident_zone_strict_4min_rate,0.0,0.0,0.0,10
B_E,9,2.0,17.0,incident_zone_mean_wait_min,0.10038807052362245,-0.1267055222708814,0.3274816633181263,10
B_E,9,2.0,17.0,incident_zone_mean_delay_penalty_yuan_per_call,717.1962449168258,600.5930690347673,833.7994207988843,10
B_E,9,2.0,17.0,nonincident_zone_calls,13.4,11.083205483728275,15.716794516271726,10
B_E,9,2.0,17.0,nonincident_zone_mean_response_min,6.467714530608822,5.166115652556899,7.769313408660745,10
B_E,9,2.0,17.0,nonincident_zone_p95_response_min,11.143975674489946,8.141433371343695,14.146517977636197,10
B_E,9,2.0,17.0,nonincident_zone_strict_4min_rate,0.3169285534726711,0.2360009260996666,0.39785618084567564,10
B_E,9,2.0,17.0,nonincident_zone_mean_wait_min,0.48992828515331927,-0.18567184395022557,1.165528414256864,10
B_E,9,2.0,17.0,nonincident_zone_mean_delay_penalty_yuan_per_call,556.9286168162987,307.4975286315473,806.3597050010501,10
B_E,9,2.0,17.0,max_incident_queue,1.4,0.8998182316122291,1.9001817683877706,10
B_E,9,2.0,17.0,incident_end_backlog,0.0,0.0,0.0,10
B_E,9,4.0,16.0,calls,36.7,33.57181841865991,39.8281815813401,10
B_E,9,4.0,16.0,mean_response_min,7.073516366747944,6.266891280361451,7.880141453134437,10
B_E,9,4.0,16.0,p95_response_min,12.972817400260402,10.032623787714893,15.91301101280591,10
B_E,9,4.0,16.0,strict_4min_rate,0.2518843457715962,0.19938094194378986,0.3043877495994025,10
B_E,9,4.0,16.0,mean_wait_min,0.665163015810508,0.17131468833519398,1.159011343285822,10
B_E,9,4.0,16.0,mean_delay_penalty_yuan_per_call,665.0801425039081,510.00000421196114,820.160280795855,10
B_E,9,4.0,16.0,incident_zone_calls,10.2,7.968208739953358,12.43179126004664,10
B_E,9,4.0,16.0,incident_zone_mean_response_min,8.162311280218628,7.015241069159261,9.309381491277994,10
B_E,9,4.0,16.0,incident_zone_p95_response_min,12.564116500447195,9.48002649578757,15.64820650510682,10
B_E,9,4.0,16.0,incident_zone_strict_4min_rate,0.0,0.0,0.0,10
B_E,9,4.0,16.0,incident_zone_mean_wait_min,0.7512007038099988,-0.15415637192502207,1.6565577795450197,10
B_E,9,4.0,16.0,incident_zone_mean_delay_penalty_yuan_per_call,832.4622560437253,603.0482138318521,1061.8762982555986,10
B_E,9,4.0,16.0,nonincident_zone_calls,26.5,23.208839898788725,29.791160101211275,10
B_E,9,4.0,16.0,nonincident_zone_mean_response_min,6.641257476655079,5.809623646065983,7.472891307244176,10
B_E,9,4.0,16.0,nonincident_zone_p95_response_min,12.325401747839937,9.457839276579286,15.192964219100588,10
B_E,9,4.0,16.0,nonincident_zone_strict_4min_rate,0.3476947481079072,0.28464391306064085,0.4107455831551735,10
B_E,9,4.0,16.0,nonincident_zone_mean_wait_min,0.6581602889372264,0.2108131404467592,1.1055074374276936,10
B_E,9,4.0,16.0,nonincident_zone_mean_delay_penalty_yuan_per_call,597.7904449525971,441.0514617992834,754.5294281059108,10
B_E,9,4.0,16.0,max_incident_queue,1.9,1.1886284002805012,2.6113715997194986,10
B_E,9,4.0,16.0,incident_end_backlog,0.0,0.0,0.0,10
B_E,9,5.0,15.483333333333333,calls,44.9,40.17346874785844,49.626531252141554,10
B_E,9,5.0,15.483333333333333,mean_response_min,6.7682034181700015,5.862651419980353,7.67375541635965,10
B_E,9,5.0,15.483333333333333,p95_response_min,13.291065786516635,9.693724944196566,16.8884066288367,10
B_E,9,5.0,15.483333333333333,strict_4min_rate,0.26979213297102145,0.22316391262659552,0.3164203533154474,10
B_E,9,5.0,15.483333333333333,mean_wait_min,0.519731202830118,-0.07451178106883138,1.1139741867290673,10
B_E,9,5.0,15.483333333333333,mean_delay_penalty_yuan_per_call,607.5991102282045,434.02802040126926,781.1702000551397,10
B_E,9,5.0,15.483333333333333,incident_zone_calls,12.2,9.749619777614008,14.65038022238599,10
B_E,9,5.0,15.483333333333333,incident_zone_mean_response_min,8.12601580656706,7.205872484101229,9.04615912903289,10
B_E,9,5.0,15.483333333333333,incident_zone_p95_response_min,13.661301802977926,10.073306254301635,17.249297351654217,10
B_E,9,5.0,15.483333333333333,incident_zone_strict_4min_rate,0.0,0.0,0.0,10
B_E,9,5.0,15.483333333333333,incident_zone_mean_wait_min,0.7190693801517484,-0.05135678171174041,1.4894955420152372,10
B_E,9,5.0,15.483333333333333,incident_zone_mean_delay_penalty_yuan_per_call,825.2031613134117,641.1744968202454,1009.231825806578,10
B_E,9,5.0,15.483333333333333,nonincident_zone_calls,32.7,28.315459310293527,37.08454068970648,10
B_E,9,5.0,15.483333333333333,nonincident_zone_mean_response_min,6.264627191634476,5.280438707346787,7.248815675922166,10
B_E,9,5.0,15.483333333333333,nonincident_zone_p95_response_min,12.375143544471674,8.873584301809078,15.87670278713427,10
B_E,9,5.0,15.483333333333333,nonincident_zone_strict_4min_rate,0.37325805914515586,0.3081149545402582,0.4384011637500535,10
B_E,9,5.0,15.483333333333333,nonincident_zone_mean_wait_min,0.48287416185035326,-0.1206795005447322,1.0864278242454386,10
B_E,9,5.0,15.483333333333333,nonincident_zone_mean_delay_penalty_yuan_per_call,527.5770501559265,341.8292768644973,713.3248234473557,10
B_E,9,5.0,15.483333333333333,max_incident_queue,1.9,0.9795617593591116,2.8204382406408883,10
B_E,9,5.0,15.483333333333333,incident_end_backlog,0.2,-0.10162095503976065,0.5016209550397607,10
B_E,9,6.0,14.983333333333333,calls,51.2,45.85952011868437,56.54047988131563,10
B_E,9,6.0,14.983333333333333,mean_response_min,7.647321046910801,5.833813550860656,9.460828542960947,10
B_E,9,6.0,14.983333333333333,p95_response_min,15.924263995626728,10.051430686153967,21.797097305099488,10
B_E,9,6.0,14.983333333333333,strict_4min_rate,0.24304499673219576,0.19208090836757463,0.2940090850968169,10
B_E,9,6.0,14.983333333333333,mean_wait_min,1.1457484857398221,-0.27351959937788983,2.565016570857534,10
B_E,9,6.0,14.983333333333333,mean_delay_penalty_yuan_per_call,778.0732087285995,423.5776050260068,1132.5688124311923,10
B_E,9,6.0,14.983333333333333,incident_zone_calls,12.8,10.56820873995336,15.031791260046642,10
B_E,9,6.0,14.983333333333333,incident_zone_mean_response_min,9.064162153723595,6.788656788506435,11.339667518940756,10
B_E,9,6.0,14.983333333333333,incident_zone_p95_response_min,16.29895255626891,9.763807669194485,22.83409744334334,10
B_E,9,6.0,14.983333333333333,incident_zone_strict_4min_rate,0.0,0.0,0.0,10
B_E,9,6.0,14.983333333333333,incident_zone_mean_wait_min,1.514991019965714,-0.34768123962031217,3.37766327955174,10
B_E,9,6.0,14.983333333333333,incident_zone_mean_delay_penalty_yuan_per_call,1012.8324307447192,557.7313577012869,1467.9335037881515,10
B_E,9,6.0,14.983333333333333,nonincident_zone_calls,38.4,33.88575090227867,42.914249097721324,10
B_E,9,6.0,14.983333333333333,nonincident_zone_mean_response_min,7.163985075742912,5.51214863131133,8.815821520174493,10
B_E,9,6.0,14.983333333333333,nonincident_zone_p95_response_min,15.777428390102624,10.203892518867072,21.350964261338177,10
B_E,9,6.0,14.983333333333333,nonincident_zone_strict_4min_rate,0.32665663509939313,0.2535375141110059,0.3997757560877804,10
B_E,9,6.0,14.983333333333333,nonincident_zone_mean_wait_min,1.0443227384023377,-0.22440227194612627,2.313047748750802,10
B_E,9,6.0,14.983333333333333,nonincident_zone_mean_delay_penalty_yuan_per_call,698.1283421684609,379.4977675715118,1016.75891676541,10
B_E,9,6.0,14.983333333333333,max_incident_queue,2.3,1.1293959004774912,3.4706040995225083,10
B_E,9,6.0,14.983333333333333,incident_end_backlog,0.3,-0.37864714883946143,0.9786471488394615,10
B_E,9,8.0,13.883333333333333,calls,65.9,60.62756131295805,71.17243868704196,10
B_E,9,8.0,13.883333333333333,mean_response_min,10.155525398338998,4.9232116779971555,15.38783911868084,10
B_E,9,8.0,13.883333333333333,p95_response_min,32.38076604983279,2.4245105050765403,62.33702159458905,10
B_E,9,8.0,13.883333333333333,strict_4min_rate,0.24966928342866543,0.21240511706500415,0.2869334497923267,10
B_E,9,8.0,13.883333333333333,mean_wait_min,3.544650307428232,-1.475304802440684,8.564605417297148,10
B_E,9,8.0,13.883333333333333,mean_delay_penalty_yuan_per_call,1280.9587847072285,237.80253910280203,2324.1150303116547,10
B_E,9,8.0,13.883333333333333,incident_zone_calls,16.2,13.382627776581298,19.0173722234187,10
B_E,9,8.0,13.883333333333333,incident_zone_mean_response_min,12.535442929243516,4.32470225506415,20.74618360342288,10
B_E,9,8.0,13.883333333333333,incident_zone_p95_response_min,31.96079605242996,-0.8622144047430389,64.78380650960295,10
B_E,9,8.0,13.883333333333333,incident_zone_strict_4min_rate,0.0,0.0,0.0,10
B_E,9,8.0,13.883333333333333,incident_zone_mean_wait_min,4.7105153758005835,-3.302107253869184,12.72313800547035,10
B_E,9,8.0,13.883333333333333,incident_zone_mean_delay_penalty_yuan_per_call,1707.0885858487036,64.94045101283064,3349.2367206845765,10
B_E,9,8.0,13.883333333333333,nonincident_zone_calls,49.7,46.412297000689506,52.9877029993105,10
B_E,9,8.0,13.883333333333333,nonincident_zone_mean_response_min,9.236664426856121,5.285352816575527,13.187976037136716,10
B_E,9,8.0,13.883333333333333,nonincident_zone_p95_response_min,31.581430240421053,3.9305035552742993,59.23235692556781,10
B_E,9,8.0,13.883333333333333,nonincident_zone_strict_4min_rate,0.33024179095277123,0.28265526510471034,0.3778283168008321,10
B_E,9,8.0,13.883333333333333,nonincident_zone_mean_wait_min,3.0282421151866785,-0.7282316064667094,6.784715836840066,10
B_E,9,8.0,13.883333333333333,nonincident_zone_mean_delay_penalty_yuan_per_call,1113.2665437920666,326.53498668680515,1899.9981008973282,10
B_E,9,8.0,13.883333333333333,max_incident_queue,4.1,1.9289052123650312,6.2710947876349685,10
B_E,9,8.0,13.883333333333333,incident_end_backlog,2.5,-0.11755034127225805,5.117550341272258,10
B_E,9,10.0,10.266666666666666,calls,79.9,75.40784721262264,84.39215278737737,10
B_E,9,10.0,10.266666666666666,mean_response_min,7.219009222670342,5.008790836686035,9.42922760865465,10
B_E,9,10.0,10.266666666666666,p95_response_min,17.626397238793068,6.921696284124964,28.331098193461173,10
B_E,9,10.0,10.266666666666666,strict_4min_rate,0.2984569330849995,0.26230068399056006,0.3346131821794389,10
B_E,9,10.0,10.266666666666666,mean_wait_min,1.1709029300863167,-0.790872980389713,3.1326788405623462,10
B_E,9,10.0,10.266666666666666,mean_delay_penalty_yuan_per_call,703.3177678411578,264.3304609665692,1142.3050747157463,10
B_E,9,10.0,10.266666666666666,incident_zone_calls,20.3,17.33992415637782,23.260075843622182,10
B_E,9,10.0,10.266666666666666,incident_zone_mean_response_min,8.99133641833429,6.125101124026909,11.857571712641672,10
B_E,9,10.0,10.266666666666666,incident_zone_p95_response_min,20.879780186152665,4.1850513605048185,37.574509011800515,10
B_E,9,10.0,10.266666666666666,incident_zone_strict_4min_rate,0.0,0.0,0.0,10
B_E,9,10.0,10.266666666666666,incident_zone_mean_wait_min,1.5332593992933694,-1.1065354021052383,4.173054200691977,10
B_E,9,10.0,10.266666666666666,incident_zone_mean_delay_penalty_yuan_per_call,998.2672836668584,425.02022480538176,1571.514342528335,10
B_E,9,10.0,10.266666666666666,nonincident_zone_calls,59.6,55.85698238316449,63.34301761683551,10
B_E,9,10.0,10.266666666666666,nonincident_zone_mean_response_min,6.5529516134325245,4.705255040464358,8.40064818640069,10
B_E,9,10.0,10.266666666666666,nonincident_zone_p95_response_min,14.257786873681368,8.486137181897671,20.029436565465065,10
B_E,9,10.0,10.266666666666666,nonincident_zone_strict_4min_rate,0.4014176837794876,0.3502294620857901,0.45260590547318513,10
B_E,9,10.0,10.266666666666666,nonincident_zone_mean_wait_min,0.998345553990872,-0.625824468195676,2.62251557617742,10
B_E,9,10.0,10.266666666666666,nonincident_zone_mean_delay_penalty_yuan_per_call,590.6106644775363,223.91639467697019,957.3049342781023,10
B_E,9,10.0,10.266666666666666,max_incident_queue,2.1,0.732272848601031,3.467727151398969,10
B_E,9,10.0,10.266666666666666,incident_end_backlog,0.6,-0.7572942976789229,1.957294297678923,10
B_E,9,11.0,8.7,calls,89.5,84.62191626908923,94.37808373091077,10
B_E,9,11.0,8.7,mean_response_min,7.401536708956378,4.44197383951983,10.361099578392928,10
B_E,9,11.0,8.7,p95_response_min,17.415236731707814,5.622664569142511,29.207808894273118,10
B_E,9,11.0,8.7,strict_4min_rate,0.31776880068839175,0.2816120517690711,0.3539255496077124,10
B_E,9,11.0,8.7,mean_wait_min,1.498471172172406,-1.1703835296582725,4.167325874003085,10
B_E,9,11.0,8.7,mean_delay_penalty_yuan_per_call,743.8611019289535,154.3844966086184,1333.3377072492885,10
B_E,9,11.0,8.7,incident_zone_calls,22.6,19.07606542755732,26.123934572442682,10
B_E,9,11.0,8.7,incident_zone_mean_response_min,8.523391516219398,5.9301768100169046,11.116606222421892,10
B_E,9,11.0,8.7,incident_zone_p95_response_min,17.62911287104054,2.8790392958958044,32.37918644618527,10
B_E,9,11.0,8.7,incident_zone_strict_4min_rate,0.0,0.0,0.0,10
B_E,9,11.0,8.7,incident_zone_mean_wait_min,1.183103226741457,-0.9808224415879707,3.347028895070885,10
B_E,9,11.0,8.7,incident_zone_mean_delay_penalty_yuan_per_call,904.6783032438798,386.0353620033811,1423.3212444843784,10
B_E,9,11.0,8.7,nonincident_zone_calls,66.9,63.83795303701928,69.96204696298072,10
B_E,9,11.0,8.7,nonincident_zone_mean_response_min,7.02803049846171,3.9084928113810884,10.147568185542333,10
B_E,9,11.0,8.7,nonincident_zone_p95_response_min,16.98702352845201,4.986814773653258,28.987232283250762,10
B_E,9,11.0,8.7,nonincident_zone_strict_4min_rate,0.4246153502204767,0.37836093592434145,0.47086976451661194,10
B_E,9,11.0,8.7,nonincident_zone_mean_wait_min,1.6352290940825285,-1.2984629899861775,4.568921178151235,10
B_E,9,11.0,8.7,nonincident_zone_mean_delay_penalty_yuan_per_call,690.5291697364376,67.60330225451128,1313.455037218364,10
B_E,9,11.0,8.7,max_incident_queue,2.5,0.8739720896964083,4.126027910303591,10
B_E,9,11.0,8.7,incident_end_backlog,0.9,-0.8986955185523754,2.6986955185523755,10
B_E,9,12.0,8.05,calls,98.0,92.33707158945288,103.66292841054712,10
B_E,9,12.0,8.05,mean_response_min,8.507611783229338,4.391674284512556,12.62354928194612,10
B_E,9,12.0,8.05,p95_response_min,29.902418667715683,-4.0264653031308235,63.83130263856219,10
B_E,9,12.0,8.05,strict_4min_rate,0.30342090133051297,0.26952745913134263,0.3373143435296833,10
B_E,9,12.0,8.05,mean_wait_min,2.4951397378213462,-1.4568550027550833,6.447134478397776,10
B_E,9,12.0,8.05,mean_delay_penalty_yuan_per_call,962.20653691197,140.8514524114596,1783.5616214124805,10
B_E,9,12.0,8.05,incident_zone_calls,25.0,21.594219903431092,28.405780096568908,10
B_E,9,12.0,8.05,incident_zone_mean_response_min,10.985816924223247,4.9618543640674035,17.00977948437909,10
B_E,9,12.0,8.05,incident_zone_p95_response_min,38.32596594469551,-12.633494277511687,89.28542616690271,10
B_E,9,12.0,8.05,incident_zone_strict_4min_rate,0.0,0.0,0.0,10
B_E,9,12.0,8.05,incident_zone_mean_wait_min,3.446676387840376,-2.400032365921957,9.293385141602709,10
B_E,9,12.0,8.05,incident_zone_mean_delay_penalty_yuan_per_call,1397.163384844649,192.37087281348022,2601.955896875818,10
B_E,9,12.0,8.05,nonincident_zone_calls,73.0,68.95333024655612,77.04666975344388,10
B_E,9,12.0,8.05,nonincident_zone_mean_response_min,7.513828206927249,4.2952987856833875,10.73235762817111,10
B_E,9,12.0,8.05,nonincident_zone_p95_response_min,21.946102338466165,2.8634883597029166,41.02871631722941,10
B_E,9,12.0,8.05,nonincident_zone_strict_4min_rate,0.40780587487423625,0.36055775652493344,0.45505399322353907,10
B_E,9,12.0,8.05,nonincident_zone_mean_wait_min,2.0408233826908324,-1.0332248910173876,5.114871656399052,10
B_E,9,12.0,8.05,nonincident_zone_mean_delay_penalty_yuan_per_call,784.3268163602968,142.1492042942308,1426.5044284263627,10
B_E,9,12.0,8.05,max_incident_queue,3.3,1.361337323966542,5.238662676033457,10
B_E,9,12.0,8.05,incident_end_backlog,1.3,-0.9381514646204787,3.538151464620479,10
B_E,10,0.5,17.75,calls,4.3,1.9382385849059283,6.661761415094071,10
B_E,10,0.5,17.75,mean_response_min,5.597881370704645,3.705113112816098,7.490649628593191,9
B_E,10,0.5,17.75,p95_response_min,8.497510921683116,3.845772298278753,13.149249545087478,9
B_E,10,0.5,17.75,strict_4min_rate,0.4740740740740741,0.19060612001939548,0.7575420281287527,9
B_E,10,0.5,17.75,mean_wait_min,0.28366172170885373,-0.2153010148193069,0.7826244582370143,9
B_E,10,0.5,17.75,mean_delay_penalty_yuan_per_call,414.39108895574367,85.11595173486523,743.6662261766221,9
B_E,10,0.5,17.75,incident_zone_calls,0.5,-0.10793647045462962,1.1079364704546295,10
B_E,10,0.5,17.75,incident_zone_mean_response_min,8.649182715154891,2.484288093939182,14.814077336370602,3
B_E,10,0.5,17.75,incident_zone_p95_response_min,8.871244272721468,1.75089588466951,15.991592660773424,3
B_E,10,0.5,17.75,incident_zone_strict_4min_rate,0.0,0.0,0.0,3
B_E,10,0.5,17.75,incident_zone_mean_wait_min,0.8397737827799574,-2.773481176070258,4.453028741630172,3
B_E,10,0.5,17.75,incident_zone_mean_delay_penalty_yuan_per_call,929.8365430309781,-303.1423812121635,2162.81546727412,3
B_E,10,0.5,17.75,nonincident_zone_calls,3.8,1.6197582181962398,5.98024178180376,10
B_E,10,0.5,17.75,nonincident_zone_mean_response_min,5.556167569057571,3.6663928109463715,7.445942327168771,9
B_E,10,0.5,17.75,nonincident_zone_p95_response_min,8.298416176868356,3.700561610040065,12.896270743696647,9
B_E,10,0.5,17.75,nonincident_zone_strict_4min_rate,0.4799382716049383,0.20118000753138332,0.7586965356784933,9
B_E,10,0.5,17.75,nonincident_zone_mean_wait_min,0.23742285904873028,-0.3100752357096376,0.7849209538070981,9
B_E,10,0.5,17.75,nonincident_zone_mean_delay_penalty_yuan_per_call,407.22116813250193,77.04608360990738,737.3962526550965,9
B_E,10,0.5,17.75,max_incident_queue,1.0,0.6627775205463438,1.3372224794536562,10
B_E,10,0.5,17.75,incident_end_backlog,0.3,-0.18282911193318369,0.7828291119331836,10
B_E,10,1.0,17.5,calls,7.4,4.361253078539054,10.438746921460947,10
B_E,10,1.0,17.5,mean_response_min,5.494816460079495,3.9708866819806827,7.018746238178307,10
B_E,10,1.0,17.5,p95_response_min,9.475086683155435,5.191296919278789,13.758876447032083,10
B_E,10,1.0,17.5,strict_4min_rate,0.46108058608058605,0.24713724367321627,0.6750239284879558,10
B_E,10,1.0,17.5,mean_wait_min,0.28811267679431607,-0.14981398972115634,0.7260393433097885,10
B_E,10,1.0,17.5,mean_delay_penalty_yuan_per_call,391.17940923201616,122.81748014187502,659.5413383221573,10
B_E,10,1.0,17.5,incident_zone_calls,1.2,0.14432665736083772,2.255673342639162,10
B_E,10,1.0,17.5,incident_zone_mean_response_min,8.351832288846548,6.544702559608384,10.158962018084713,7
B_E,10,1.0,17.5,incident_zone_p95_response_min,9.312341357564664,5.435691156013601,13.188991559115728,7
B_E,10,1.0,17.5,incident_zone_strict_4min_rate,0.0,0.0,0.0,7
B_E,10,1.0,17.5,incident_zone_mean_wait_min,0.2107801961743722,-0.3049803638313626,0.7265407561801069,7
B_E,10,1.0,17.5,incident_zone_mean_delay_penalty_yuan_per_call,870.3664577693096,508.9405119216766,1231.7924036169425,7
B_E,10,1.0,17.5,nonincident_zone_calls,6.2,3.7265242602949806,8.673475739705019,10
B_E,10,1.0,17.5,nonincident_zone_mean_response_min,5.162751480886149,3.714008416740203,6.6114945450320945,10
B_E,10,1.0,17.5,nonincident_zone_p95_response_min,8.65545794322817,4.5934892873226065,12.717426599133733,10
B_E,10,1.0,17.5,nonincident_zone_strict_4min_rate,0.5033838383838384,0.28157538955865435,0.7251922872090224,10
B_E,10,1.0,17.5,nonincident_zone_mean_wait_min,0.29174075656715426,-0.15894252201890452,0.742424035153213,10
B_E,10,1.0,17.5,nonincident_zone_mean_delay_penalty_yuan_per_call,333.2270638539974,80.51873407509214,585.9353936329026,10
B_E,10,1.0,17.5,max_incident_queue,1.2,0.8983790449602393,1.5016209550397606,10
B_E,10,1.0,17.5,incident_end_backlog,0.0,0.0,0.0,10
B_E,10,2.0,17.0,calls,16.2,13.040169584143648,19.35983041585635,10
B_E,10,2.0,17.0,mean_response_min,6.193820953765055,4.987626029269167,7.400015878260943,10
B_E,10,2.0,17.0,p95_response_min,10.602726971198678,6.942784518185272,14.262669424212083,10
B_E,10,2.0,17.0,strict_4min_rate,0.3174584076054664,0.21919590598459787,0.4157209092263349,10
B_E,10,2.0,17.0,mean_wait_min,0.3388411581473245,-0.24756498805813432,0.9252473043527834,10
B_E,10,2.0,17.0,mean_delay_penalty_yuan_per_call,502.25587227410415,275.0018797787216,729.5098647694867,10
B_E,10,2.0,17.0,incident_zone_calls,2.2,0.8595671556351019,3.5404328443648985,10
B_E,10,2.0,17.0,incident_zone_mean_response_min,8.489972358500971,6.638830036554253,10.341114680447689,9
B_E,10,2.0,17.0,incident_zone_p95_response_min,9.619067489065486,6.11915361434195,13.118981363789022,9
B_E,10,2.0,17.0,incident_zone_strict_4min_rate,0.0,0.0,0.0,9
B_E,10,2.0,17.0,incident_zone_mean_wait_min,0.6103933286467509,-0.797176211313692,2.017962868607194,9
B_E,10,2.0,17.0,incident_zone_mean_delay_penalty_yuan_per_call,897.9944717001941,527.7660073108507,1268.2229360895376,9
B_E,10,2.0,17.0,nonincident_zone_calls,14.0,11.688119157374896,16.311880842625104,10
B_E,10,2.0,17.0,nonincident_zone_mean_response_min,5.898455907156789,4.785261407131024,7.011650407182554,10
B_E,10,2.0,17.0,nonincident_zone_p95_response_min,10.804176714983734,7.001316452753135,14.607036977214335,10
B_E,10,2.0,17.0,nonincident_zone_strict_4min_rate,0.3617467499820441,0.2545129710660655,0.46898052889802266,10
B_E,10,2.0,17.0,nonincident_zone_mean_wait_min,0.32683811458119055,-0.1859555165887165,0.8396317457510976,10
B_E,10,2.0,17.0,nonincident_zone_mean_delay_penalty_yuan_per_call,452.0405314277664,244.79674109968175,659.284321755851,10
B_E,10,2.0,17.0,max_incident_queue,1.3,0.8171708880668164,1.7828291119331836,10
B_E,10,2.0,17.0,incident_end_backlog,0.0,0.0,0.0,10
B_E,10,4.0,16.0,calls,32.1,29.037953037019278,35.162046962980725,10
B_E,10,4.0,16.0,mean_response_min,6.119002597228249,5.492444185988464,6.745561008468035,10
B_E,10,4.0,16.0,p95_response_min,11.624707371623998,8.593215137880222,14.656199605367775,10
B_E,10,4.0,16.0,strict_4min_rate,0.3544523737093564,0.31471449715618477,0.394190250262528,10
B_E,10,4.0,16.0,mean_wait_min,0.28832408593031034,-0.038006141557319406,0.6146543134179401,10
B_E,10,4.0,16.0,mean_delay_penalty_yuan_per_call,494.69099418752114,375.091565370055,614.2904230049874,10
B_E,10,4.0,16.0,incident_zone_calls,4.6,3.0473111020696773,6.152688897930322,10
B_E,10,4.0,16.0,incident_zone_mean_response_min,8.608696652715444,7.542226947127508,9.67516635830338,10
B_E,10,4.0,16.0,incident_zone_p95_response_min,11.23296501427163,8.227882654100679,14.23804737444258,10
B_E,10,4.0,16.0,incident_zone_strict_4min_rate,0.0,0.0,0.0,10
B_E,10,4.0,16.0,incident_zone_mean_wait_min,0.5817250613638801,-0.22276894390929858,1.3862190666370588,10
B_E,10,4.0,16.0,incident_zone_mean_delay_penalty_yuan_per_call,921.739330543089,708.4453894255016,1135.0332716606763,10
B_E,10,4.0,16.0,nonincident_zone_calls,27.5,24.33208241785508,30.66791758214492,10
B_E,10,4.0,16.0,nonincident_zone_mean_response_min,5.703649646191724,5.055912470080161,6.3513868223032866,10
B_E,10,4.0,16.0,nonincident_zone_p95_response_min,10.738787556862862,8.275499351329378,13.202075762396346,10
B_E,10,4.0,16.0,nonincident_zone_strict_4min_rate,0.4164599632956631,0.3627216442053888,0.47019828238593736,10
B_E,10,4.0,16.0,nonincident_zone_mean_wait_min,0.24246970804384266,-0.01397048283285146,0.4989098989205368,10
B_E,10,4.0,16.0,nonincident_zone_mean_delay_penalty_yuan_per_call,424.02192189747745,303.1860693234744,544.8577744714805,10
B_E,10,4.0,16.0,max_incident_queue,1.4,1.0305912822108199,1.76940871778918,10
B_E,10,4.0,16.0,incident_end_backlog,0.0,0.0,0.0,10
B_E,10,5.0,15.483333333333333,calls,39.5,35.0357805986136,43.9642194013864,10
B_E,10,5.0,15.483333333333333,mean_response_min,6.196165299616281,5.621399360842926,6.770931238389636,10
B_E,10,5.0,15.483333333333333,p95_response_min,11.579620022770397,9.040585552383936,14.118654493156859,10
B_E,10,5.0,15.483333333333333,strict_4min_rate,0.3501849699472015,0.31414447699924947,0.3862254628951535,10
B_E,10,5.0,15.483333333333333,mean_wait_min,0.24138125379860412,-0.020195950395681145,0.5029584579928894,10
B_E,10,5.0,15.483333333333333,mean_delay_penalty_yuan_per_call,509.2700539126964,399.7085540535128,618.8315537718801,10
B_E,10,5.0,15.483333333333333,incident_zone_calls,5.4,4.129248329053243,6.670751670946758,10
B_E,10,5.0,15.483333333333333,incident_zone_mean_response_min,8.6875284486118,7.762095328514317,9.612961568709284,10
B_E,10,5.0,15.483333333333333,incident_zone_p95_response_min,11.523287016095496,8.248749328045268,14.797824704145725,10
B_E,10,5.0,15.483333333333333,incident_zone_strict_4min_rate,0.0,0.0,0.0,10
B_E,10,5.0,15.483333333333333,incident_zone_mean_wait_min,0.29646694862979833,-0.3401029127794771,0.9330368100390738,10
B_E,10,5.0,15.483333333333333,incident_zone_mean_delay_penalty_yuan_per_call,937.50568972236,752.4190657028631,1122.5923137418567,10
B_E,10,5.0,15.483333333333333,nonincident_zone_calls,34.1,29.6844453733139,38.515554626686104,10
B_E,10,5.0,15.483333333333333,nonincident_zone_mean_response_min,5.79638033465668,5.207529766620481,6.3852309026928795,10
B_E,10,5.0,15.483333333333333,nonincident_zone_p95_response_min,10.565113070060397,8.54088597533713,12.589340164783664,10
B_E,10,5.0,15.483333333333333,nonincident_zone_strict_4min_rate,0.4075203009348508,0.3616721329674837,0.45336846890221794,10
B_E,10,5.0,15.483333333333333,nonincident_zone_mean_wait_min,0.2349529143240258,5.7804596882315984e-05,0.46984802405116927,10
B_E,10,5.0,15.483333333333333,nonincident_zone_mean_delay_penalty_yuan_per_call,440.78012711830644,330.3196806892203,551.2405735473926,10
B_E,10,5.0,15.483333333333333,max_incident_queue,1.4,0.8998182316122291,1.9001817683877706,10
B_E,10,5.0,15.483333333333333,incident_end_backlog,0.0,0.0,0.0,10
B_E,10,6.0,14.983333333333333,calls,46.1,41.557499293589736,50.64250070641027,10
B_E,10,6.0,14.983333333333333,mean_response_min,6.056580527942694,5.518328696865004,6.594832359020384,10
B_E,10,6.0,14.983333333333333,p95_response_min,10.785997203056365,8.43562571250961,13.136368693603119,10
B_E,10,6.0,14.983333333333333,strict_4min_rate,0.3332882158007692,0.29204992156315634,0.3745265100383821,10
B_E,10,6.0,14.983333333333333,mean_wait_min,0.13289712936358136,-0.04671251906401774,0.31250677779118047,10
B_E,10,6.0,14.983333333333333,mean_delay_penalty_yuan_per_call,477.6757921846929,377.29200175069286,578.059582618693,10
B_E,10,6.0,14.983333333333333,incident_zone_calls,6.4,5.271437725569669,7.528562274430332,10
B_E,10,6.0,14.983333333333333,incident_zone_mean_response_min,8.560944477742495,7.585713524708915,9.536175430776076,10
B_E,10,6.0,14.983333333333333,incident_zone_p95_response_min,12.128741651056783,8.605491813516004,15.651991488597563,10
B_E,10,6.0,14.983333333333333,incident_zone_strict_4min_rate,0.0,0.0,0.0,10
B_E,10,6.0,14.983333333333333,incident_zone_mean_wait_min,0.4753263565173741,-0.24180992493464393,1.1924626379693921,10
B_E,10,6.0,14.983333333333333,incident_zone_mean_delay_penalty_yuan_per_call,912.188895548499,717.1427049417828,1107.2350861552152,10
B_E,10,6.0,14.983333333333333,nonincident_zone_calls,39.7,35.149995157351256,44.25000484264875,10
B_E,10,6.0,14.983333333333333,nonincident_zone_mean_response_min,5.658487297814401,5.114911097763504,6.202063497865297,10
B_E,10,6.0,14.983333333333333,nonincident_zone_p95_response_min,10.105613467315202,8.550457203385866,11.660769731244537,10
B_E,10,6.0,14.983333333333333,nonincident_zone_strict_4min_rate,0.389236031090251,0.3371270636780562,0.4413449985024458,10
B_E,10,6.0,14.983333333333333,nonincident_zone_mean_wait_min,0.09509281924997479,-0.03347191108259434,0.2236575495825439,10
B_E,10,6.0,14.983333333333333,nonincident_zone_mean_delay_penalty_yuan_per_call,409.2013680006699,309.54730626801063,508.8554297333292,10
B_E,10,6.0,14.983333333333333,max_incident_queue,1.3,0.8171708880668164,1.7828291119331836,10
B_E,10,6.0,14.983333333333333,incident_end_backlog,0.0,0.0,0.0,10
B_E,10,8.0,13.883333333333333,calls,59.4,55.378701466905305,63.42129853309469,10
B_E,10,8.0,13.883333333333333,mean_response_min,6.699614956155047,5.993308431048202,7.405921481261892,10
B_E,10,8.0,13.883333333333333,p95_response_min,14.28596274683668,10.387455422228207,18.18447007144515,10
B_E,10,8.0,13.883333333333333,strict_4min_rate,0.3284392417069678,0.29513574254915625,0.36174274086477937,10
B_E,10,8.0,13.883333333333333,mean_wait_min,0.6071569602589195,0.12705702552133902,1.0872568949965,10
B_E,10,8.0,13.883333333333333,mean_delay_penalty_yuan_per_call,605.610839572403,468.25441273297554,742.9672664118306,10
B_E,10,8.0,13.883333333333333,incident_zone_calls,8.2,6.554851916864884,9.845148083135115,10
B_E,10,8.0,13.883333333333333,incident_zone_mean_response_min,8.494289592824282,8.023610468187849,8.964968717460716,10
B_E,10,8.0,13.883333333333333,incident_zone_p95_response_min,11.507125562440244,9.657953384415592,13.356297740464896,10
B_E,10,8.0,13.883333333333333,incident_zone_strict_4min_rate,0.0,0.0,0.0,10
B_E,10,8.0,13.883333333333333,incident_zone_mean_wait_min,0.2620065123331491,-0.15676047239236357,0.6807734970586617,10
B_E,10,8.0,13.883333333333333,incident_zone_mean_delay_penalty_yuan_per_call,898.8579185648563,804.7220936375695,992.993743492143,10
B_E,10,8.0,13.883333333333333,nonincident_zone_calls,51.2,47.44787896246266,54.952121037537346,10
B_E,10,8.0,13.883333333333333,nonincident_zone_mean_response_min,6.392802009795768,5.578061256502177,7.20754276308936,10
B_E,10,8.0,13.883333333333333,nonincident_zone_p95_response_min,14.353122742137009,9.79118672167644,18.915058762597578,10
B_E,10,8.0,13.883333333333333,nonincident_zone_strict_4min_rate,0.3813763893664571,0.34303516069160056,0.4197176180413137,10
B_E,10,8.0,13.883333333333333,nonincident_zone_mean_wait_min,0.6635817729473664,0.10873880065699193,1.218424745237741,10
B_E,10,8.0,13.883333333333333,nonincident_zone_mean_delay_penalty_yuan_per_call,554.8356798324454,396.2977468599248,713.373612804966,10
B_E,10,8.0,13.883333333333333,max_incident_queue,1.9,1.273637044327646,2.526362955672354,10
B_E,10,8.0,13.883333333333333,incident_end_backlog,0.7,-0.12945762635934177,1.5294576263593416,10
B_E,10,10.0,10.266666666666666,calls,72.1,68.58818770143247,75.61181229856751,10
B_E,10,10.0,10.266666666666666,mean_response_min,5.645192428998326,5.280120651512904,6.010264206483749,10
B_E,10,10.0,10.266666666666666,p95_response_min,9.824594323133363,8.623643283112946,11.02554536315378,10
B_E,10,10.0,10.266666666666666,strict_4min_rate,0.36966084372973973,0.33509843420408303,0.40422325325539643,10
B_E,10,10.0,10.266666666666666,mean_wait_min,0.06881782332477208,-0.028122757001456736,0.16575840365100092,10
B_E,10,10.0,10.266666666666666,mean_delay_penalty_yuan_per_call,402.97065454561346,334.47285728617464,471.46845180505227,10
B_E,10,10.0,10.266666666666666,incident_zone_calls,9.7,8.228148457771299,11.1718515422287,10
B_E,10,10.0,10.266666666666666,incident_zone_mean_response_min,7.917569762575968,7.474839328723189,8.360300196428746,10
B_E,10,10.0,10.266666666666666,incident_zone_p95_response_min,9.850755192588005,8.654529522384385,11.046980862791626,10
B_E,10,10.0,10.266666666666666,incident_zone_strict_4min_rate,0.0,0.0,0.0,10
B_E,10,10.0,10.266666666666666,incident_zone_mean_wait_min,0.06286034213254525,-0.07933963107853774,0.20506031534362823,10
B_E,10,10.0,10.266666666666666,incident_zone_mean_delay_penalty_yuan_per_call,783.5139525151934,694.9678657446377,872.0600392857491,10
B_E,10,10.0,10.266666666666666,nonincident_zone_calls,62.4,58.64182226596588,66.15817773403413,10
B_E,10,10.0,10.266666666666666,nonincident_zone_mean_response_min,5.290849781056285,4.887455167350108,5.694244394762462,10
B_E,10,10.0,10.266666666666666,nonincident_zone_p95_response_min,9.734930019029498,8.302944609179628,11.166915428879369,10
B_E,10,10.0,10.266666666666666,nonincident_zone_strict_4min_rate,0.4277731420465554,0.3866048961562636,0.46894138793684725,10
B_E,10,10.0,10.266666666666666,nonincident_zone_mean_wait_min,0.06986464302502911,-0.02640382630826517,0.1661331123583234,10
B_E,10,10.0,10.266666666666666,nonincident_zone_mean_delay_penalty_yuan_per_call,343.7245846205681,269.14846031246765,418.3007089286686,10
B_E,10,10.0,10.266666666666666,max_incident_queue,1.2,0.8983790449602393,1.5016209550397606,10
B_E,10,10.0,10.266666666666666,incident_end_backlog,0.0,0.0,0.0,10
B_E,10,11.0,8.7,calls,80.7,76.92898408500555,84.47101591499445,10
B_E,10,11.0,8.7,mean_response_min,5.587353176793878,5.209386894255082,5.965319459332675,10
B_E,10,11.0,8.7,p95_response_min,10.189465065728859,9.153789672600972,11.225140458856746,10
B_E,10,11.0,8.7,strict_4min_rate,0.38933518232733666,0.34862850453039645,0.43004186012427686,10
B_E,10,11.0,8.7,mean_wait_min,0.090734597341234,0.00054706453216119,0.1809221301503068,10
B_E,10,11.0,8.7,mean_delay_penalty_yuan_per_call,395.3376718242431,325.8089799164382,464.866363732048,10
B_E,10,11.0,8.7,incident_zone_calls,10.6,8.571052533087869,12.62894746691213,10
B_E,10,11.0,8.7,incident_zone_mean_response_min,7.917970415887434,7.513641678576313,8.322299153198555,10
B_E,10,11.0,8.7,incident_zone_p95_response_min,9.987947383668265,8.644898637700935,11.330996129635595,10
B_E,10,11.0,8.7,incident_zone_strict_4min_rate,0.0,0.0,0.0,10
B_E,10,11.0,8.7,incident_zone_mean_wait_min,0.03105609023444809,-0.03919766673791604,0.10130984720681223,10
B_E,10,11.0,8.7,incident_zone_mean_delay_penalty_yuan_per_call,783.5940831774867,702.7283357152625,864.459830639711,10
B_E,10,11.0,8.7,nonincident_zone_calls,70.1,66.68671542111166,73.51328457888833,10
B_E,10,11.0,8.7,nonincident_zone_mean_response_min,5.237216248928551,4.834003927104543,5.640428570752558,10
B_E,10,11.0,8.7,nonincident_zone_p95_response_min,9.954389266050764,8.804711553809902,11.104066978291627,10
B_E,10,11.0,8.7,nonincident_zone_strict_4min_rate,0.4481190322776998,0.40255717490278015,0.4936808896526194,10
B_E,10,11.0,8.7,nonincident_zone_mean_wait_min,0.1006371437662695,-0.0031964557997259113,0.20447074333226492,10
B_E,10,11.0,8.7,nonincident_zone_mean_delay_penalty_yuan_per_call,337.0670562412502,263.12258706065086,411.01152542184957,10
B_E,10,11.0,8.7,max_incident_queue,1.2,0.8983790449602393,1.5016209550397606,10
B_E,10,11.0,8.7,incident_end_backlog,0.0,0.0,0.0,10
B_E,10,12.0,8.05,calls,88.1,83.7362577231631,92.46374227683688,10
B_E,10,12.0,8.05,mean_response_min,5.66818866874423,5.237628980730447,6.098748356758014,10
B_E,10,12.0,8.05,p95_response_min,10.745546508655643,9.002256397544077,12.48883661976721,10
B_E,10,12.0,8.05,strict_4min_rate,0.38749473277357593,0.3556196649391958,0.4193698006079561,10
B_E,10,12.0,8.05,mean_wait_min,0.1566160835483786,-0.02779154981917581,0.34102371691593303,10
B_E,10,12.0,8.05,mean_delay_penalty_yuan_per_call,411.1366803035611,329.17012985527845,493.10323075184374,10
B_E,10,12.0,8.05,incident_zone_calls,11.6,9.54321930577467,13.65678069422533,10
B_E,10,12.0,8.05,incident_zone_mean_response_min,8.276287984830303,7.459676791593228,9.092899178067377,10
B_E,10,12.0,8.05,incident_zone_p95_response_min,11.267099287932602,8.484326837831158,14.049871738034046,10
B_E,10,12.0,8.05,incident_zone_strict_4min_rate,0.0,0.0,0.0,10
B_E,10,12.0,8.05,incident_zone_mean_wait_min,0.2827233472888647,-0.1924871103241702,0.7579338049018997,10
B_E,10,12.0,8.05,incident_zone_mean_delay_penalty_yuan_per_call,855.2575969660605,691.9353583186456,1018.5798356134754,10
B_E,10,12.0,8.05,nonincident_zone_calls,76.5,72.78672262971433,80.21327737028567,10
B_E,10,12.0,8.05,nonincident_zone_mean_response_min,5.270424016739047,4.863343045191741,5.677504988286352,10
B_E,10,12.0,8.05,nonincident_zone_p95_response_min,10.391865557274276,9.072540747197877,11.711190367350675,10
B_E,10,12.0,8.05,nonincident_zone_strict_4min_rate,0.4463086773325129,0.4090923241671392,0.4835250304978866,10
B_E,10,12.0,8.05,nonincident_zone_mean_wait_min,0.13639280016696803,-0.03471984777713605,0.3075054481110721,10
B_E,10,12.0,8.05,nonincident_zone_mean_delay_penalty_yuan_per_call,343.34653881431205,267.40594578171044,419.28713184691367,10
B_E,10,12.0,8.05,max_incident_queue,1.4,0.8998182316122291,1.9001817683877706,10
B_E,10,12.0,8.05,incident_end_backlog,0.1,-0.12621571627982048,0.3262157162798205,10
B_N,1,0.5,17.75,calls,7.2,4.506438743707875,9.893561256292125,10
B_N,1,0.5,17.75,mean_response_min,6.977905542065642,4.4151080773693225,9.540703006761962,10
B_N,1,0.5,17.75,p95_response_min,11.613744302447007,6.360042655810332,16.86744594908368,10
B_N,1,0.5,17.75,strict_4min_rate,0.4329004329004329,0.22006901883359475,0.645731846967271,10
B_N,1,0.5,17.75,mean_wait_min,1.0545754506819294,-0.6091733865185722,2.7183242878824307,10
B_N,1,0.5,17.75,mean_delay_penalty_yuan_per_call,682.1611949932148,205.11826252159187,1159.2041274648377,10
B_N,1,0.5,17.75,incident_zone_calls,4.1,2.301304481447624,5.898695518552375,10
B_N,1,0.5,17.75,incident_zone_mean_response_min,7.631131451170283,3.8527789577758176,11.409483944564748,10
B_N,1,0.5,17.75,incident_zone_p95_response_min,11.119228716399329,4.734440928106216,17.50401650469244,10
B_N,1,0.5,17.75,incident_zone_strict_4min_rate,0.4927380952380953,0.19123085458817873,0.7942453358880119,10
B_N,1,0.5,17.75,incident_zone_mean_wait_min,1.7728564763455197,-0.9418687996180182,4.487581752309057,10
B_N,1,0.5,17.75,incident_zone_mean_delay_penalty_yuan_per_call,824.7739092816757,121.06241110098483,1528.4854074623668,10
B_N,1,0.5,17.75,nonincident_zone_calls,3.1,1.092180642337937,5.107819357662063,10
B_N,1,0.5,17.75,nonincident_zone_mean_response_min,7.072597396504973,4.4901938079087,9.655000985101246,8
B_N,1,0.5,17.75,nonincident_zone_p95_response_min,10.377415815015713,4.925861696908288,15.828969933123137,8
B_N,1,0.5,17.75,nonincident_zone_strict_4min_rate,0.2950892857142857,0.02086565540557589,0.5693129160229955,8
B_N,1,0.5,17.75,nonincident_zone_mean_wait_min,0.8857258923787867,-0.7838631500918949,2.555314934849468,8
B_N,1,0.5,17.75,nonincident_zone_mean_delay_penalty_yuan_per_call,673.5373364438517,190.54068744681877,1156.5339854408846,8
B_N,1,0.5,17.75,max_incident_queue,1.6,0.6343417761336327,2.565658223866367,10
B_N,1,0.5,17.75,incident_end_backlog,0.8,-0.45272591134470774,2.052725911344708,10
B_N,1,1.0,17.5,calls,13.3,9.778486544004206,16.821513455995795,10
B_N,1,1.0,17.5,mean_response_min,9.103134010444881,5.46167618963643,12.744591831253333,10
B_N,1,1.0,17.5,p95_response_min,17.948065531996587,9.50664523332149,26.38948583067168,10
B_N,1,1.0,17.5,strict_4min_rate,0.4115567765567765,0.23006873330448732,0.5930448198090658,10
B_N,1,1.0,17.5,mean_wait_min,2.8117039999115945,-0.0786287064029656,5.7020367062261545,10
B_N,1,1.0,17.5,mean_delay_penalty_yuan_per_call,1102.9381574003314,402.6156747748189,1803.260640025844,10
B_N,1,1.0,17.5,incident_zone_calls,8.2,6.268683552267264,10.131316447732734,10
B_N,1,1.0,17.5,incident_zone_mean_response_min,9.04053170902434,5.159000170771354,12.922063247277325,10
B_N,1,1.0,17.5,incident_zone_p95_response_min,15.957532813167031,8.260375891677617,23.654689734656444,10
B_N,1,1.0,17.5,incident_zone_strict_4min_rate,0.46512987012987006,0.2651611319209202,0.66509860833882,10
B_N,1,1.0,17.5,incident_zone_mean_wait_min,2.807414723795201,-0.2602608165194158,5.875090264109819,10
B_N,1,1.0,17.5,incident_zone_mean_delay_penalty_yuan_per_call,1101.132315830842,354.99682713808534,1847.2678045235984,10
B_N,1,1.0,17.5,nonincident_zone_calls,5.1,2.5439959727579304,7.656004027242069,10
B_N,1,1.0,17.5,nonincident_zone_mean_response_min,9.500654233210216,5.817438398845331,13.183870067575102,9
B_N,1,1.0,17.5,nonincident_zone_p95_response_min,17.78741259861442,8.974594405502039,26.6002307917268,9
B_N,1,1.0,17.5,nonincident_zone_strict_4min_rate,0.30246913580246915,0.12918817279758127,0.475750098807357,9
B_N,1,1.0,17.5,nonincident_zone_mean_wait_min,3.0041841955113053,0.002372681559218215,6.0059957094633925,9
B_N,1,1.0,17.5,nonincident_zone_mean_delay_penalty_yuan_per_call,1160.6246738025372,443.4140465228928,1877.8353010821816,9
B_N,1,1.0,17.5,max_incident_queue,2.9,0.9496409121126548,4.850359087887345,10
B_N,1,1.0,17.5,incident_end_backlog,1.0,-0.011667438360968951,2.011667438360969,10
B_N,1,2.0,17.0,calls,26.2,22.21278088253075,30.187219117469247,10
B_N,1,2.0,17.0,mean_response_min,11.31447335685597,7.32012325434806,15.30882345936388,10
B_N,1,2.0,17.0,p95_response_min,23.362173539800374,12.397355371600726,34.32699170800002,10
B_N,1,2.0,17.0,strict_4min_rate,0.23666517641622828,0.16830694538249003,0.30502340744996653,10
B_N,1,2.0,17.0,mean_wait_min,4.050600607652527,0.6286211985672083,7.4725800167378456,10
B_N,1,2.0,17.0,mean_delay_penalty_yuan_per_call,1510.2277066544393,722.3243239721704,2298.131089336708,10
B_N,1,2.0,17.0,incident_zone_calls,14.5,12.016201339640975,16.983798660359025,10
B_N,1,2.0,17.0,incident_zone_mean_response_min,11.464222255949206,7.501419355539442,15.42702515635897,10
B_N,1,2.0,17.0,incident_zone_p95_response_min,23.552413993800496,12.679675422470336,34.42515256513066,10
B_N,1,2.0,17.0,incident_zone_strict_4min_rate,0.3108424908424908,0.22288956857531028,0.39879541310967137,10
B_N,1,2.0,17.0,incident_zone_mean_wait_min,4.134837611722794,0.5446448064977467,7.725030416947842,10
B_N,1,2.0,17.0,incident_zone_mean_delay_penalty_yuan_per_call,1555.0129493583395,777.6609848555065,2332.3649138611727,10
B_N,1,2.0,17.0,nonincident_zone_calls,11.7,9.338238584905927,14.061761415094072,10
B_N,1,2.0,17.0,nonincident_zone_mean_response_min,11.114877979335706,6.895878834553351,15.333877124118061,10
B_N,1,2.0,17.0,nonincident_zone_p95_response_min,21.263061298773486,9.868811942038246,32.657310655508724,10
B_N,1,2.0,17.0,nonincident_zone_strict_4min_rate,0.1390827228327228,0.053051514919699255,0.22511393074574634,10
B_N,1,2.0,17.0,nonincident_zone_mean_wait_min,4.008827061175669,0.5728039116138808,7.4448502107374575,10
B_N,1,2.0,17.0,nonincident_zone_mean_delay_penalty_yuan_per_call,1450.7921404336853,611.5308120074214,2290.053468859949,10
B_N,1,2.0,17.0,max_incident_queue,3.5,1.3341494103318312,5.665850589668169,10
B_N,1,2.0,17.0,incident_end_backlog,1.5,-0.35472363699510945,3.3547236369951094,10
B_N,1,4.0,16.0,calls,51.7,46.37818479167104,57.02181520832897,10
B_N,1,4.0,16.0,mean_response_min,20.88607028690432,7.747997179689623,34.02414339411902,10
B_N,1,4.0,16.0,p95_response_min,60.12327295010734,8.94917625966012,111.29736964055456,10
B_N,1,4.0,16.0,strict_4min_rate,0.18531696684683294,0.13389019971425176,0.23674373397941412,10
B_N,1,4.0,16.0,mean_wait_min,12.975780438876095,0.1012653647713826,25.850295512980807,10
B_N,1,4.0,16.0,mean_delay_penalty_yuan_per_call,3413.779381096323,792.4518357329916,6035.1069264596545,10
B_N,1,4.0,16.0,incident_zone_calls,29.0,25.275255971323354,32.724744028676646,10
B_N,1,4.0,16.0,incident_zone_mean_response_min,22.202586889504587,7.135493466063897,37.269680312945276,10
B_N,1,4.0,16.0,incident_zone_p95_response_min,58.15968716315742,6.8194532015281055,109.49992112478674,10
B_N,1,4.0,16.0,incident_zone_strict_4min_rate,0.22278510576063412,0.1501935825199954,0.2953766290012728,10
B_N,1,4.0,16.0,incident_zone_mean_wait_min,14.066546600756718,-0.6826716085644495,28.815764810077887,10
B_N,1,4.0,16.0,incident_zone_mean_delay_penalty_yuan_per_call,3684.1577314973597,679.4443190093825,6688.871143985337,10
B_N,1,4.0,16.0,nonincident_zone_calls,22.7,19.918170027813396,25.481829972186603,10
B_N,1,4.0,16.0,nonincident_zone_mean_response_min,19.141093453818968,8.238024374577831,30.044162533060103,10
B_N,1,4.0,16.0,nonincident_zone_p95_response_min,58.05809301036699,7.412169833756913,108.70401618697707,10
B_N,1,4.0,16.0,nonincident_zone_strict_4min_rate,0.1429322707985446,0.09619382437060309,0.1896707172264861,10
B_N,1,4.0,16.0,nonincident_zone_mean_wait_min,11.581802557160604,0.9382249166440175,22.22538019767719,10
B_N,1,4.0,16.0,nonincident_zone_mean_delay_penalty_yuan_per_call,3056.8051449235027,880.405269558295,5233.20502028871,10
B_N,1,4.0,16.0,max_incident_queue,7.3,3.778486544004205,10.821513455995795,10
B_N,1,4.0,16.0,incident_end_backlog,5.3,1.1829844490560504,9.41701555094395,10
B_N,1,5.0,15.483333333333333,calls,63.6,57.34363683731981,69.85636316268018,10
B_N,1,5.0,15.483333333333333,mean_response_min,34.69048903655982,18.451521483772726,50.92945658934691,10
B_N,1,5.0,15.483333333333333,p95_response_min,142.30703037471332,79.02703524131029,205.58702550811637,10
B_N,1,5.0,15.483333333333333,strict_4min_rate,0.17453449619073874,0.12734810560629348,0.221720886775184,10
B_N,1,5.0,15.483333333333333,mean_wait_min,26.956716313837852,10.82413584377979,43.08929678389592,10
B_N,1,5.0,15.483333333333333,mean_delay_penalty_yuan_per_call,6173.004706550112,2931.0133468970957,9414.996066203128,10
B_N,1,5.0,15.483333333333333,incident_zone_calls,35.5,31.636631154657323,39.36336884534268,10
B_N,1,5.0,15.483333333333333,incident_zone_mean_response_min,38.35558671148744,18.56001897816759,58.15115444480729,10
B_N,1,5.0,15.483333333333333,incident_zone_p95_response_min,130.64651804958413,69.67871362567473,191.61432247349353,10
B_N,1,5.0,15.483333333333333,incident_zone_strict_4min_rate,0.2121592255068773,0.14497116786131828,0.2793472831524363,10
B_N,1,5.0,15.483333333333333,incident_zone_mean_wait_min,30.379986044833704,10.761186177381827,49.998785912285584,10
B_N,1,5.0,15.483333333333333,incident_zone_mean_delay_penalty_yuan_per_call,6913.549187398863,2962.7162849423194,10864.382089855408,10
B_N,1,5.0,15.483333333333333,nonincident_zone_calls,28.1,24.32295768736953,31.877042312630472,10
B_N,1,5.0,15.483333333333333,nonincident_zone_mean_response_min,29.396062058820554,15.415300400722945,43.37682371691817,10
B_N,1,5.0,15.483333333333333,nonincident_zone_p95_response_min,116.58057412308968,45.53499913098695,187.6261491151924,10
B_N,1,5.0,15.483333333333333,nonincident_zone_strict_4min_rate,0.12613109532909306,0.09347486355708878,0.15878732710109733,10
B_N,1,5.0,15.483333333333333,nonincident_zone_mean_wait_min,21.975588759139747,7.985964733834718,35.96521278444477,10
B_N,1,5.0,15.483333333333333,nonincident_zone_mean_delay_penalty_yuan_per_call,5104.438630829929,2310.371484626698,7898.5057770331605,10
B_N,1,5.0,15.483333333333333,max_incident_queue,10.2,5.950461518818682,14.449538481181317,10
B_N,1,5.0,15.483333333333333,incident_end_backlog,9.1,4.710275104297389,13.489724895702611,10
B_N,1,6.0,14.983333333333333,calls,74.2,67.41520439050201,80.984795609498,10
B_N,1,6.0,14.983333333333333,mean_response_min,53.79925220417259,39.43190041818051,68.16660399016467,10
B_N,1,6.0,14.983333333333333,p95_response_min,227.33794512584387,205.69276133584913,248.98312891583862,10
B_N,1,6.0,14.983333333333333,strict_4min_rate,0.16300016777859735,0.11834264123137833,0.20765769432581638,10
B_N,1,6.0,14.983333333333333,mean_wait_min,46.11303080908152,32.0487704585416,60.17729115962145,10
B_N,1,6.0,14.983333333333333,mean_delay_penalty_yuan_per_call,9992.332502072486,7126.842484701531,12857.822519443442,10
B_N,1,6.0,14.983333333333333,incident_zone_calls,41.3,36.60242913029366,45.99757086970634,10
B_N,1,6.0,14.983333333333333,incident_zone_mean_response_min,55.285585180841295,37.80476988165819,72.7664004800244,10
B_N,1,6.0,14.983333333333333,incident_zone_p95_response_min,212.78123749224747,176.18520446585293,249.377270518642,10
B_N,1,6.0,14.983333333333333,incident_zone_strict_4min_rate,0.19469791965377747,0.1410822086964394,0.24831363061111555,10
B_N,1,6.0,14.983333333333333,incident_zone_mean_wait_min,47.24181833658105,29.952895200082434,64.53074147307966,10
B_N,1,6.0,14.983333333333333,incident_zone_mean_delay_penalty_yuan_per_call,10295.850168542953,6808.674120872659,13783.026216213246,10
B_N,1,6.0,14.983333333333333,nonincident_zone_calls,32.9,28.833007420171707,36.966992579828286,10
B_N,1,6.0,14.983333333333333,nonincident_zone_mean_response_min,50.666120911085024,37.55640178723861,63.775840034931434,10
B_N,1,6.0,14.983333333333333,nonincident_zone_p95_response_min,216.8132815642428,189.27851051232093,244.34805261616467,10
B_N,1,6.0,14.983333333333333,nonincident_zone_strict_4min_rate,0.12624924238701324,0.08396907234059142,0.16852941243343506,10
B_N,1,6.0,14.983333333333333,nonincident_zone_mean_wait_min,43.43205194396181,30.745654845310966,56.11844904261265,10
B_N,1,6.0,14.983333333333333,nonincident_zone_mean_delay_penalty_yuan_per_call,9358.474030694406,6743.977632004606,11972.970429384206,10
B_N,1,6.0,14.983333333333333,max_incident_queue,14.7,10.315459310293523,19.084540689706476,10
B_N,1,6.0,14.983333333333333,incident_end_backlog,14.3,9.712658605458529,18.887341394541473,10
B_N,1,8.0,13.883333333333333,calls,95.0,87.79889839705858,102.20110160294142,10
B_N,1,8.0,13.883333333333333,mean_response_min,80.03311163483689,64.30519846822754,95.76102480144623,10
B_N,1,8.0,13.883333333333333,p95_response_min,248.89982292417372,227.27286817128572,270.5267776770617,10
B_N,1,8.0,13.883333333333333,strict_4min_rate,0.1668539939399507,0.1348287988729819,0.1988791890069195,10
B_N,1,8.0,13.883333333333333,mean_wait_min,72.82600902230864,57.226955207414505,88.42506283720277,10
B_N,1,8.0,13.883333333333333,mean_delay_penalty_yuan_per_call,15239.841582509995,12099.53660001184,18380.14656500815,10
B_N,1,8.0,13.883333333333333,incident_zone_calls,52.7,47.507978322096974,57.89202167790303,10
B_N,1,8.0,13.883333333333333,incident_zone_mean_response_min,82.75651564685079,65.74458146541014,99.76844982829144,10
B_N,1,8.0,13.883333333333333,incident_zone_p95_response_min,249.81056423713508,227.02024430002098,272.6008841742492,10
B_N,1,8.0,13.883333333333333,incident_zone_strict_4min_rate,0.20124860959100405,0.15992537640810559,0.2425718427739025,10
B_N,1,8.0,13.883333333333333,incident_zone_mean_wait_min,75.20705893171706,58.39876212396136,92.01535573947275,10
B_N,1,8.0,13.883333333333333,incident_zone_mean_delay_penalty_yuan_per_call,15791.281217169299,12395.19321008945,19187.369224249145,10
B_N,1,8.0,13.883333333333333,nonincident_zone_calls,42.3,38.469146696395576,46.13085330360442,10
B_N,1,8.0,13.883333333333333,nonincident_zone_mean_response_min,75.92344515037318,59.61191327491187,92.2349770258345,10
B_N,1,8.0,13.883333333333333,nonincident_zone_p95_response_min,244.23061470647912,222.4940993548167,265.9671300581415,10
B_N,1,8.0,13.883333333333333,nonincident_zone_strict_4min_rate,0.12477842608124959,0.09882349679658935,0.15073335536590982,10
B_N,1,8.0,13.883333333333333,nonincident_zone_mean_wait_min,69.15046619077344,52.86443637950907,85.43649600203781,10
B_N,1,8.0,13.883333333333333,nonincident_zone_mean_delay_penalty_yuan_per_call,14409.644715290886,11151.515706542483,17667.77372403929,10
B_N,1,8.0,13.883333333333333,max_incident_queue,27.0,21.407797823894445,32.59220217610555,10
B_N,1,8.0,13.883333333333333,incident_end_backlog,26.9,21.29307412842112,32.50692587157888,10
B_N,1,10.0,10.266666666666666,calls,114.9,108.70528638523444,121.09471361476557,10
B_N,1,10.0,10.266666666666666,mean_response_min,80.83336397428778,63.80128492683416,97.8654430217414,10
B_N,1,10.0,10.266666666666666,p95_response_min,328.4710369581559,306.5050131667014,350.43706074961034,10
B_N,1,10.0,10.266666666666666,strict_4min_rate,0.23202807875909942,0.19949397805289693,0.2645621794653019,10
B_N,1,10.0,10.266666666666666,mean_wait_min,73.919259302484,57.04993075113387,90.78858785383412,10
B_N,1,10.0,10.266666666666666,mean_delay_penalty_yuan_per_call,15413.078410609372,12010.920805337586,18815.236015881157,10
B_N,1,10.0,10.266666666666666,incident_zone_calls,63.3,57.229527023347615,69.37047297665238,10
B_N,1,10.0,10.266666666666666,incident_zone_mean_response_min,87.09016716693625,69.66943355267432,104.51090078119819,10
B_N,1,10.0,10.266666666666666,incident_zone_p95_response_min,331.3522562447275,307.68647261987866,355.0180398695764,10
B_N,1,10.0,10.266666666666666,incident_zone_strict_4min_rate,0.27320013270976096,0.2369450694167961,0.3094551960027258,10
B_N,1,10.0,10.266666666666666,incident_zone_mean_wait_min,79.76600648539784,62.495212226244874,97.0368007445508,10
B_N,1,10.0,10.266666666666666,incident_zone_mean_delay_penalty_yuan_per_call,16672.673459929203,13193.257123200563,20152.08979665784,10
B_N,1,10.0,10.266666666666666,nonincident_zone_calls,51.6,47.66445329231423,55.535546707685775,10
B_N,1,10.0,10.266666666666666,nonincident_zone_mean_response_min,73.06878909287221,52.39541539972039,93.74216278602402,10
B_N,1,10.0,10.266666666666666,nonincident_zone_p95_response_min,322.30642179800077,298.05715569214254,346.555687903859,10
B_N,1,10.0,10.266666666666666,nonincident_zone_strict_4min_rate,0.18172838272702455,0.13965877707293928,0.2237979883811098,10
B_N,1,10.0,10.266666666666666,nonincident_zone_mean_wait_min,66.63208063289794,46.11057719595988,87.153584069836,10
B_N,1,10.0,10.266666666666666,nonincident_zone_mean_delay_penalty_yuan_per_call,13850.103495119844,9720.135233516992,17980.071756722697,10
B_N,1,10.0,10.266666666666666,max_incident_queue,25.0,19.657391165089216,30.342608834910784,10
B_N,1,10.0,10.266666666666666,incident_end_backlog,24.9,19.595307104971738,30.20469289502826,10
B_N,1,11.0,8.7,calls,128.3,121.37215010094357,135.22784989905645,10
B_N,1,11.0,8.7,mean_response_min,85.43555028343903,66.13213937245304,104.73896119442502,10
B_N,1,11.0,8.7,p95_response_min,367.0227062841262,341.5849150184442,392.46049754980817,10
B_N,1,11.0,8.7,strict_4min_rate,0.2234667520214367,0.19603508634379394,0.2508984176990795,10
B_N,1,11.0,8.7,mean_wait_min,78.47269309749747,59.267560054563425,97.6778261404315,10
B_N,1,11.0,8.7,mean_delay_penalty_yuan_per_call,16331.679669335801,12474.435642057124,20188.923696614478,10
B_N,1,11.0,8.7,incident_zone_calls,70.7,63.8298419800332,77.57015801996681,10
B_N,1,11.0,8.7,incident_zone_mean_response_min,87.4768897165733,68.48314965237137,106.47062978077523,10
B_N,1,11.0,8.7,incident_zone_p95_response_min,366.9477146876856,341.49250675128,392.4029226240912,10
B_N,1,11.0,8.7,incident_zone_strict_4min_rate,0.2625706246620133,0.2291355391632195,0.2960057101608071,10
B_N,1,11.0,8.7,incident_zone_mean_wait_min,80.14175217651967,61.211271674016935,99.07223267902242,10
B_N,1,11.0,8.7,incident_zone_mean_delay_penalty_yuan_per_call,16747.665945663357,12951.971766782452,20543.360124544262,10
B_N,1,11.0,8.7,nonincident_zone_calls,57.6,54.09223776886062,61.10776223113938,10
B_N,1,11.0,8.7,nonincident_zone_mean_response_min,83.456240101443,58.90569876749635,108.00678143538966,10
B_N,1,11.0,8.7,nonincident_zone_p95_response_min,364.02399794000297,339.37257644604927,388.6754194339567,10
B_N,1,11.0,8.7,nonincident_zone_strict_4min_rate,0.17530835360920985,0.1462669048509203,0.2043498023674994,10
B_N,1,11.0,8.7,nonincident_zone_mean_wait_min,76.96145667361199,52.46890663999207,101.45400670723191,10
B_N,1,11.0,8.7,nonincident_zone_mean_delay_penalty_yuan_per_call,15926.309691010441,11019.977211393276,20832.64217062761,10
B_N,1,11.0,8.7,max_incident_queue,26.8,20.520051797583942,33.07994820241606,10
B_N,1,11.0,8.7,incident_end_backlog,26.8,20.520051797583942,33.07994820241606,10
B_N,1,12.0,8.05,calls,140.6,132.8277716744372,148.3722283255628,10
B_N,1,12.0,8.05,mean_response_min,102.99850802745709,86.7550178072891,119.24199824762509,10
B_N,1,12.0,8.05,p95_response_min,386.18195426906505,361.8619851124082,410.5019234257219,10
B_N,1,12.0,8.05,strict_4min_rate,0.22408825911402874,0.19789395076300606,0.2502825674650514,10
B_N,1,12.0,8.05,mean_wait_min,96.15183120076449,80.07536924931708,112.2282931522119,10
B_N,1,12.0,8.05,mean_delay_penalty_yuan_per_call,19844.314521660133,16599.800994608588,23088.82804871168,10
B_N,1,12.0,8.05,incident_zone_calls,78.5,70.97268360746672,86.02731639253328,10
B_N,1,12.0,8.05,incident_zone_mean_response_min,107.36941041881468,89.51711318216222,125.22170765546714,10
B_N,1,12.0,8.05,incident_zone_p95_response_min,386.6012883634823,360.72533511299986,412.47724161396474,10
B_N,1,12.0,8.05,incident_zone_strict_4min_rate,0.26290221163646554,0.2288511493292369,0.2969532739436942,10
B_N,1,12.0,8.05,incident_zone_mean_wait_min,100.14902473505866,82.38924574607819,117.90880372403913,10
B_N,1,12.0,8.05,incident_zone_mean_delay_penalty_yuan_per_call,20726.096717009757,17160.463585295784,24291.72984872373,10
B_N,1,12.0,8.05,nonincident_zone_calls,62.1,58.338041782428725,65.86195821757128,10
B_N,1,12.0,8.05,nonincident_zone_mean_response_min,97.9684610651102,74.61697077853262,121.31995135168779,10
B_N,1,12.0,8.05,nonincident_zone_p95_response_min,381.6135981401625,359.0135310047005,404.21366527562446,10
B_N,1,12.0,8.05,nonincident_zone_strict_4min_rate,0.1755741954484767,0.14385101314846835,0.20729737774848503,10
B_N,1,12.0,8.05,nonincident_zone_mean_wait_min,91.59354688522322,68.34486487376978,114.84222889667666,10
B_N,1,12.0,8.05,nonincident_zone_mean_delay_penalty_yuan_per_call,18828.80705211174,14164.04387563797,23493.57022858551,10
B_N,1,12.0,8.05,max_incident_queue,34.9,29.142969277560383,40.657030722439615,10
B_N,1,12.0,8.05,incident_end_backlog,34.9,29.142969277560383,40.657030722439615,10
B_N,2,0.5,17.75,calls,5.5,2.574704322837161,8.42529567716284,10
B_N,2,0.5,17.75,mean_response_min,6.3782142718448895,3.543474545883068,9.21295399780671,9
B_N,2,0.5,17.75,p95_response_min,10.691606614821172,4.626154197534957,16.757059032107385,9
B_N,2,0.5,17.75,strict_4min_rate,0.4773448773448774,0.2509128624417515,0.7037768922480033,9
B_N,2,0.5,17.75,mean_wait_min,1.1717505007576992,-0.7002118272130031,3.0437128287284017,9
B_N,2,0.5,17.75,mean_delay_penalty_yuan_per_call,571.1118298379536,39.73650884238225,1102.487150833525,9
B_N,2,0.5,17.75,incident_zone_calls,1.9,0.5322728486010311,3.2677271513989687,10
B_N,2,0.5,17.75,incident_zone_mean_response_min,5.669603847033013,1.5795557454454983,9.759651948620528,8
B_N,2,0.5,17.75,incident_zone_p95_response_min,7.851581992884628,1.1993633673543131,14.503800618414942,8
B_N,2,0.5,17.75,incident_zone_strict_4min_rate,0.7083333333333333,0.40351626695368165,1.013150399712985,8
B_N,2,0.5,17.75,incident_zone_mean_wait_min,1.0426575962827276,-1.4228358419948484,3.5081510345603037,8
B_N,2,0.5,17.75,incident_zone_mean_delay_penalty_yuan_per_call,475.58743607326915,-287.38788485190776,1238.562756998446,8
B_N,2,0.5,17.75,nonincident_zone_calls,3.6,1.4886533147216756,5.711346685278325,10
B_N,2,0.5,17.75,nonincident_zone_mean_response_min,6.234161328119324,3.7477013098551377,8.72062134638351,9
B_N,2,0.5,17.75,nonincident_zone_p95_response_min,9.820876693460054,3.810439342626693,15.831314044293414,9
B_N,2,0.5,17.75,nonincident_zone_strict_4min_rate,0.437037037037037,0.14533551904876746,0.7287385550253065,9
B_N,2,0.5,17.75,nonincident_zone_mean_wait_min,1.0342733937331003,-0.5526333341848824,2.621180121651083,9
B_N,2,0.5,17.75,nonincident_zone_mean_delay_penalty_yuan_per_call,534.2396730312723,81.08481461100752,987.3945314515372,9
B_N,2,0.5,17.75,max_incident_queue,1.5,0.4743778688025191,2.5256221311974807,10
B_N,2,0.5,17.75,incident_end_backlog,0.8,-0.45272591134470774,2.052725911344708,10
B_N,2,1.0,17.5,calls,10.1,7.13225058331147,13.067749416688528,10
B_N,2,1.0,17.5,mean_response_min,6.43449947874109,4.798948283718204,8.070050673763976,10
B_N,2,1.0,17.5,p95_response_min,11.418103341093454,7.20473637279269,15.631470309394219,10
B_N,2,1.0,17.5,strict_4min_rate,0.4077984515484515,0.24708040184029828,0.5685165012566047,10
B_N,2,1.0,17.5,mean_wait_min,0.7340848786511244,-0.19763438790471866,1.6658041452069674,10
B_N,2,1.0,17.5,mean_delay_penalty_yuan_per_call,568.4595860579082,268.7833044004448,868.1358677153714,10
B_N,2,1.0,17.5,incident_zone_calls,4.1,2.4669933970690625,5.733006602930937,10
B_N,2,1.0,17.5,incident_zone_mean_response_min,5.775578483791882,4.22527218552549,7.325884782058274,10
B_N,2,1.0,17.5,incident_zone_p95_response_min,7.808100133702699,5.4457452274593035,10.170455039946095,10
B_N,2,1.0,17.5,incident_zone_strict_4min_rate,0.5085714285714287,0.2860634568597554,0.7310794002831019,10
B_N,2,1.0,17.5,incident_zone_mean_wait_min,0.20894356912353293,-0.2637196223898889,0.6816067606369548,10
B_N,2,1.0,17.5,incident_zone_mean_delay_penalty_yuan_per_call,456.8299824726622,188.88898717019214,724.7709777751322,10
B_N,2,1.0,17.5,nonincident_zone_calls,6.0,3.499091158061146,8.500908841938854,10
B_N,2,1.0,17.5,nonincident_zone_mean_response_min,6.387354482789209,4.510780498768959,8.263928466809459,10
B_N,2,1.0,17.5,nonincident_zone_p95_response_min,11.113771755505347,6.365312911731361,15.862230599279332,10
B_N,2,1.0,17.5,nonincident_zone_strict_4min_rate,0.3983838383838384,0.19124178842206044,0.6055258883456164,10
B_N,2,1.0,17.5,nonincident_zone_mean_wait_min,0.8716628096087821,-0.2113130544514682,1.9546386736690322,10
B_N,2,1.0,17.5,nonincident_zone_mean_delay_penalty_yuan_per_call,557.1476642346096,212.29219285324558,902.0031356159736,10
B_N,2,1.0,17.5,max_incident_queue,1.6,0.8310144322718843,2.368985567728116,10
B_N,2,1.0,17.5,incident_end_backlog,0.2,-0.10162095503976065,0.5016209550397607,10
B_N,2,2.0,17.0,calls,21.4,17.876065427557318,24.92393457244268,10
B_N,2,2.0,17.0,mean_response_min,7.666843455029356,5.745295203270827,9.588391706787885,10
B_N,2,2.0,17.0,p95_response_min,14.461435574473331,9.606941887442208,19.315929261504454,10
B_N,2,2.0,17.0,strict_4min_rate,0.29196122717861844,0.19234374687263509,0.3915787074846018,10
B_N,2,2.0,17.0,mean_wait_min,1.2733230571611949,0.0012629392462304434,2.545383175076159,10
B_N,2,2.0,17.0,mean_delay_penalty_yuan_per_call,791.2514765026461,421.12707189649433,1161.375881108798,10
B_N,2,2.0,17.0,incident_zone_calls,8.4,6.132821394479695,10.667178605520306,10
B_N,2,2.0,17.0,incident_zone_mean_response_min,7.477211530415251,5.745724411259683,9.208698649570819,10
B_N,2,2.0,17.0,incident_zone_p95_response_min,13.084864018102945,9.126548915163074,17.043179121042815,10
B_N,2,2.0,17.0,incident_zone_strict_4min_rate,0.36950216450216444,0.19815305382131132,0.5408512751830176,10
B_N,2,2.0,17.0,incident_zone_mean_wait_min,1.4596579581425548,0.20573332447182735,2.7135825918132825,10
B_N,2,2.0,17.0,incident_zone_mean_delay_penalty_yuan_per_call,769.3427389834831,448.6001110339635,1090.0853669330027,10
B_N,2,2.0,17.0,nonincident_zone_calls,13.0,10.712845866617622,15.287154133382378,10
B_N,2,2.0,17.0,nonincident_zone_mean_response_min,7.684410882441301,5.6236903989770495,9.745131365905554,10
B_N,2,2.0,17.0,nonincident_zone_p95_response_min,14.438770408389464,9.135979761026622,19.741561055752307,10
B_N,2,2.0,17.0,nonincident_zone_strict_4min_rate,0.2528743315508021,0.16523585824178422,0.34051280485981994,10
B_N,2,2.0,17.0,nonincident_zone_mean_wait_min,1.1210102962713784,-0.21586626188274205,2.4578868544254986,10
B_N,2,2.0,17.0,nonincident_zone_mean_delay_penalty_yuan_per_call,786.5654879052605,384.99738942925154,1188.1335863812694,10
B_N,2,2.0,17.0,max_incident_queue,1.9,0.9197318961207779,2.8802681038792217,10
B_N,2,2.0,17.0,incident_end_backlog,0.1,-0.12621571627982048,0.3262157162798205,10
B_N,2,4.0,16.0,calls,40.6,36.06062967829507,45.13937032170493,10
B_N,2,4.0,16.0,mean_response_min,8.65200451590518,5.812973279064739,11.49103575274562,10
B_N,2,4.0,16.0,p95_response_min,20.86165713660805,11.19526348166522,30.528050791550875,10
B_N,2,4.0,16.0,strict_4min_rate,0.3065649553281411,0.23237927846084572,0.3807506321954365,10
B_N,2,4.0,16.0,mean_wait_min,2.222974764411642,-0.21576832387759248,4.6617178527008765,10
B_N,2,4.0,16.0,mean_delay_penalty_yuan_per_call,991.7138942466639,435.49266190739013,1547.9351265859377,10
B_N,2,4.0,16.0,incident_zone_calls,15.0,11.610956024844759,18.38904397515524,10
B_N,2,4.0,16.0,incident_zone_mean_response_min,8.80292186355083,5.243150793875246,12.362692933226414,10
B_N,2,4.0,16.0,incident_zone_p95_response_min,17.619215741945485,7.664211746995605,27.574219736895365,10
B_N,2,4.0,16.0,incident_zone_strict_4min_rate,0.3578849206349206,0.21063915530631855,0.5051306859635227,10
B_N,2,4.0,16.0,incident_zone_mean_wait_min,2.527486997341353,-0.6600841130959578,5.715058107778664,10
B_N,2,4.0,16.0,incident_zone_mean_delay_penalty_yuan_per_call,1032.16135683715,337.5688599728685,1726.7538537014314,10
B_N,2,4.0,16.0,nonincident_zone_calls,25.6,22.675676343358155,28.524323656641847,10
B_N,2,4.0,16.0,nonincident_zone_mean_response_min,8.428803914312478,6.059718358890072,10.797889469734885,10
B_N,2,4.0,16.0,nonincident_zone_p95_response_min,19.466865407511474,11.940385510007033,26.993345305015914,10
B_N,2,4.0,16.0,nonincident_zone_strict_4min_rate,0.28685029662588063,0.2303138740334077,0.34338671921835356,10
B_N,2,4.0,16.0,nonincident_zone_mean_wait_min,1.9471346435984294,0.05607928456088063,3.838190002635978,10
B_N,2,4.0,16.0,nonincident_zone_mean_delay_penalty_yuan_per_call,943.130842187672,479.50351777060723,1406.7581666047367,10
B_N,2,4.0,16.0,max_incident_queue,3.1,1.612776223085257,4.587223776914743,10
B_N,2,4.0,16.0,incident_end_backlog,0.7,-0.8835100139587433,2.283510013958743,10
B_N,2,5.0,15.483333333333333,calls,50.1,44.605756765282145,55.59424323471786,10
B_N,2,5.0,15.483333333333333,mean_response_min,9.300462926121282,4.647306179214759,13.953619673027806,10
B_N,2,5.0,15.483333333333333,p95_response_min,26.67837479244916,2.5108564989478097,50.84589308595051,10
B_N,2,5.0,15.483333333333333,strict_4min_rate,0.3243706019771889,0.2396959351186208,0.40904526883575704,10
B_N,2,5.0,15.483333333333333,mean_wait_min,2.9281660414218083,-1.230678698441638,7.0870107812852545,10
B_N,2,5.0,15.483333333333333,mean_delay_penalty_yuan_per_call,1124.595915465991,206.1795125723113,2043.0123183596709,10
B_N,2,5.0,15.483333333333333,incident_zone_calls,18.3,14.682905720795672,21.917094279204328,10
B_N,2,5.0,15.483333333333333,incident_zone_mean_response_min,9.679660952623095,4.229322259588768,15.129999645657422,10
B_N,2,5.0,15.483333333333333,incident_zone_p95_response_min,25.055097169788247,2.1575751697669148,47.95261916980958,10
B_N,2,5.0,15.483333333333333,incident_zone_strict_4min_rate,0.3983694867933998,0.27271360673778045,0.5240253668490191,10
B_N,2,5.0,15.483333333333333,incident_zone_mean_wait_min,3.4528841895446627,-1.537874309331876,8.443642688421201,10
B_N,2,5.0,15.483333333333333,incident_zone_mean_delay_penalty_yuan_per_call,1215.4242785637211,139.0551242999311,2291.7934328275114,10
B_N,2,5.0,15.483333333333333,nonincident_zone_calls,31.8,27.658885983476203,35.9411140165238,10
B_N,2,5.0,15.483333333333333,nonincident_zone_mean_response_min,8.983901093313204,4.879120427229473,13.088681759396934,10
B_N,2,5.0,15.483333333333333,nonincident_zone_p95_response_min,20.643392949561424,8.258500252040925,33.02828564708192,10
B_N,2,5.0,15.483333333333333,nonincident_zone_strict_4min_rate,0.2907003756497638,0.20948611413052393,0.3719146371690037,10
B_N,2,5.0,15.483333333333333,nonincident_zone_mean_wait_min,2.582356017023921,-0.9573120198217486,6.12202405386959,10
B_N,2,5.0,15.483333333333333,nonincident_zone_mean_delay_penalty_yuan_per_call,1054.4004211702825,246.56874245453446,1862.2320998860305,10
B_N,2,5.0,15.483333333333333,max_incident_queue,3.4,1.7410847472813165,5.058915252718683,10
B_N,2,5.0,15.483333333333333,incident_end_backlog,0.8,-1.0097257302385638,2.609725730238564,10
B_N,2,6.0,14.983333333333333,calls,58.4,52.52806667299961,64.27193332700038,10
B_N,2,6.0,14.983333333333333,mean_response_min,11.426675022422172,3.2971395614141805,19.556210483430164,10
B_N,2,6.0,14.983333333333333,p95_response_min,36.110459085326504,-7.097423334940572,79.31834150559358,10
B_N,2,6.0,14.983333333333333,strict_4min_rate,0.30574117529620154,0.24746160256880606,0.364020748023597,10
B_N,2,6.0,14.983333333333333,mean_wait_min,4.808994053863535,-3.0106809722663392,12.62866907999341,10
B_N,2,6.0,14.983333333333333,mean_delay_penalty_yuan_per_call,1546.483239543675,-70.73042828138182,3163.6969073687314,10
B_N,2,6.0,14.983333333333333,incident_zone_calls,21.2,17.284732284061803,25.115267715938195,10
B_N,2,6.0,14.983333333333333,incident_zone_mean_response_min,12.1054542212156,1.4539321500803108,22.756976292350892,10
B_N,2,6.0,14.983333333333333,incident_zone_p95_response_min,32.591270834326984,-11.445031555307125,76.6275732239611,10
B_N,2,6.0,14.983333333333333,incident_zone_strict_4min_rate,0.36867601480644957,0.2742865460630924,0.46306548354980676,10
B_N,2,6.0,14.983333333333333,incident_zone_mean_wait_min,5.815536635202922,-4.4819492922076885,16.113022562613533,10
B_N,2,6.0,14.983333333333333,incident_zone_mean_delay_penalty_yuan_per_call,1694.8260472044099,-423.2814679251537,3812.9335623339734,10
B_N,2,6.0,14.983333333333333,nonincident_zone_calls,37.2,33.142105066175745,41.25789493382426,10
B_N,2,6.0,14.983333333333333,nonincident_zone_mean_response_min,10.758897934631982,4.593857296153637,16.923938573110327,10
B_N,2,6.0,14.983333333333333,nonincident_zone_p95_response_min,37.38479895936214,-2.9005680083706835,77.67016592709497,10
B_N,2,6.0,14.983333333333333,nonincident_zone_strict_4min_rate,0.2785954668193119,0.22191798547565664,0.3352729481629672,10
B_N,2,6.0,14.983333333333333,nonincident_zone_mean_wait_min,4.009603682152205,-1.839986763828617,9.859194128133026,10
B_N,2,6.0,14.983333333333333,nonincident_zone_mean_delay_penalty_yuan_per_call,1407.4986802902586,181.59702981573787,2633.400330764779,10
B_N,2,6.0,14.983333333333333,max_incident_queue,3.7,1.4873990468378793,5.912600953162121,10
B_N,2,6.0,14.983333333333333,incident_end_backlog,1.9,-0.49522933823372606,4.295229338233726,10
B_N,2,8.0,13.883333333333333,calls,75.0,69.02440243960943,80.97559756039057,10
B_N,2,8.0,13.883333333333333,mean_response_min,24.77903018491232,14.60029257022456,34.95776779960008,10
B_N,2,8.0,13.883333333333333,p95_response_min,133.14521929029658,92.79979261091879,173.49064596967438,10
B_N,2,8.0,13.883333333333333,strict_4min_rate,0.2750510551993807,0.22190153082681183,0.3282005795719496,10
B_N,2,8.0,13.883333333333333,mean_wait_min,18.25232363881309,8.200933569284512,28.303713708341665,10
B_N,2,8.0,13.883333333333333,mean_delay_penalty_yuan_per_call,4210.793544219696,2179.7927102024382,6241.794378236953,10
B_N,2,8.0,13.883333333333333,incident_zone_calls,27.1,22.301832466309243,31.89816753369076,10
B_N,2,8.0,13.883333333333333,incident_zone_mean_response_min,24.5589853465297,11.161047036088437,37.95692365697096,10
B_N,2,8.0,13.883333333333333,incident_zone_p95_response_min,113.56455506931484,74.54527915866346,152.5838309799662,10
B_N,2,8.0,13.883333333333333,incident_zone_strict_4min_rate,0.33257309740717544,0.23858730274926737,0.4265588920650835,10
B_N,2,8.0,13.883333333333333,incident_zone_mean_wait_min,18.122874310650335,4.840412530607388,31.405336090693282,10
B_N,2,8.0,13.883333333333333,incident_zone_mean_delay_penalty_yuan_per_call,4178.256711621169,1506.2224623523884,6850.29096088995,10
B_N,2,8.0,13.883333333333333,nonincident_zone_calls,47.9,44.9514719605189,50.848528039481096,10
B_N,2,8.0,13.883333333333333,nonincident_zone_mean_response_min,24.734788482659603,16.558557876113323,32.91101908920588,10
B_N,2,8.0,13.883333333333333,nonincident_zone_p95_response_min,127.96998355324722,86.18644544253789,169.75352166395655,10
B_N,2,8.0,13.883333333333333,nonincident_zone_strict_4min_rate,0.249296730967346,0.20510888249325887,0.29348457944143314,10
B_N,2,8.0,13.883333333333333,nonincident_zone_mean_wait_min,18.199338382387396,10.101427312206607,26.297249452568185,10
B_N,2,8.0,13.883333333333333,nonincident_zone_mean_delay_penalty_yuan_per_call,4196.81704272539,2563.8864269259484,5829.747658524831,10
B_N,2,8.0,13.883333333333333,max_incident_queue,8.8,4.645178186913582,12.954821813086419,10
B_N,2,8.0,13.883333333333333,incident_end_backlog,8.3,3.954537992601347,12.645462007398654,10
B_N,2,10.0,10.266666666666666,calls,90.8,85.66579467196641,95.93420532803358,10
B_N,2,10.0,10.266666666666666,mean_response_min,15.005873734485599,4.141392343022323,25.870355125948876,10
B_N,2,10.0,10.266666666666666,p95_response_min,51.1922580375488,-8.109999215415158,110.49451529051275,10
B_N,2,10.0,10.266666666666666,strict_4min_rate,0.34242161553117784,0.29536315459049955,0.3894800764718561,10
B_N,2,10.0,10.266666666666666,mean_wait_min,8.823849169747486,-1.8539252086456006,19.50162354814057,10
B_N,2,10.0,10.266666666666666,mean_delay_penalty_yuan_per_call,2269.5864429058142,101.30220137645483,4437.870684435174,10
B_N,2,10.0,10.266666666666666,incident_zone_calls,32.3,27.712658605458525,36.88734139454147,10
B_N,2,10.0,10.266666666666666,incident_zone_mean_response_min,18.498758389140452,4.099623673042888,32.89789310523801,10
B_N,2,10.0,10.266666666666666,incident_zone_p95_response_min,60.0672866047075,-3.0867751423045036,123.2213483517195,10
B_N,2,10.0,10.266666666666666,incident_zone_strict_4min_rate,0.3848485877653438,0.3121717168782341,0.45752545865245353,10
B_N,2,10.0,10.266666666666666,incident_zone_mean_wait_min,12.106096381531843,-2.017079761831459,26.229272524895144,10
B_N,2,10.0,10.266666666666666,incident_zone_mean_delay_penalty_yuan_per_call,2976.523461569907,105.88581029231182,5847.1611128475015,10
B_N,2,10.0,10.266666666666666,nonincident_zone_calls,58.5,55.36818522163823,61.63181477836177,10
B_N,2,10.0,10.266666666666666,nonincident_zone_mean_response_min,12.520344800839105,4.202478893059968,20.83821070861824,10
B_N,2,10.0,10.266666666666666,nonincident_zone_p95_response_min,48.24774799588517,-11.354305103505098,107.84980109527544,10
B_N,2,10.0,10.266666666666666,nonincident_zone_strict_4min_rate,0.32329568889551524,0.2748074635721485,0.37178391421888196,10
B_N,2,10.0,10.266666666666666,nonincident_zone_mean_wait_min,6.477456840217546,-1.6942062324085851,14.649119912843677,10
B_N,2,10.0,10.266666666666666,nonincident_zone_mean_delay_penalty_yuan_per_call,1768.728097946924,107.83449374676252,3429.6217021470857,10
B_N,2,10.0,10.266666666666666,max_incident_queue,5.4,1.8121049522802002,8.9878950477198,10
B_N,2,10.0,10.266666666666666,incident_end_backlog,4.5,0.7410658650859148,8.258934134914085,10
B_N,2,11.0,8.7,calls,101.7,96.16862610877018,107.23137389122982,10
B_N,2,11.0,8.7,mean_response_min,14.429155065879886,3.40269836231759,25.455611769442182,10
B_N,2,11.0,8.7,p95_response_min,68.41120097481318,-9.366021583266786,146.18842353289315,10
B_N,2,11.0,8.7,strict_4min_rate,0.3593536154789682,0.32078678246941006,0.39792044848852637,10
B_N,2,11.0,8.7,mean_wait_min,8.385750738489453,-2.518141395235002,19.289642872213907,10
B_N,2,11.0,8.7,mean_delay_penalty_yuan_per_call,2157.568721861061,-45.01863282020395,4360.1560765423255,10
B_N,2,11.0,8.7,incident_zone_calls,36.4,31.59295299254826,41.207047007451735,10
B_N,2,11.0,8.7,incident_zone_mean_response_min,17.39042574183521,1.4030799755402352,33.37777150813018,10
B_N,2,11.0,8.7,incident_zone_p95_response_min,56.08110109817541,-12.126546609992133,124.28874880634295,10
B_N,2,11.0,8.7,incident_zone_strict_4min_rate,0.4044692021162609,0.33562391455427615,0.4733144896782457,10
B_N,2,11.0,8.7,incident_zone_mean_wait_min,11.133433692330083,-4.730273715454253,26.99714110011442,10
B_N,2,11.0,8.7,incident_zone_mean_delay_penalty_yuan_per_call,2758.676446209071,-431.7873108537874,5949.140203271929,10
B_N,2,11.0,8.7,nonincident_zone_calls,65.3,62.417783318797824,68.18221668120218,10
B_N,2,11.0,8.7,nonincident_zone_mean_response_min,12.177038026791365,4.657305815724479,19.696770237858253,10
B_N,2,11.0,8.7,nonincident_zone_p95_response_min,67.87887700096944,-5.828659899395376,141.58641390133425,10
B_N,2,11.0,8.7,nonincident_zone_strict_4min_rate,0.33775530710692964,0.2969256931520327,0.37858492106182656,10
B_N,2,11.0,8.7,nonincident_zone_mean_wait_min,6.2645445224141145,-1.1184476030030375,13.647536647831267,10
B_N,2,11.0,8.7,nonincident_zone_mean_delay_penalty_yuan_per_call,1702.9586667796593,200.06175725944445,3205.855576299874,10
B_N,2,11.0,8.7,max_incident_queue,5.5,1.5493123587079638,9.450687641292037,10
B_N,2,11.0,8.7,incident_end_backlog,4.0,-0.4226313560600907,8.42263135606009,10
B_N,2,12.0,8.05,calls,111.3,104.94579421324885,117.65420578675115,10
B_N,2,12.0,8.05,mean_response_min,22.61455304562934,11.293883248706845,33.93522284255184,10
B_N,2,12.0,8.05,p95_response_min,126.94558989378918,43.001560286259476,210.88961950131886,10
B_N,2,12.0,8.05,strict_4min_rate,0.34043126829559994,0.2985188430066489,0.382343693584551,10
B_N,2,12.0,8.05,mean_wait_min,16.56889284646821,5.273024339445673,27.864761353490746,10
B_N,2,12.0,8.05,mean_delay_penalty_yuan_per_call,3790.9968627849876,1529.157670300367,6052.836055269609,10
B_N,2,12.0,8.05,incident_zone_calls,39.8,35.191018624336905,44.40898137566309,10
B_N,2,12.0,8.05,incident_zone_mean_response_min,25.245816950929793,9.644362815038141,40.84727108682144,10
B_N,2,12.0,8.05,incident_zone_p95_response_min,121.87357697540706,38.90813087520007,204.83902307561405,10
B_N,2,12.0,8.05,incident_zone_strict_4min_rate,0.3682179914884685,0.31621570848799946,0.42022027448893756,10
B_N,2,12.0,8.05,incident_zone_mean_wait_min,18.71631894749509,3.1525240839051065,34.28011381108507,10
B_N,2,12.0,8.05,incident_zone_mean_delay_penalty_yuan_per_call,4322.806988483653,1207.6178264433333,7437.9961505239735,10
B_N,2,12.0,8.05,nonincident_zone_calls,71.5,67.97525875830732,75.02474124169268,10
B_N,2,12.0,8.05,nonincident_zone_mean_response_min,20.799073944932807,12.12295963282347,29.475188257042145,10
B_N,2,12.0,8.05,nonincident_zone_p95_response_min,104.23491920507009,36.40053045834577,172.0693079517944,10
B_N,2,12.0,8.05,nonincident_zone_strict_4min_rate,0.32664439962333175,0.27915682381859186,0.37413197542807164,10
B_N,2,12.0,8.05,nonincident_zone_mean_wait_min,15.034418686134307,6.384366371997643,23.68447100027097,10
B_N,2,12.0,8.05,nonincident_zone_mean_delay_penalty_yuan_per_call,3425.143668911227,1691.4480457364803,5158.839292085973,10
B_N,2,12.0,8.05,max_incident_queue,8.1,3.868563287467855,12.331436712532145,10
B_N,2,12.0,8.05,incident_end_backlog,7.7,3.328446722383121,12.071553277616879,10
B_N,3,0.5,17.75,calls,5.7,2.8575125336947695,8.54248746630523,10
B_N,3,0.5,17.75,mean_response_min,7.18240611272658,4.632399870973025,9.732412354480136,9
B_N,3,0.5,17.75,p95_response_min,11.88072887415906,6.565934089705842,17.195523658612277,9
B_N,3,0.5,17.75,strict_4min_rate,0.3518117684784351,0.16155453270616724,0.5420690042507029,9
B_N,3,0.5,17.75,mean_wait_min,1.1717505007576992,-0.7002118272130031,3.0437128287284017,9
B_N,3,0.5,17.75,mean_delay_penalty_yuan_per_call,706.8435762410027,225.2350428057918,1188.4521096762135,9
B_N,3,0.5,17.75,incident_zone_calls,2.4,0.8111130265481592,3.988886973451841,10
B_N,3,0.5,17.75,incident_zone_mean_response_min,7.659884301069716,4.8851243328630325,10.434644269276399,9
B_N,3,0.5,17.75,incident_zone_p95_response_min,9.739193789446924,4.957015622169526,14.521371956724323,9
B_N,3,0.5,17.75,incident_zone_strict_4min_rate,0.3101851851851852,0.056420867800969166,0.5639495025694012,9
B_N,3,0.5,17.75,incident_zone_mean_wait_min,0.8869420942451648,-1.1583500427708282,2.932234231261158,9
B_N,3,0.5,17.75,incident_zone_mean_delay_penalty_yuan_per_call,794.01389725098,272.5272642421563,1315.5005302598038,9
B_N,3,0.5,17.75,nonincident_zone_calls,3.3,1.3035403904053173,5.296459609594683,10
B_N,3,0.5,17.75,nonincident_zone_mean_response_min,6.172427477400117,3.5783950499912818,8.76645990480895,9
B_N,3,0.5,17.75,nonincident_zone_p95_response_min,9.3224507878889,3.1787579257523584,15.466143650025444,9
B_N,3,0.5,17.75,nonincident_zone_strict_4min_rate,0.42592592592592593,0.07846532458762112,0.7733865272642307,9
B_N,3,0.5,17.75,nonincident_zone_mean_wait_min,1.05088521351849,-0.5648646970794371,2.666635124116417,9
B_N,3,0.5,17.75,nonincident_zone_mean_delay_penalty_yuan_per_call,519.6706806652084,51.41688749123108,987.9244738391856,9
B_N,3,0.5,17.75,max_incident_queue,1.5,0.4743778688025191,2.5256221311974807,10
B_N,3,0.5,17.75,incident_end_backlog,0.8,-0.45272591134470774,2.052725911344708,10
B_N,3,1.0,17.5,calls,10.8,7.676365857583001,13.923634142417,10
B_N,3,1.0,17.5,mean_response_min,7.570561375102754,5.718656903951372,9.422465846254136,10
B_N,3,1.0,17.5,p95_response_min,12.631662221908615,7.633295593489285,17.630028850327946,10
B_N,3,1.0,17.5,strict_4min_rate,0.28738636363636366,0.22551870484394998,0.34925402242877734,10
B_N,3,1.0,17.5,mean_wait_min,0.9345300352626236,-0.3205882517741645,2.1896483222994116,10
B_N,3,1.0,17.5,mean_delay_penalty_yuan_per_call,771.5895477478236,410.49305125598863,1132.6860442396587,10
B_N,3,1.0,17.5,incident_zone_calls,5.0,3.530081290571291,6.469918709428709,10
B_N,3,1.0,17.5,incident_zone_mean_response_min,7.825644148521701,6.243445372463027,9.407842924580375,10
B_N,3,1.0,17.5,incident_zone_p95_response_min,10.675515582415857,7.3084332795797655,14.042597885251947,10
B_N,3,1.0,17.5,incident_zone_strict_4min_rate,0.2108333333333333,0.06992968875926042,0.35173697790740616,10
B_N,3,1.0,17.5,incident_zone_mean_wait_min,0.627547325788637,-0.3199758704019753,1.5750705219792493,10
B_N,3,1.0,17.5,incident_zone_mean_delay_penalty_yuan_per_call,807.295496371007,511.62194889614443,1102.9690438458695,10
B_N,3,1.0,17.5,nonincident_zone_calls,5.8,3.372935057809216,8.227064942190783,10
B_N,3,1.0,17.5,nonincident_zone_mean_response_min,6.923122792240721,4.445914009485078,9.400331574996365,10
B_N,3,1.0,17.5,nonincident_zone_p95_response_min,11.623171013345122,5.791710936558699,17.454631090131542,10
B_N,3,1.0,17.5,nonincident_zone_strict_4min_rate,0.3675,0.14927217125104034,0.5857278287489597,10
B_N,3,1.0,17.5,nonincident_zone_mean_wait_min,1.0527410538715471,-0.3917509921733302,2.4972330999164245,10
B_N,3,1.0,17.5,nonincident_zone_mean_delay_penalty_yuan_per_call,658.1245584481443,184.34012184407055,1131.908995052218,10
B_N,3,1.0,17.5,max_incident_queue,1.8,0.7443266573608376,2.8556733426391627,10
B_N,3,1.0,17.5,incident_end_backlog,0.3,-0.18282911193318369,0.7828291119331836,10
B_N,3,2.0,17.0,calls,22.8,19.315005126359654,26.284994873640347,10
B_N,3,2.0,17.0,mean_response_min,9.03141889993552,6.612902217877542,11.449935581993499,10
B_N,3,2.0,17.0,p95_response_min,17.08345063112653,11.160862071726726,23.006039190526337,10
B_N,3,2.0,17.0,strict_4min_rate,0.21956458477110646,0.15371719042939608,0.28541197911281685,10
B_N,3,2.0,17.0,mean_wait_min,1.9767614291901783,0.22101213051830504,3.7325107278620515,10
B_N,3,2.0,17.0,mean_delay_penalty_yuan_per_call,1050.1966969413256,575.7540244553825,1524.6393694272688,10
B_N,3,2.0,17.0,incident_zone_calls,10.5,7.926261126726962,13.073738873273038,10
B_N,3,2.0,17.0,incident_zone_mean_response_min,9.333964136120693,7.311622414829417,11.35630585741197,10
B_N,3,2.0,17.0,incident_zone_p95_response_min,14.906503508354481,9.876419567597445,19.936587449111517,10
B_N,3,2.0,17.0,incident_zone_strict_4min_rate,0.18128787878787875,0.08468244177961025,0.27789331579614723,10
B_N,3,2.0,17.0,incident_zone_mean_wait_min,1.7651814391750693,0.08961505221942478,3.440747826130714,10
B_N,3,2.0,17.0,incident_zone_mean_delay_penalty_yuan_per_call,1103.0504029817146,707.7027716012562,1498.398034362173,10
B_N,3,2.0,17.0,nonincident_zone_calls,12.3,9.890569572881406,14.709430427118596,10
B_N,3,2.0,17.0,nonincident_zone_mean_response_min,8.832837933036952,6.041454472264952,11.624221393808952,10
B_N,3,2.0,17.0,nonincident_zone_p95_response_min,17.753875847635257,11.192144883961483,24.31560681130903,10
B_N,3,2.0,17.0,nonincident_zone_strict_4min_rate,0.2367277167277167,0.14721017534543995,0.32624525810999344,10
B_N,3,2.0,17.0,nonincident_zone_mean_wait_min,2.1427808046549544,0.2183145395359618,4.067247069773947,10
B_N,3,2.0,17.0,nonincident_zone_mean_delay_penalty_yuan_per_call,1013.9131299529338,465.06047064235656,1562.7657892635111,10
B_N,3,2.0,17.0,max_incident_queue,2.4,1.174809888807004,3.625190111192996,10
B_N,3,2.0,17.0,incident_end_backlog,0.4,-0.10018176838777082,0.9001817683877709,10
B_N,3,4.0,16.0,calls,43.2,38.55415601605523,47.845843983944775,10
B_N,3,4.0,16.0,mean_response_min,10.782931342070972,6.867227910158523,14.698634773983422,10
B_N,3,4.0,16.0,p95_response_min,25.03823763640876,12.241091095560966,37.83538417725655,10
B_N,3,4.0,16.0,strict_4min_rate,0.2098754498846036,0.14662175048099632,0.27312914928821086,10
B_N,3,4.0,16.0,mean_wait_min,3.5272848713958576,0.05782386393899941,6.996745878852716,10
B_N,3,4.0,16.0,mean_delay_penalty_yuan_per_call,1398.561358391115,624.2279203389679,2172.894796443262,10
B_N,3,4.0,16.0,incident_zone_calls,18.9,15.970819466308475,21.829180533691524,10
B_N,3,4.0,16.0,incident_zone_mean_response_min,11.48847981512508,7.430378573995509,15.546581056254652,10
B_N,3,4.0,16.0,incident_zone_p95_response_min,25.331868483377196,10.262597669625118,40.401139297129276,10
B_N,3,4.0,16.0,incident_zone_strict_4min_rate,0.15751288314368808,0.09394240160748549,0.22108336467989068,10
B_N,3,4.0,16.0,incident_zone_mean_wait_min,3.7434759513415323,-0.11180385457720643,7.598755757260271,10
B_N,3,4.0,16.0,incident_zone_mean_delay_penalty_yuan_per_call,1529.1985396537534,723.9399871815081,2334.4570921259988,10
B_N,3,4.0,16.0,nonincident_zone_calls,24.3,20.99504765354716,27.60495234645284,10
B_N,3,4.0,16.0,nonincident_zone_mean_response_min,10.169323274409496,6.321225345681041,14.017421203137951,10
B_N,3,4.0,16.0,nonincident_zone_p95_response_min,22.781407288751172,12.324578833865202,33.23823574363714,10
B_N,3,4.0,16.0,nonincident_zone_strict_4min_rate,0.25225041310403384,0.17135793801407267,0.333142888193995,10
B_N,3,4.0,16.0,nonincident_zone_mean_wait_min,3.3077348050810835,0.14910249838902923,6.466367111773138,10
B_N,3,4.0,16.0,nonincident_zone_mean_delay_penalty_yuan_per_call,1284.314737502706,527.0344326268545,2041.5950423785575,10
B_N,3,4.0,16.0,max_incident_queue,3.9,2.1013044814476247,5.698695518552375,10
B_N,3,4.0,16.0,incident_end_backlog,1.0,-0.7844136342699262,2.784413634269926,10
B_N,3,5.0,15.483333333333333,calls,53.1,47.35285429639506,58.847145703604944,10
B_N,3,5.0,15.483333333333333,mean_response_min,13.267625135943788,4.759941765245218,21.77530850664236,10
B_N,3,5.0,15.483333333333333,p95_response_min,42.212897870564724,-2.9466002109635525,87.372395952093,10
B_N,3,5.0,15.483333333333333,strict_4min_rate,0.20627583864688442,0.14525269327270013,0.2672989840210687,10
B_N,3,5.0,15.483333333333333,mean_wait_min,5.931344600594671,-2.249879915429884,14.112569116619227,10
B_N,3,5.0,15.483333333333333,mean_delay_penalty_yuan_per_call,1894.7801949181344,198.46502555570328,3591.0953642805653,10
B_N,3,5.0,15.483333333333333,incident_zone_calls,23.7,20.13037620711845,27.26962379288155,10
B_N,3,5.0,15.483333333333333,incident_zone_mean_response_min,14.108601258203185,5.0293713218816904,23.18783119452468,10
B_N,3,5.0,15.483333333333333,incident_zone_p95_response_min,41.51465343817625,-4.577002600212495,87.606309476565,10
B_N,3,5.0,15.483333333333333,incident_zone_strict_4min_rate,0.16971093878897872,0.11040782344934459,0.22901405412861287,10
B_N,3,5.0,15.483333333333333,incident_zone_mean_wait_min,6.405504740982622,-2.557403189362864,15.368412671328107,10
B_N,3,5.0,15.483333333333333,incident_zone_mean_delay_penalty_yuan_per_call,2055.662439398432,244.31098792943135,3867.0138908674326,10
B_N,3,5.0,15.483333333333333,nonincident_zone_calls,29.4,24.688530067308108,34.11146993269189,10
B_N,3,5.0,15.483333333333333,nonincident_zone_mean_response_min,12.442766696019806,4.438705836182443,20.44682755585717,10
B_N,3,5.0,15.483333333333333,nonincident_zone_p95_response_min,36.432854663132,0.5424096741452971,72.32329965211869,10
B_N,3,5.0,15.483333333333333,nonincident_zone_strict_4min_rate,0.24283328376851246,0.1628761846581766,0.3227903828788483,10
B_N,3,5.0,15.483333333333333,nonincident_zone_mean_wait_min,5.471091950812031,-2.002033531399597,12.94421743302366,10
B_N,3,5.0,15.483333333333333,nonincident_zone_mean_delay_penalty_yuan_per_call,1737.1199959576636,142.5877628492044,3331.652229066123,10
B_N,3,5.0,15.483333333333333,max_incident_queue,4.6,2.234630085605111,6.965369914394888,10
B_N,3,5.0,15.483333333333333,incident_end_backlog,1.8,-1.0969746715991022,4.6969746715991025,10
B_N,3,6.0,14.983333333333333,calls,62.1,56.0445320775989,68.1554679224011,10
B_N,3,6.0,14.983333333333333,mean_response_min,17.231056121914484,7.7310453576983615,26.731066886130606,10
B_N,3,6.0,14.983333333333333,p95_response_min,53.31958462168397,11.825231739608398,94.81393750375955,10
B_N,3,6.0,14.983333333333333,strict_4min_rate,0.18898588180237846,0.143549797734907,0.23442196586984992,10
B_N,3,6.0,14.983333333333333,mean_wait_min,9.807000871711661,0.5774416993556954,19.036560044067627,10
B_N,3,6.0,14.983333333333333,mean_delay_penalty_yuan_per_call,2684.008400743373,790.0143443375152,4578.00245714923,10
B_N,3,6.0,14.983333333333333,incident_zone_calls,27.5,23.534946174425055,31.465053825574945,10
B_N,3,6.0,14.983333333333333,incident_zone_mean_response_min,17.627909006401364,6.751888891882709,28.50392912092002,10
B_N,3,6.0,14.983333333333333,incident_zone_p95_response_min,50.094074947805225,6.866496201087294,93.32165369452315,10
B_N,3,6.0,14.983333333333333,incident_zone_strict_4min_rate,0.1745210339503817,0.11608922786641959,0.23295284003434383,10
B_N,3,6.0,14.983333333333333,incident_zone_mean_wait_min,9.902770251174053,-0.9253174063859149,20.73085790873402,10
B_N,3,6.0,14.983333333333333,incident_zone_mean_delay_penalty_yuan_per_call,2760.4860080703497,589.9963691288021,4930.975647011897,10
B_N,3,6.0,14.983333333333333,nonincident_zone_calls,34.6,29.68765107736731,39.51234892263269,10
B_N,3,6.0,14.983333333333333,nonincident_zone_mean_response_min,16.635343727627195,8.235567998478128,25.03511945677626,10
B_N,3,6.0,14.983333333333333,nonincident_zone_p95_response_min,53.972045876265405,11.575032936338758,96.36905881619205,10
B_N,3,6.0,14.983333333333333,nonincident_zone_strict_4min_rate,0.206635605534764,0.1490822772902666,0.26418893377926145,10
B_N,3,6.0,14.983333333333333,nonincident_zone_mean_wait_min,9.491489914660706,1.571206114853375,17.411773714468037,10
B_N,3,6.0,14.983333333333333,nonincident_zone_mean_delay_penalty_yuan_per_call,2568.3958666323915,896.2672739637665,4240.524459301017,10
B_N,3,6.0,14.983333333333333,max_incident_queue,5.9,3.2565112843302773,8.543488715669724,10
B_N,3,6.0,14.983333333333333,incident_end_backlog,4.7,1.6453897133611433,7.754610286638857,10
B_N,3,8.0,13.883333333333333,calls,79.5,73.26138413010736,85.73861586989264,10
B_N,3,8.0,13.883333333333333,mean_response_min,37.66343509369569,26.449963562889884,48.876906624501494,10
B_N,3,8.0,13.883333333333333,p95_response_min,172.06846265126447,145.8625811177174,198.27434418481153,10
B_N,3,8.0,13.883333333333333,strict_4min_rate,0.1902539256645984,0.1460991210802594,0.23440873024893738,10
B_N,3,8.0,13.883333333333333,mean_wait_min,30.446477597146707,19.413936971920016,41.4790182223734,10
B_N,3,8.0,13.883333333333333,mean_delay_penalty_yuan_per_call,6770.737803872058,4534.0777744622,9007.397833281917,10
B_N,3,8.0,13.883333333333333,incident_zone_calls,35.4,30.97479809367576,39.82520190632424,10
B_N,3,8.0,13.883333333333333,incident_zone_mean_response_min,36.96034872494558,24.437136188671722,49.48356126121944,10
B_N,3,8.0,13.883333333333333,incident_zone_p95_response_min,170.78052527159468,149.1602065210112,192.40084402217818,10
B_N,3,8.0,13.883333333333333,incident_zone_strict_4min_rate,0.1723041675345695,0.13001874283392895,0.21458959223521007,10
B_N,3,8.0,13.883333333333333,incident_zone_mean_wait_min,29.43407509728262,17.003436617868886,41.86471357669635,10
B_N,3,8.0,13.883333333333333,incident_zone_mean_delay_penalty_yuan_per_call,6626.530578496031,4126.888186767126,9126.172970224936,10
B_N,3,8.0,13.883333333333333,nonincident_zone_calls,44.1,40.36839288918912,47.831607110810886,10
B_N,3,8.0,13.883333333333333,nonincident_zone_mean_response_min,38.648503147542066,27.553234357741523,49.74377193734261,10
B_N,3,8.0,13.883333333333333,nonincident_zone_p95_response_min,167.55240243132786,131.33989220374488,203.76491265891084,10
B_N,3,8.0,13.883333333333333,nonincident_zone_strict_4min_rate,0.2047328533486615,0.15208608848732097,0.25737961821000205,10
B_N,3,8.0,13.883333333333333,nonincident_zone_mean_wait_min,31.711726342438073,20.800788465830067,42.62266421904608,10
B_N,3,8.0,13.883333333333333,nonincident_zone_mean_delay_penalty_yuan_per_call,6970.647200178146,4758.349104621663,9182.94529573463,10
B_N,3,8.0,13.883333333333333,max_incident_queue,12.4,8.026496151923471,16.77350384807653,10
B_N,3,8.0,13.883333333333333,incident_end_backlog,11.8,7.418702554090909,16.18129744590909,10
B_N,3,10.0,10.266666666666666,calls,96.5,91.01818953980856,101.98181046019144,10
B_N,3,10.0,10.266666666666666,mean_response_min,29.17104857998125,15.38632224093162,42.95577491903088,10
B_N,3,10.0,10.266666666666666,p95_response_min,174.15833266383706,94.59044460631051,253.7262207213636,10
B_N,3,10.0,10.266666666666666,strict_4min_rate,0.24619430051476715,0.20637641881868235,0.28601218221085195,10
B_N,3,10.0,10.266666666666666,mean_wait_min,22.303011605894014,8.604377632299503,36.001645579488525,10
B_N,3,10.0,10.266666666666666,mean_delay_penalty_yuan_per_call,5083.448576099205,2329.501356310018,7837.395795888391,10
B_N,3,10.0,10.266666666666666,incident_zone_calls,41.7,36.95426000727927,46.44573999272074,10
B_N,3,10.0,10.266666666666666,incident_zone_mean_response_min,31.253706664160735,16.941344312753408,45.56606901556806,10
B_N,3,10.0,10.266666666666666,incident_zone_p95_response_min,159.5780896128752,80.90967605237367,238.24650317337674,10
B_N,3,10.0,10.266666666666666,incident_zone_strict_4min_rate,0.2167260831153656,0.19270931516903506,0.24074285106169613,10
B_N,3,10.0,10.266666666666666,incident_zone_mean_wait_min,23.923061003911123,9.599085969571563,38.247036038250684,10
B_N,3,10.0,10.266666666666666,incident_zone_mean_delay_penalty_yuan_per_call,5494.08654945522,2634.563078560001,8353.61002035044,10
B_N,3,10.0,10.266666666666666,nonincident_zone_calls,54.8,50.9138858372186,58.686114162781394,10
B_N,3,10.0,10.266666666666666,nonincident_zone_mean_response_min,27.289912802111935,12.897481436735271,41.6823441674886,10
B_N,3,10.0,10.266666666666666,nonincident_zone_p95_response_min,135.16165362047929,63.40897442138535,206.91433281957322,10
B_N,3,10.0,10.266666666666666,nonincident_zone_strict_4min_rate,0.27153228185727973,0.2121469137122106,0.33091765000234885,10
B_N,3,10.0,10.266666666666666,nonincident_zone_mean_wait_min,20.794434428098054,6.523104302631264,35.06576455356485,10
B_N,3,10.0,10.266666666666666,nonincident_zone_mean_delay_penalty_yuan_per_call,4712.289016793843,1837.334673755572,7587.243359832114,10
B_N,3,10.0,10.266666666666666,max_incident_queue,9.6,5.918247037436446,13.281752962563553,10
B_N,3,10.0,10.266666666666666,incident_end_backlog,8.8,4.855794213182375,12.744205786817627,10
B_N,3,11.0,8.7,calls,107.9,101.95827771168643,113.84172228831358,10
B_N,3,11.0,8.7,mean_response_min,28.53056229456872,14.026358377439214,43.034766211698226,10
B_N,3,11.0,8.7,p95_response_min,157.68731916236578,64.1874518845456,251.18718644018597,10
B_N,3,11.0,8.7,strict_4min_rate,0.2471892094330123,0.2159062841888584,0.27847213467716625,10
B_N,3,11.0,8.7,mean_wait_min,21.70701662840181,7.277890062119068,36.13614319468455,10
B_N,3,11.0,8.7,mean_delay_penalty_yuan_per_call,4955.550300800346,2056.3461191079914,7854.754482492701,10
B_N,3,11.0,8.7,incident_zone_calls,45.8,40.66579467196642,50.93420532803358,10
B_N,3,11.0,8.7,incident_zone_mean_response_min,28.32303918629585,14.451018716468235,42.19505965612347,10
B_N,3,11.0,8.7,incident_zone_p95_response_min,145.73711010716536,47.74546343188008,243.72875678245066,10
B_N,3,11.0,8.7,incident_zone_strict_4min_rate,0.2289521639408576,0.19773675859388232,0.2601675692878329,10
B_N,3,11.0,8.7,incident_zone_mean_wait_min,21.048837997745657,7.281669557531625,34.816006437959686,10
B_N,3,11.0,8.7,incident_zone_mean_delay_penalty_yuan_per_call,4910.398270047343,2139.720399421194,7681.076140673493,10
B_N,3,11.0,8.7,nonincident_zone_calls,62.1,57.93629231946808,66.26370768053192,10
B_N,3,11.0,8.7,nonincident_zone_mean_response_min,28.533827906362895,11.340324279293089,45.727331533432704,10
B_N,3,11.0,8.7,nonincident_zone_p95_response_min,137.55135383860332,45.41730262379818,229.68540505340846,10
B_N,3,11.0,8.7,nonincident_zone_strict_4min_rate,0.2640690455929485,0.22042208847957462,0.30771600270632243,10
B_N,3,11.0,8.7,nonincident_zone_mean_wait_min,22.06814475496273,4.922620635415875,39.21366887450959,10
B_N,3,11.0,8.7,nonincident_zone_mean_delay_penalty_yuan_per_call,4959.579390391169,1522.288905538197,8396.869875244141,10
B_N,3,11.0,8.7,max_incident_queue,9.4,5.253397427036275,13.546602572963724,10
B_N,3,11.0,8.7,incident_end_backlog,8.6,4.2919910740696166,12.908008925930382,10
B_N,3,12.0,8.05,calls,118.0,111.1551312454266,124.8448687545734,10
B_N,3,12.0,8.05,mean_response_min,39.759612303134,27.017508378430197,52.501716227837804,10
B_N,3,12.0,8.05,p95_response_min,248.21443389353368,177.46143508607102,318.96743270099637,10
B_N,3,12.0,8.05,strict_4min_rate,0.2502016678998378,0.2185600603045969,0.28184327549507865,10
B_N,3,12.0,8.05,mean_wait_min,33.1564905261547,20.43595037072741,45.877030681581985,10
B_N,3,12.0,8.05,mean_delay_penalty_yuan_per_call,7201.646833582626,4653.543922946773,9749.74974421848,10
B_N,3,12.0,8.05,incident_zone_calls,50.1,44.402536640291544,55.79746335970846,10
B_N,3,12.0,8.05,incident_zone_mean_response_min,44.63254131957815,31.694948787638204,57.5701338515181,10
B_N,3,12.0,8.05,incident_zone_p95_response_min,264.17278634380943,205.6789714190227,322.66660126859614,10
B_N,3,12.0,8.05,incident_zone_strict_4min_rate,0.22908810848063968,0.1955357964735207,0.26264042048775865,10
B_N,3,12.0,8.05,incident_zone_mean_wait_min,37.5088439592237,24.562570484368216,50.45511743407918,10
B_N,3,12.0,8.05,incident_zone_mean_delay_penalty_yuan_per_call,8171.962382667994,5585.063549423716,10758.861215912271,10
B_N,3,12.0,8.05,nonincident_zone_calls,67.9,63.601901390683416,72.19809860931659,10
B_N,3,12.0,8.05,nonincident_zone_mean_response_min,35.934009468730636,22.557502275315258,49.310516662146014,10
B_N,3,12.0,8.05,nonincident_zone_p95_response_min,230.97921063050853,158.06879917183034,303.88962208918673,10
B_N,3,12.0,8.05,nonincident_zone_strict_4min_rate,0.270309658596361,0.2249513679614698,0.31566794923125224,10
B_N,3,12.0,8.05,nonincident_zone_mean_wait_min,29.73947328110942,16.38480374325534,43.0941428189635,10
B_N,3,12.0,8.05,nonincident_zone_mean_delay_penalty_yuan_per_call,6440.594853203219,3765.918022014153,9115.271684392284,10
B_N,3,12.0,8.05,max_incident_queue,13.2,8.897273735683815,17.502726264316184,10
B_N,3,12.0,8.05,incident_end_backlog,13.1,8.749307220912433,17.450692779087568,10
B_N,4,0.5,17.75,calls,4.9,2.343995972757931,7.45600402724207,10
B_N,4,0.5,17.75,mean_response_min,5.758346193408179,3.4049087948569543,8.111783591959403,9
B_N,4,0.5,17.75,p95_response_min,9.643440510380776,3.8706861709342046,15.416194849827347,9
B_N,4,0.5,17.75,strict_4min_rate,0.5253086419753087,0.2664033390065645,0.7842139449440528,9
B_N,4,0.5,17.75,mean_wait_min,0.6012024272452335,-0.36382958856194114,1.5662344430524082,9
B_N,4,0.5,17.75,mean_delay_penalty_yuan_per_call,456.7309670766975,30.64275220573529,882.8191819476597,9
B_N,4,0.5,17.75,incident_zone_calls,0.9,0.04356112057822714,1.756438879421773,10
B_N,4,0.5,17.75,incident_zone_mean_response_min,4.5363152137946186,0.587091231402451,8.485539196186785,6
B_N,4,0.5,17.75,incident_zone_p95_response_min,5.92413326051065,-1.5925905839380183,13.440857104959317,6
B_N,4,0.5,17.75,incident_zone_strict_4min_rate,0.8333333333333334,0.40490302739394757,1.2617636392727192,6
B_N,4,0.5,17.75,incident_zone_mean_wait_min,0.47614360041219084,-0.7478224899618626,1.7001096907862443,6
B_N,4,0.5,17.75,incident_zone_mean_delay_penalty_yuan_per_call,273.9297094255904,-430.2290258649661,978.0884447161468,6
B_N,4,0.5,17.75,nonincident_zone_calls,4.0,1.737842837201795,6.262157162798205,10
B_N,4,0.5,17.75,nonincident_zone_mean_response_min,5.958905208770348,3.6554306341884577,8.26237978335224,9
B_N,4,0.5,17.75,nonincident_zone_p95_response_min,9.595304289832454,3.9389932672789536,15.251615312385955,9
B_N,4,0.5,17.75,nonincident_zone_strict_4min_rate,0.47870370370370374,0.1988472889303602,0.7585601184770473,9
B_N,4,0.5,17.75,nonincident_zone_mean_wait_min,0.6479309520185106,-0.4114139704200155,1.7072758744570367,9
B_N,4,0.5,17.75,nonincident_zone_mean_delay_penalty_yuan_per_call,487.5217824948104,72.63251498993924,902.4110499996816,9
B_N,4,0.5,17.75,max_incident_queue,1.2,0.6357188627848342,1.7642811372151657,10
B_N,4,0.5,17.75,incident_end_backlog,0.5,-0.27267376906853535,1.2726737690685352,10
B_N,4,1.0,17.5,calls,8.6,5.397273995714242,11.802726004285757,10
B_N,4,1.0,17.5,mean_response_min,5.507444965134691,3.543773903676406,7.471116026592975,10
B_N,4,1.0,17.5,p95_response_min,9.23765814339632,4.6978819037573185,13.777434383035322,10
B_N,4,1.0,17.5,strict_4min_rate,0.545795177045177,0.31742858475810887,0.7741617693322451,10
B_N,4,1.0,17.5,mean_wait_min,0.635893501010101,-0.2995060968515513,1.5712930988717533,10
B_N,4,1.0,17.5,mean_delay_penalty_yuan_per_call,410.64802843597346,58.7344514717895,762.5616054001574,10
B_N,4,1.0,17.5,incident_zone_calls,2.0,0.7841270590907408,3.215872940909259,10
B_N,4,1.0,17.5,incident_zone_mean_response_min,4.428650436353065,2.162195303117617,6.695105569588513,9
B_N,4,1.0,17.5,incident_zone_p95_response_min,5.196386014334951,1.3195826630463694,9.073189365623534,9
B_N,4,1.0,17.5,incident_zone_strict_4min_rate,0.7777777777777778,0.43882702977573396,1.1167285257798216,9
B_N,4,1.0,17.5,incident_zone_mean_wait_min,0.2708527747897649,-0.35373484390695553,0.8954403934864853,9
B_N,4,1.0,17.5,incident_zone_mean_delay_penalty_yuan_per_call,241.28564282616875,-147.2757231706099,629.8470088229474,9
B_N,4,1.0,17.5,nonincident_zone_calls,6.6,4.005358437391939,9.19464156260806,10
B_N,4,1.0,17.5,nonincident_zone_mean_response_min,5.750112654899246,3.794115152585797,7.706110157212694,10
B_N,4,1.0,17.5,nonincident_zone_p95_response_min,9.449355792644177,4.818322867919829,14.080388717368525,10
B_N,4,1.0,17.5,nonincident_zone_strict_4min_rate,0.48166666666666674,0.2563989934221588,0.7069343399111747,10
B_N,4,1.0,17.5,nonincident_zone_mean_wait_min,0.6982411859685453,-0.32668623081691206,1.7231686027540027,10
B_N,4,1.0,17.5,nonincident_zone_mean_delay_penalty_yuan_per_call,446.3558643131825,92.26101175643367,800.4507168699313,10
B_N,4,1.0,17.5,max_incident_queue,1.5,0.7273262309314646,2.2726737690685352,10
B_N,4,1.0,17.5,incident_end_backlog,0.1,-0.12621571627982048,0.3262157162798205,10
B_N,4,2.0,17.0,calls,19.1,15.653559863021755,22.546440136978248,10
B_N,4,2.0,17.0,mean_response_min,6.633565379699149,4.926297424461353,8.340833334936946,10
B_N,4,2.0,17.0,p95_response_min,12.64152606251589,7.1540934046793305,18.12895872035245,10
B_N,4,2.0,17.0,strict_4min_rate,0.35537875625518645,0.26196967433358254,0.44878783817679035,10
B_N,4,2.0,17.0,mean_wait_min,0.6846374532368833,-0.31980318023359566,1.6890780867073623,10
B_N,4,2.0,17.0,mean_delay_penalty_yuan_per_call,597.7888271908671,268.9373650437045,926.6402893380297,10
B_N,4,2.0,17.0,incident_zone_calls,5.1,3.502191637095622,6.697808362904377,10
B_N,4,2.0,17.0,incident_zone_mean_response_min,6.095777273285223,4.298894761160729,7.892659785409717,10
B_N,4,2.0,17.0,incident_zone_p95_response_min,11.000245951732436,5.980604109052475,16.019887794412398,10
B_N,4,2.0,17.0,incident_zone_strict_4min_rate,0.5291666666666667,0.37408989653732605,0.6842434367960073,10
B_N,4,2.0,17.0,incident_zone_mean_wait_min,0.8461972951464304,-0.19718071243667568,1.8895753027295363,10
B_N,4,2.0,17.0,incident_zone_mean_delay_penalty_yuan_per_call,524.9887879903779,186.77819763909974,863.199378341656,10
B_N,4,2.0,17.0,nonincident_zone_calls,14.0,11.688119157374896,16.311880842625104,10
B_N,4,2.0,17.0,nonincident_zone_mean_response_min,6.785208181667653,5.0601123875056615,8.510303975829645,10
B_N,4,2.0,17.0,nonincident_zone_p95_response_min,12.65546196194589,7.240694270634321,18.07022965325746,10
B_N,4,2.0,17.0,nonincident_zone_strict_4min_rate,0.31153343388637506,0.21167057353272398,0.4113962942400261,10
B_N,4,2.0,17.0,nonincident_zone_mean_wait_min,0.6284387469611207,-0.37644877188752324,1.6333262658097647,10
B_N,4,2.0,17.0,nonincident_zone_mean_delay_penalty_yuan_per_call,619.3483231108057,287.4802294591719,951.2164167624396,10
B_N,4,2.0,17.0,max_incident_queue,1.6,0.6951371348807182,2.504862865119282,10
B_N,4,2.0,17.0,incident_end_backlog,0.0,0.0,0.0,10
B_N,4,4.0,16.0,calls,37.5,34.17446653706465,40.82553346293535,10
B_N,4,4.0,16.0,mean_response_min,6.457425361434437,5.5566554828272245,7.358195240041649,10
B_N,4,4.0,16.0,p95_response_min,13.43532264075929,10.41577925327956,16.45486602823902,10
B_N,4,4.0,16.0,strict_4min_rate,0.3888364845686107,0.3268041186537657,0.4508688504834557,10
B_N,4,4.0,16.0,mean_wait_min,0.6426946201967113,0.14233640333872133,1.1430528370547013,10
B_N,4,4.0,16.0,mean_delay_penalty_yuan_per_call,569.2523692006096,399.71578215670115,738.788956244518,10
B_N,4,4.0,16.0,incident_zone_calls,10.5,8.016201339640975,12.983798660359025,10
B_N,4,4.0,16.0,incident_zone_mean_response_min,6.460974371847785,5.083567484890558,7.838381258805011,10
B_N,4,4.0,16.0,incident_zone_p95_response_min,12.788773011060348,8.630402462070078,16.94714356005062,10
B_N,4,4.0,16.0,incident_zone_strict_4min_rate,0.47164120193531955,0.33041819783568654,0.6128642060349525,10
B_N,4,4.0,16.0,incident_zone_mean_wait_min,0.7526090227667356,-0.09600575192285443,1.6012237974563255,10
B_N,4,4.0,16.0,incident_zone_mean_delay_penalty_yuan_per_call,586.5231147566209,330.1241730307067,842.922056482535,10
B_N,4,4.0,16.0,nonincident_zone_calls,27.0,23.76547560533296,30.23452439466704,10
B_N,4,4.0,16.0,nonincident_zone_mean_response_min,6.47593662495265,5.592914039335489,7.358959210569812,10
B_N,4,4.0,16.0,nonincident_zone_p95_response_min,12.807920115189342,10.117768074887621,15.498072155491062,10
B_N,4,4.0,16.0,nonincident_zone_strict_4min_rate,0.3626913336261162,0.3073935963494528,0.41798907090277965,10
B_N,4,4.0,16.0,nonincident_zone_mean_wait_min,0.6327031897259577,0.1890305564893932,1.0763758229625222,10
B_N,4,4.0,16.0,nonincident_zone_mean_delay_penalty_yuan_per_call,567.7255917157534,400.3884968248545,735.0626866066523,10
B_N,4,4.0,16.0,max_incident_queue,2.0,1.2459476124005984,2.7540523875994016,10
B_N,4,4.0,16.0,incident_end_backlog,0.1,-0.12621571627982048,0.3262157162798205,10
B_N,4,5.0,15.483333333333333,calls,45.0,39.73241647827729,50.26758352172271,10
B_N,4,5.0,15.483333333333333,mean_response_min,7.316328157519474,5.381895636417121,9.250760678621827,10
B_N,4,5.0,15.483333333333333,p95_response_min,16.918369662793864,9.28823446390845,24.548504861679277,10
B_N,4,5.0,15.483333333333333,strict_4min_rate,0.3525857518545733,0.27530099449789147,0.42987050921125514,10
B_N,4,5.0,15.483333333333333,mean_wait_min,1.26547001392521,-0.15814218161810922,2.689082209468529,10
B_N,4,5.0,15.483333333333333,mean_delay_penalty_yuan_per_call,733.7827818748096,359.62760672189296,1107.9379570277263,10
B_N,4,5.0,15.483333333333333,incident_zone_calls,11.5,9.03919997062898,13.96080002937102,10
B_N,4,5.0,15.483333333333333,incident_zone_mean_response_min,7.528113474404508,5.158798838680927,9.89742811012809,10
B_N,4,5.0,15.483333333333333,incident_zone_p95_response_min,17.000745153616514,8.708512993847904,25.292977313385123,10
B_N,4,5.0,15.483333333333333,incident_zone_strict_4min_rate,0.439185952935953,0.3179209283408006,0.5604509775311054,10
B_N,4,5.0,15.483333333333333,incident_zone_mean_wait_min,1.929716134799018,0.01404474892620411,3.8453875206718315,10
B_N,4,5.0,15.483333333333333,incident_zone_mean_delay_penalty_yuan_per_call,793.4598854680919,335.8980965199266,1251.0216744162572,10
B_N,4,5.0,15.483333333333333,nonincident_zone_calls,33.5,29.125846155063513,37.87415384493649,10
B_N,4,5.0,15.483333333333333,nonincident_zone_mean_response_min,7.259796022897319,5.459311202136682,9.060280843657956,10
B_N,4,5.0,15.483333333333333,nonincident_zone_p95_response_min,14.510685757576983,9.577371016414046,19.444000498739918,10
B_N,4,5.0,15.483333333333333,nonincident_zone_strict_4min_rate,0.32270893077304785,0.25319733805869915,0.39222052348739656,10
B_N,4,5.0,15.483333333333333,nonincident_zone_mean_wait_min,1.043733395494964,-0.21410438503268514,2.301571176022613,10
B_N,4,5.0,15.483333333333333,nonincident_zone_mean_delay_penalty_yuan_per_call,716.5009907340732,368.1003576013446,1064.9016238668019,10
B_N,4,5.0,15.483333333333333,max_incident_queue,2.4,1.0852647377274585,3.7147352622725416,10
B_N,4,5.0,15.483333333333333,incident_end_backlog,0.6,-0.7572942976789229,1.957294297678923,10
B_N,4,6.0,14.983333333333333,calls,52.6,47.036340055626795,58.16365994437321,10
B_N,4,6.0,14.983333333333333,mean_response_min,7.968075534535255,4.822845946161189,11.11330512290932,10
B_N,4,6.0,14.983333333333333,p95_response_min,17.768807379691264,6.800271671627602,28.737343087754926,10
B_N,4,6.0,14.983333333333333,strict_4min_rate,0.3339324473668327,0.263308556400943,0.4045563383327224,10
B_N,4,6.0,14.983333333333333,mean_wait_min,1.801750370648124,-1.0486415979813835,4.652142339277631,10
B_N,4,6.0,14.983333333333333,mean_delay_penalty_yuan_per_call,860.4015963804173,241.45842841763783,1479.3447643431969,10
B_N,4,6.0,14.983333333333333,incident_zone_calls,13.8,11.372935057809217,16.227064942190786,10
B_N,4,6.0,14.983333333333333,incident_zone_mean_response_min,8.177734787006287,3.896493858584596,12.458975715427979,10
B_N,4,6.0,14.983333333333333,incident_zone_p95_response_min,17.68740848691116,5.003359205631281,30.37145776819104,10
B_N,4,6.0,14.983333333333333,incident_zone_strict_4min_rate,0.43792777398040555,0.3335121005957919,0.5423434473650193,10
B_N,4,6.0,14.983333333333333,incident_zone_mean_wait_min,2.4037386084177848,-1.566056222367164,6.373533439202733,10
B_N,4,6.0,14.983333333333333,incident_zone_mean_delay_penalty_yuan_per_call,923.1325121973383,82.54059096022638,1763.7244334344502,10
B_N,4,6.0,14.983333333333333,nonincident_zone_calls,38.8,34.60432349907129,42.9956765009287,10
B_N,4,6.0,14.983333333333333,nonincident_zone_mean_response_min,7.890020887111757,5.203310689400226,10.576731084823288,10
B_N,4,6.0,14.983333333333333,nonincident_zone_p95_response_min,16.527877721880095,8.945945666999311,24.10980977676088,10
B_N,4,6.0,14.983333333333333,nonincident_zone_strict_4min_rate,0.2979405813352106,0.23672825296159458,0.35915290970882663,10
B_N,4,6.0,14.983333333333333,nonincident_zone_mean_wait_min,1.5786926207128529,-0.7965961525164142,3.95398139394212,10
B_N,4,6.0,14.983333333333333,nonincident_zone_mean_delay_penalty_yuan_per_call,837.592293689393,308.6782555942942,1366.506331784492,10
B_N,4,6.0,14.983333333333333,max_incident_queue,2.5,1.0204423760830474,3.9795576239169526,10
B_N,4,6.0,14.983333333333333,incident_end_backlog,0.7,-0.4209794633132362,1.8209794633132361,10
B_N,4,8.0,13.883333333333333,calls,67.2,61.70213583539298,72.69786416460703,10
B_N,4,8.0,13.883333333333333,mean_response_min,11.315582436764766,4.869288675704061,17.761876197825472,10
B_N,4,8.0,13.883333333333333,p95_response_min,37.85312207601174,6.027875952982651,69.67836819904083,10
B_N,4,8.0,13.883333333333333,strict_4min_rate,0.3381756784692195,0.3004106942434657,0.3759406626949732,10
B_N,4,8.0,13.883333333333333,mean_wait_min,5.139282455626383,-1.124488849227511,11.403053760480278,10
B_N,4,8.0,13.883333333333333,mean_delay_penalty_yuan_per_call,1530.751623046797,245.97785476888043,2815.5253913247134,10
B_N,4,8.0,13.883333333333333,incident_zone_calls,17.1,14.19029561668054,20.009704383319463,10
B_N,4,8.0,13.883333333333333,incident_zone_mean_response_min,11.060428143461845,3.395555250419367,18.725301036504323,10
B_N,4,8.0,13.883333333333333,incident_zone_p95_response_min,32.997827147038954,0.9094312925452925,65.08622300153262,10
B_N,4,8.0,13.883333333333333,incident_zone_strict_4min_rate,0.414739121989122,0.34106514261832976,0.4884131013599142,10
B_N,4,8.0,13.883333333333333,incident_zone_mean_wait_min,5.261667444011063,-2.2479943940161418,12.771329282038266,10
B_N,4,8.0,13.883333333333333,incident_zone_mean_delay_penalty_yuan_per_call,1495.033453090193,-27.958744552833878,3018.0256507332197,10
B_N,4,8.0,13.883333333333333,nonincident_zone_calls,50.1,46.38366139475889,53.816338605241114,10
B_N,4,8.0,13.883333333333333,nonincident_zone_mean_response_min,11.387447025919329,5.399100951842466,17.37579309999619,10
B_N,4,8.0,13.883333333333333,nonincident_zone_p95_response_min,38.49232957910477,6.894260239628064,70.09039891858147,10
B_N,4,8.0,13.883333333333333,nonincident_zone_strict_4min_rate,0.3149906794869248,0.28542212188887833,0.3445592370849712,10
B_N,4,8.0,13.883333333333333,nonincident_zone_mean_wait_min,5.090177545458649,-0.6969225506747403,10.877277641592038,10
B_N,4,8.0,13.883333333333333,nonincident_zone_mean_delay_penalty_yuan_per_call,1540.487541081251,345.47703965199685,2735.498042510505,10
B_N,4,8.0,13.883333333333333,max_incident_queue,4.5,1.9042629585326551,7.095737041467345,10
B_N,4,8.0,13.883333333333333,incident_end_backlog,3.1,0.11315289964417863,6.086847100355822,10
B_N,4,10.0,10.266666666666666,calls,81.7,77.05109732589312,86.34890267410688,10
B_N,4,10.0,10.266666666666666,mean_response_min,7.915391773803298,3.413064449739056,12.41771909786754,10
B_N,4,10.0,10.266666666666666,p95_response_min,27.590330661502207,-9.501196980877914,64.68185830388234,10
B_N,4,10.0,10.266666666666666,strict_4min_rate,0.3920796136980862,0.3392402157466128,0.4449190116495596,10
B_N,4,10.0,10.266666666666666,mean_wait_min,2.1937887613943237,-2.100149773942499,6.487727296731146,10
B_N,4,10.0,10.266666666666666,mean_delay_penalty_yuan_per_call,861.3244742971374,-36.52419777557486,1759.1731463698497,10
B_N,4,10.0,10.266666666666666,incident_zone_calls,21.0,17.800826660151337,24.199173339848663,10
B_N,4,10.0,10.266666666666666,incident_zone_mean_response_min,8.538839164324779,1.8858092695868756,15.191869059062682,10
B_N,4,10.0,10.266666666666666,incident_zone_p95_response_min,30.807050433757297,-16.232530114382918,77.8466309818975,10
B_N,4,10.0,10.266666666666666,incident_zone_strict_4min_rate,0.48234448522491996,0.4066355605714822,0.5580534098783577,10
B_N,4,10.0,10.266666666666666,incident_zone_mean_wait_min,3.10085000900813,-3.289551291361876,9.491251309378136,10
B_N,4,10.0,10.266666666666666,incident_zone_mean_delay_penalty_yuan_per_call,1004.2367299099396,-322.6509873056184,2331.1244471254977,10
B_N,4,10.0,10.266666666666666,nonincident_zone_calls,60.7,57.36081626536936,64.03918373463065,10
B_N,4,10.0,10.266666666666666,nonincident_zone_mean_response_min,7.57649435955548,4.069769164488346,11.083219554622614,10
B_N,4,10.0,10.266666666666666,nonincident_zone_p95_response_min,18.884664726025125,1.828716501029266,35.94061295102098,10
B_N,4,10.0,10.266666666666666,nonincident_zone_strict_4min_rate,0.3633686127473189,0.31022755578574057,0.41650966970889725,10
B_N,4,10.0,10.266666666666666,nonincident_zone_mean_wait_min,1.7702238892248396,-1.5284462321251104,5.068894010574789,10
B_N,4,10.0,10.266666666666666,nonincident_zone_mean_delay_penalty_yuan_per_call,787.7219325892582,89.58694984672024,1485.8569153317962,10
B_N,4,10.0,10.266666666666666,max_incident_queue,2.6,0.5992729264489167,4.6007270735510835,10
B_N,4,10.0,10.266666666666666,incident_end_backlog,1.1,-0.9078193576620626,3.1078193576620627,10
B_N,4,11.0,8.7,calls,91.5,86.64528446925274,96.35471553074726,10
B_N,4,11.0,8.7,mean_response_min,7.884257018020828,3.5459155142479144,12.222598521793742,10
B_N,4,11.0,8.7,p95_response_min,27.608288427056504,-4.828254346749436,60.04483120086245,10
B_N,4,11.0,8.7,strict_4min_rate,0.4238885801290161,0.3908989502984458,0.4568782099595864,10
B_N,4,11.0,8.7,mean_wait_min,2.3805703579529145,-1.782152181859971,6.5432928977658005,10
B_N,4,11.0,8.7,mean_delay_penalty_yuan_per_call,861.6291196299684,-4.940075630171236,1728.1983148901081,10
B_N,4,11.0,8.7,incident_zone_calls,23.9,20.470097579066458,27.32990242093354,10
B_N,4,11.0,8.7,incident_zone_mean_response_min,8.500528329084549,2.754123089378802,14.246933568790297,10
B_N,4,11.0,8.7,incident_zone_p95_response_min,28.944087191872836,-8.46446529241901,66.35263967616469,10
B_N,4,11.0,8.7,incident_zone_strict_4min_rate,0.5042082781289943,0.44825166353402446,0.5601648927239641,10
B_N,4,11.0,8.7,incident_zone_mean_wait_min,2.9874208383990997,-2.5004068201008396,8.475248496899038,10
B_N,4,11.0,8.7,incident_zone_mean_delay_penalty_yuan_per_call,1000.9473214427087,-144.65848568562046,2146.5531285710376,10
B_N,4,11.0,8.7,nonincident_zone_calls,67.6,64.79476296101346,70.40523703898653,10
B_N,4,11.0,8.7,nonincident_zone_mean_response_min,7.581042416774343,3.89362613908974,11.268458694458946,10
B_N,4,11.0,8.7,nonincident_zone_p95_response_min,21.617284495020893,2.892000032673586,40.3425689573682,10
B_N,4,11.0,8.7,nonincident_zone_strict_4min_rate,0.3976891255521281,0.36525025650980303,0.43012799459445317,10
B_N,4,11.0,8.7,nonincident_zone_mean_wait_min,2.0912794574523863,-1.4526001832805848,5.635159098185357,10
B_N,4,11.0,8.7,nonincident_zone_mean_delay_penalty_yuan_per_call,795.7463084652944,58.95564930810406,1532.5369676224848,10
B_N,4,11.0,8.7,max_incident_queue,3.2,0.9682087399533583,5.4317912600466425,10
B_N,4,11.0,8.7,incident_end_backlog,1.4,-1.0364178282616265,3.8364178282616264,10
B_N,4,12.0,8.05,calls,100.2,94.19781877934676,106.20218122065324,10
B_N,4,12.0,8.05,mean_response_min,8.660116265905637,3.5382760855607307,13.781956446250543,10
B_N,4,12.0,8.05,p95_response_min,39.32029932590178,-14.095807460091628,92.73640611189518,10
B_N,4,12.0,8.05,strict_4min_rate,0.3889183790750052,0.34883073874782955,0.42900601940218086,10
B_N,4,12.0,8.05,mean_wait_min,2.969448068794765,-2.062176680289405,8.001072817878935,10
B_N,4,12.0,8.05,mean_delay_penalty_yuan_per_call,1009.6567227743766,-13.596230545155322,2032.9096760939085,10
B_N,4,12.0,8.05,incident_zone_calls,26.2,22.313885837218603,30.086114162781396,10
B_N,4,12.0,8.05,incident_zone_mean_response_min,10.201146893169447,2.002101474095589,18.400192312243306,10
B_N,4,12.0,8.05,incident_zone_p95_response_min,39.500227209048674,-15.937875692212465,94.9383301103098,10
B_N,4,12.0,8.05,incident_zone_strict_4min_rate,0.4675037300927178,0.3965202121924616,0.538487247992974,10
B_N,4,12.0,8.05,incident_zone_mean_wait_min,4.524328334840179,-3.65765930829553,12.706315977975889,10
B_N,4,12.0,8.05,incident_zone_mean_delay_penalty_yuan_per_call,1333.2019801953059,-302.98035867703106,2969.3843190676425,10
B_N,4,12.0,8.05,nonincident_zone_calls,74.0,71.0408847521661,76.9591152478339,10
B_N,4,12.0,8.05,nonincident_zone_mean_response_min,7.927806763869644,4.22666392500243,11.62894960273686,10
B_N,4,12.0,8.05,nonincident_zone_p95_response_min,24.58288806655388,3.21497859551107,45.95079753759669,10
B_N,4,12.0,8.05,nonincident_zone_strict_4min_rate,0.36361664352676726,0.32747542390649886,0.39975786314703565,10
B_N,4,12.0,8.05,nonincident_zone_mean_wait_min,2.240017936840878,-1.3177715895315578,5.797807463213314,10
B_N,4,12.0,8.05,nonincident_zone_mean_delay_penalty_yuan_per_call,858.2846814792823,118.9287833648134,1597.6405795937512,10
B_N,4,12.0,8.05,max_incident_queue,3.5,1.0858544403340815,5.9141455596659185,10
B_N,4,12.0,8.05,incident_end_backlog,1.5,-1.1606404849945924,4.160640484994593,10
B_N,5,0.5,17.75,calls,4.7,2.1529097018326717,7.247090298167329,10
B_N,5,0.5,17.75,mean_response_min,6.046260719387192,3.564660022952954,8.52786141582143,9
B_N,5,0.5,17.75,p95_response_min,9.715263870290787,4.087156665455445,15.343371075126129,9
B_N,5,0.5,17.75,strict_4min_rate,0.49166666666666675,0.20956706497856759,0.7737662683547659,9
B_N,5,0.5,17.75,mean_wait_min,0.6012024272452335,-0.36382958856194114,1.5662344430524082,9
B_N,5,0.5,17.75,mean_delay_penalty_yuan_per_call,507.58547721077167,57.20693750653891,957.9640169150044,9
B_N,5,0.5,17.75,incident_zone_calls,1.0,0.046190792039113915,1.953809207960886,10
B_N,5,0.5,17.75,incident_zone_mean_response_min,6.61240360772072,1.8649033201935143,11.359903895247925,5
B_N,5,0.5,17.75,incident_zone_p95_response_min,8.943398113012469,0.5179529123784654,17.368843313646472,5
B_N,5,0.5,17.75,incident_zone_strict_4min_rate,0.55,-0.005289021039558639,1.1052890210395587,5
B_N,5,0.5,17.75,incident_zone_mean_wait_min,0.571372320494629,-1.0150115619881883,2.1577562029774464,5
B_N,5,0.5,17.75,incident_zone_mean_delay_penalty_yuan_per_call,632.4807215441438,-220.9092468547044,1485.870689942992,5
B_N,5,0.5,17.75,nonincident_zone_calls,3.7,1.6473702296710462,5.752629770328954,10
B_N,5,0.5,17.75,nonincident_zone_mean_response_min,6.072949949757348,3.5466719323522855,8.59922796716241,9
B_N,5,0.5,17.75,nonincident_zone_p95_response_min,9.506831422138344,3.8049073501320745,15.208755494144613,9
B_N,5,0.5,17.75,nonincident_zone_strict_4min_rate,0.46759259259259256,0.17678329780593155,0.7584018873792535,9
B_N,5,0.5,17.75,nonincident_zone_mean_wait_min,0.7013510953044749,-0.4067769616385265,1.8094791522474765,9
B_N,5,0.5,17.75,nonincident_zone_mean_delay_penalty_yuan_per_call,508.108508469988,49.52310309064143,966.6939138493346,9
B_N,5,0.5,17.75,max_incident_queue,1.2,0.6357188627848342,1.7642811372151657,10
B_N,5,0.5,17.75,incident_end_backlog,0.5,-0.27267376906853535,1.2726737690685352,10
B_N,5,1.0,17.5,calls,8.3,4.9778878686936245,11.622112131306377,10
B_N,5,1.0,17.5,mean_response_min,5.773859111382795,3.8202733098899544,7.727444912875637,10
B_N,5,1.0,17.5,p95_response_min,9.639280801009381,5.260011820526256,14.018549781492506,10
B_N,5,1.0,17.5,strict_4min_rate,0.5031364468864469,0.30714000817593,0.6991328855969637,10
B_N,5,1.0,17.5,mean_wait_min,0.635893501010101,-0.2995060968515513,1.5712930988717533,10
B_N,5,1.0,17.5,mean_delay_penalty_yuan_per_call,455.3991116538485,96.14772475593236,814.6504985517646,10
B_N,5,1.0,17.5,incident_zone_calls,1.9,0.6181109410810175,3.1818890589189825,10
B_N,5,1.0,17.5,incident_zone_mean_response_min,6.342383985746932,3.8022097623038653,8.882558209189998,8
B_N,5,1.0,17.5,incident_zone_p95_response_min,8.844029666606328,4.3222524637989705,13.365806869413685,8
B_N,5,1.0,17.5,incident_zone_strict_4min_rate,0.5416666666666666,0.2556259328640297,0.8277074004693036,8
B_N,5,1.0,17.5,incident_zone_mean_wait_min,0.3047093716384855,-0.41581379822547565,1.0252325415024466,8
B_N,5,1.0,17.5,incident_zone_mean_delay_penalty_yuan_per_call,576.8101304827196,119.16424739772202,1034.4560135677173,8
B_N,5,1.0,17.5,nonincident_zone_calls,6.4,3.8273659728277853,8.972634027172216,10
B_N,5,1.0,17.5,nonincident_zone_mean_response_min,5.791201057601758,3.7198300838233416,7.862572031380175,10
B_N,5,1.0,17.5,nonincident_zone_p95_response_min,9.539840309609593,4.759534685790048,14.320145933429139,10
B_N,5,1.0,17.5,nonincident_zone_strict_4min_rate,0.4817948717948718,0.25488211538410094,0.7087076282056426,10
B_N,5,1.0,17.5,nonincident_zone_mean_wait_min,0.767162636318647,-0.3731396833053815,1.9074649559426755,10
B_N,5,1.0,17.5,nonincident_zone_mean_delay_penalty_yuan_per_call,454.599185879326,77.14298182804652,832.0553899306055,10
B_N,5,1.0,17.5,max_incident_queue,1.5,0.7273262309314646,2.2726737690685352,10
B_N,5,1.0,17.5,incident_end_backlog,0.1,-0.12621571627982048,0.3262157162798205,10
B_N,5,2.0,17.0,calls,18.2,15.076365857583,21.323634142417,10
B_N,5,2.0,17.0,mean_response_min,6.820476650812014,5.764127911817138,7.876825389806891,10
B_N,5,2.0,17.0,p95_response_min,12.793955906118633,9.553030205319773,16.034881606917494,10
B_N,5,2.0,17.0,strict_4min_rate,0.2993947426842164,0.23904772865168672,0.3597417567167461,10
B_N,5,2.0,17.0,mean_wait_min,0.27980042308803865,-0.05753756474078259,0.6171384109168598,10
B_N,5,2.0,17.0,mean_delay_penalty_yuan_per_call,623.9742786992462,421.9164602310939,826.0320971673984,10
B_N,5,2.0,17.0,incident_zone_calls,4.1,2.5750234220587433,5.624976577941256,10
B_N,5,2.0,17.0,incident_zone_mean_response_min,7.845621919002757,6.397488213826407,9.293755624179106,10
B_N,5,2.0,17.0,incident_zone_p95_response_min,11.23735684556157,8.54585401828686,13.928859672836278,10
B_N,5,2.0,17.0,incident_zone_strict_4min_rate,0.3638095238095238,0.1795808011965438,0.5480382464225038,10
B_N,5,2.0,17.0,incident_zone_mean_wait_min,0.0,0.0,0.0,10
B_N,5,2.0,17.0,incident_zone_mean_delay_penalty_yuan_per_call,841.8862885624563,586.8759548086584,1096.8966223162543,10
B_N,5,2.0,17.0,nonincident_zone_calls,14.1,11.801685926567021,16.398314073432978,10
B_N,5,2.0,17.0,nonincident_zone_mean_response_min,6.46630921096993,5.299874967897153,7.632743454042708,10
B_N,5,2.0,17.0,nonincident_zone_p95_response_min,11.360594788503668,7.750319743165813,14.970869833841524,10
B_N,5,2.0,17.0,nonincident_zone_strict_4min_rate,0.28761428458022886,0.21040619676297417,0.36482237239748355,10
B_N,5,2.0,17.0,nonincident_zone_mean_wait_min,0.34757392681993116,-0.06564373626108366,0.760791589900946,10
B_N,5,2.0,17.0,nonincident_zone_mean_delay_penalty_yuan_per_call,550.7846991100319,327.78798725985695,773.7814109602068,10
B_N,5,2.0,17.0,max_incident_queue,1.3,0.9544497855863563,1.6455502144136438,10
B_N,5,2.0,17.0,incident_end_backlog,0.0,0.0,0.0,10
B_N,5,4.0,16.0,calls,35.4,32.19727399571424,38.602726004285756,10
B_N,5,4.0,16.0,mean_response_min,7.061986494955562,6.029853016828168,8.094119973082956,10
B_N,5,4.0,16.0,p95_response_min,13.640490218791877,10.75796836440446,16.523012073179295,10
B_N,5,4.0,16.0,strict_4min_rate,0.34052546962129954,0.2722430637881577,0.40880787545444136,10
B_N,5,4.0,16.0,mean_wait_min,0.5482052417609196,0.021757515672880645,1.0746529678489585,10
B_N,5,4.0,16.0,mean_delay_penalty_yuan_per_call,680.5023929153724,486.2740869791834,874.7306988515614,10
B_N,5,4.0,16.0,incident_zone_calls,8.4,6.609224799619399,10.190775200380601,10
B_N,5,4.0,16.0,incident_zone_mean_response_min,8.463364088097073,6.993046333381464,9.933681842812682,10
B_N,5,4.0,16.0,incident_zone_p95_response_min,15.223861490186362,12.425715277981698,18.022007702391026,10
B_N,5,4.0,16.0,incident_zone_strict_4min_rate,0.37108585858585863,0.22857231720471927,0.513599399966998,10
B_N,5,4.0,16.0,incident_zone_mean_wait_min,0.5376205997749051,-0.2133907075531668,1.2886319071029768,10
B_N,5,4.0,16.0,incident_zone_mean_delay_penalty_yuan_per_call,966.8899893365863,697.484934155867,1236.2950445173055,10
B_N,5,4.0,16.0,nonincident_zone_calls,27.0,24.499091158061145,29.500908841938855,10
B_N,5,4.0,16.0,nonincident_zone_mean_response_min,6.5605631940818485,5.689064266708519,7.432062121455178,10
B_N,5,4.0,16.0,nonincident_zone_p95_response_min,12.611456085631067,9.895219125108177,15.327693046153957,10
B_N,5,4.0,16.0,nonincident_zone_strict_4min_rate,0.33890450310559006,0.28182639441809254,0.3959826117930876,10
B_N,5,4.0,16.0,nonincident_zone_mean_wait_min,0.5596991805426683,0.06865380155636358,1.050744559528973,10
B_N,5,4.0,16.0,nonincident_zone_mean_delay_penalty_yuan_per_call,579.8935394374877,413.51131442015765,746.2757644548177,10
B_N,5,4.0,16.0,max_incident_queue,1.6,0.8310144322718843,2.368985567728116,10
B_N,5,4.0,16.0,incident_end_backlog,0.0,0.0,0.0,10
B_N,5,5.0,15.483333333333333,calls,44.0,39.513546710947466,48.486453289052534,10
B_N,5,5.0,15.483333333333333,mean_response_min,6.972525661272613,6.180366139068736,7.764685183476489,10
B_N,5,5.0,15.483333333333333,p95_response_min,13.577087998362439,11.116789545547338,16.03738645117754,10
B_N,5,5.0,15.483333333333333,strict_4min_rate,0.3309452370419116,0.26905465788249655,0.3928358162013266,10
B_N,5,5.0,15.483333333333333,mean_wait_min,0.46069525772200565,0.1043669045637805,0.8170236108802308,10
B_N,5,5.0,15.483333333333333,mean_delay_penalty_yuan_per_call,660.6941796629047,512.9383445907379,808.4500147350716,10
B_N,5,5.0,15.483333333333333,incident_zone_calls,10.4,8.48642956207678,12.313570437923222,10
B_N,5,5.0,15.483333333333333,incident_zone_mean_response_min,8.72449499403484,7.245784196408445,10.203205791661237,10
B_N,5,5.0,15.483333333333333,incident_zone_p95_response_min,16.309368539766524,12.657233877019884,19.961503202513164,10
B_N,5,5.0,15.483333333333333,incident_zone_strict_4min_rate,0.34119630369630366,0.22971053989265963,0.45268206749994766,10
B_N,5,5.0,15.483333333333333,incident_zone_mean_wait_min,0.6541775216333008,-0.05439526838792863,1.3627503116545303,10
B_N,5,5.0,15.483333333333333,incident_zone_mean_delay_penalty_yuan_per_call,1013.1382595462288,736.1688218974123,1290.1076971950454,10
B_N,5,5.0,15.483333333333333,nonincident_zone_calls,33.6,29.722674647933086,37.47732535206692,10
B_N,5,5.0,15.483333333333333,nonincident_zone_mean_response_min,6.396835274812181,5.841397878225534,6.952272671398829,10
B_N,5,5.0,15.483333333333333,nonincident_zone_p95_response_min,11.633787521712986,9.574718962497947,13.692856080928024,10
B_N,5,5.0,15.483333333333333,nonincident_zone_strict_4min_rate,0.33133782681745094,0.28181201648704474,0.38086363714785715,10
B_N,5,5.0,15.483333333333333,nonincident_zone_mean_wait_min,0.4195595727410839,0.12065421715136693,0.7184649283308009,10
B_N,5,5.0,15.483333333333333,nonincident_zone_mean_delay_penalty_yuan_per_call,545.6346203259263,442.610952376774,648.6582882750787,10
B_N,5,5.0,15.483333333333333,max_incident_queue,1.7,0.9421867292816773,2.4578132707183227,10
B_N,5,5.0,15.483333333333333,incident_end_backlog,0.0,0.0,0.0,10
B_N,5,6.0,14.983333333333333,calls,50.0,44.70013272239094,55.29986727760906,10
B_N,5,6.0,14.983333333333333,mean_response_min,7.195012563943758,5.624882335622137,8.765142792265378,10
B_N,5,6.0,14.983333333333333,p95_response_min,14.931224117455395,10.12317435982428,19.73927387508651,10
B_N,5,6.0,14.983333333333333,strict_4min_rate,0.3184265226102849,0.25208312776868974,0.3847699174518801,10
B_N,5,6.0,14.983333333333333,mean_wait_min,0.8259614675845007,-0.21698000455955813,1.8689029397285597,10
B_N,5,6.0,14.983333333333333,mean_delay_penalty_yuan_per_call,702.6878173108088,400.1987419889714,1005.1768926326462,10
B_N,5,6.0,14.983333333333333,incident_zone_calls,11.3,8.437578997290721,14.16242100270928,10
B_N,5,6.0,14.983333333333333,incident_zone_mean_response_min,8.57589733203272,6.408439684425977,10.743354979639465,10
B_N,5,6.0,14.983333333333333,incident_zone_p95_response_min,16.460551867450427,11.323731933692073,21.59737180120878,10
B_N,5,6.0,14.983333333333333,incident_zone_strict_4min_rate,0.37419080919080916,0.25563222741881986,0.49274939096279846,10
B_N,5,6.0,14.983333333333333,incident_zone_mean_wait_min,1.0999138133773134,-0.17769741726713084,2.3775250440217577,10
B_N,5,6.0,14.983333333333333,incident_zone_mean_delay_penalty_yuan_per_call,990.0176282447061,578.0655598891212,1401.969696600291,10
B_N,5,6.0,14.983333333333333,nonincident_zone_calls,38.7,34.989786390442475,42.41021360955753,10
B_N,5,6.0,14.983333333333333,nonincident_zone_mean_response_min,6.796437338788046,5.463254237813386,8.129620439762705,10
B_N,5,6.0,14.983333333333333,nonincident_zone_p95_response_min,13.198454768387204,9.563040673896916,16.833868862877495,10
B_N,5,6.0,14.983333333333333,nonincident_zone_strict_4min_rate,0.3061945159016911,0.24861884495921563,0.3637701868441666,10
B_N,5,6.0,14.983333333333333,nonincident_zone_mean_wait_min,0.7580828805256966,-0.20051756162511603,1.7166833226765092,10
B_N,5,6.0,14.983333333333333,nonincident_zone_mean_delay_penalty_yuan_per_call,620.5263709379475,362.92824208786294,878.124499788032,10
B_N,5,6.0,14.983333333333333,max_incident_queue,2.0,0.9336088867171124,3.0663911132828874,10
B_N,5,6.0,14.983333333333333,incident_end_backlog,0.3,-0.37864714883946143,0.9786471488394615,10
B_N,5,8.0,13.883333333333333,calls,64.4,59.20633588360661,69.5936641163934,10
B_N,5,8.0,13.883333333333333,mean_response_min,9.39680188873753,4.760424325019115,14.033179452455943,10
B_N,5,8.0,13.883333333333333,p95_response_min,30.08729409595818,0.5951423388953181,59.57944585302104,10
B_N,5,8.0,13.883333333333333,strict_4min_rate,0.31653527015853955,0.2584404025283736,0.3746301377887055,10
B_N,5,8.0,13.883333333333333,mean_wait_min,2.8639184279891885,-1.5301419330536024,7.257978789031979,10
B_N,5,8.0,13.883333333333333,mean_delay_penalty_yuan_per_call,1142.6491525625688,223.13586969518985,2062.162435429948,10
B_N,5,8.0,13.883333333333333,incident_zone_calls,14.3,11.33992415637782,17.26007584362218,10
B_N,5,8.0,13.883333333333333,incident_zone_mean_response_min,10.964252453571136,5.914586192640691,16.01391871450158,10
B_N,5,8.0,13.883333333333333,incident_zone_p95_response_min,30.649854078914178,2.870952724477359,58.428755433351,10
B_N,5,8.0,13.883333333333333,incident_zone_strict_4min_rate,0.3487170196952806,0.23425093823495924,0.4631831011556019,10
B_N,5,8.0,13.883333333333333,incident_zone_mean_wait_min,3.0693580701186134,-1.565412559800806,7.704128700038033,10
B_N,5,8.0,13.883333333333333,incident_zone_mean_delay_penalty_yuan_per_call,1462.5938946532835,469.9355151812216,2455.2522741253456,10
B_N,5,8.0,13.883333333333333,nonincident_zone_calls,50.1,46.875158514075565,53.32484148592444,10
B_N,5,8.0,13.883333333333333,nonincident_zone_mean_response_min,8.92945064910231,4.476120205347179,13.382781092857442,10
B_N,5,8.0,13.883333333333333,nonincident_zone_p95_response_min,28.792236525514575,-0.3173260602129879,57.90179911124214,10
B_N,5,8.0,13.883333333333333,nonincident_zone_strict_4min_rate,0.31141556275180104,0.26347169437460843,0.35935943112899366,10
B_N,5,8.0,13.883333333333333,nonincident_zone_mean_wait_min,2.8000649955017662,-1.500638526225777,7.10076851722931,10
B_N,5,8.0,13.883333333333333,nonincident_zone_mean_delay_penalty_yuan_per_call,1048.1492284979752,162.40581218043963,1933.8926448155107,10
B_N,5,8.0,13.883333333333333,max_incident_queue,3.2,1.3902742697614363,5.009725730238564,10
B_N,5,8.0,13.883333333333333,incident_end_backlog,1.5,-0.32380941136388897,3.323809411363889,10
B_N,5,10.0,10.266666666666666,calls,78.2,73.83169960867151,82.56830039132849,10
B_N,5,10.0,10.266666666666666,mean_response_min,6.617345090732241,5.3741841475003485,7.860506033964133,10
B_N,5,10.0,10.266666666666666,p95_response_min,14.06723202885065,8.366944667895861,19.76751938980544,10
B_N,5,10.0,10.266666666666666,strict_4min_rate,0.3679401031821229,0.329940682124012,0.4059395242402338,10
B_N,5,10.0,10.266666666666666,mean_wait_min,0.6415294817180454,-0.3139209325376401,1.596979895973731,10
B_N,5,10.0,10.266666666666666,mean_delay_penalty_yuan_per_call,596.5699039090655,352.00586120305354,841.1339466150774,10
B_N,5,10.0,10.266666666666666,incident_zone_calls,17.5,13.991427381364273,21.008572618635725,10
B_N,5,10.0,10.266666666666666,incident_zone_mean_response_min,7.907929663672235,5.960589438121216,9.855269889223253,10
B_N,5,10.0,10.266666666666666,incident_zone_p95_response_min,15.075476370195542,6.733882506392042,23.41707023399904,10
B_N,5,10.0,10.266666666666666,incident_zone_strict_4min_rate,0.39030407214617746,0.3241775400830887,0.45643060420926623,10
B_N,5,10.0,10.266666666666666,incident_zone_mean_wait_min,0.7878519048470276,-0.6075827849125617,2.183286594606617,10
B_N,5,10.0,10.266666666666666,incident_zone_mean_delay_penalty_yuan_per_call,858.5397738006646,479.04852639989383,1238.0310212014356,10
B_N,5,10.0,10.266666666666666,nonincident_zone_calls,60.7,57.535674162300424,63.86432583769958,10
B_N,5,10.0,10.266666666666666,nonincident_zone_mean_response_min,6.184059484451881,5.257620668916554,7.110498299987207,10
B_N,5,10.0,10.266666666666666,nonincident_zone_p95_response_min,13.307129470636715,8.329901828205129,18.284357113068303,10
B_N,5,10.0,10.266666666666666,nonincident_zone_strict_4min_rate,0.3649105048657627,0.3286893755109929,0.4011316342205325,10
B_N,5,10.0,10.266666666666666,nonincident_zone_mean_wait_min,0.5701384448103229,-0.2066557453041734,1.3469326349248192,10
B_N,5,10.0,10.266666666666666,nonincident_zone_mean_delay_penalty_yuan_per_call,509.5351175702175,326.940498302911,692.129736837524,10
B_N,5,10.0,10.266666666666666,max_incident_queue,1.8,0.8581888697508409,2.7418111302491592,10
B_N,5,10.0,10.266666666666666,incident_end_backlog,0.4,-0.5048628651192819,1.304862865119282,10
B_N,5,11.0,8.7,calls,87.5,82.81212234850413,92.18787765149587,10
B_N,5,11.0,8.7,mean_response_min,6.610246480516388,5.266178621931354,7.954314339101421,10
B_N,5,11.0,8.7,p95_response_min,15.70005505559725,8.173155819134546,23.226954292059954,10
B_N,5,11.0,8.7,strict_4min_rate,0.38273790898216403,0.34920289044614733,0.41627292751818074,10
B_N,5,11.0,8.7,mean_wait_min,0.7399228153546928,-0.32900690103054964,1.8088525317399353,10
B_N,5,11.0,8.7,mean_delay_penalty_yuan_per_call,598.5968778997103,333.82841776835926,863.3653380310614,10
B_N,5,11.0,8.7,incident_zone_calls,19.4,16.324057729087535,22.475942270912462,10
B_N,5,11.0,8.7,incident_zone_mean_response_min,8.398871087524235,6.38434324182868,10.413398933219788,10
B_N,5,11.0,8.7,incident_zone_p95_response_min,17.803356615395476,9.793466497540564,25.813246733250388,10
B_N,5,11.0,8.7,incident_zone_strict_4min_rate,0.3862457741717376,0.3207455414573359,0.4517460068861393,10
B_N,5,11.0,8.7,incident_zone_mean_wait_min,0.9494926316231437,-0.6239005665241367,2.522885829770424,10
B_N,5,11.0,8.7,incident_zone_mean_delay_penalty_yuan_per_call,957.0233723391942,564.222541751574,1349.8242029268145,10
B_N,5,11.0,8.7,nonincident_zone_calls,68.1,65.17081946630847,71.02918053369152,10
B_N,5,11.0,8.7,nonincident_zone_mean_response_min,6.054432748308692,5.012615843905415,7.096249652711968,10
B_N,5,11.0,8.7,nonincident_zone_p95_response_min,13.791193642859445,7.220457524861959,20.36192976085693,10
B_N,5,11.0,8.7,nonincident_zone_strict_4min_rate,0.3841357822698078,0.3496832943858483,0.41858827015376737,10
B_N,5,11.0,8.7,nonincident_zone_mean_wait_min,0.6493777634161424,-0.22076420351107595,1.5195197303433607,10
B_N,5,11.0,8.7,nonincident_zone_mean_delay_penalty_yuan_per_call,487.7137061156999,281.90233959525517,693.5250726361446,10
B_N,5,11.0,8.7,max_incident_queue,2.3,1.1293959004774912,3.4706040995225083,10
B_N,5,11.0,8.7,incident_end_backlog,0.6,-0.7572942976789229,1.957294297678923,10
B_N,5,12.0,8.05,calls,95.8,90.30213583539297,101.29786416460702,10
B_N,5,12.0,8.05,mean_response_min,6.80909374767201,5.1812582059353005,8.43692928940872,10
B_N,5,12.0,8.05,p95_response_min,15.604859168705033,8.752736928037596,22.45698140937247,10
B_N,5,12.0,8.05,strict_4min_rate,0.3865963614791129,0.35680979693683623,0.4163829260213896,10
B_N,5,12.0,8.05,mean_wait_min,0.8978783877742764,-0.5471039769480632,2.342860752496616,10
B_N,5,12.0,8.05,mean_delay_penalty_yuan_per_call,639.1380218302246,315.6546141705729,962.6214294898763,10
B_N,5,12.0,8.05,incident_zone_calls,21.4,18.179569460588056,24.62043053941194,10
B_N,5,12.0,8.05,incident_zone_mean_response_min,8.578405958116857,6.4890144372060545,10.667797479027659,10
B_N,5,12.0,8.05,incident_zone_p95_response_min,18.573346825056912,9.737611398485585,27.40908225162824,10
B_N,5,12.0,8.05,incident_zone_strict_4min_rate,0.391641708335159,0.3197342060361529,0.4635492106341651,10
B_N,5,12.0,8.05,incident_zone_mean_wait_min,1.067268107876897,-0.6503082492287668,2.784844464982561,10
B_N,5,12.0,8.05,incident_zone_mean_delay_penalty_yuan_per_call,994.0095332904033,584.7150414168227,1403.3040251639839,10
B_N,5,12.0,8.05,nonincident_zone_calls,74.4,71.28730681639134,77.51269318360868,10
B_N,5,12.0,8.05,nonincident_zone_mean_response_min,6.2679912580038115,4.824779512005202,7.711203004002421,10
B_N,5,12.0,8.05,nonincident_zone_p95_response_min,12.972067439901371,7.776721533634144,18.167413346168598,10
B_N,5,12.0,8.05,nonincident_zone_strict_4min_rate,0.3875096730754625,0.35721386704040453,0.4178054791105205,10
B_N,5,12.0,8.05,nonincident_zone_mean_wait_min,0.8338614281844196,-0.5149759109649868,2.182698767333826,10
B_N,5,12.0,8.05,nonincident_zone_mean_delay_penalty_yuan_per_call,531.1001862158547,243.1495638044484,819.050808627261,10
B_N,5,12.0,8.05,max_incident_queue,2.4,1.001441166357099,3.798558833642901,10
B_N,5,12.0,8.05,incident_end_backlog,0.6,-0.5285622744303314,1.7285622744303315,10
B_N,6,0.5,17.75,calls,4.5,2.157577796103346,6.842422203896653,10
B_N,6,0.5,17.75,mean_response_min,5.366848772406523,3.6898107310217236,7.043886813791322,9
B_N,6,0.5,17.75,p95_response_min,8.735923507543998,4.309124728687073,13.162722286400921,9
B_N,6,0.5,17.75,strict_4min_rate,0.5120370370370371,0.29006978678614304,0.7340042872879311,9
B_N,6,0.5,17.75,mean_wait_min,0.28366172170885373,-0.2153010148193069,0.7826244582370143,9
B_N,6,0.5,17.75,mean_delay_penalty_yuan_per_call,375.7771618887119,78.6326428681175,672.9216809093062,9
B_N,6,0.5,17.75,incident_zone_calls,0.6,-0.0032419100795213485,1.2032419100795213,10
B_N,6,0.5,17.75,incident_zone_mean_response_min,4.572639378667032,1.2518123829506407,7.893466374383422,4
B_N,6,0.5,17.75,incident_zone_p95_response_min,5.9880148194673595,-0.32155647239378293,12.297586111328503,4
B_N,6,0.5,17.75,incident_zone_strict_4min_rate,0.75,0.29065344224073036,1.2093465577592697,4
B_N,6,0.5,17.75,incident_zone_mean_wait_min,0.629830337084968,-1.3745708921266808,2.634231566296617,4
B_N,6,0.5,17.75,incident_zone_mean_delay_penalty_yuan_per_call,264.5278757334063,-321.45114207739994,850.5068935442125,4
B_N,6,0.5,17.75,nonincident_zone_calls,3.9,1.626560187845032,6.173439812154967,10
B_N,6,0.5,17.75,nonincident_zone_mean_response_min,5.488497511871921,3.6825153969117577,7.294479626832084,9
B_N,6,0.5,17.75,nonincident_zone_p95_response_min,8.2854414753751,3.707711765301033,12.863171185449167,9
B_N,6,0.5,17.75,nonincident_zone_strict_4min_rate,0.47870370370370374,0.1988472889303602,0.7585601184770473,9
B_N,6,0.5,17.75,nonincident_zone_mean_wait_min,0.21368057314385727,-0.27906771213867376,0.7064288584263884,9
B_N,6,0.5,17.75,nonincident_zone_mean_delay_penalty_yuan_per_call,393.4402431151247,80.58951912939347,706.2909671008559,9
B_N,6,0.5,17.75,max_incident_queue,1.0,0.6627775205463438,1.3372224794536562,10
B_N,6,0.5,17.75,incident_end_backlog,0.3,-0.18282911193318369,0.7828291119331836,10
B_N,6,1.0,17.5,calls,7.6,4.542598839972541,10.657401160027458,10
B_N,6,1.0,17.5,mean_response_min,5.364630864608195,3.8975851971475093,6.83167653206888,10
B_N,6,1.0,17.5,p95_response_min,9.481427864909474,5.110886378180316,13.851969351638632,10
B_N,6,1.0,17.5,strict_4min_rate,0.5107142857142858,0.32437456469123893,0.6970540067373326,10
B_N,6,1.0,17.5,mean_wait_min,0.2853210515359197,-0.12920144647995263,0.6998435495517921,10
B_N,6,1.0,17.5,mean_delay_penalty_yuan_per_call,375.0690300644961,113.08525145589522,637.0528086730969,10
B_N,6,1.0,17.5,incident_zone_calls,1.2,0.38786072391279136,2.0121392760872086,10
B_N,6,1.0,17.5,incident_zone_mean_response_min,4.276233100453915,1.8323198723639158,6.720146328543914,8
B_N,6,1.0,17.5,incident_zone_p95_response_min,5.106381898057972,1.1928607970778211,9.019902999038123,8
B_N,6,1.0,17.5,incident_zone_strict_4min_rate,0.84375,0.595507185376779,1.091992814623221,8
B_N,6,1.0,17.5,incident_zone_mean_wait_min,0.16036178731951622,-0.21883358400497593,0.5395571586440084,8
B_N,6,1.0,17.5,incident_zone_mean_delay_penalty_yuan_per_call,223.996620090783,-219.53030852661968,667.5235487081857,8
B_N,6,1.0,17.5,nonincident_zone_calls,6.4,3.7191343112702038,9.080865688729798,10
B_N,6,1.0,17.5,nonincident_zone_mean_response_min,5.404878610264144,3.9109185705476697,6.898838649980618,10
B_N,6,1.0,17.5,nonincident_zone_p95_response_min,9.06656590863923,4.86817296678452,13.26495885049394,10
B_N,6,1.0,17.5,nonincident_zone_strict_4min_rate,0.47497668997668996,0.2582148681350469,0.691738511818333,10
B_N,6,1.0,17.5,nonincident_zone_mean_wait_min,0.2943181148618825,-0.14001811439711603,0.728654344120881,10
B_N,6,1.0,17.5,nonincident_zone_mean_delay_penalty_yuan_per_call,375.97106004816675,114.07327290489962,637.8688471914338,10
B_N,6,1.0,17.5,max_incident_queue,1.2,0.8983790449602393,1.5016209550397606,10
B_N,6,1.0,17.5,incident_end_backlog,0.0,0.0,0.0,10
B_N,6,2.0,17.0,calls,17.0,13.94632057130951,20.05367942869049,10
B_N,6,2.0,17.0,mean_response_min,6.044652838363578,5.025885376081288,7.063420300645868,10
B_N,6,2.0,17.0,p95_response_min,10.785786941395767,7.1967199488064,14.374853933985133,10
B_N,6,2.0,17.0,strict_4min_rate,0.3628375863902179,0.28333933667686245,0.44233583610357335,10
B_N,6,2.0,17.0,mean_wait_min,0.3388411581473245,-0.24756498805813432,0.9252473043527834,10
B_N,6,2.0,17.0,mean_delay_penalty_yuan_per_call,481.4980849507591,289.7087220590718,673.2874478424465,10
B_N,6,2.0,17.0,incident_zone_calls,2.7,1.152813856170258,4.247186143829742,10
B_N,6,2.0,17.0,incident_zone_mean_response_min,4.829409088741579,3.2821687790028893,6.376649398480268,10
B_N,6,2.0,17.0,incident_zone_p95_response_min,6.880187514537982,3.7130865211291937,10.04728850794677,10
B_N,6,2.0,17.0,incident_zone_strict_4min_rate,0.7238095238095237,0.5092354978394898,0.9383835497795575,10
B_N,6,2.0,17.0,incident_zone_mean_wait_min,0.5493539957820758,-0.6933710806881618,1.7920790722523132,10
B_N,6,2.0,17.0,incident_zone_mean_delay_penalty_yuan_per_call,310.64372251022047,39.369383283816035,581.9180617366248,10
B_N,6,2.0,17.0,nonincident_zone_calls,14.3,11.820783997899435,16.779216002100565,10
B_N,6,2.0,17.0,nonincident_zone_mean_response_min,6.18145481656344,5.081167717299907,7.281741915826974,10
B_N,6,2.0,17.0,nonincident_zone_p95_response_min,10.94467964679847,7.207852350707396,14.681506942889543,10
B_N,6,2.0,17.0,nonincident_zone_strict_4min_rate,0.31947343849820625,0.21657907466728546,0.4223678023291271,10
B_N,6,2.0,17.0,nonincident_zone_mean_wait_min,0.3211034187090131,-0.18931806920431876,0.8315249066223449,10
B_N,6,2.0,17.0,nonincident_zone_mean_delay_penalty_yuan_per_call,500.18565101232946,295.20322861404634,705.1680734106126,10
B_N,6,2.0,17.0,max_incident_queue,1.3,0.8171708880668164,1.7828291119331836,10
B_N,6,2.0,17.0,incident_end_backlog,0.0,0.0,0.0,10
B_N,6,4.0,16.0,calls,33.7,30.377887868693627,37.02211213130638,10
B_N,6,4.0,16.0,mean_response_min,6.071447961261648,5.195084702789547,6.947811219733749,10
B_N,6,4.0,16.0,p95_response_min,13.829905813487818,9.250313722218932,18.409497904756705,10
B_N,6,4.0,16.0,strict_4min_rate,0.4314790240766816,0.3724582860316065,0.49049976212175667,10
B_N,6,4.0,16.0,mean_wait_min,0.43977257798260094,-0.046146697312784035,0.9256918532779859,10
B_N,6,4.0,16.0,mean_delay_penalty_yuan_per_call,500.5853970676658,334.40815123338234,666.7626429019492,10
B_N,6,4.0,16.0,incident_zone_calls,6.0,4.933608886717113,7.066391113282887,10
B_N,6,4.0,16.0,incident_zone_mean_response_min,5.873487468358919,4.321718521157255,7.4252564155605825,10
B_N,6,4.0,16.0,incident_zone_p95_response_min,11.688955736070563,7.2378281023439985,16.140083369797125,10
B_N,6,4.0,16.0,incident_zone_strict_4min_rate,0.6589285714285714,0.5177285354004306,0.8001286074567122,10
B_N,6,4.0,16.0,incident_zone_mean_wait_min,0.63833353314134,-0.41001552852233947,1.6866825948050195,10
B_N,6,4.0,16.0,incident_zone_mean_delay_penalty_yuan_per_call,506.4832079574979,216.05150744354683,796.9149084714489,10
B_N,6,4.0,16.0,nonincident_zone_calls,27.7,24.739924156377818,30.66007584362218,10
B_N,6,4.0,16.0,nonincident_zone_mean_response_min,6.150236138395322,5.287506300317461,7.0129659764731835,10
B_N,6,4.0,16.0,nonincident_zone_p95_response_min,12.601447449487628,8.593461928519952,16.609432970455302,10
B_N,6,4.0,16.0,nonincident_zone_strict_4min_rate,0.3820671638970431,0.3270215796860408,0.4371127481080454,10
B_N,6,4.0,16.0,nonincident_zone_mean_wait_min,0.41602637576698215,-0.02201196504978309,0.8540647165837474,10
B_N,6,4.0,16.0,nonincident_zone_mean_delay_penalty_yuan_per_call,506.460660458473,342.065475640341,670.855845276605,10
B_N,6,4.0,16.0,max_incident_queue,1.6,0.8310144322718843,2.368985567728116,10
B_N,6,4.0,16.0,incident_end_backlog,0.0,0.0,0.0,10
B_N,6,5.0,15.483333333333333,calls,41.9,37.33253345178802,46.46746654821198,10
B_N,6,5.0,15.483333333333333,mean_response_min,5.878182413536905,5.079579196270602,6.676785630803208,10
B_N,6,5.0,15.483333333333333,p95_response_min,11.427386078062792,8.84339360085032,14.011378555275265,10
B_N,6,5.0,15.483333333333333,strict_4min_rate,0.4363041434431064,0.3712548709425006,0.5013534159437123,10
B_N,6,5.0,15.483333333333333,mean_wait_min,0.3616640473798809,0.028826118576455173,0.6945019761833067,10
B_N,6,5.0,15.483333333333333,mean_delay_penalty_yuan_per_call,462.89731139600224,315.2332051926641,610.5614175993403,10
B_N,6,5.0,15.483333333333333,incident_zone_calls,7.7,6.116489986041257,9.283510013958743,10
B_N,6,5.0,15.483333333333333,incident_zone_mean_response_min,5.732632456884238,3.8334020676169422,7.631862846151533,10
B_N,6,5.0,15.483333333333333,incident_zone_p95_response_min,11.941175013605434,5.9068510137562305,17.975499013454638,10
B_N,6,5.0,15.483333333333333,incident_zone_strict_4min_rate,0.6830555555555555,0.4925089898784155,0.8736021212326955,10
B_N,6,5.0,15.483333333333333,incident_zone_mean_wait_min,0.7229236753091411,-0.2404591285304336,1.686306479148716,10
B_N,6,5.0,15.483333333333333,incident_zone_mean_delay_penalty_yuan_per_call,483.1376024879587,137.125400069291,829.1498049066264,10
B_N,6,5.0,15.483333333333333,nonincident_zone_calls,34.2,29.990793388167532,38.409206611832474,10
B_N,6,5.0,15.483333333333333,nonincident_zone_mean_response_min,5.909284259816623,5.295046626161788,6.523521893471457,10
B_N,6,5.0,15.483333333333333,nonincident_zone_p95_response_min,11.068499885550622,8.923341864111892,13.213657906989352,10
B_N,6,5.0,15.483333333333333,nonincident_zone_strict_4min_rate,0.3841525243561793,0.33904276464136246,0.42926228407099615,10
B_N,6,5.0,15.483333333333333,nonincident_zone_mean_wait_min,0.31170470081926377,0.032891021315774316,0.5905183803227532,10
B_N,6,5.0,15.483333333333333,nonincident_zone_mean_delay_penalty_yuan_per_call,458.68735683456055,343.4807510120333,573.8939626570877,10
B_N,6,5.0,15.483333333333333,max_incident_queue,1.6,0.8310144322718843,2.368985567728116,10
B_N,6,5.0,15.483333333333333,incident_end_backlog,0.0,0.0,0.0,10
B_N,6,6.0,14.983333333333333,calls,48.7,44.149995157351256,53.25000484264875,10
B_N,6,6.0,14.983333333333333,mean_response_min,5.781629930213674,5.028306510284955,6.534953350142392,10
B_N,6,6.0,14.983333333333333,p95_response_min,11.598965601433143,8.535867387473596,14.66206381539269,10
B_N,6,6.0,14.983333333333333,strict_4min_rate,0.41616434661638946,0.3527055992974325,0.4796230939353464,10
B_N,6,6.0,14.983333333333333,mean_wait_min,0.21463315235563898,-0.044825993936781244,0.47409229864805924,10
B_N,6,6.0,14.983333333333333,mean_delay_penalty_yuan_per_call,439.55885536601255,301.3709297249486,577.7467810070765,10
B_N,6,6.0,14.983333333333333,incident_zone_calls,8.7,7.012202332548644,10.387797667451354,10
B_N,6,6.0,14.983333333333333,incident_zone_mean_response_min,5.081609705977662,3.7998936333818243,6.3633257785735005,10
B_N,6,6.0,14.983333333333333,incident_zone_p95_response_min,9.633464049051556,5.3572382719340235,13.909689826169089,10
B_N,6,6.0,14.983333333333333,incident_zone_strict_4min_rate,0.663989898989899,0.5576910652423246,0.7702887327374734,10
B_N,6,6.0,14.983333333333333,incident_zone_mean_wait_min,0.44153094765364787,-0.2609679930051284,1.1440298883124242,10
B_N,6,6.0,14.983333333333333,incident_zone_mean_delay_penalty_yuan_per_call,349.11992099351215,108.51213801963894,589.7277039673854,10
B_N,6,6.0,14.983333333333333,nonincident_zone_calls,40.0,35.577368643939906,44.422631356060094,10
B_N,6,6.0,14.983333333333333,nonincident_zone_mean_response_min,5.947707246121455,5.2636188970619315,6.631795595180979,10
B_N,6,6.0,14.983333333333333,nonincident_zone_p95_response_min,11.332705410550943,8.973980185445852,13.691430635656035,10
B_N,6,6.0,14.983333333333333,nonincident_zone_strict_4min_rate,0.36356839656656376,0.30369427203658655,0.42344252109654096,10
B_N,6,6.0,14.983333333333333,nonincident_zone_mean_wait_min,0.19172030125432457,-0.024837594020846093,0.40827819652949526,10
B_N,6,6.0,14.983333333333333,nonincident_zone_mean_delay_penalty_yuan_per_call,462.25512853760375,337.00128651861775,587.5089705565897,10
B_N,6,6.0,14.983333333333333,max_incident_queue,1.6,0.8310144322718843,2.368985567728116,10
B_N,6,6.0,14.983333333333333,incident_end_backlog,0.0,0.0,0.0,10
B_N,6,8.0,13.883333333333333,calls,62.4,57.96196767560391,66.8380323243961,10
B_N,6,8.0,13.883333333333333,mean_response_min,7.459912652460399,5.6423236857660415,9.277501619154755,10
B_N,6,8.0,13.883333333333333,p95_response_min,21.901587343521886,9.686597865174289,34.11657682186949,10
B_N,6,8.0,13.883333333333333,strict_4min_rate,0.38442245571404626,0.3400554086715176,0.4287895027565749,10
B_N,6,8.0,13.883333333333333,mean_wait_min,1.630737288274177,-0.0165535434584001,3.2780281200067543,10
B_N,6,8.0,13.883333333333333,mean_delay_penalty_yuan_per_call,768.8670216348893,409.4352173529001,1128.2988259168785,10
B_N,6,8.0,13.883333333333333,incident_zone_calls,11.1,8.566339093992884,13.633660906007115,10
B_N,6,8.0,13.883333333333333,incident_zone_mean_response_min,7.161374888535969,4.315992732247198,10.00675704482474,10
B_N,6,8.0,13.883333333333333,incident_zone_p95_response_min,19.580477259642453,6.050448924279223,33.110505595005684,10
B_N,6,8.0,13.883333333333333,incident_zone_strict_4min_rate,0.5885081585081584,0.5151350171488318,0.661881299867485,10
B_N,6,8.0,13.883333333333333,incident_zone_mean_wait_min,1.930746590956625,-0.3727743117846414,4.2342674936978915,10
B_N,6,8.0,13.883333333333333,incident_zone_mean_delay_penalty_yuan_per_call,749.9766094088253,189.81288319634552,1310.140335621305,10
B_N,6,8.0,13.883333333333333,nonincident_zone_calls,51.3,47.89338525568015,54.70661474431984,10
B_N,6,8.0,13.883333333333333,nonincident_zone_mean_response_min,7.498915430186756,5.787865195965782,9.20996566440773,10
B_N,6,8.0,13.883333333333333,nonincident_zone_p95_response_min,19.812396044503853,9.189626424336026,30.43516566467168,10
B_N,6,8.0,13.883333333333333,nonincident_zone_strict_4min_rate,0.34399896315962414,0.2989066501979595,0.3890912761212888,10
B_N,6,8.0,13.883333333333333,nonincident_zone_mean_wait_min,1.5774989264648496,-0.006660676881543814,3.161658529811243,10
B_N,6,8.0,13.883333333333333,nonincident_zone_mean_delay_penalty_yuan_per_call,768.5828786692762,430.5034356082691,1106.662321730283,10
B_N,6,8.0,13.883333333333333,max_incident_queue,2.5,1.1831041195693215,3.8168958804306783,10
B_N,6,8.0,13.883333333333333,incident_end_backlog,1.5,-0.05451882066076075,3.0545188206607605,10
B_N,6,10.0,10.266666666666666,calls,74.5,70.49215658468883,78.50784341531117,10
B_N,6,10.0,10.266666666666666,mean_response_min,5.42025816210834,4.835400307558742,6.005116016657937,10
B_N,6,10.0,10.266666666666666,p95_response_min,10.712317589250784,8.519359783222047,12.90527539527952,10
B_N,6,10.0,10.266666666666666,strict_4min_rate,0.45311231916283135,0.39579306080704596,0.5104315775186168,10
B_N,6,10.0,10.266666666666666,mean_wait_min,0.12128067994442289,-0.05475537818002234,0.2973167380688681,10
B_N,6,10.0,10.266666666666666,mean_delay_penalty_yuan_per_call,374.674096254234,267.35653819245385,481.9916543160141,10
B_N,6,10.0,10.266666666666666,incident_zone_calls,11.9,9.552728055499783,14.247271944500218,10
B_N,6,10.0,10.266666666666666,incident_zone_mean_response_min,5.289353547616988,4.224598811145398,6.3541082840885785,10
B_N,6,10.0,10.266666666666666,incident_zone_p95_response_min,11.291863447029836,7.5979323033236446,14.985794590736027,10
B_N,6,10.0,10.266666666666666,incident_zone_strict_4min_rate,0.64005439005439,0.5454597519553228,0.7346490281534572,10
B_N,6,10.0,10.266666666666666,incident_zone_mean_wait_min,0.1906849036042415,-0.12261419967317383,0.5039840068816568,10
B_N,6,10.0,10.266666666666666,incident_zone_mean_delay_penalty_yuan_per_call,385.8815875342757,190.0831284980641,581.6800465704873,10
B_N,6,10.0,10.266666666666666,nonincident_zone_calls,62.6,59.04394138516327,66.15605861483674,10
B_N,6,10.0,10.266666666666666,nonincident_zone_mean_response_min,5.414460507947341,4.916020730396045,5.912900285498638,10
B_N,6,10.0,10.266666666666666,nonincident_zone_p95_response_min,10.071759095570673,8.669948234116044,11.473569957025303,10
B_N,6,10.0,10.266666666666666,nonincident_zone_strict_4min_rate,0.42077960330551206,0.36669003237076214,0.474869174240262,10
B_N,6,10.0,10.266666666666666,nonincident_zone_mean_wait_min,0.0997349151454481,-0.03680745762654056,0.23627728791743677,10
B_N,6,10.0,10.266666666666666,nonincident_zone_mean_delay_penalty_yuan_per_call,367.04802225057085,276.6847631169712,457.4112813841705,10
B_N,6,10.0,10.266666666666666,max_incident_queue,1.3,0.8171708880668164,1.7828291119331836,10
B_N,6,10.0,10.266666666666666,incident_end_backlog,0.2,-0.25243143255964096,0.652431432559641,10
B_N,6,11.0,8.7,calls,83.8,79.43169960867151,88.16830039132849,10
B_N,6,11.0,8.7,mean_response_min,5.514182698175628,4.590754951865598,6.437610444485658,10
B_N,6,11.0,8.7,p95_response_min,12.543716902901362,5.938398108493466,19.14903569730926,10
B_N,6,11.0,8.7,strict_4min_rate,0.46680891883597475,0.4278245600055112,0.5057932776664383,10
B_N,6,11.0,8.7,mean_wait_min,0.399060130180667,-0.3497268901317081,1.147847150493042,10
B_N,6,11.0,8.7,mean_delay_penalty_yuan_per_call,396.19832340232045,214.64347487943877,577.7531719252022,10
B_N,6,11.0,8.7,incident_zone_calls,14.0,11.178594313924172,16.821405686075828,10
B_N,6,11.0,8.7,incident_zone_mean_response_min,5.269397490139492,4.166902571366259,6.371892408912726,10
B_N,6,11.0,8.7,incident_zone_p95_response_min,12.225286668348142,6.122412988369349,18.328160348326936,10
B_N,6,11.0,8.7,incident_zone_strict_4min_rate,0.648662840782406,0.5904881602834073,0.7068375212814046,10
B_N,6,11.0,8.7,incident_zone_mean_wait_min,0.3436918636789019,-0.4337931475377903,1.1211768748955941,10
B_N,6,11.0,8.7,incident_zone_mean_delay_penalty_yuan_per_call,383.6120661843797,171.5671056631233,595.6570267056361,10
B_N,6,11.0,8.7,nonincident_zone_calls,69.8,65.95803093658687,73.64196906341313,10
B_N,6,11.0,8.7,nonincident_zone_mean_response_min,5.552685911888216,4.6613131126672664,6.444058711109165,10
B_N,6,11.0,8.7,nonincident_zone_p95_response_min,12.45091370259539,5.810914897995603,19.090912507195178,10
B_N,6,11.0,8.7,nonincident_zone_strict_4min_rate,0.43241685527362594,0.3906872796981216,0.4741464308491303,10
B_N,6,11.0,8.7,nonincident_zone_mean_wait_min,0.41108857503779583,-0.3313884208412643,1.153565570916856,10
B_N,6,11.0,8.7,nonincident_zone_mean_delay_penalty_yuan_per_call,397.0205534323682,221.81118128435253,572.2299255803839,10
B_N,6,11.0,8.7,max_incident_queue,1.6,0.6343417761336327,2.565658223866367,10
B_N,6,11.0,8.7,incident_end_backlog,0.4,-0.5048628651192819,1.304862865119282,10
B_N,6,12.0,8.05,calls,91.3,86.14093689689025,96.45906310310974,10
B_N,6,12.0,8.05,mean_response_min,5.400013500552182,4.5139384339001465,6.286088567204218,10
B_N,6,12.0,8.05,p95_response_min,11.237471072757623,6.486776593119855,15.98816555239539,10
B_N,6,12.0,8.05,strict_4min_rate,0.476947397763763,0.4373406007590034,0.5165541947685226,10
B_N,6,12.0,8.05,mean_wait_min,0.38369923972766395,-0.3213372595542674,1.0887357390095953,10
B_N,6,12.0,8.05,mean_delay_penalty_yuan_per_call,375.39217966318927,202.1431425890976,548.641216737281,10
B_N,6,12.0,8.05,incident_zone_calls,14.9,12.02964434311517,17.77035565688483,10
B_N,6,12.0,8.05,incident_zone_mean_response_min,5.3721213685648985,3.3139392277471256,7.4303035093826715,10
B_N,6,12.0,8.05,incident_zone_p95_response_min,12.907914395578459,3.0602367017686714,22.755592089388244,10
B_N,6,12.0,8.05,incident_zone_strict_4min_rate,0.6829163483575249,0.5846861247348007,0.7811465719802491,10
B_N,6,12.0,8.05,incident_zone_mean_wait_min,0.7309768444980277,-0.8067293308812317,2.268683019877287,10
B_N,6,12.0,8.05,incident_zone_mean_delay_penalty_yuan_per_call,411.0075433844845,13.447077666734174,808.5680091022348,10
B_N,6,12.0,8.05,nonincident_zone_calls,76.4,72.3928660002914,80.4071339997086,10
B_N,6,12.0,8.05,nonincident_zone_mean_response_min,5.344516548061048,4.733086642061785,5.95594645406031,10
B_N,6,12.0,8.05,nonincident_zone_p95_response_min,10.089983649220923,7.846594673340497,12.333372625101347,10
B_N,6,12.0,8.05,nonincident_zone_strict_4min_rate,0.44054716366963637,0.396645453741371,0.48444887359790173,10
B_N,6,12.0,8.05,nonincident_zone_mean_wait_min,0.27916547754148957,-0.18541876545131813,0.7437497205342973,10
B_N,6,12.0,8.05,nonincident_zone_mean_delay_penalty_yuan_per_call,357.0127423461369,239.403370274414,474.62211441785985,10
B_N,6,12.0,8.05,max_incident_queue,1.6,0.6343417761336327,2.565658223866367,10
B_N,6,12.0,8.05,incident_end_backlog,0.5,-0.6310785813991024,1.6310785813991024,10
B_N,7,0.5,17.75,calls,5.9,3.0695400381363798,8.730459961863621,10
B_N,7,0.5,17.75,mean_response_min,7.363723566742203,4.872295718677123,9.855151414807281,9
B_N,7,0.5,17.75,p95_response_min,11.621135110257143,6.1141228228287465,17.128147397685538,9
B_N,7,0.5,17.75,strict_4min_rate,0.2495189995189995,0.08539098491139677,0.4136470141266022,9
B_N,7,0.5,17.75,mean_wait_min,1.1717505007576992,-0.7002118272130031,3.0437128287284017,9
B_N,7,0.5,17.75,mean_delay_penalty_yuan_per_call,722.6485132522403,242.3619871834439,1202.9350393210366,9
B_N,7,0.5,17.75,incident_zone_calls,2.4,0.8473111020696775,3.9526888979303223,10
B_N,7,0.5,17.75,incident_zone_mean_response_min,8.509076246515662,5.5650858203219205,11.453066672709403,9
B_N,7,0.5,17.75,incident_zone_p95_response_min,9.92369391152679,4.835388788559418,15.011999034494163,9
B_N,7,0.5,17.75,incident_zone_strict_4min_rate,0.0,0.0,0.0,9
B_N,7,0.5,17.75,incident_zone_mean_wait_min,1.0015328180201726,-1.3080060018770268,3.311071637917372,9
B_N,7,0.5,17.75,incident_zone_mean_delay_penalty_yuan_per_call,901.8152493031325,313.0171640643845,1490.6133345418807,9
B_N,7,0.5,17.75,nonincident_zone_calls,3.5,1.5264560374230693,5.47354396257693,10
B_N,7,0.5,17.75,nonincident_zone_mean_response_min,5.864166243815733,3.647417484153,8.080915003478466,9
B_N,7,0.5,17.75,nonincident_zone_p95_response_min,9.07607408753813,3.766189073544374,14.385959101531885,9
B_N,7,0.5,17.75,nonincident_zone_strict_4min_rate,0.46851851851851856,0.15494363927897004,0.7820933977580671,9
B_N,7,0.5,17.75,nonincident_zone_mean_wait_min,0.857669576378814,-0.45730017962455016,2.172639332382178,9
B_N,7,0.5,17.75,nonincident_zone_mean_delay_penalty_yuan_per_call,466.5369524668501,73.74952778703147,859.3243771466687,9
B_N,7,0.5,17.75,max_incident_queue,1.5,0.4743778688025191,2.5256221311974807,10
B_N,7,0.5,17.75,incident_end_backlog,0.8,-0.45272591134470774,2.052725911344708,10
B_N,7,1.0,17.5,calls,11.3,8.047070088308466,14.552929911691535,10
B_N,7,1.0,17.5,mean_response_min,8.477239879603552,6.043379685890143,10.91110007331696,10
B_N,7,1.0,17.5,p95_response_min,14.449619325363884,8.386575135205035,20.512663515522732,10
B_N,7,1.0,17.5,strict_4min_rate,0.18851827094474152,0.0854786905283005,0.29155785136118256,10
B_N,7,1.0,17.5,mean_wait_min,1.4815666755846344,-0.46668501211475455,3.4298183632840233,10
B_N,7,1.0,17.5,mean_delay_penalty_yuan_per_call,933.1516301096584,453.5811509250925,1412.7221092942243,10
B_N,7,1.0,17.5,incident_zone_calls,5.5,3.8393718761459152,7.160628123854085,10
B_N,7,1.0,17.5,incident_zone_mean_response_min,9.712286649306915,6.981960341788847,12.442612956824982,10
B_N,7,1.0,17.5,incident_zone_p95_response_min,13.649290384084944,8.487713029950626,18.81086773821926,10
B_N,7,1.0,17.5,incident_zone_strict_4min_rate,0.0,0.0,0.0,10
B_N,7,1.0,17.5,incident_zone_mean_wait_min,1.5883167829981983,-0.6982653204787368,3.8748988864751333,10
B_N,7,1.0,17.5,incident_zone_mean_delay_penalty_yuan_per_call,1142.4573298613836,596.3920683577699,1688.5225913649974,10
B_N,7,1.0,17.5,nonincident_zone_calls,5.8,3.51782335702989,8.08217664297011,10
B_N,7,1.0,17.5,nonincident_zone_mean_response_min,7.441476645738135,4.609291063457783,10.273662228018487,10
B_N,7,1.0,17.5,nonincident_zone_p95_response_min,12.876441492164133,6.031194795026961,19.721688189301304,10
B_N,7,1.0,17.5,nonincident_zone_strict_4min_rate,0.3811111111111111,0.14742244814157068,0.6147997740806516,10
B_N,7,1.0,17.5,nonincident_zone_mean_wait_min,1.528985208626495,-0.4257627119806642,3.483733129233654,10
B_N,7,1.0,17.5,nonincident_zone_mean_delay_penalty_yuan_per_call,764.5175513698488,228.50843290885018,1300.5266698308474,10
B_N,7,1.0,17.5,max_incident_queue,2.1,0.7322728486010313,3.467727151398969,10
B_N,7,1.0,17.5,incident_end_backlog,0.4,-0.2911004288272876,1.0911004288272876,10
B_N,7,2.0,17.0,calls,23.8,20.2184495992388,27.381550400761203,10
B_N,7,2.0,17.0,mean_response_min,9.897007062316245,7.515427642251213,12.278586482381277,10
B_N,7,2.0,17.0,p95_response_min,19.345371909358978,13.056608410628229,25.634135408089726,10
B_N,7,2.0,17.0,strict_4min_rate,0.1269666907166907,0.06150121679970717,0.19243216463367424,10
B_N,7,2.0,17.0,mean_wait_min,2.365388789376092,0.5445244437119598,4.186253135040224,10
B_N,7,2.0,17.0,mean_delay_penalty_yuan_per_call,1204.794750606587,737.0633417758334,1672.5261594373408,10
B_N,7,2.0,17.0,incident_zone_calls,11.8,9.89835223539318,13.701647764606822,10
B_N,7,2.0,17.0,incident_zone_mean_response_min,10.533186687776197,8.625244665373222,12.441128710179173,10
B_N,7,2.0,17.0,incident_zone_p95_response_min,18.412606247997708,12.931954443999516,23.8932580519959,10
B_N,7,2.0,17.0,incident_zone_strict_4min_rate,0.0,0.0,0.0,10
B_N,7,2.0,17.0,incident_zone_mean_wait_min,2.135599243568092,0.5608958507442416,3.7103026363919422,10
B_N,7,2.0,17.0,incident_zone_mean_delay_penalty_yuan_per_call,1306.6373375552398,925.0489330746445,1688.225742035835,10
B_N,7,2.0,17.0,nonincident_zone_calls,12.0,9.54498329244174,14.45501670755826,10
B_N,7,2.0,17.0,nonincident_zone_mean_response_min,9.089042008706054,6.0743893123373685,12.103694705074739,10
B_N,7,2.0,17.0,nonincident_zone_p95_response_min,17.66368954828295,11.131982382904294,24.195396713661605,10
B_N,7,2.0,17.0,nonincident_zone_strict_4min_rate,0.25331959706959706,0.1288056100384855,0.3778335841007086,10
B_N,7,2.0,17.0,nonincident_zone_mean_wait_min,2.439361375327558,0.25283363813144755,4.625889112523668,10
B_N,7,2.0,17.0,nonincident_zone_mean_delay_penalty_yuan_per_call,1068.47232115513,484.14612262156186,1652.798519688698,10
B_N,7,2.0,17.0,max_incident_queue,2.8,1.547274088655292,4.052725911344708,10
B_N,7,2.0,17.0,incident_end_backlog,0.5,-0.27267376906853535,1.2726737690685352,10
B_N,7,4.0,16.0,calls,44.8,40.09335986861113,49.50664013138886,10
B_N,7,4.0,16.0,mean_response_min,12.238308121553766,6.9521152148927365,17.524501028214797,10
B_N,7,4.0,16.0,p95_response_min,29.636033559461755,11.714809423566244,47.557257695357265,10
B_N,7,4.0,16.0,strict_4min_rate,0.1460252239503794,0.10467678089563703,0.18737366700512176,10
B_N,7,4.0,16.0,mean_wait_min,4.540843707767706,-0.33027745297937106,9.411964868514783,10
B_N,7,4.0,16.0,mean_delay_penalty_yuan_per_call,1676.8666691008289,625.1055429800949,2728.627795221563,10
B_N,7,4.0,16.0,incident_zone_calls,20.4,16.941208467071007,23.85879153292899,10
B_N,7,4.0,16.0,incident_zone_mean_response_min,13.531110894995496,8.012297971158194,19.0499238188328,10
B_N,7,4.0,16.0,incident_zone_p95_response_min,30.58154618675592,8.140486752337068,53.02260562117477,10
B_N,7,4.0,16.0,incident_zone_strict_4min_rate,0.0,0.0,0.0,10
B_N,7,4.0,16.0,incident_zone_mean_wait_min,4.870528184327192,-0.4802186983744159,10.221275067028799,10
B_N,7,4.0,16.0,incident_zone_mean_delay_penalty_yuan_per_call,1906.2221789990988,802.4595942316382,3009.9847637665594,10
B_N,7,4.0,16.0,nonincident_zone_calls,24.4,22.158041073373525,26.641958926626472,10
B_N,7,4.0,16.0,nonincident_zone_mean_response_min,11.177282528229723,6.218440531026937,16.136124525432507,10
B_N,7,4.0,16.0,nonincident_zone_p95_response_min,24.91433504294123,13.731103522858717,36.09756656302374,10
B_N,7,4.0,16.0,nonincident_zone_strict_4min_rate,0.265995117215507,0.19089451131731885,0.3410957231136952,10
B_N,7,4.0,16.0,nonincident_zone_mean_wait_min,4.2301285943626175,-0.12349765198771401,8.583754840712949,10
B_N,7,4.0,16.0,nonincident_zone_mean_delay_penalty_yuan_per_call,1488.6555290890465,506.31962371619886,2470.991434461894,10
B_N,7,4.0,16.0,max_incident_queue,4.3,2.4824365296227695,6.11756347037723,10
B_N,7,4.0,16.0,incident_end_backlog,1.4,-0.8164523067350791,3.616452306735079,10
B_N,7,5.0,15.483333333333333,calls,55.3,49.43921300967253,61.160786990327466,10
B_N,7,5.0,15.483333333333333,mean_response_min,16.122130556931943,5.69621116651366,26.548049947350226,10
B_N,7,5.0,15.483333333333333,p95_response_min,48.3891289484572,1.9470970119984017,94.83116088491599,10
B_N,7,5.0,15.483333333333333,strict_4min_rate,0.14998139344531386,0.10434805344236926,0.19561473344825847,10
B_N,7,5.0,15.483333333333333,mean_wait_min,8.399274510105537,-1.730808383684444,18.529357403895517,10
B_N,7,5.0,15.483333333333333,mean_delay_penalty_yuan_per_call,2454.184444514576,375.085954929687,4533.282934099465,10
B_N,7,5.0,15.483333333333333,incident_zone_calls,25.6,21.048121056286274,30.15187894371373,10
B_N,7,5.0,15.483333333333333,incident_zone_mean_response_min,18.512099938047186,7.14787369855703,29.876326177537344,10
B_N,7,5.0,15.483333333333333,incident_zone_p95_response_min,49.676957049575776,3.2834747953535555,96.070439303798,10
B_N,7,5.0,15.483333333333333,incident_zone_strict_4min_rate,0.0,0.0,0.0,10
B_N,7,5.0,15.483333333333333,incident_zone_mean_wait_min,9.794870982350755,-1.5188764417038492,21.10861840640536,10
B_N,7,5.0,15.483333333333333,incident_zone_mean_delay_penalty_yuan_per_call,2902.419987609437,629.5747397114055,5175.265235507469,10
B_N,7,5.0,15.483333333333333,nonincident_zone_calls,29.7,26.49993812428089,32.9000618757191,10
B_N,7,5.0,15.483333333333333,nonincident_zone_mean_response_min,13.880494285882381,4.715287969964114,23.045700601800647,10
B_N,7,5.0,15.483333333333333,nonincident_zone_p95_response_min,43.214961390622264,-2.3155562735567727,88.74547905480131,10
B_N,7,5.0,15.483333333333333,nonincident_zone_strict_4min_rate,0.2769020562770563,0.19427209124417655,0.359532021309936,10
B_N,7,5.0,15.483333333333333,nonincident_zone_mean_wait_min,6.970995178720469,-1.7178764383438994,15.659866795784836,10
B_N,7,5.0,15.483333333333333,nonincident_zone_mean_delay_penalty_yuan_per_call,2031.084958645294,207.96137467775998,3854.208542612828,10
B_N,7,5.0,15.483333333333333,max_incident_queue,5.6,2.794762961013469,8.405237038986531,10
B_N,7,5.0,15.483333333333333,incident_end_backlog,2.8,-0.5349240266398341,6.134924026639833,10
B_N,7,6.0,14.983333333333333,calls,64.5,58.32551257450999,70.67448742549001,10
B_N,7,6.0,14.983333333333333,mean_response_min,23.09737987030152,11.742187370479387,34.452572370123654,10
B_N,7,6.0,14.983333333333333,p95_response_min,81.80803862794589,28.590312239246863,135.02576501664493,10
B_N,7,6.0,14.983333333333333,strict_4min_rate,0.13520860193481257,0.09697785363616651,0.17343935023345863,10
B_N,7,6.0,14.983333333333333,mean_wait_min,15.366051499858447,4.182420035850816,26.549682963866076,10
B_N,7,6.0,14.983333333333333,mean_delay_penalty_yuan_per_call,3846.3336725592976,1580.1027433612076,6112.564601757387,10
B_N,7,6.0,14.983333333333333,incident_zone_calls,30.0,24.830477280010772,35.16952271998923,10
B_N,7,6.0,14.983333333333333,incident_zone_mean_response_min,22.64495829719668,10.345290326393648,34.94462626799971,10
B_N,7,6.0,14.983333333333333,incident_zone_p95_response_min,65.53023452025991,17.903198505574444,113.15727053494538,10
B_N,7,6.0,14.983333333333333,incident_zone_strict_4min_rate,0.0,0.0,0.0,10
B_N,7,6.0,14.983333333333333,incident_zone_mean_wait_min,14.022834629644981,1.7340797802388508,26.31158947905111,10
B_N,7,6.0,14.983333333333333,incident_zone_mean_delay_penalty_yuan_per_call,3728.9916594393353,1269.0580652787294,6188.925253599941,10
B_N,7,6.0,14.983333333333333,nonincident_zone_calls,34.5,31.460317647726853,37.53968235227315,10
B_N,7,6.0,14.983333333333333,nonincident_zone_mean_response_min,23.281754790750455,12.753182414757438,33.81032716674347,10
B_N,7,6.0,14.983333333333333,nonincident_zone_p95_response_min,96.84352645038044,39.815187962760966,153.8718649379999,10
B_N,7,6.0,14.983333333333333,nonincident_zone_strict_4min_rate,0.2488439889683523,0.1862464178383853,0.3114415600983193,10
B_N,7,6.0,14.983333333333333,nonincident_zone_mean_wait_min,16.29598222510759,5.948043930622836,26.643920519592342,10
B_N,7,6.0,14.983333333333333,nonincident_zone_mean_delay_penalty_yuan_per_call,3905.8232762353678,1806.9808037742055,6004.6657486965305,10
B_N,7,6.0,14.983333333333333,max_incident_queue,7.3,3.995047653547162,10.604952346452837,10
B_N,7,6.0,14.983333333333333,incident_end_backlog,6.1,2.398992890015396,9.801007109984603,10
B_N,7,8.0,13.883333333333333,calls,82.7,76.24811343965818,89.15188656034182,10
B_N,7,8.0,13.883333333333333,mean_response_min,45.168905726591206,33.32127677384416,57.01653467933825,10
B_N,7,8.0,13.883333333333333,p95_response_min,193.58541823288746,173.04678343794387,214.12405302783105,10
B_N,7,8.0,13.883333333333333,strict_4min_rate,0.12353816076095647,0.08831281936823537,0.15876350215367757,10
B_N,7,8.0,13.883333333333333,mean_wait_min,37.7399490200373,26.08033931606131,49.39955872401329,10
B_N,7,8.0,13.883333333333333,mean_delay_penalty_yuan_per_call,8258.488777470433,5893.081169161194,10623.896385779672,10
B_N,7,8.0,13.883333333333333,incident_zone_calls,38.2,32.34163893261695,44.05836106738305,10
B_N,7,8.0,13.883333333333333,incident_zone_mean_response_min,46.131331949145746,33.186481403926045,59.07618249436545,10
B_N,7,8.0,13.883333333333333,incident_zone_p95_response_min,186.62658004839517,155.71184453872064,217.5413155580697,10
B_N,7,8.0,13.883333333333333,incident_zone_strict_4min_rate,0.0,0.0,0.0,10
B_N,7,8.0,13.883333333333333,incident_zone_mean_wait_min,37.75569240621269,24.83600913281018,50.6753756796152,10
B_N,7,8.0,13.883333333333333,incident_zone_mean_delay_penalty_yuan_per_call,8426.266389829147,5837.296280785207,11015.236498873086,10
B_N,7,8.0,13.883333333333333,nonincident_zone_calls,44.5,41.296386445190265,47.703613554809735,10
B_N,7,8.0,13.883333333333333,nonincident_zone_mean_response_min,44.08581658882395,31.059884590639285,57.11174858700862,10
B_N,7,8.0,13.883333333333333,nonincident_zone_p95_response_min,184.73448372067372,159.0481580677332,210.42080937361425,10
B_N,7,8.0,13.883333333333333,nonincident_zone_strict_4min_rate,0.2270204381458764,0.16776087950394825,0.2862799967878046,10
B_N,7,8.0,13.883333333333333,nonincident_zone_mean_wait_min,37.44524575444553,24.67286015298157,50.21763135590949,10
B_N,7,8.0,13.883333333333333,nonincident_zone_mean_delay_penalty_yuan_per_call,8062.567405393966,5463.93585444987,10661.198956338061,10
B_N,7,8.0,13.883333333333333,max_incident_queue,15.1,10.470707864880435,19.729292135119564,10
B_N,7,8.0,13.883333333333333,incident_end_backlog,14.6,9.78113914576281,19.418860854237188,10
B_N,7,10.0,10.266666666666666,calls,100.1,94.48294234229081,105.71705765770918,10
B_N,7,10.0,10.266666666666666,mean_response_min,38.302557751462224,23.62689887766163,52.97821662526282,10
B_N,7,10.0,10.266666666666666,p95_response_min,204.84778956065605,126.19374798527792,283.5018311360342,10
B_N,7,10.0,10.266666666666666,strict_4min_rate,0.15592651096221474,0.1244649709166845,0.18738805100774497,10
B_N,7,10.0,10.266666666666666,mean_wait_min,31.19880267361949,16.61466289842468,45.782942448814296,10
B_N,7,10.0,10.266666666666666,mean_delay_penalty_yuan_per_call,6891.696852484888,3959.344173494014,9824.049531475763,10
B_N,7,10.0,10.266666666666666,incident_zone_calls,45.0,39.91923104763719,50.08076895236281,10
B_N,7,10.0,10.266666666666666,incident_zone_mean_response_min,41.68821055886063,24.11255364016084,59.263867477560424,10
B_N,7,10.0,10.266666666666666,incident_zone_p95_response_min,201.97745468799675,117.52742473586922,286.4274846401243,10
B_N,7,10.0,10.266666666666666,incident_zone_strict_4min_rate,0.0,0.0,0.0,10
B_N,7,10.0,10.266666666666666,incident_zone_mean_wait_min,33.47102958373747,15.926321657844557,51.015737509630384,10
B_N,7,10.0,10.266666666666666,incident_zone_mean_delay_penalty_yuan_per_call,7537.642111772124,4022.5107280321654,11052.773495512083,10
B_N,7,10.0,10.266666666666666,nonincident_zone_calls,55.1,52.19029561668054,58.009704383319466,10
B_N,7,10.0,10.266666666666666,nonincident_zone_mean_response_min,35.43239081080375,21.493936196954056,49.37084542465345,10
B_N,7,10.0,10.266666666666666,nonincident_zone_p95_response_min,204.10081555399364,133.87636471907118,274.32526638891613,10
B_N,7,10.0,10.266666666666666,nonincident_zone_strict_4min_rate,0.2814521033384928,0.2297932265317869,0.3331109801451987,10
B_N,7,10.0,10.266666666666666,nonincident_zone_mean_wait_min,29.219474646060995,15.29509643407427,43.14385285804772,10
B_N,7,10.0,10.266666666666666,nonincident_zone_mean_delay_penalty_yuan_per_call,6342.7685828284475,3557.3909722134817,9128.146193443414,10
B_N,7,10.0,10.266666666666666,max_incident_queue,11.8,7.316082146747054,16.283917853252948,10
B_N,7,10.0,10.266666666666666,incident_end_backlog,11.0,6.47568567440359,15.52431432559641,10
B_N,7,11.0,8.7,calls,112.1,105.97915653167222,118.22084346832777,10
B_N,7,11.0,8.7,mean_response_min,38.816628738646294,23.08398449242951,54.54927298486308,10
B_N,7,11.0,8.7,p95_response_min,255.4820867869101,172.24548430369785,338.71868927012235,10
B_N,7,11.0,8.7,strict_4min_rate,0.16662410952225623,0.13351495759204834,0.19973326145246412,10
B_N,7,11.0,8.7,mean_wait_min,31.70890006287799,16.09807326542642,47.31972686032956,10
B_N,7,11.0,8.7,mean_delay_penalty_yuan_per_call,6996.520015079424,3851.819177446247,10141.220852712602,10
B_N,7,11.0,8.7,incident_zone_calls,49.8,44.37501360665964,55.22498639334035,10
B_N,7,11.0,8.7,incident_zone_mean_response_min,43.923663008176334,27.513329827266357,60.33399618908631,10
B_N,7,11.0,8.7,incident_zone_p95_response_min,250.6498115920639,168.67498855815796,332.62463462596986,10
B_N,7,11.0,8.7,incident_zone_strict_4min_rate,0.0,0.0,0.0,10
B_N,7,11.0,8.7,incident_zone_mean_wait_min,35.743260821776865,19.394123057036722,52.09239858651701,10
B_N,7,11.0,8.7,incident_zone_mean_delay_penalty_yuan_per_call,7984.732601635265,4702.6659654532705,11266.79923781726,10
B_N,7,11.0,8.7,nonincident_zone_calls,62.3,58.82726332429122,65.77273667570877,10
B_N,7,11.0,8.7,nonincident_zone_mean_response_min,34.88260240657107,19.047541957480483,50.71766285566165,10
B_N,7,11.0,8.7,nonincident_zone_p95_response_min,220.70292645313725,127.72367919220751,313.682173714067,10
B_N,7,11.0,8.7,nonincident_zone_strict_4min_rate,0.2998193132094283,0.2399035312001449,0.35973509521871166,10
B_N,7,11.0,8.7,nonincident_zone_mean_wait_min,28.631372636727583,12.861304893718701,44.401440379736464,10
B_N,7,11.0,8.7,nonincident_zone_mean_delay_penalty_yuan_per_call,6236.257673766646,3069.9434381616384,9402.571909371654,10
B_N,7,11.0,8.7,max_incident_queue,12.4,7.499239555228017,17.300760444771985,10
B_N,7,11.0,8.7,incident_end_backlog,12.0,6.998182316122292,17.001817683877707,10
B_N,7,12.0,8.05,calls,122.5,115.45656944145324,129.54343055854676,10
B_N,7,12.0,8.05,mean_response_min,51.82219085997392,37.7915549392488,65.85282678069905,10
B_N,7,12.0,8.05,p95_response_min,305.2635929540426,279.9719442795069,330.55524162857836,10
B_N,7,12.0,8.05,strict_4min_rate,0.16412227580716793,0.14142038864272125,0.1868241629716146,10
B_N,7,12.0,8.05,mean_wait_min,44.93293632589473,30.977825410579246,58.88804724121022,10
B_N,7,12.0,8.05,mean_delay_penalty_yuan_per_call,9597.258109888182,6792.551408581925,12401.964811194439,10
B_N,7,12.0,8.05,incident_zone_calls,54.8,49.14913321850504,60.45086678149495,10
B_N,7,12.0,8.05,incident_zone_mean_response_min,58.240238733705766,42.000759717767934,74.4797177496436,10
B_N,7,12.0,8.05,incident_zone_p95_response_min,298.9880297051742,262.5599590173166,335.4161003930318,10
B_N,7,12.0,8.05,incident_zone_strict_4min_rate,0.0,0.0,0.0,10
B_N,7,12.0,8.05,incident_zone_mean_wait_min,50.270055391701355,34.046772678166846,66.49333810523586,10
B_N,7,12.0,8.05,incident_zone_mean_delay_penalty_yuan_per_call,10848.047746741155,7600.151943553588,14095.943549928721,10
B_N,7,12.0,8.05,nonincident_zone_calls,67.7,63.62462761888344,71.77537238111657,10
B_N,7,12.0,8.05,nonincident_zone_mean_response_min,46.63527897947387,34.25551981212734,59.015038146820395,10
B_N,7,12.0,8.05,nonincident_zone_p95_response_min,299.40620830748225,271.93868313567884,326.87373347928565,10
B_N,7,12.0,8.05,nonincident_zone_strict_4min_rate,0.29525920368166925,0.2617153466566808,0.3288030607066577,10
B_N,7,12.0,8.05,nonincident_zone_mean_wait_min,40.60683152534641,28.260762512725094,52.95290053796772,10
B_N,7,12.0,8.05,nonincident_zone_mean_delay_penalty_yuan_per_call,8586.099945066615,6110.556963000851,11061.64292713238,10
B_N,7,12.0,8.05,max_incident_queue,17.1,12.289996810602625,21.91000318939738,10
B_N,7,12.0,8.05,incident_end_backlog,17.0,12.159946887309236,21.840053112690764,10
B_N,8,0.5,17.75,calls,6.3,3.4978049684569443,9.102195031543054,10
B_N,8,0.5,17.75,mean_response_min,6.516177707384088,4.208778565849704,8.823576848918472,10
B_N,8,0.5,17.75,p95_response_min,10.318751301240109,5.18144811927079,15.456054483209428,10
B_N,8,0.5,17.75,strict_4min_rate,0.2293290043290043,0.10649294865843727,0.3521650599995713,10
B_N,8,0.5,17.75,mean_wait_min,1.0545754506819294,-0.6091733865185722,2.7183242878824307,10
B_N,8,0.5,17.75,mean_delay_penalty_yuan_per_call,549.1013423426182,100.22442480806546,997.9782598771709,10
B_N,8,0.5,17.75,incident_zone_calls,3.1,1.5021916370956223,4.697808362904378,10
B_N,8,0.5,17.75,incident_zone_mean_response_min,6.4349406161253215,4.261667177845219,8.608214054405424,10
B_N,8,0.5,17.75,incident_zone_p95_response_min,8.587366572174693,3.7613779464215744,13.41335519792781,10
B_N,8,0.5,17.75,incident_zone_strict_4min_rate,0.0,0.0,0.0,10
B_N,8,0.5,17.75,incident_zone_mean_wait_min,0.9267099956230596,-0.5985362476625253,2.4519562389086444,10
B_N,8,0.5,17.75,incident_zone_mean_delay_penalty_yuan_per_call,486.9881232250642,52.333435569043786,921.6428108810846,10
B_N,8,0.5,17.75,nonincident_zone_calls,3.2,1.4871222411564544,4.912877758843546,10
B_N,8,0.5,17.75,nonincident_zone_mean_response_min,6.408796868095118,3.5074940944529693,9.310099641737267,9
B_N,8,0.5,17.75,nonincident_zone_p95_response_min,10.313650255608927,4.142754805694213,16.48454570552364,9
B_N,8,0.5,17.75,nonincident_zone_strict_4min_rate,0.5449735449735449,0.267160249711749,0.8227868402353408,9
B_N,8,0.5,17.75,nonincident_zone_mean_wait_min,1.2968287517312076,-0.7570462321265552,3.3507037355889704,9
B_N,8,0.5,17.75,nonincident_zone_mean_delay_penalty_yuan_per_call,590.7540826137326,53.543886640638334,1127.9642785868268,9
B_N,8,0.5,17.75,max_incident_queue,1.6,0.6343417761336327,2.565658223866367,10
B_N,8,0.5,17.75,incident_end_backlog,0.8,-0.45272591134470774,2.052725911344708,10
B_N,8,1.0,17.5,calls,11.7,8.482218930834517,14.917781069165482,10
B_N,8,1.0,17.5,mean_response_min,8.016282236394268,5.128432674094041,10.904131798694495,10
B_N,8,1.0,17.5,p95_response_min,14.797345554858808,8.332492460577052,21.262198649140565,10
B_N,8,1.0,17.5,strict_4min_rate,0.21268345216874626,0.13304482522664698,0.2923220791108455,10
B_N,8,1.0,17.5,mean_wait_min,1.6054124789308637,-0.4321450276846899,3.6429699855464173,10
B_N,8,1.0,17.5,mean_delay_penalty_yuan_per_call,845.7931377126027,276.6152857771833,1414.9709896480222,10
B_N,8,1.0,17.5,incident_zone_calls,6.0,4.530081290571291,7.469918709428709,10
B_N,8,1.0,17.5,incident_zone_mean_response_min,9.04919853212165,5.425190109033519,12.673206955209782,10
B_N,8,1.0,17.5,incident_zone_p95_response_min,14.392757880580408,7.842673063348031,20.942842697812786,10
B_N,8,1.0,17.5,incident_zone_strict_4min_rate,0.0,0.0,0.0,10
B_N,8,1.0,17.5,incident_zone_mean_wait_min,1.9688098293551488,-0.8359363711427896,4.773556029853087,10
B_N,8,1.0,17.5,incident_zone_mean_delay_penalty_yuan_per_call,1009.83970642433,285.03802180670357,1734.6413910419565,10
B_N,8,1.0,17.5,nonincident_zone_calls,5.7,3.3624375984418555,8.037562401558144,10
B_N,8,1.0,17.5,nonincident_zone_mean_response_min,6.731767804331726,4.145277456255501,9.318258152407951,10
B_N,8,1.0,17.5,nonincident_zone_p95_response_min,12.328098104731314,5.531503084042587,19.12469312542004,10
B_N,8,1.0,17.5,nonincident_zone_strict_4min_rate,0.5191666666666667,0.2756991658665281,0.7626341674668052,10
B_N,8,1.0,17.5,nonincident_zone_mean_wait_min,1.2007960834559728,-0.26953635474500715,2.6711285216569527,10
B_N,8,1.0,17.5,nonincident_zone_mean_delay_penalty_yuan_per_call,650.1868941996786,171.13879974980347,1129.2349886495538,10
B_N,8,1.0,17.5,max_incident_queue,2.2,0.699454694836688,3.7005453051633124,10
B_N,8,1.0,17.5,incident_end_backlog,0.5,-0.195201951060053,1.195201951060053,10
B_N,8,2.0,17.0,calls,23.6,19.811684030880265,27.388315969119738,10
B_N,8,2.0,17.0,mean_response_min,9.153789234940913,6.285730750411544,12.021847719470282,10
B_N,8,2.0,17.0,p95_response_min,19.733224915771437,11.718425390405464,27.74802444113741,10
B_N,8,2.0,17.0,strict_4min_rate,0.16916566990937695,0.10812683641655724,0.23020450340219667,10
B_N,8,2.0,17.0,mean_wait_min,2.4768828922316373,0.29154211030713606,4.662223674156138,10
B_N,8,2.0,17.0,mean_delay_penalty_yuan_per_call,1064.1124446703009,499.0987922672663,1629.1260970733356,10
B_N,8,2.0,17.0,incident_zone_calls,11.0,8.976665123278062,13.023334876721938,10
B_N,8,2.0,17.0,incident_zone_mean_response_min,9.646438351052632,6.592716662643744,12.70016003946152,10
B_N,8,2.0,17.0,incident_zone_p95_response_min,19.047879102408537,11.30928832023471,26.786469884582363,10
B_N,8,2.0,17.0,incident_zone_strict_4min_rate,0.0,0.0,0.0,10
B_N,8,2.0,17.0,incident_zone_mean_wait_min,2.7418761155883846,0.14552254635614936,5.33822968482062,10
B_N,8,2.0,17.0,incident_zone_mean_delay_penalty_yuan_per_call,1129.2876702105268,518.5433325287489,1740.0320078923046,10
B_N,8,2.0,17.0,nonincident_zone_calls,12.6,10.187032359681915,15.012967640318085,10
B_N,8,2.0,17.0,nonincident_zone_mean_response_min,8.62803828873925,5.856657759463939,11.39941881801456,10
B_N,8,2.0,17.0,nonincident_zone_p95_response_min,17.603594502367223,9.681570207308017,25.52561879742643,10
B_N,8,2.0,17.0,nonincident_zone_strict_4min_rate,0.3197281884781885,0.20944494316604806,0.43001143379032897,10
B_N,8,2.0,17.0,nonincident_zone_mean_wait_min,2.1365404180801533,0.2389397642244835,4.034141071935823,10
B_N,8,2.0,17.0,nonincident_zone_mean_delay_penalty_yuan_per_call,988.5663143252384,452.69704902976,1524.435579620717,10
B_N,8,2.0,17.0,max_incident_queue,2.9,1.2325379866800827,4.567462013319917,10
B_N,8,2.0,17.0,incident_end_backlog,0.9,-0.6978083629043778,2.4978083629043777,10
B_N,8,4.0,16.0,calls,46.6,41.59590927911159,51.604090720888415,10
B_N,8,4.0,16.0,mean_response_min,13.322958519056638,5.358956989971187,21.286960048142088,10
B_N,8,4.0,16.0,p95_response_min,43.19604788576389,-6.178904801180288,92.57100057270807,10
B_N,8,4.0,16.0,strict_4min_rate,0.1476034982642976,0.10104192693814004,0.19416506959045518,10
B_N,8,4.0,16.0,mean_wait_min,6.2049709494248955,-1.3431387584422403,13.753080657292031,10
B_N,8,4.0,16.0,mean_delay_penalty_yuan_per_call,1894.1124034641875,307.8029521323706,3480.4218547960045,10
B_N,8,4.0,16.0,incident_zone_calls,21.9,18.913152899644178,24.88684710035582,10
B_N,8,4.0,16.0,incident_zone_mean_response_min,15.588070202665751,3.5300236459390106,27.64611675939249,10
B_N,8,4.0,16.0,incident_zone_p95_response_min,43.63569125226589,-8.02945555980802,95.30083806433981,10
B_N,8,4.0,16.0,incident_zone_strict_4min_rate,0.0,0.0,0.0,10
B_N,8,4.0,16.0,incident_zone_mean_wait_min,8.400474361238457,-3.5563815037046247,20.35733022618154,10
B_N,8,4.0,16.0,incident_zone_mean_delay_penalty_yuan_per_call,2317.6140405331507,-93.99527081219776,4729.2233518785,10
B_N,8,4.0,16.0,nonincident_zone_calls,24.7,21.739924156377818,27.66007584362218,10
B_N,8,4.0,16.0,nonincident_zone_mean_response_min,11.12577466770094,7.042711496652402,15.208837838749478,10
B_N,8,4.0,16.0,nonincident_zone_p95_response_min,27.017529720990602,12.37069761682739,41.66436182515381,10
B_N,8,4.0,16.0,nonincident_zone_strict_4min_rate,0.2775308115797246,0.19046580999672047,0.3645958131627287,10
B_N,8,4.0,16.0,nonincident_zone_mean_wait_min,4.051494934142206,0.7770473964658087,7.325942471818603,10
B_N,8,4.0,16.0,nonincident_zone_mean_delay_penalty_yuan_per_call,1480.661095856133,678.6409911355421,2282.6812005767238,10
B_N,8,4.0,16.0,max_incident_queue,4.9,2.2138371994290993,7.586162800570902,10
B_N,8,4.0,16.0,incident_end_backlog,1.9,-0.7218912237589663,4.521891223758966,10
B_N,8,5.0,15.483333333333333,calls,57.4,51.37512614180846,63.42487385819154,10
B_N,8,5.0,15.483333333333333,mean_response_min,17.269354944027643,4.953326856376602,29.585383031678685,10
B_N,8,5.0,15.483333333333333,p95_response_min,52.843374972765716,4.884119818254398,100.80263012727704,10
B_N,8,5.0,15.483333333333333,strict_4min_rate,0.14459664816895734,0.1001765598254096,0.18901673651250508,10
B_N,8,5.0,15.483333333333333,mean_wait_min,9.90753123322762,-2.0539566082757936,21.869019074731035,10
B_N,8,5.0,15.483333333333333,mean_delay_penalty_yuan_per_call,2682.7903184393194,225.90058118543993,5139.680055693199,10
B_N,8,5.0,15.483333333333333,incident_zone_calls,26.8,23.331359017042754,30.268640982957248,10
B_N,8,5.0,15.483333333333333,incident_zone_mean_response_min,19.495788792094558,3.194146346468443,35.79743123772067,10
B_N,8,5.0,15.483333333333333,incident_zone_p95_response_min,50.00514698627234,0.7521332857720537,99.25816068677261,10
B_N,8,5.0,15.483333333333333,incident_zone_strict_4min_rate,0.0,0.0,0.0,10
B_N,8,5.0,15.483333333333333,incident_zone_mean_wait_min,11.961081670129145,-4.062464734261242,27.984628074519534,10
B_N,8,5.0,15.483333333333333,incident_zone_mean_delay_penalty_yuan_per_call,3099.157758418911,-161.1707307063125,6359.486247544134,10
B_N,8,5.0,15.483333333333333,nonincident_zone_calls,30.6,27.124808225592414,34.07519177440759,10
B_N,8,5.0,15.483333333333333,nonincident_zone_mean_response_min,14.938643527451651,6.434646001520532,23.442641053382772,10
B_N,8,5.0,15.483333333333333,nonincident_zone_p95_response_min,49.39529300675153,4.046602525243884,94.74398348825918,10
B_N,8,5.0,15.483333333333333,nonincident_zone_strict_4min_rate,0.27026418569035365,0.1874129397666968,0.3531154316140105,10
B_N,8,5.0,15.483333333333333,nonincident_zone_mean_wait_min,7.752203364592662,-0.27696885053409837,15.781375579719422,10
B_N,8,5.0,15.483333333333333,nonincident_zone_mean_delay_penalty_yuan_per_call,2241.7815426284005,553.894789124028,3929.6682961327733,10
B_N,8,5.0,15.483333333333333,max_incident_queue,5.8,2.499351539142361,9.100648460857638,10
B_N,8,5.0,15.483333333333333,incident_end_backlog,3.8,-0.04196906341312667,7.641969063413127,10
B_N,8,6.0,14.983333333333333,calls,67.1,60.832286798667894,73.3677132013321,10
B_N,8,6.0,14.983333333333333,mean_response_min,29.271327852661877,16.732770675634026,41.809885029689724,10
B_N,8,6.0,14.983333333333333,p95_response_min,145.01041933571454,88.5855985686224,201.4352401028067,10
B_N,8,6.0,14.983333333333333,strict_4min_rate,0.13089086788438242,0.10150182698832116,0.16027990878044368,10
B_N,8,6.0,14.983333333333333,mean_wait_min,22.034289614193646,9.646241994183358,34.42233723420394,10
B_N,8,6.0,14.983333333333333,mean_delay_penalty_yuan_per_call,5080.4437441092505,2576.193103664866,7584.694384553635,10
B_N,8,6.0,14.983333333333333,incident_zone_calls,32.0,28.800826660151337,35.19917333984866,10
B_N,8,6.0,14.983333333333333,incident_zone_mean_response_min,33.54158426621694,16.376693868424688,50.706474664009185,10
B_N,8,6.0,14.983333333333333,incident_zone_p95_response_min,134.09117691289623,72.11458691642406,196.0677669093684,10
B_N,8,6.0,14.983333333333333,incident_zone_strict_4min_rate,0.0,0.0,0.0,10
B_N,8,6.0,14.983333333333333,incident_zone_mean_wait_min,26.032937141586114,8.9296777798981,43.13619650327413,10
B_N,8,6.0,14.983333333333333,incident_zone_mean_delay_penalty_yuan_per_call,5908.316853243387,2475.338773684938,9341.294932801837,10
B_N,8,6.0,14.983333333333333,nonincident_zone_calls,35.1,30.977463808894598,39.222536191105405,10
B_N,8,6.0,14.983333333333333,nonincident_zone_mean_response_min,24.664562594320845,14.860231005210913,34.46889418343078,10
B_N,8,6.0,14.983333333333333,nonincident_zone_p95_response_min,101.45965109698884,50.43264399080819,152.4866582031695,10
B_N,8,6.0,14.983333333333333,nonincident_zone_strict_4min_rate,0.2521636878645376,0.1925723024307818,0.31175507329829333,10
B_N,8,6.0,14.983333333333333,nonincident_zone_mean_wait_min,17.677598199587425,8.05893307378356,27.29626332539129,10
B_N,8,6.0,14.983333333333333,nonincident_zone_mean_delay_penalty_yuan_per_call,4183.345256437076,2230.593057575361,6136.097455298792,10
B_N,8,6.0,14.983333333333333,max_incident_queue,8.6,4.856982383164489,12.34301761683551,10
B_N,8,6.0,14.983333333333333,incident_end_backlog,8.3,4.381103339250943,12.218896660749058,10
B_N,8,8.0,13.883333333333333,calls,85.9,79.22802107287495,92.57197892712506,10
B_N,8,8.0,13.883333333333333,mean_response_min,53.875610384437735,41.92196854439439,65.82925222448108,10
B_N,8,8.0,13.883333333333333,p95_response_min,208.71701654502004,189.84258618383342,227.59144690620667,10
B_N,8,8.0,13.883333333333333,strict_4min_rate,0.13317981608048637,0.10198677022073056,0.16437286194024217,10
B_N,8,8.0,13.883333333333333,mean_wait_min,46.89601110742494,35.127804650185325,58.664217564664554,10
B_N,8,8.0,13.883333333333333,mean_delay_penalty_yuan_per_call,10001.619426214005,7615.364892263043,12387.873960164969,10
B_N,8,8.0,13.883333333333333,incident_zone_calls,41.0,37.02420560262566,44.97579439737434,10
B_N,8,8.0,13.883333333333333,incident_zone_mean_response_min,54.940334375283484,38.07259738641067,71.80807136415629,10
B_N,8,8.0,13.883333333333333,incident_zone_p95_response_min,206.72492081993437,184.83056446020225,228.61927717966648,10
B_N,8,8.0,13.883333333333333,incident_zone_strict_4min_rate,0.0,0.0,0.0,10
B_N,8,8.0,13.883333333333333,incident_zone_mean_wait_min,47.46766258163838,30.847903956401716,64.08742120687504,10
B_N,8,8.0,13.883333333333333,incident_zone_mean_delay_penalty_yuan_per_call,10188.066875056697,6814.519477282134,13561.614272831259,10
B_N,8,8.0,13.883333333333333,nonincident_zone_calls,44.9,40.722658662549904,49.07734133745009,10
B_N,8,8.0,13.883333333333333,nonincident_zone_mean_response_min,52.206621741843705,40.006618420912346,64.40662506277506,10
B_N,8,8.0,13.883333333333333,nonincident_zone_p95_response_min,208.3377015765538,188.63420043988137,228.04120271322623,10
B_N,8,8.0,13.883333333333333,nonincident_zone_strict_4min_rate,0.2546417752858976,0.19571813591110834,0.3135654146606869,10
B_N,8,8.0,13.883333333333333,nonincident_zone_mean_wait_min,45.68758925277452,33.55198181297568,57.82319669257336,10
B_N,8,8.0,13.883333333333333,nonincident_zone_mean_delay_penalty_yuan_per_call,9692.010129119055,7259.477098221905,12124.543160016205,10
B_N,8,8.0,13.883333333333333,max_incident_queue,18.7,13.766284149964555,23.633715850035443,10
B_N,8,8.0,13.883333333333333,incident_end_backlog,18.4,13.361936786340593,23.438063213659404,10
B_N,8,10.0,10.266666666666666,calls,103.7,98.05668482789447,109.34331517210553,10
B_N,8,10.0,10.266666666666666,mean_response_min,48.605687549795064,33.23818738211625,63.97318771747388,10
B_N,8,10.0,10.266666666666666,p95_response_min,277.8496558782291,253.86734948295145,301.83196227350675,10
B_N,8,10.0,10.266666666666666,strict_4min_rate,0.16970765941354174,0.13884379329118285,0.20057152553590063,10
B_N,8,10.0,10.266666666666666,mean_wait_min,41.991264020084934,26.765304878197654,57.217223161972214,10
B_N,8,10.0,10.266666666666666,mean_delay_penalty_yuan_per_call,8954.692264080148,5883.671000931822,12025.713527228472,10
B_N,8,10.0,10.266666666666666,incident_zone_calls,49.2,45.03151546732538,53.36848453267463,10
B_N,8,10.0,10.266666666666666,incident_zone_mean_response_min,52.67766993860566,33.9594995693531,71.39584030785822,10
B_N,8,10.0,10.266666666666666,incident_zone_p95_response_min,278.4562292321781,255.8258276859011,301.0866307784551,10
B_N,8,10.0,10.266666666666666,incident_zone_strict_4min_rate,0.0,0.0,0.0,10
B_N,8,10.0,10.266666666666666,incident_zone_mean_wait_min,45.47962507245418,26.844579417224523,64.11467072768384,10
B_N,8,10.0,10.266666666666666,incident_zone_mean_delay_penalty_yuan_per_call,9735.533987721134,5991.89991387062,13479.168061571647,10
B_N,8,10.0,10.266666666666666,nonincident_zone_calls,54.5,51.497962225183855,57.502037774816145,10
B_N,8,10.0,10.266666666666666,nonincident_zone_mean_response_min,44.758871233262724,31.41801483880726,58.09972762771819,10
B_N,8,10.0,10.266666666666666,nonincident_zone_p95_response_min,268.8222562343859,238.0484338395388,299.59607862923303,10
B_N,8,10.0,10.266666666666666,nonincident_zone_strict_4min_rate,0.321053235246262,0.2687383875033231,0.37336808298920093,10
B_N,8,10.0,10.266666666666666,nonincident_zone_mean_wait_min,38.67691583829265,25.50126389690744,51.85256777967786,10
B_N,8,10.0,10.266666666666666,nonincident_zone_mean_delay_penalty_yuan_per_call,8215.251700220164,5552.399048766635,10878.104351673694,10
B_N,8,10.0,10.266666666666666,max_incident_queue,16.2,11.223254241843948,21.176745758156052,10
B_N,8,10.0,10.266666666666666,incident_end_backlog,15.7,10.629873759295787,20.77012624070421,10
B_N,8,11.0,8.7,calls,116.0,109.8278151990262,122.1721848009738,10
B_N,8,11.0,8.7,mean_response_min,49.929302658013455,33.4619086308048,66.39669668522211,10
B_N,8,11.0,8.7,p95_response_min,296.35118857127594,241.1677526391298,351.5346245034221,10
B_N,8,11.0,8.7,strict_4min_rate,0.1836044152642898,0.16047336388337702,0.2067354666452026,10
B_N,8,11.0,8.7,mean_wait_min,43.40907618005376,26.95383603311748,59.864316326990036,10
B_N,8,11.0,8.7,mean_delay_penalty_yuan_per_call,9222.58141465555,5930.444224476707,12514.718604834392,10
B_N,8,11.0,8.7,incident_zone_calls,55.1,50.96369444460123,59.23630555539877,10
B_N,8,11.0,8.7,incident_zone_mean_response_min,56.56608127781624,37.46124798915061,75.67091456648187,10
B_N,8,11.0,8.7,incident_zone_p95_response_min,311.7381988206653,277.73580053880835,345.7405971025222,10
B_N,8,11.0,8.7,incident_zone_strict_4min_rate,0.0,0.0,0.0,10
B_N,8,11.0,8.7,incident_zone_mean_wait_min,49.39868585556134,30.402849674805307,68.39452203631737,10
B_N,8,11.0,8.7,incident_zone_mean_delay_penalty_yuan_per_call,10513.216255563248,6692.249597830123,14334.182913296372,10
B_N,8,11.0,8.7,nonincident_zone_calls,60.9,57.60538642449,64.19461357551,10
B_N,8,11.0,8.7,nonincident_zone_mean_response_min,43.8109205772506,29.59881489812577,58.02302625637543,10
B_N,8,11.0,8.7,nonincident_zone_p95_response_min,266.4048927143179,189.6636976421069,343.1460877865289,10
B_N,8,11.0,8.7,nonincident_zone_strict_4min_rate,0.3494373804007317,0.30632708558655697,0.3925476752149064,10
B_N,8,11.0,8.7,nonincident_zone_mean_wait_min,37.87567878460726,23.57612125032347,52.17523631889105,10
B_N,8,11.0,8.7,nonincident_zone_mean_delay_penalty_yuan_per_call,8032.071591530266,5192.228760491849,10871.914422568683,10
B_N,8,11.0,8.7,max_incident_queue,16.5,10.774661412891177,22.225338587108823,10
B_N,8,11.0,8.7,incident_end_backlog,16.3,10.586591285733306,22.013408714266696,10
B_N,8,12.0,8.05,calls,127.1,119.94285504951281,134.25714495048717,10
B_N,8,12.0,8.05,mean_response_min,64.12547640538975,49.729793021930696,78.52115978884879,10
B_N,8,12.0,8.05,p95_response_min,327.2697333904869,303.0970399427722,351.44242683820164,10
B_N,8,12.0,8.05,strict_4min_rate,0.17242704152646177,0.14872017516231914,0.1961339078906044,10
B_N,8,12.0,8.05,mean_wait_min,57.62417949358088,43.291240013410565,71.9571189737512,10
B_N,8,12.0,8.05,mean_delay_penalty_yuan_per_call,12059.580689383241,9181.973628279797,14937.187750486686,10
B_N,8,12.0,8.05,incident_zone_calls,60.5,56.0230619990485,64.9769380009515,10
B_N,8,12.0,8.05,incident_zone_mean_response_min,68.06307801163544,48.57978301953772,87.54637300373315,10
B_N,8,12.0,8.05,incident_zone_p95_response_min,323.7903903827886,296.6267945995604,350.95398616601676,10
B_N,8,12.0,8.05,incident_zone_strict_4min_rate,0.0,0.0,0.0,10
B_N,8,12.0,8.05,incident_zone_mean_wait_min,60.836641272243426,41.36870867586862,80.30457386861823,10
B_N,8,12.0,8.05,incident_zone_mean_delay_penalty_yuan_per_call,12812.615602327087,8915.956603907543,16709.27460074663,10
B_N,8,12.0,8.05,nonincident_zone_calls,66.6,62.88748833286099,70.312511667139,10
B_N,8,12.0,8.05,nonincident_zone_mean_response_min,60.16454960709177,48.58011182793885,71.74898738624469,10
B_N,8,12.0,8.05,nonincident_zone_p95_response_min,325.8493646253511,300.93367259908047,350.7650566516217,10
B_N,8,12.0,8.05,nonincident_zone_strict_4min_rate,0.32907929709627354,0.28429960735453136,0.3738589868380157,10
B_N,8,12.0,8.05,nonincident_zone_mean_wait_min,54.32201963527905,42.89641794012726,65.74762133043083,10
B_N,8,12.0,8.05,nonincident_zone_mean_delay_penalty_yuan_per_call,11298.72578083761,8986.420494056832,13611.031067618389,10
B_N,8,12.0,8.05,max_incident_queue,22.6,17.28727414964315,27.912725850356853,10
B_N,8,12.0,8.05,incident_end_backlog,22.4,17.03402842308177,27.765971576918226,10
B_N,9,0.5,17.75,calls,4.8,2.3265242602949803,7.273475739705019,10
B_N,9,0.5,17.75,mean_response_min,6.370950012641277,4.244817578829059,8.497082446453495,9
B_N,9,0.5,17.75,p95_response_min,10.37695277615063,5.295727060654117,15.458178491647143,9
B_N,9,0.5,17.75,strict_4min_rate,0.36388888888888893,0.15357548065039633,0.5742022971273815,9
B_N,9,0.5,17.75,mean_wait_min,0.6012024272452335,-0.36382958856194114,1.5662344430524082,9
B_N,9,0.5,17.75,mean_delay_penalty_yuan_per_call,546.9677803060331,157.8253460217578,936.1102145903084,9
B_N,9,0.5,17.75,incident_zone_calls,0.9,0.04356112057822714,1.756438879421773,10
B_N,9,0.5,17.75,incident_zone_mean_response_min,7.697198396641542,6.461190203144561,8.933206590138523,6
B_N,9,0.5,17.75,incident_zone_p95_response_min,8.624654080159289,5.004545153253927,12.24476300706465,6
B_N,9,0.5,17.75,incident_zone_strict_4min_rate,0.0,0.0,0.0,6
B_N,9,0.5,17.75,incident_zone_mean_wait_min,0.47614360041219084,-0.7478224899618626,1.7001096907862443,6
B_N,9,0.5,17.75,incident_zone_mean_delay_penalty_yuan_per_call,739.4396793283086,492.23804062891236,986.6413180277048,6
B_N,9,0.5,17.75,nonincident_zone_calls,3.9,1.626560187845032,6.173439812154967,10
B_N,9,0.5,17.75,nonincident_zone_mean_response_min,5.994075221348204,3.379978830585069,8.60817161211134,9
B_N,9,0.5,17.75,nonincident_zone_p95_response_min,9.30875779051436,3.549461412271893,15.068054168756827,9
B_N,9,0.5,17.75,nonincident_zone_strict_4min_rate,0.47870370370370374,0.17765719628407722,0.7797502111233303,9
B_N,9,0.5,17.75,nonincident_zone_mean_wait_min,0.6479309520185106,-0.4114139704200155,1.7072758744570367,9
B_N,9,0.5,17.75,nonincident_zone_mean_delay_penalty_yuan_per_call,494.55578501038156,23.14817478468632,965.9633952360768,9
B_N,9,0.5,17.75,max_incident_queue,1.2,0.6357188627848342,1.7642811372151657,10
B_N,9,0.5,17.75,incident_end_backlog,0.5,-0.27267376906853535,1.2726737690685352,10
B_N,9,1.0,17.5,calls,8.4,5.179569460588057,11.620430539411943,10
B_N,9,1.0,17.5,mean_response_min,6.17310305250552,4.36934106150977,7.97686504350127,10
B_N,9,1.0,17.5,p95_response_min,10.131172080597043,6.093300322657877,14.16904383853621,10
B_N,9,1.0,17.5,strict_4min_rate,0.3721840659340659,0.21553195788174143,0.5288361739863904,10
B_N,9,1.0,17.5,mean_wait_min,0.635893501010101,-0.2995060968515513,1.5712930988717533,10
B_N,9,1.0,17.5,mean_delay_penalty_yuan_per_call,509.05742368791726,172.01240307284252,846.102444302992,10
B_N,9,1.0,17.5,incident_zone_calls,2.1,0.732272848601031,3.467727151398969,10
B_N,9,1.0,17.5,incident_zone_mean_response_min,7.406960300855611,6.146756660810027,8.667163940901196,9
B_N,9,1.0,17.5,incident_zone_p95_response_min,8.230691448102784,6.049471415340966,10.411911480864601,9
B_N,9,1.0,17.5,incident_zone_strict_4min_rate,0.0,0.0,0.0,9
B_N,9,1.0,17.5,incident_zone_mean_wait_min,0.23801390358165098,-0.2958274455310024,0.7718552526943043,9
B_N,9,1.0,17.5,incident_zone_mean_delay_penalty_yuan_per_call,681.3920601711224,429.3513321620055,933.4327881802392,9
B_N,9,1.0,17.5,nonincident_zone_calls,6.3,3.7086476526115035,8.891352347388496,10
B_N,9,1.0,17.5,nonincident_zone_mean_response_min,5.713573144657343,3.5662759465006277,7.860870342814058,10
B_N,9,1.0,17.5,nonincident_zone_p95_response_min,9.234658313898986,4.497717659885736,13.971598967912236,10
B_N,9,1.0,17.5,nonincident_zone_strict_4min_rate,0.5044444444444445,0.27470468373025636,0.7341842051586326,10
B_N,9,1.0,17.5,nonincident_zone_mean_wait_min,0.7342776083149551,-0.34655026026454694,1.8151054768944572,10
B_N,9,1.0,17.5,nonincident_zone_mean_delay_penalty_yuan_per_call,443.6035178203575,51.08677566476905,836.120259975946,10
B_N,9,1.0,17.5,max_incident_queue,1.5,0.7273262309314646,2.2726737690685352,10
B_N,9,1.0,17.5,incident_end_backlog,0.1,-0.12621571627982048,0.3262157162798205,10
B_N,9,2.0,17.0,calls,18.7,15.482218930834517,21.917781069165482,10
B_N,9,2.0,17.0,mean_response_min,6.848766428937236,5.7890334482091195,7.908499409665353,10
B_N,9,2.0,17.0,p95_response_min,11.543355691979453,8.958384153890318,14.128327230068589,10
B_N,9,2.0,17.0,strict_4min_rate,0.22018500505342606,0.16950768593313778,0.2708623241737143,10
B_N,9,2.0,17.0,mean_wait_min,0.4075511465455467,-0.16407214411657767,0.9791744372076711,10
B_N,9,2.0,17.0,mean_delay_penalty_yuan_per_call,613.7902867981327,408.27063405702063,819.3099395392447,10
B_N,9,2.0,17.0,incident_zone_calls,5.3,3.680980863313688,6.919019136686312,10
B_N,9,2.0,17.0,incident_zone_mean_response_min,7.647711635579642,7.06492353413744,8.230499737021844,10
B_N,9,2.0,17.0,incident_zone_p95_response_min,10.932695521905364,9.100108946443957,12.765282097366772,10
B_N,9,2.0,17.0,incident_zone_strict_4min_rate,0.0,0.0,0.0,10
B_N,9,2.0,17.0,incident_zone_mean_wait_min,0.10038807052362245,-0.1267055222708814,0.3274816633181263,10
B_N,9,2.0,17.0,incident_zone_mean_delay_penalty_yuan_per_call,729.5423271159286,612.9847068274881,846.0999474043691,10
B_N,9,2.0,17.0,nonincident_zone_calls,13.4,11.083205483728275,15.716794516271726,10
B_N,9,2.0,17.0,nonincident_zone_mean_response_min,6.515294827168728,5.211226424088997,7.8193632302484595,10
B_N,9,2.0,17.0,nonincident_zone_p95_response_min,11.15765796289796,8.06129260359626,14.25402332219966,10
B_N,9,2.0,17.0,nonincident_zone_strict_4min_rate,0.3085952201393377,0.231397576375644,0.3857928639030314,10
B_N,9,2.0,17.0,nonincident_zone_mean_wait_min,0.48992828515331927,-0.18567184395022557,1.165528414256864,10
B_N,9,2.0,17.0,nonincident_zone_mean_delay_penalty_yuan_per_call,564.778009461613,314.1454766536274,815.4105422695986,10
B_N,9,2.0,17.0,max_incident_queue,1.4,0.8998182316122291,1.9001817683877706,10
B_N,9,2.0,17.0,incident_end_backlog,0.0,0.0,0.0,10
B_N,9,4.0,16.0,calls,36.7,33.57181841865991,39.8281815813401,10
B_N,9,4.0,16.0,mean_response_min,7.0841630612827675,6.266211970526244,7.9021141520392915,10
B_N,9,4.0,16.0,p95_response_min,13.228392443168008,9.832649522725156,16.62413536361086,10
B_N,9,4.0,16.0,strict_4min_rate,0.2518843457715962,0.19938094194378986,0.3043877495994025,10
B_N,9,4.0,16.0,mean_wait_min,0.665163015810508,0.17131468833519398,1.159011343285822,10
B_N,9,4.0,16.0,mean_delay_penalty_yuan_per_call,667.2094814108729,509.87838582276834,824.5405769989774,10
B_N,9,4.0,16.0,incident_zone_calls,10.2,7.968208739953358,12.43179126004664,10
B_N,9,4.0,16.0,incident_zone_mean_response_min,8.162311280218628,7.015241069159261,9.309381491277994,10
B_N,9,4.0,16.0,incident_zone_p95_response_min,12.753144333006798,9.394687102912194,16.111601563101402,10
B_N,9,4.0,16.0,incident_zone_strict_4min_rate,0.0,0.0,0.0,10
B_N,9,4.0,16.0,incident_zone_mean_wait_min,0.7512007038099988,-0.15415637192502207,1.6565577795450197,10
B_N,9,4.0,16.0,incident_zone_mean_delay_penalty_yuan_per_call,832.4622560437253,603.0482138318521,1061.8762982555986,10
B_N,9,4.0,16.0,nonincident_zone_calls,26.5,23.208839898788725,29.791160101211275,10
B_N,9,4.0,16.0,nonincident_zone_mean_response_min,6.654308263504218,5.807872257168446,7.5007442698399895,10
B_N,9,4.0,16.0,nonincident_zone_p95_response_min,12.325401747839937,9.457839276579286,15.192964219100588,10
B_N,9,4.0,16.0,nonincident_zone_strict_4min_rate,0.3476947481079072,0.28464391306064085,0.4107455831551735,10
B_N,9,4.0,16.0,nonincident_zone_mean_wait_min,0.6581602889372264,0.2108131404467592,1.1055074374276936,10
B_N,9,4.0,16.0,nonincident_zone_mean_delay_penalty_yuan_per_call,600.4006023224249,440.750004568211,760.0512000766388,10
B_N,9,4.0,16.0,max_incident_queue,1.9,1.1886284002805012,2.6113715997194986,10
B_N,9,4.0,16.0,incident_end_backlog,0.0,0.0,0.0,10
B_N,9,5.0,15.483333333333333,calls,44.9,40.17346874785844,49.626531252141554,10
B_N,9,5.0,15.483333333333333,mean_response_min,6.768036046513457,5.86673876991508,7.669333323111833,10
B_N,9,5.0,15.483333333333333,p95_response_min,13.405449128479404,9.862351359980767,16.94854689697804,10
B_N,9,5.0,15.483333333333333,strict_4min_rate,0.26979213297102145,0.22316391262659552,0.3164203533154474,10
B_N,9,5.0,15.483333333333333,mean_wait_min,0.519731202830118,-0.07451178106883138,1.1139741867290673,10
B_N,9,5.0,15.483333333333333,mean_delay_penalty_yuan_per_call,607.5656358968959,434.83491652710643,780.2963552666853,10
B_N,9,5.0,15.483333333333333,incident_zone_calls,12.2,9.749619777614008,14.65038022238599,10
B_N,9,5.0,15.483333333333333,incident_zone_mean_response_min,8.119137487729038,7.195169981266644,9.043104994191433,10
B_N,9,5.0,15.483333333333333,incident_zone_p95_response_min,13.637915518928654,10.03739229644286,17.23843874141445,10
B_N,9,5.0,15.483333333333333,incident_zone_strict_4min_rate,0.0,0.0,0.0,10
B_N,9,5.0,15.483333333333333,incident_zone_mean_wait_min,0.7190693801517484,-0.05135678171174041,1.4894955420152372,10
B_N,9,5.0,15.483333333333333,incident_zone_mean_delay_penalty_yuan_per_call,823.8274975458077,639.0339962533287,1008.6209988382866,10
B_N,9,5.0,15.483333333333333,nonincident_zone_calls,32.7,28.315459310293527,37.08454068970648,10
B_N,9,5.0,15.483333333333333,nonincident_zone_mean_response_min,6.2699754928304765,5.294106171285602,7.245844814375351,10
B_N,9,5.0,15.483333333333333,nonincident_zone_p95_response_min,12.465016170299567,8.9952998445247,15.934732496074433,10
B_N,9,5.0,15.483333333333333,nonincident_zone_strict_4min_rate,0.37325805914515586,0.3081149545402582,0.4384011637500535,10
B_N,9,5.0,15.483333333333333,nonincident_zone_mean_wait_min,0.48287416185035326,-0.1206795005447322,1.0864278242454386,10
B_N,9,5.0,15.483333333333333,nonincident_zone_mean_delay_penalty_yuan_per_call,528.6467103951264,344.4842242480615,712.8091965421913,10
B_N,9,5.0,15.483333333333333,max_incident_queue,1.9,0.9795617593591116,2.8204382406408883,10
B_N,9,5.0,15.483333333333333,incident_end_backlog,0.2,-0.10162095503976065,0.5016209550397607,10
B_N,9,6.0,14.983333333333333,calls,51.2,45.85952011868437,56.54047988131563,10
B_N,9,6.0,14.983333333333333,mean_response_min,7.692523031167729,5.897960148970648,9.487085913364812,10
B_N,9,6.0,14.983333333333333,p95_response_min,16.00752630386401,10.17188082646404,21.843171781263983,10
B_N,9,6.0,14.983333333333333,strict_4min_rate,0.2389085902901597,0.19128216792895447,0.28653501265136494,10
B_N,9,6.0,14.983333333333333,mean_wait_min,1.1595077790297754,-0.26910266091533375,2.5881182189748846,10
B_N,9,6.0,14.983333333333333,mean_delay_penalty_yuan_per_call,786.286324291578,435.1182326111851,1137.454415971971,10
B_N,9,6.0,14.983333333333333,incident_zone_calls,12.8,10.56820873995336,15.031791260046642,10
B_N,9,6.0,14.983333333333333,incident_zone_mean_response_min,9.15043647488455,6.88788771235034,11.412985237418761,10
B_N,9,6.0,14.983333333333333,incident_zone_p95_response_min,16.3281854113305,9.804826974082875,22.851543848578128,10
B_N,9,6.0,14.983333333333333,incident_zone_strict_4min_rate,0.0,0.0,0.0,10
B_N,9,6.0,14.983333333333333,incident_zone_mean_wait_min,1.514991019965714,-0.34768123962031217,3.37766327955174,10
B_N,9,6.0,14.983333333333333,incident_zone_mean_delay_penalty_yuan_per_call,1030.0872949769102,577.577542470068,1482.5970474837525,10
B_N,9,6.0,14.983333333333333,nonincident_zone_calls,38.4,33.88575090227867,42.914249097721324,10
B_N,9,6.0,14.983333333333333,nonincident_zone_mean_response_min,7.189114457944944,5.5564163952431675,8.82181252064672,10
B_N,9,6.0,14.983333333333333,nonincident_zone_p95_response_min,15.959574277176836,10.373880582545638,21.545267971808034,10
B_N,9,6.0,14.983333333333333,nonincident_zone_strict_4min_rate,0.32139612180316557,0.25195688567725244,0.3908353579290787,10
B_N,9,6.0,14.983333333333333,nonincident_zone_mean_wait_min,1.0617324564426867,-0.21886309027405604,2.3423280031594294,10
B_N,9,6.0,14.983333333333333,nonincident_zone_mean_delay_penalty_yuan_per_call,702.1021159496219,386.58387555632464,1017.6203563429191,10
B_N,9,6.0,14.983333333333333,max_incident_queue,2.3,1.1293959004774912,3.4706040995225083,10
B_N,9,6.0,14.983333333333333,incident_end_backlog,0.3,-0.37864714883946143,0.9786471488394615,10
B_N,9,8.0,13.883333333333333,calls,65.9,60.62756131295805,71.17243868704196,10
B_N,9,8.0,13.883333333333333,mean_response_min,10.256312300714523,5.038814813261688,15.473809788167358,10
B_N,9,8.0,13.883333333333333,p95_response_min,32.89321053894426,3.0276557085023725,62.75876536938615,10
B_N,9,8.0,13.883333333333333,strict_4min_rate,0.24966928342866543,0.21240511706500415,0.2869334497923267,10
B_N,9,8.0,13.883333333333333,mean_wait_min,3.624632188233561,-1.381213262087282,8.630477638554403,10
B_N,9,8.0,13.883333333333333,mean_delay_penalty_yuan_per_call,1301.1161651823325,260.9706489990333,2341.2616813656314,10
B_N,9,8.0,13.883333333333333,incident_zone_calls,16.2,13.382627776581298,19.0173722234187,10
B_N,9,8.0,13.883333333333333,incident_zone_mean_response_min,12.590401345787424,4.39037782072552,20.79042487084933,10
B_N,9,8.0,13.883333333333333,incident_zone_p95_response_min,32.35822587111056,-0.3997082730529371,65.11616001527406,10
B_N,9,8.0,13.883333333333333,incident_zone_strict_4min_rate,0.0,0.0,0.0,10
B_N,9,8.0,13.883333333333333,incident_zone_mean_wait_min,4.686616884765142,-3.3309262125634067,12.70415998209369,10
B_N,9,8.0,13.883333333333333,incident_zone_mean_delay_penalty_yuan_per_call,1718.080269157485,78.07556414510395,3358.0849741698657,10
B_N,9,8.0,13.883333333333333,nonincident_zone_calls,49.7,46.412297000689506,52.9877029993105,10
B_N,9,8.0,13.883333333333333,nonincident_zone_mean_response_min,9.355045528538964,5.409819415968701,13.300271641109227,10
B_N,9,8.0,13.883333333333333,nonincident_zone_p95_response_min,32.06223498547949,4.499951732597317,59.62451823836167,10
B_N,9,8.0,13.883333333333333,nonincident_zone_strict_4min_rate,0.33024179095277123,0.28265526510471034,0.3778283168008321,10
B_N,9,8.0,13.883333333333333,nonincident_zone_mean_wait_min,3.1484011740406137,-0.5928190678764054,6.889621415957633,10
B_N,9,8.0,13.883333333333333,nonincident_zone_mean_delay_penalty_yuan_per_call,1136.9427641286352,351.4732165278574,1922.412311729413,10
B_N,9,8.0,13.883333333333333,max_incident_queue,4.2,2.0459955370348086,6.354004462965191,10
B_N,9,8.0,13.883333333333333,incident_end_backlog,2.6,-0.03810591897121185,5.238105918971212,10
B_N,9,10.0,10.266666666666666,calls,79.9,75.40784721262264,84.39215278737737,10
B_N,9,10.0,10.266666666666666,mean_response_min,7.225349650178546,5.017197434929111,9.433501865427981,10
B_N,9,10.0,10.266666666666666,p95_response_min,17.499346659097903,6.7473743810544455,28.25131893714136,10
B_N,9,10.0,10.266666666666666,strict_4min_rate,0.2984569330849995,0.26230068399056006,0.3346131821794389,10
B_N,9,10.0,10.266666666666666,mean_wait_min,1.1709029300863167,-0.790872980389713,3.1326788405623462,10
B_N,9,10.0,10.266666666666666,mean_delay_penalty_yuan_per_call,704.5858533427984,266.014376322653,1143.1573303629439,10
B_N,9,10.0,10.266666666666666,incident_zone_calls,20.3,17.33992415637782,23.260075843622182,10
B_N,9,10.0,10.266666666666666,incident_zone_mean_response_min,9.026689352004073,6.169581262229942,11.883797441778205,10
B_N,9,10.0,10.266666666666666,incident_zone_p95_response_min,20.879780186152665,4.1850513605048185,37.574509011800515,10
B_N,9,10.0,10.266666666666666,incident_zone_strict_4min_rate,0.0,0.0,0.0,10
B_N,9,10.0,10.266666666666666,incident_zone_mean_wait_min,1.5332593992933694,-1.1065354021052383,4.173054200691977,10
B_N,9,10.0,10.266666666666666,incident_zone_mean_delay_penalty_yuan_per_call,1005.3378704008152,433.9162524459887,1576.7594883556417,10
B_N,9,10.0,10.266666666666666,nonincident_zone_calls,59.6,55.85698238316449,63.34301761683551,10
B_N,9,10.0,10.266666666666666,nonincident_zone_mean_response_min,6.548386833199773,4.698867558209821,8.397906108189725,10
B_N,9,10.0,10.266666666666666,nonincident_zone_p95_response_min,14.186625938905436,8.380522508863388,19.992729368947487,10
B_N,9,10.0,10.266666666666666,nonincident_zone_strict_4min_rate,0.4014176837794876,0.3502294620857901,0.45260590547318513,10
B_N,9,10.0,10.266666666666666,nonincident_zone_mean_wait_min,0.998345553990872,-0.625824468195676,2.62251557617742,10
B_N,9,10.0,10.266666666666666,nonincident_zone_mean_delay_penalty_yuan_per_call,589.6977084309858,222.63913738212187,956.7562794798498,10
B_N,9,10.0,10.266666666666666,max_incident_queue,2.1,0.732272848601031,3.467727151398969,10
B_N,9,10.0,10.266666666666666,incident_end_backlog,0.6,-0.7572942976789229,1.957294297678923,10
B_N,9,11.0,8.7,calls,89.5,84.62191626908923,94.37808373091077,10
B_N,9,11.0,8.7,mean_response_min,7.474551955792745,4.507954164067796,10.441149747517695,10
B_N,9,11.0,8.7,p95_response_min,17.960581899940774,6.074521026866625,29.84664277301492,10
B_N,9,11.0,8.7,strict_4min_rate,0.31655800515736465,0.2810550942344407,0.3520609160802886,10
B_N,9,11.0,8.7,mean_wait_min,1.5458917463428103,-1.1353034742510895,4.22708696693671,10
B_N,9,11.0,8.7,mean_delay_penalty_yuan_per_call,758.2219921900216,167.27067193845346,1349.1733124415898,10
B_N,9,11.0,8.7,incident_zone_calls,22.6,19.07606542755732,26.123934572442682,10
B_N,9,11.0,8.7,incident_zone_mean_response_min,8.617387597562796,6.00707690469382,11.227698290431773,10
B_N,9,11.0,8.7,incident_zone_p95_response_min,18.18292496622533,3.3295176504072987,33.03633228204336,10
B_N,9,11.0,8.7,incident_zone_strict_4min_rate,0.0,0.0,0.0,10
B_N,9,11.0,8.7,incident_zone_mean_wait_min,1.235932134961092,-0.9391103367211313,3.4109746066433155,10
B_N,9,11.0,8.7,incident_zone_mean_delay_penalty_yuan_per_call,923.4775195125594,401.415380938764,1445.5396580863548,10
B_N,9,11.0,8.7,nonincident_zone_calls,66.9,63.83795303701928,69.96204696298072,10
B_N,9,11.0,8.7,nonincident_zone_mean_response_min,7.091365539452097,3.9653170319386355,10.217414046965558,10
B_N,9,11.0,8.7,nonincident_zone_p95_response_min,17.55700825541728,5.453968843247772,29.660047667586788,10
B_N,9,11.0,8.7,nonincident_zone_strict_4min_rate,0.4231263923184754,0.37726206195255246,0.4689907226843983,10
B_N,9,11.0,8.7,nonincident_zone_mean_wait_min,1.681069984390057,-1.264765005297619,4.626904974077733,10
B_N,9,11.0,8.7,nonincident_zone_mean_delay_penalty_yuan_per_call,702.8983863541146,78.61657702642219,1327.180195681807,10
B_N,9,11.0,8.7,max_incident_queue,2.5,0.772248927931781,4.227751072068219,10
B_N,9,11.0,8.7,incident_end_backlog,0.9,-0.8986955185523754,2.6986955185523755,10
B_N,9,12.0,8.05,calls,98.0,92.33707158945288,103.66292841054712,10
B_N,9,12.0,8.05,mean_response_min,8.51347250231506,4.399742362936896,12.627202641693225,10
B_N,9,12.0,8.05,p95_response_min,30.069735480843725,-3.8042978426900973,63.94376880437755,10
B_N,9,12.0,8.05,strict_4min_rate,0.3035587459420418,0.2701940913090629,0.3369234005750207,10
B_N,9,12.0,8.05,mean_wait_min,2.4951397378213462,-1.4568550027550833,6.447134478397776,10
B_N,9,12.0,8.05,mean_delay_penalty_yuan_per_call,963.4062496514204,142.4942340123813,1784.3182652904593,10
B_N,9,12.0,8.05,incident_zone_calls,25.0,21.594219903431092,28.405780096568908,10
B_N,9,12.0,8.05,incident_zone_mean_response_min,11.004184372044842,4.984210609472871,17.024158134616812,10
B_N,9,12.0,8.05,incident_zone_p95_response_min,38.343505657732464,-12.61317310193354,89.30018441739847,10
B_N,9,12.0,8.05,incident_zone_strict_4min_rate,0.0,0.0,0.0,10
B_N,9,12.0,8.05,incident_zone_mean_wait_min,3.446676387840376,-2.400032365921957,9.293385141602709,10
B_N,9,12.0,8.05,incident_zone_mean_delay_penalty_yuan_per_call,1400.8368744089685,196.84212189457412,2604.831626923363,10
B_N,9,12.0,8.05,nonincident_zone_calls,73.0,68.95333024655612,77.04666975344388,10
B_N,9,12.0,8.05,nonincident_zone_mean_response_min,7.514570403921984,4.296406878811631,10.732733929032337,10
B_N,9,12.0,8.05,nonincident_zone_p95_response_min,21.922833649840705,2.8309863602542933,41.014680939427116,10
B_N,9,12.0,8.05,nonincident_zone_strict_4min_rate,0.4080439701123314,0.36115763953254154,0.45493030069212126,10
B_N,9,12.0,8.05,nonincident_zone_mean_wait_min,2.0408233826908324,-1.0332248910173876,5.114871656399052,10
B_N,9,12.0,8.05,nonincident_zone_mean_delay_penalty_yuan_per_call,784.5228748068627,142.43624665338348,1426.6095029603418,10
B_N,9,12.0,8.05,max_incident_queue,3.3,1.361337323966542,5.238662676033457,10
B_N,9,12.0,8.05,incident_end_backlog,1.3,-0.9381514646204787,3.538151464620479,10
B_N,10,0.5,17.75,calls,4.3,1.9382385849059283,6.661761415094071,10
B_N,10,0.5,17.75,mean_response_min,5.597881370704645,3.705113112816098,7.490649628593191,9
B_N,10,0.5,17.75,p95_response_min,8.497510921683116,3.845772298278753,13.149249545087478,9
B_N,10,0.5,17.75,strict_4min_rate,0.4740740740740741,0.19060612001939548,0.7575420281287527,9
B_N,10,0.5,17.75,mean_wait_min,0.28366172170885373,-0.2153010148193069,0.7826244582370143,9
B_N,10,0.5,17.75,mean_delay_penalty_yuan_per_call,414.39108895574367,85.11595173486523,743.6662261766221,9
B_N,10,0.5,17.75,incident_zone_calls,0.5,-0.10793647045462962,1.1079364704546295,10
B_N,10,0.5,17.75,incident_zone_mean_response_min,8.649182715154891,2.484288093939182,14.814077336370602,3
B_N,10,0.5,17.75,incident_zone_p95_response_min,8.871244272721468,1.75089588466951,15.991592660773424,3
B_N,10,0.5,17.75,incident_zone_strict_4min_rate,0.0,0.0,0.0,3
B_N,10,0.5,17.75,incident_zone_mean_wait_min,0.8397737827799574,-2.773481176070258,4.453028741630172,3
B_N,10,0.5,17.75,incident_zone_mean_delay_penalty_yuan_per_call,929.8365430309781,-303.1423812121635,2162.81546727412,3
B_N,10,0.5,17.75,nonincident_zone_calls,3.8,1.6197582181962398,5.98024178180376,10
B_N,10,0.5,17.75,nonincident_zone_mean_response_min,5.556167569057571,3.6663928109463715,7.445942327168771,9
B_N,10,0.5,17.75,nonincident_zone_p95_response_min,8.298416176868356,3.700561610040065,12.896270743696647,9
B_N,10,0.5,17.75,nonincident_zone_strict_4min_rate,0.4799382716049383,0.20118000753138332,0.7586965356784933,9
B_N,10,0.5,17.75,nonincident_zone_mean_wait_min,0.23742285904873028,-0.3100752357096376,0.7849209538070981,9
B_N,10,0.5,17.75,nonincident_zone_mean_delay_penalty_yuan_per_call,407.22116813250193,77.04608360990738,737.3962526550965,9
B_N,10,0.5,17.75,max_incident_queue,1.0,0.6627775205463438,1.3372224794536562,10
B_N,10,0.5,17.75,incident_end_backlog,0.3,-0.18282911193318369,0.7828291119331836,10
B_N,10,1.0,17.5,calls,7.4,4.361253078539054,10.438746921460947,10
B_N,10,1.0,17.5,mean_response_min,5.494816460079495,3.9708866819806827,7.018746238178307,10
B_N,10,1.0,17.5,p95_response_min,9.475086683155435,5.191296919278789,13.758876447032083,10
B_N,10,1.0,17.5,strict_4min_rate,0.46108058608058605,0.24713724367321627,0.6750239284879558,10
B_N,10,1.0,17.5,mean_wait_min,0.28811267679431607,-0.14981398972115634,0.7260393433097885,10
B_N,10,1.0,17.5,mean_delay_penalty_yuan_per_call,391.17940923201616,122.81748014187502,659.5413383221573,10
B_N,10,1.0,17.5,incident_zone_calls,1.2,0.14432665736083772,2.255673342639162,10
B_N,10,1.0,17.5,incident_zone_mean_response_min,8.351832288846548,6.544702559608384,10.158962018084713,7
B_N,10,1.0,17.5,incident_zone_p95_response_min,9.312341357564664,5.435691156013601,13.188991559115728,7
B_N,10,1.0,17.5,incident_zone_strict_4min_rate,0.0,0.0,0.0,7
B_N,10,1.0,17.5,incident_zone_mean_wait_min,0.2107801961743722,-0.3049803638313626,0.7265407561801069,7
B_N,10,1.0,17.5,incident_zone_mean_delay_penalty_yuan_per_call,870.3664577693096,508.9405119216766,1231.7924036169425,7
B_N,10,1.0,17.5,nonincident_zone_calls,6.2,3.7265242602949806,8.673475739705019,10
B_N,10,1.0,17.5,nonincident_zone_mean_response_min,5.162751480886149,3.714008416740203,6.6114945450320945,10
B_N,10,1.0,17.5,nonincident_zone_p95_response_min,8.65545794322817,4.5934892873226065,12.717426599133733,10
B_N,10,1.0,17.5,nonincident_zone_strict_4min_rate,0.5033838383838384,0.28157538955865435,0.7251922872090224,10
B_N,10,1.0,17.5,nonincident_zone_mean_wait_min,0.29174075656715426,-0.15894252201890452,0.742424035153213,10
B_N,10,1.0,17.5,nonincident_zone_mean_delay_penalty_yuan_per_call,333.2270638539974,80.51873407509214,585.9353936329026,10
B_N,10,1.0,17.5,max_incident_queue,1.2,0.8983790449602393,1.5016209550397606,10
B_N,10,1.0,17.5,incident_end_backlog,0.0,0.0,0.0,10
B_N,10,2.0,17.0,calls,16.2,13.040169584143648,19.35983041585635,10
B_N,10,2.0,17.0,mean_response_min,6.183491703953677,4.978376603284851,7.388606804622502,10
B_N,10,2.0,17.0,p95_response_min,10.50334560876868,6.827355983522582,14.179335234014776,10
B_N,10,2.0,17.0,strict_4min_rate,0.3174584076054664,0.21919590598459787,0.4157209092263349,10
B_N,10,2.0,17.0,mean_wait_min,0.3388411581473245,-0.24756498805813432,0.9252473043527834,10
B_N,10,2.0,17.0,mean_delay_penalty_yuan_per_call,500.19002231182856,273.06676834743246,727.3132762762247,10
B_N,10,2.0,17.0,incident_zone_calls,2.2,0.8595671556351019,3.5404328443648985,10
B_N,10,2.0,17.0,incident_zone_mean_response_min,8.489972358500971,6.638830036554253,10.341114680447689,9
B_N,10,2.0,17.0,incident_zone_p95_response_min,9.619067489065486,6.11915361434195,13.118981363789022,9
B_N,10,2.0,17.0,incident_zone_strict_4min_rate,0.0,0.0,0.0,9
B_N,10,2.0,17.0,incident_zone_mean_wait_min,0.6103933286467509,-0.797176211313692,2.017962868607194,9
B_N,10,2.0,17.0,incident_zone_mean_delay_penalty_yuan_per_call,897.9944717001941,527.7660073108507,1268.2229360895376,9
B_N,10,2.0,17.0,nonincident_zone_calls,14.0,11.688119157374896,16.311880842625104,10
B_N,10,2.0,17.0,nonincident_zone_mean_response_min,5.886835501118989,4.776118384559236,6.997552617678741,10
B_N,10,2.0,17.0,nonincident_zone_p95_response_min,10.7164872775455,6.901025666659091,14.53194888843191,10
B_N,10,2.0,17.0,nonincident_zone_strict_4min_rate,0.3617467499820441,0.2545129710660655,0.46898052889802266,10
B_N,10,2.0,17.0,nonincident_zone_mean_wait_min,0.32683811458119055,-0.1859555165887165,0.8396317457510976,10
B_N,10,2.0,17.0,nonincident_zone_mean_delay_penalty_yuan_per_call,449.7164502202063,242.8622094082744,656.5706910321383,10
B_N,10,2.0,17.0,max_incident_queue,1.3,0.8171708880668164,1.7828291119331836,10
B_N,10,2.0,17.0,incident_end_backlog,0.0,0.0,0.0,10
B_N,10,4.0,16.0,calls,32.1,29.037953037019278,35.162046962980725,10
B_N,10,4.0,16.0,mean_response_min,6.108412285208471,5.4833031300363695,6.733521440380572,10
B_N,10,4.0,16.0,p95_response_min,11.624707371623998,8.593215137880222,14.656199605367775,10
B_N,10,4.0,16.0,strict_4min_rate,0.3568913980996003,0.3180859226510011,0.3956968735481995,10
B_N,10,4.0,16.0,mean_wait_min,0.28832408593031034,-0.038006141557319406,0.6146543134179401,10
B_N,10,4.0,16.0,mean_delay_penalty_yuan_per_call,493.060736661614,373.6540163500851,612.4674569731428,10
B_N,10,4.0,16.0,incident_zone_calls,4.6,3.0473111020696773,6.152688897930322,10
B_N,10,4.0,16.0,incident_zone_mean_response_min,8.608696652715444,7.542226947127508,9.67516635830338,10
B_N,10,4.0,16.0,incident_zone_p95_response_min,11.23296501427163,8.227882654100679,14.23804737444258,10
B_N,10,4.0,16.0,incident_zone_strict_4min_rate,0.0,0.0,0.0,10
B_N,10,4.0,16.0,incident_zone_mean_wait_min,0.5817250613638801,-0.22276894390929858,1.3862190666370588,10
B_N,10,4.0,16.0,incident_zone_mean_delay_penalty_yuan_per_call,921.739330543089,708.4453894255016,1135.0332716606763,10
B_N,10,4.0,16.0,nonincident_zone_calls,27.5,24.33208241785508,30.66791758214492,10
B_N,10,4.0,16.0,nonincident_zone_mean_response_min,5.691243852111411,5.047138532179497,6.335349172043324,10
B_N,10,4.0,16.0,nonincident_zone_p95_response_min,10.738787556862862,8.275499351329378,13.202075762396346,10
B_N,10,4.0,16.0,nonincident_zone_strict_4min_rate,0.41931710615280593,0.36656040870156953,0.47207380360404233,10
B_N,10,4.0,16.0,nonincident_zone_mean_wait_min,0.24246970804384266,-0.01397048283285146,0.4989098989205368,10
B_N,10,4.0,16.0,nonincident_zone_mean_delay_penalty_yuan_per_call,422.1121916528435,301.81743438838066,542.4069489173063,10
B_N,10,4.0,16.0,max_incident_queue,1.4,1.0305912822108199,1.76940871778918,10
B_N,10,4.0,16.0,incident_end_backlog,0.0,0.0,0.0,10
B_N,10,5.0,15.483333333333333,calls,39.5,35.0357805986136,43.9642194013864,10
B_N,10,5.0,15.483333333333333,mean_response_min,6.213854000393311,5.6491634568623015,6.77854454392432,10
B_N,10,5.0,15.483333333333333,p95_response_min,11.579620022770397,9.040585552383936,14.118654493156859,10
B_N,10,5.0,15.483333333333333,strict_4min_rate,0.34731262952166964,0.3127518931686667,0.3818733658746726,10
B_N,10,5.0,15.483333333333333,mean_wait_min,0.24138125379860412,-0.020195950395681145,0.5029584579928894,10
B_N,10,5.0,15.483333333333333,mean_delay_penalty_yuan_per_call,512.2333259829963,404.27619651700076,620.1904554489919,10
B_N,10,5.0,15.483333333333333,incident_zone_calls,5.4,4.129248329053243,6.670751670946758,10
B_N,10,5.0,15.483333333333333,incident_zone_mean_response_min,8.6875284486118,7.762095328514317,9.612961568709284,10
B_N,10,5.0,15.483333333333333,incident_zone_p95_response_min,11.523287016095496,8.248749328045268,14.797824704145725,10
B_N,10,5.0,15.483333333333333,incident_zone_strict_4min_rate,0.0,0.0,0.0,10
B_N,10,5.0,15.483333333333333,incident_zone_mean_wait_min,0.29646694862979833,-0.3401029127794771,0.9330368100390738,10
B_N,10,5.0,15.483333333333333,incident_zone_mean_delay_penalty_yuan_per_call,937.50568972236,752.4190657028631,1122.5923137418567,10
B_N,10,5.0,15.483333333333333,nonincident_zone_calls,34.1,29.6844453733139,38.515554626686104,10
B_N,10,5.0,15.483333333333333,nonincident_zone_mean_response_min,5.8165638032893385,5.240739289792344,6.392388316786333,10
B_N,10,5.0,15.483333333333333,nonincident_zone_p95_response_min,10.650917325546462,8.659022438428503,12.642812212664422,10
B_N,10,5.0,15.483333333333333,nonincident_zone_strict_4min_rate,0.404245039610809,0.3595747944699989,0.44891528475161907,10
B_N,10,5.0,15.483333333333333,nonincident_zone_mean_wait_min,0.2349529143240258,5.7804596882315984e-05,0.46984802405116927,10
B_N,10,5.0,15.483333333333333,nonincident_zone_mean_delay_penalty_yuan_per_call,444.1617685800294,335.8270251038689,552.4965120561899,10
B_N,10,5.0,15.483333333333333,max_incident_queue,1.4,0.8998182316122291,1.9001817683877706,10
B_N,10,5.0,15.483333333333333,incident_end_backlog,0.0,0.0,0.0,10
B_N,10,6.0,14.983333333333333,calls,46.1,41.557499293589736,50.64250070641027,10
B_N,10,6.0,14.983333333333333,mean_response_min,6.026067314446409,5.494994831686991,6.557139797205826,10
B_N,10,6.0,14.983333333333333,p95_response_min,10.709707557378026,8.366881793951855,13.052533320804198,10
B_N,10,6.0,14.983333333333333,strict_4min_rate,0.3389485931592598,0.2981757134767967,0.37972147284172286,10
B_N,10,6.0,14.983333333333333,mean_wait_min,0.12408698616415274,-0.05635067363676259,0.30452464596506806,10
B_N,10,6.0,14.983333333333333,mean_delay_penalty_yuan_per_call,472.70522495713396,373.4648597785303,571.9455901357376,10
B_N,10,6.0,14.983333333333333,incident_zone_calls,6.4,5.271437725569669,7.528562274430332,10
B_N,10,6.0,14.983333333333333,incident_zone_mean_response_min,8.76062512457802,7.818211888434809,9.703038360721232,10
B_N,10,6.0,14.983333333333333,incident_zone_p95_response_min,12.448964059616564,9.077851007966757,15.820077111266372,10
B_N,10,6.0,14.983333333333333,incident_zone_strict_4min_rate,0.0,0.0,0.0,10
B_N,10,6.0,14.983333333333333,incident_zone_mean_wait_min,0.4753263565173741,-0.24180992493464393,1.1924626379693921,10
B_N,10,6.0,14.983333333333333,incident_zone_mean_delay_penalty_yuan_per_call,952.1250249156037,763.6423776869615,1140.607672144246,10
B_N,10,6.0,14.983333333333333,nonincident_zone_calls,39.7,35.149995157351256,44.25000484264875,10
B_N,10,6.0,14.983333333333333,nonincident_zone_mean_response_min,5.592944583832839,5.07134590532534,6.114543262340338,10
B_N,10,6.0,14.983333333333333,nonincident_zone_p95_response_min,9.910836718850085,8.395748238651958,11.425925199048212,10
B_N,10,6.0,14.983333333333333,nonincident_zone_strict_4min_rate,0.3957577702206858,0.3445143676189775,0.4470011728223941,10
B_N,10,6.0,14.983333333333333,nonincident_zone_mean_wait_min,0.08494200208541573,-0.042552356718406445,0.2124363608892379,10
B_N,10,6.0,14.983333333333333,nonincident_zone_mean_delay_penalty_yuan_per_call,397.3971730304446,301.6810886627984,493.1132573980908,10
B_N,10,6.0,14.983333333333333,max_incident_queue,1.3,0.8171708880668164,1.7828291119331836,10
B_N,10,6.0,14.983333333333333,incident_end_backlog,0.0,0.0,0.0,10
B_N,10,8.0,13.883333333333333,calls,59.4,55.378701466905305,63.42129853309469,10
B_N,10,8.0,13.883333333333333,mean_response_min,6.730882520699095,6.003672347522344,7.458092693875845,10
B_N,10,8.0,13.883333333333333,p95_response_min,14.819274053135747,10.424526015554743,19.21402209071675,10
B_N,10,8.0,13.883333333333333,strict_4min_rate,0.3284392417069678,0.29513574254915625,0.36174274086477937,10
B_N,10,8.0,13.883333333333333,mean_wait_min,0.6240973523035459,0.13147482065078553,1.1167198839563062,10
B_N,10,8.0,13.883333333333333,mean_delay_penalty_yuan_per_call,611.8643524812124,470.1743769771931,753.5543279852318,10
B_N,10,8.0,13.883333333333333,incident_zone_calls,8.2,6.554851916864884,9.845148083135115,10
B_N,10,8.0,13.883333333333333,incident_zone_mean_response_min,8.546521263401354,8.096342054027563,8.996700472775146,10
B_N,10,8.0,13.883333333333333,incident_zone_p95_response_min,11.591835810851506,9.766132662084074,13.41753895961894,10
B_N,10,8.0,13.883333333333333,incident_zone_strict_4min_rate,0.0,0.0,0.0,10
B_N,10,8.0,13.883333333333333,incident_zone_mean_wait_min,0.2620065123331491,-0.15676047239236357,0.6807734970586617,10
B_N,10,8.0,13.883333333333333,incident_zone_mean_delay_penalty_yuan_per_call,909.3042526802707,819.2684108055122,999.3400945550292,10
B_N,10,8.0,13.883333333333333,nonincident_zone_calls,51.2,47.44787896246266,54.952121037537346,10
B_N,10,8.0,13.883333333333333,nonincident_zone_mean_response_min,6.422042670916426,5.573768914660335,7.270316427172516,10
B_N,10,8.0,13.883333333333333,nonincident_zone_p95_response_min,14.548957462723838,9.756745129599615,19.34116979584806,10
B_N,10,8.0,13.883333333333333,nonincident_zone_strict_4min_rate,0.3813763893664571,0.34303516069160056,0.4197176180413137,10
B_N,10,8.0,13.883333333333333,nonincident_zone_mean_wait_min,0.6827438557519437,0.11358494611796066,1.251902765385927,10
B_N,10,8.0,13.883333333333333,nonincident_zone_mean_delay_penalty_yuan_per_call,560.6838120565766,395.31335792759387,726.0542661855593,10
B_N,10,8.0,13.883333333333333,max_incident_queue,1.9,1.273637044327646,2.526362955672354,10
B_N,10,8.0,13.883333333333333,incident_end_backlog,0.7,-0.12945762635934177,1.5294576263593416,10
B_N,10,10.0,10.266666666666666,calls,72.1,68.58818770143247,75.61181229856751,10
B_N,10,10.0,10.266666666666666,mean_response_min,5.630726673795112,5.253763996730234,6.007689350859991,10
B_N,10,10.0,10.266666666666666,p95_response_min,9.718357174645469,8.446431657056088,10.99028269223485,10
B_N,10,10.0,10.266666666666666,strict_4min_rate,0.37250129497873247,0.33565776729989133,0.4093448226575736,10
B_N,10,10.0,10.266666666666666,mean_wait_min,0.06881782332477208,-0.028122757001456736,0.16575840365100092,10
B_N,10,10.0,10.266666666666666,mean_delay_penalty_yuan_per_call,400.645593754769,330.3249250497528,470.9662624597852,10
B_N,10,10.0,10.266666666666666,incident_zone_calls,9.7,8.228148457771299,11.1718515422287,10
B_N,10,10.0,10.266666666666666,incident_zone_mean_response_min,7.918933681392261,7.478280004422335,8.359587358362186,10
B_N,10,10.0,10.266666666666666,incident_zone_p95_response_min,9.850755192588005,8.654529522384385,11.046980862791626,10
B_N,10,10.0,10.266666666666666,incident_zone_strict_4min_rate,0.0,0.0,0.0,10
B_N,10,10.0,10.266666666666666,incident_zone_mean_wait_min,0.06286034213254525,-0.07933963107853774,0.20506031534362823,10
B_N,10,10.0,10.266666666666666,incident_zone_mean_delay_penalty_yuan_per_call,783.7867362784523,695.6560008844672,871.9174716724374,10
B_N,10,10.0,10.266666666666666,nonincident_zone_calls,62.4,58.64182226596588,66.15817773403413,10
B_N,10,10.0,10.266666666666666,nonincident_zone_mean_response_min,5.273340378107191,4.852641380845102,5.69403937536928,10
B_N,10,10.0,10.266666666666666,nonincident_zone_p95_response_min,9.591782496416558,8.088630497326108,11.094934495507008,10
B_N,10,10.0,10.266666666666666,nonincident_zone_strict_4min_rate,0.4311639466442565,0.38675298844364925,0.47557490484486376,10
B_N,10,10.0,10.266666666666666,nonincident_zone_mean_wait_min,0.06986464302502911,-0.02640382630826517,0.1661331123583234,10
B_N,10,10.0,10.266666666666666,nonincident_zone_mean_delay_penalty_yuan_per_call,340.90086495028936,263.6022854526006,418.1994444479781,10
B_N,10,10.0,10.266666666666666,max_incident_queue,1.2,0.8983790449602393,1.5016209550397606,10
B_N,10,10.0,10.266666666666666,incident_end_backlog,0.0,0.0,0.0,10
B_N,10,11.0,8.7,calls,80.7,76.92898408500555,84.47101591499445,10
B_N,10,11.0,8.7,mean_response_min,5.600985051210534,5.220422253024521,5.981547849396548,10
B_N,10,11.0,8.7,p95_response_min,10.178070751708198,9.073445317686845,11.28269618572955,10
B_N,10,11.0,8.7,strict_4min_rate,0.3881462304341595,0.3462956038148135,0.42999685705350554,10
B_N,10,11.0,8.7,mean_wait_min,0.090734597341234,0.00054706453216119,0.1809221301503068,10
B_N,10,11.0,8.7,mean_delay_penalty_yuan_per_call,397.82625632893865,328.0096561443504,467.6428565135269,10
B_N,10,11.0,8.7,incident_zone_calls,10.6,8.571052533087869,12.62894746691213,10
B_N,10,11.0,8.7,incident_zone_mean_response_min,7.96813933831221,7.560901710249189,8.375376966375232,10
B_N,10,11.0,8.7,incident_zone_p95_response_min,10.01144970964387,8.658555332359198,11.364344086928542,10
B_N,10,11.0,8.7,incident_zone_strict_4min_rate,0.0,0.0,0.0,10
B_N,10,11.0,8.7,incident_zone_mean_wait_min,0.03105609023444809,-0.03919766673791604,0.10130984720681223,10
B_N,10,11.0,8.7,incident_zone_mean_delay_penalty_yuan_per_call,793.6278676624419,712.1803420498376,875.0753932750462,10
B_N,10,11.0,8.7,nonincident_zone_calls,70.1,66.68671542111166,73.51328457888833,10
B_N,10,11.0,8.7,nonincident_zone_mean_response_min,5.241345986210589,4.834467096190572,5.648224876230605,10
B_N,10,11.0,8.7,nonincident_zone_p95_response_min,9.905871498527988,8.727395104630904,11.084347892425072,10
B_N,10,11.0,8.7,nonincident_zone_strict_4min_rate,0.44685982581535716,0.39942482797868156,0.49429482365203276,10
B_N,10,11.0,8.7,nonincident_zone_mean_wait_min,0.1006371437662695,-0.0031964557997259113,0.20447074333226492,10
B_N,10,11.0,8.7,nonincident_zone_mean_delay_penalty_yuan_per_call,337.6411624051892,263.39938363319266,411.8829411771858,10
B_N,10,11.0,8.7,max_incident_queue,1.2,0.8983790449602393,1.5016209550397606,10
B_N,10,11.0,8.7,incident_end_backlog,0.0,0.0,0.0,10
B_N,10,12.0,8.05,calls,88.1,83.7362577231631,92.46374227683688,10
B_N,10,12.0,8.05,mean_response_min,5.6827522952725475,5.2532906851311925,6.112213905413903,10
B_N,10,12.0,8.05,p95_response_min,10.564805259732834,8.728192744924641,12.401417774541027,10
B_N,10,12.0,8.05,strict_4min_rate,0.38308931169041394,0.3502155170844605,0.41596310629636735,10
B_N,10,12.0,8.05,mean_wait_min,0.1566160835483786,-0.02779154981917581,0.34102371691593303,10
B_N,10,12.0,8.05,mean_delay_penalty_yuan_per_call,413.1683213925924,331.46046582767025,494.8761769575146,10
B_N,10,12.0,8.05,incident_zone_calls,11.6,9.54321930577467,13.65678069422533,10
B_N,10,12.0,8.05,incident_zone_mean_response_min,8.279321628704114,7.454852669053419,9.103790588354808,10
B_N,10,12.0,8.05,incident_zone_p95_response_min,11.267099287932602,8.484326837831158,14.049871738034046,10
B_N,10,12.0,8.05,incident_zone_strict_4min_rate,0.0,0.0,0.0,10
B_N,10,12.0,8.05,incident_zone_mean_wait_min,0.2827233472888647,-0.1924871103241702,0.7579338049018997,10
B_N,10,12.0,8.05,incident_zone_mean_delay_penalty_yuan_per_call,855.8643257408224,690.9705338106834,1020.7581176709615,10
B_N,10,12.0,8.05,nonincident_zone_calls,76.5,72.78672262971433,80.21327737028567,10
B_N,10,12.0,8.05,nonincident_zone_mean_response_min,5.287280789123875,4.879314464293466,5.6952471139542835,10
B_N,10,12.0,8.05,nonincident_zone_p95_response_min,10.134799524428432,8.68737877440202,11.582220274454844,10
B_N,10,12.0,8.05,nonincident_zone_strict_4min_rate,0.44119306124128704,0.4030425134002834,0.4793436090822907,10
B_N,10,12.0,8.05,nonincident_zone_mean_wait_min,0.13639280016696803,-0.03471984777713605,0.3075054481110721,10
B_N,10,12.0,8.05,nonincident_zone_mean_delay_penalty_yuan_per_call,345.6947700730324,269.56633694674304,421.8232031993217,10
B_N,10,12.0,8.05,max_incident_queue,1.4,0.8998182316122291,1.9001817683877706,10
B_N,10,12.0,8.05,incident_end_backlog,0.1,-0.12621571627982048,0.3262157162798205,10
